subject,session,clip,status,n_frames,gt_inband_pct,gt_above_pct,gt_usable,gt_hr,deep_hr,deep_snr_db,deep_bvp_pearson,deep_sqi,pos_hr,pos_snr_db,pos_bvp_pearson,chrom_hr,chrom_snr_db,chrom_bvp_pearson,fusion_hr,fusion_snr_db,fusion_label,deep_mae,deep_sqerr,deep_bias,pos_mae,pos_sqerr,pos_bias,chrom_mae,chrom_sqerr,chrom_bias,fusion_mae,fusion_sqerr,fusion_bias
p02,p02_a,clip_0000,ok,150,79.52,17.28,1,81.92,53.83,1.03,-0.06043616185647628,33.15,62.31,1.8,0.1406694763005213,60.46,0.0,-0.10665263188012553,58.94,0.94,POS+CHROM+DEEP,28.092,789.1521,-28.092,19.608,384.4822,-19.608,21.468,460.8559,-21.468,22.981,528.1323,-22.981
p02,p02_a,clip_0001,ok,150,82.36,15.99,1,75.59,53.88,1.05,-0.04404318696815515,32.77,106.23,-5.75,0.021982165828212115,69.52,3.06,-0.013892771989036172,68.11,-0.55,POS+CHROM+DEEP,21.713,471.4514,-21.713,30.639,938.7627,30.639,6.079,36.9527,-6.079,7.485,56.0309,-7.485
p02,p02_a,clip_0002,ok,150,94.27,4.98,1,65.26,53.87,1.04,0.3357377831504614,33.16,69.28,4.49,0.08042183021917336,68.42,4.78,-0.02547546486785876,68.84,4.63,POS+CHROM,11.392,129.7748,-11.392,4.022,16.1746,4.022,3.154,9.95,3.154,3.578,12.7986,3.578
p02,p02_a,clip_0003,ok,150,92.53,5.0,1,67.06,53.87,1.02,0.39021447890277533,33.15,60.84,5.14,0.07065371880008432,60.84,4.48,-0.050705652504843234,59.38,3.55,POS+CHROM+DEEP,13.195,174.1085,-13.195,6.221,38.6973,-6.221,6.226,38.7677,-6.226,7.687,59.0848,-7.687
p02,p02_a,clip_0004,ok,150,87.61,11.82,1,73.9,53.83,1.05,0.2980051986813375,33.15,78.99,2.22,0.06064585182737811,78.65,-0.54,-0.04555277739710839,78.86,0.84,POS+CHROM,20.07,402.7957,-20.07,5.086,25.8723,5.086,4.749,22.5519,4.749,4.956,24.5606,4.956
p02,p02_a,clip_0005,ok,150,95.26,4.27,1,65.88,53.83,1.0,-0.1594374080749329,33.16,66.29,3.3,-0.08655757006914248,67.35,4.48,0.06560706545630286,66.87,3.89,POS+CHROM,12.047,145.1221,-12.047,0.412,0.1701,0.412,1.468,2.1556,1.468,0.992,0.9845,0.992
p02,p02_a,clip_0006,ok,150,90.77,7.25,1,64.56,53.86,1.03,-0.2141634388405565,33.13,63.17,3.18,0.1213667841510596,63.37,2.88,-0.11333182926123418,63.27,3.03,POS+CHROM,10.704,114.5678,-10.704,1.389,1.9295,-1.389,1.192,1.4209,-1.192,1.293,1.6718,-1.293
p02,p02_a,clip_0007,ok,150,79.51,20.01,1,76.72,53.83,1.01,-0.23894649805012405,33.14,77.26,3.9,0.12490312192940409,78.27,2.5,-0.08037552429917733,77.71,3.2,POS+CHROM,22.884,523.6911,-22.884,0.542,0.2939,0.542,1.555,2.4176,1.555,0.99,0.9801,0.99
p02,p02_a,clip_0008,ok,150,92.84,6.22,1,67.66,53.79,1.04,-0.0993568008077212,33.15,66.04,3.27,0.06380313319496007,64.36,2.2,-0.05474149998324916,65.27,2.74,POS+CHROM,13.872,192.4403,-13.872,1.627,2.6461,-1.627,3.306,10.93,-3.306,2.392,5.7223,-2.392
p02,p02_a,clip_0009,ok,150,92.64,6.48,1,67.37,53.88,1.01,-0.0809196240361117,33.14,66.41,3.75,0.12003530890764118,67.66,3.75,-0.150834617754401,67.03,3.75,POS+CHROM,13.487,181.8926,-13.487,0.96,0.9221,-0.96,0.287,0.0826,0.287,0.336,0.1131,-0.336
p02,p02_a,clip_0010,ok,150,78.52,20.07,1,80.76,54.01,1.22,-0.13654786668388813,32.76,80.35,2.96,0.03986087555238195,79.94,1.53,-0.03910197011854923,80.17,2.25,POS+CHROM,26.751,715.5978,-26.751,0.417,0.1743,-0.417,0.826,0.6827,-0.826,0.598,0.3573,-0.598
p02,p02_a,clip_0011,ok,150,83.58,15.88,1,75.51,53.93,1.16,-0.19865092642672913,33.13,77.61,4.38,0.024625774755498046,76.65,3.62,0.04106595664303837,77.16,4.0,POS+CHROM,21.578,465.5989,-21.578,2.102,4.4188,2.102,1.143,1.3057,1.143,1.653,2.7315,1.653
p02,p02_a,clip_0012,ok,150,93.62,5.34,1,66.86,53.78,1.02,-0.2683281377348736,33.9,69.15,0.39,-0.1872966642151633,67.58,2.22,0.11919090852646393,68.25,1.31,POS+CHROM,13.078,171.024,-13.078,2.292,5.2519,2.292,0.724,0.524,0.724,1.389,1.9295,1.389
p02,p02_a,clip_0013,ok,150,81.36,17.98,1,77.35,53.94,1.21,0.3818579617865974,33.08,70.12,0.63,-0.14015220982393858,77.93,0.24,0.14725299727595426,73.9,0.43,POS+CHROM,23.412,548.1174,-23.412,7.234,52.3368,-7.234,0.572,0.3273,0.572,3.457,11.9534,-3.457
p02,p02_a,clip_0014,ok,150,82.85,16.63,1,75.12,53.89,1.04,0.33531452738344514,33.1,75.21,1.62,-0.12098280135547995,73.83,2.82,0.1687877369848677,74.45,2.22,POS+CHROM,21.232,450.7879,-21.232,0.086,0.0073,0.086,1.286,1.6542,-1.286,0.669,0.4469,-0.669
p02,p02_a,clip_0015,ok,150,92.68,6.22,1,66.18,53.86,1.03,-0.18592848349078112,33.13,64.13,6.89,-0.04352787977448821,64.94,6.35,0.05935316466881517,64.52,6.62,POS+CHROM,12.32,151.7728,-12.32,2.049,4.1999,-2.049,1.242,1.5437,-1.242,1.664,2.7689,-1.664
p02,p02_a,clip_0016,ok,150,89.84,9.66,1,72.52,53.88,1.04,0.31268919587427574,33.11,65.67,2.22,0.1100655304883938,67.08,2.07,-0.15528451189864526,66.37,2.14,POS+CHROM,18.636,347.3089,-18.636,6.848,46.889,-6.848,5.445,29.6432,-5.445,6.155,37.8818,-6.155
p02,p02_a,clip_0017,ok,150,76.67,22.49,1,82.65,53.91,1.04,0.028556652673607484,33.11,78.1,2.67,0.13861169091300926,80.92,3.27,-0.11028676066513875,79.58,2.97,POS+CHROM,28.749,826.501,-28.749,4.56,20.7905,-4.56,1.735,3.0118,-1.735,3.078,9.4745,-3.078
p02,p02_a,clip_0018,ok,150,93.84,4.83,1,66.57,53.91,1.05,0.3606856078932386,33.15,68.26,4.46,0.10364650854624659,66.53,4.22,-0.0970638005813803,67.41,4.34,POS+CHROM,12.66,160.2784,-12.66,1.689,2.8514,1.689,0.032,0.001,-0.032,0.845,0.7144,0.845
p02,p02_a,clip_0019,ok,150,91.67,7.99,1,70.84,53.9,1.02,0.14686064378534242,33.14,70.8,4.01,-0.0009022601516626511,72.14,2.51,-0.07053253484837532,71.39,3.26,POS+CHROM,16.937,286.8731,-16.937,0.043,0.0018,-0.043,1.298,1.6844,1.298,0.544,0.2964,0.544
p02,p02_a,clip_0020,ok,150,77.54,22.23,1,85.83,53.84,1.04,-0.35163637347334037,33.12,85.7,2.81,-0.041930063071999146,85.72,2.57,0.0630107538266379,85.71,2.69,POS+CHROM,31.986,1023.0777,-31.986,0.127,0.0162,-0.127,0.103,0.0106,-0.103,0.115,0.0133,-0.115
p02,p02_a,clip_0021,ok,150,90.47,8.98,1,71.18,53.83,1.03,-0.2415116892016639,33.13,72.28,4.02,-0.009527416332510412,71.45,2.77,0.01630757726278641,71.91,3.39,POS+CHROM,17.346,300.877,-17.346,1.107,1.2251,1.107,0.269,0.0723,0.269,0.732,0.5353,0.732
p02,p02_a,clip_0022,ok,150,86.44,13.2,1,76.6,53.89,1.04,0.26932013659297993,33.13,73.91,1.5,-0.002749844041152917,73.6,-0.21,-0.04126557258398565,73.77,0.64,POS+CHROM,22.712,515.8273,-22.712,2.693,7.2542,-2.693,3.003,9.0176,-3.003,2.826,7.9876,-2.826
p02,p02_a,clip_0023,ok,150,77.33,22.13,1,83.34,53.89,1.03,-0.11364331896382232,33.13,77.04,1.68,-0.029022147646603255,79.99,2.43,0.12508807786823994,78.61,2.06,POS+CHROM,29.442,866.8513,-29.442,6.292,39.5942,-6.292,3.348,11.2095,-3.348,4.728,22.3531,-4.728
p02,p02_a,clip_0024,ok,150,90.64,8.73,1,70.55,53.92,1.24,0.07801471070917029,32.74,70.1,4.84,0.05701045941769713,69.42,5.64,-0.008194257016123257,69.74,5.24,POS+CHROM,16.632,276.6088,-16.632,0.457,0.2088,-0.457,1.134,1.2862,-1.134,0.818,0.6689,-0.818
p02,p02_a,clip_0025,ok,150,92.02,7.39,1,70.9,53.89,1.02,0.004028019638653614,33.89,71.86,3.62,-0.035102487745816036,71.54,3.97,-0.00444381469722334,71.7,3.8,POS+CHROM,17.009,289.3209,-17.009,0.957,0.9165,0.957,0.64,0.4094,0.64,0.794,0.6304,0.794
p02,p02_a,clip_0026,ok,150,70.96,28.95,1,86.38,53.91,1.03,0.3983055438656432,33.15,82.97,1.82,-0.15329024397309265,84.45,1.33,0.14486011735750387,83.68,1.57,POS+CHROM,32.475,1054.6119,-32.475,3.413,11.6476,-3.413,1.93,3.7253,-1.93,2.702,7.2991,-2.702
p02,p02_a,clip_0027,ok,150,79.87,19.88,1,81.67,53.89,1.02,0.183690107130281,33.15,80.05,2.63,-0.09561162577010549,80.4,4.12,0.015787894023560047,80.25,3.38,POS+CHROM,27.787,772.1071,-27.787,1.623,2.6345,-1.623,1.272,1.6173,-1.272,1.426,2.0326,-1.426
p02,p02_a,clip_0028,ok,150,92.98,6.48,1,69.96,53.87,1.03,0.12570525502479246,33.14,67.71,4.6,-0.0927147548812438,70.02,5.59,0.04026561168583761,68.96,5.1,POS+CHROM,16.087,258.7903,-16.087,2.248,5.0531,-2.248,0.059,0.0035,0.059,0.999,0.9981,-0.999
p02,p02_a,clip_0029,ok,150,77.2,22.58,1,82.95,53.9,1.04,-0.012212427705075503,33.15,82.89,2.37,-0.05224676926045651,80.46,2.24,0.04283031602136286,81.69,2.31,POS+CHROM,29.058,844.3823,-29.058,0.062,0.0038,-0.062,2.495,6.2234,-2.495,1.265,1.6012,-1.265
p02,p02_a,clip_0030,ok,150,79.19,20.73,1,81.79,53.85,1.02,0.4269594105236731,33.15,84.25,2.21,-0.04847840497192911,81.55,3.24,0.013864639258745684,82.78,2.73,POS+CHROM,27.941,780.6719,-27.941,2.459,6.0485,2.459,0.241,0.0578,-0.241,0.993,0.9868,0.993
p02,p02_a,clip_0031,ok,150,93.5,6.08,1,69.97,53.87,1.02,0.31271500563780985,33.14,70.02,0.98,-0.10598916660975077,70.33,3.47,0.1218625997258359,70.2,2.23,POS+CHROM,16.096,259.0913,-16.096,0.045,0.0021,0.045,0.355,0.1259,0.355,0.232,0.0537,0.232
p02,p02_a,clip_0032,ok,150,79.78,19.74,1,79.83,53.88,1.04,-0.3403252611502275,33.16,74.41,2.41,-0.10196644595349101,75.12,-1.45,0.07333334492327173,74.66,0.48,POS+CHROM,25.957,673.7902,-25.957,5.418,29.3597,-5.418,4.714,22.2261,-4.714,5.176,26.7888,-5.176
p02,p02_a,clip_0033,ok,150,75.88,23.67,1,91.88,53.97,1.18,0.01785827676094616,33.15,90.16,-1.62,-0.08750272173313348,91.7,-1.75,0.0817418965257649,90.92,-1.68,POS+CHROM,37.912,1437.3311,-37.912,1.723,2.9682,-1.723,0.18,0.0324,-0.18,0.96,0.9207,-0.96
p02,p02_a,clip_0034,ok,150,79.97,19.96,1,81.56,53.9,1.06,-0.31059224541292785,33.15,85.79,1.56,-0.10754413160681443,82.25,2.86,0.12818677693385638,83.83,2.21,POS+CHROM,27.665,765.3651,-27.665,4.234,17.9238,4.234,0.693,0.48,0.693,2.272,5.1605,2.272
p02,p02_a,clip_0035,ok,150,77.9,21.7,1,82.51,53.85,0.98,0.17472945363968959,33.16,78.87,3.05,-0.17040192718383082,80.09,2.91,0.1117440653484739,79.47,2.98,POS+CHROM,28.655,821.0826,-28.655,3.636,13.2169,-3.636,2.42,5.8581,-2.42,3.035,9.2127,-3.035
p02,p02_a,clip_0036,ok,150,74.78,25.16,1,91.27,53.89,1.04,0.38398546340554496,33.15,93.68,3.48,-0.11615546541256772,93.51,2.06,0.029901032619275805,93.6,2.77,POS+CHROM,37.375,1396.8593,-37.375,2.414,5.8252,2.414,2.24,5.0182,2.24,2.337,5.4618,2.337
p02,p02_a,clip_0037,ok,150,78.12,21.59,1,83.79,53.81,1.05,-0.09556144586519304,33.13,83.39,0.73,-0.12235083683780076,84.43,3.21,0.07698529918045212,84.01,1.97,POS+CHROM,29.981,898.8341,-29.981,0.403,0.1625,-0.403,0.639,0.4083,0.639,0.224,0.0501,0.224
p02,p02_a,clip_0038,ok,150,81.29,18.54,1,77.65,53.95,1.19,-0.2643352686805062,33.14,78.16,3.55,-0.12171481123382658,79.42,4.24,0.16969478007463273,78.82,3.89,POS+CHROM,23.709,562.1011,-23.709,0.503,0.2529,0.503,1.765,3.1138,1.765,1.17,1.369,1.17
p02,p02_a,clip_0039,ok,150,73.81,25.62,1,88.28,53.87,1.03,-0.04431546712895305,33.13,92.0,1.63,-0.2384621468766057,88.39,1.85,0.16327169082373486,90.16,1.74,POS+CHROM,34.407,1183.8166,-34.407,3.718,13.8252,3.718,0.116,0.0136,0.116,1.884,3.5493,1.884
p02,p02_a,clip_0040,ok,150,83.75,15.76,1,78.34,53.9,1.03,-0.2125077282887141,33.88,70.99,0.22,-0.1698941591108341,73.84,0.18,0.07688985693026278,72.41,0.2,POS+CHROM,24.44,597.2989,-24.44,7.35,54.0261,-7.35,4.504,20.2818,-4.504,5.931,35.1808,-5.931
p02,p02_a,clip_0041,ok,150,81.75,17.67,1,78.51,53.8,1.03,0.25418697871937773,33.16,79.39,0.53,-0.08794003271982521,65.61,1.35,0.047775238101775856,65.9,0.97,POS+CHROM+DEEP,24.708,610.4837,-24.708,0.883,0.7788,0.883,12.905,166.5346,-12.905,12.608,158.9722,-12.608
p02,p02_a,clip_0042,ok,150,71.34,28.47,1,87.59,53.82,1.01,-0.36613376963652033,33.18,85.86,2.83,-0.19798828733253546,85.02,2.33,0.12537426133998214,85.46,2.58,POS+CHROM,33.766,1140.1427,-33.766,1.732,2.9995,-1.732,2.571,6.6118,-2.571,2.134,4.555,-2.134
p02,p02_a,clip_0043,ok,150,79.09,20.8,1,84.69,53.73,1.11,0.3975215698926714,33.12,87.02,3.21,-0.19900751105100756,88.47,3.49,0.22314653882601185,87.76,3.35,POS+CHROM,30.967,958.9502,-30.967,2.33,5.4287,2.33,3.777,14.2665,3.777,3.07,9.4278,3.07
p02,p02_a,clip_0044,ok,150,81.6,17.97,1,81.84,53.86,1.01,-0.3521878064553828,33.98,77.53,0.22,-0.3110915477468072,75.18,0.7,0.25693979506998627,76.31,0.46,POS+CHROM,27.982,782.9839,-27.982,4.311,18.5811,-4.311,6.657,44.3128,-6.657,5.531,30.5884,-5.531
p02,p02_a,clip_0045,ok,150,74.73,24.68,1,87.63,53.96,1.23,0.07780401214647989,32.78,88.8,-0.07,-0.19188159759773424,90.24,1.39,0.1846003971357132,89.61,0.66,POS+CHROM,33.678,1134.2242,-33.678,1.166,1.3599,1.166,2.603,6.7752,2.603,1.971,3.8856,1.971
p02,p02_a,clip_0046,ok,150,76.72,23.17,1,88.9,53.78,1.06,0.21069923217468328,33.94,86.07,2.51,-0.11506084618586504,86.67,3.51,0.17629254078032602,86.39,3.01,POS+CHROM,35.121,1233.4877,-35.121,2.833,8.0252,-2.833,2.228,4.9622,-2.228,2.505,6.2747,-2.505
p02,p02_a,clip_0047,ok,150,78.79,21.13,1,83.75,53.81,1.04,-0.17906306190678456,33.23,79.53,1.25,0.04364914068789904,81.39,1.17,-0.012674755994446974,80.46,1.21,POS+CHROM,29.942,896.5136,-29.942,4.222,17.8238,-4.222,2.363,5.5842,-2.363,3.298,10.8787,-3.298
p02,p02_a,clip_0048,ok,150,73.69,26.04,1,89.02,53.84,1.03,0.10169046072155853,33.18,58.14,-1.68,0.11534413825751791,59.07,-1.12,-0.08375043049390922,56.58,-0.59,POS+CHROM+DEEP,35.181,1237.7031,-35.181,30.881,953.6149,-30.881,29.943,896.602,-29.943,32.442,1052.5033,-32.442
p02,p02_a,clip_0049,ok,150,78.99,20.89,1,92.12,53.76,1.04,0.38698811083946055,33.18,88.94,1.14,0.12712246227432097,86.86,2.46,-0.07944855834205848,87.79,1.8,POS+CHROM,38.36,1471.5076,-38.36,3.184,10.1407,-3.184,5.259,27.6615,-5.259,4.335,18.7935,-4.335
p02,p02_a,clip_0050,ok,150,77.29,22.27,1,84.47,53.82,1.02,-0.27058410707198655,32.78,86.88,0.93,0.13642715990276252,85.98,1.7,-0.12132542961779165,86.4,1.32,POS+CHROM,30.648,939.2993,-30.648,2.413,5.8215,2.413,1.508,2.2733,1.508,1.932,3.7308,1.932
p02,p02_a,clip_0051,ok,150,74.57,24.96,1,89.4,53.81,1.05,-0.04059851500251217,33.16,87.11,4.15,0.054447747885223184,88.43,3.8,-0.043680764738479726,87.75,3.97,POS+CHROM,35.59,1266.6761,-35.59,2.294,5.2633,-2.294,0.973,0.9465,-0.973,1.653,2.733,-1.653
p02,p02_a,clip_0052,ok,150,77.13,22.65,1,94.39,53.83,1.04,0.08885331810563538,33.17,95.71,-0.71,-0.07384261505893495,96.7,3.87,0.06819864422042997,96.38,1.58,POS+CHROM,40.559,1645.0374,-40.559,1.32,1.7433,1.32,2.303,5.3016,2.303,1.99,3.9609,1.99
p02,p02_a,clip_0053,ok,150,77.13,22.19,1,87.64,53.82,1.04,-0.11147846198929616,33.17,86.81,-0.3,-0.029369985542911765,88.59,-0.91,0.10111788111018039,87.66,-0.6,POS+CHROM,33.822,1143.9155,-33.822,0.827,0.6844,-0.827,0.953,0.9076,0.953,0.017,0.0003,0.017
p02,p02_a,clip_0054,ok,150,77.2,22.18,1,83.76,53.81,1.04,-0.07367810388285098,33.14,84.61,0.45,0.06701251971166156,81.18,3.76,0.048484485697068244,82.43,2.1,POS+CHROM,29.951,897.0842,-29.951,0.853,0.7275,0.853,2.573,6.6197,-2.573,1.322,1.747,-1.322
p02,p02_a,clip_0055,ok,150,74.2,25.21,1,93.99,53.78,1.08,-0.0656129986298704,33.15,91.51,0.28,0.07016166385993965,87.9,0.15,-0.08055297601419642,89.73,0.21,POS+CHROM,40.203,1616.3117,-40.203,2.474,6.1193,-2.474,6.087,37.0458,-6.087,4.261,18.1548,-4.261
p02,p02_a,clip_0056,ok,150,81.74,17.74,1,86.95,53.83,1.06,-0.3187079744829348,33.17,79.09,-0.31,0.11105951484874377,76.81,-1.26,-0.09840763058730076,78.04,-0.78,POS+CHROM,33.128,1097.4814,-33.128,7.861,61.8024,-7.861,10.144,102.9064,-10.144,8.912,79.4241,-8.912
p02,p02_a,clip_0057,ok,150,91.99,7.3,1,72.29,53.76,1.03,-0.22760270236979924,33.18,72.42,3.23,0.15825400839216808,71.74,5.34,-0.14257699612488278,72.02,4.28,POS+CHROM,18.525,343.178,-18.525,0.137,0.0186,0.137,0.542,0.2936,-0.542,0.262,0.0685,-0.262
p02,p02_a,clip_0058,ok,150,80.97,18.78,1,77.76,53.83,1.04,0.2606228769305633,33.18,79.14,2.23,0.09785290545937225,80.25,0.73,-0.06623873129204592,79.63,1.48,POS+CHROM,23.935,572.8973,-23.935,1.381,1.9064,1.381,2.483,6.1663,2.483,1.863,3.4726,1.863
p02,p02_a,clip_0059,ok,150,74.73,25.08,1,84.76,53.82,1.04,-0.38970262959097907,32.77,85.04,4.2,-0.08092565217622084,84.26,5.32,0.08097880845448986,84.61,4.76,POS+CHROM,30.942,957.4056,-30.942,0.273,0.0745,0.273,0.502,0.2518,-0.502,0.15,0.0226,-0.15
p02,p02_a,clip_0060,ok,150,76.03,23.85,1,81.75,53.86,1.05,0.37753734557770324,33.16,78.81,3.76,-0.0300496493103093,79.8,3.94,-0.04570185516523195,79.31,3.85,POS+CHROM,27.891,777.9185,-27.891,2.937,8.624,-2.937,1.943,3.7766,-1.943,2.433,5.9171,-2.433
p02,p02_a,clip_0061,ok,150,76.8,23.02,1,86.12,53.82,1.06,-0.1487634537983005,33.15,85.81,2.46,0.07745901513699052,86.08,1.79,-0.10251508334053346,85.94,2.13,POS+CHROM,32.296,1043.0095,-32.296,0.305,0.0932,-0.305,0.043,0.0019,-0.043,0.182,0.033,-0.182
p02,p02_a,clip_0062,ok,150,79.95,19.67,1,88.0,53.84,1.06,-0.0011321784931623109,33.13,87.34,0.55,0.06899736063145243,88.53,1.55,0.031710869947812824,87.99,1.05,POS+CHROM,34.161,1166.9773,-34.161,0.656,0.4306,-0.656,0.534,0.2849,0.534,0.012,0.0001,-0.012
p02,p02_a,clip_0063,ok,150,82.08,17.71,1,80.18,53.8,1.08,-0.3092236727670085,33.14,79.73,3.5,0.01869326112553121,78.97,3.68,0.006253014092553902,79.35,3.59,POS+CHROM,26.378,695.7948,-26.378,0.448,0.2006,-0.448,1.213,1.4715,-1.213,0.836,0.6997,-0.836
p02,p02_a,clip_0064,ok,150,78.18,21.58,1,85.71,53.83,1.06,-0.07019760462800624,33.14,87.1,2.74,0.017425514645184183,87.24,0.93,-0.04308897580821808,87.15,1.83,POS+CHROM,31.874,1015.9759,-31.874,1.389,1.9301,1.389,1.529,2.3383,1.529,1.449,2.0989,1.449
p02,p02_a,clip_0065,ok,150,80.23,19.66,1,87.94,53.86,1.06,0.2064445721549579,33.14,86.34,1.43,0.09099225986535762,88.54,1.46,-0.045983075092889805,87.44,1.45,POS+CHROM,34.081,1161.5442,-34.081,1.597,2.5509,-1.597,0.6,0.3605,0.6,0.495,0.2453,-0.495
p02,p02_a,clip_0066,ok,150,80.92,18.91,1,78.59,53.83,1.06,0.21218041849781052,33.14,80.74,5.04,0.06937644776962888,80.23,4.19,-0.011311135233726014,80.5,4.61,POS+CHROM,24.766,613.3421,-24.766,2.148,4.6129,2.148,1.639,2.6865,1.639,1.911,3.6535,1.911
p02,p02_a,clip_0067,ok,150,81.28,18.48,1,79.13,53.83,1.06,-0.31897370106333195,33.15,77.59,1.52,0.05816672443571628,77.85,0.74,-0.08223486933610538,77.71,1.13,POS+CHROM,25.297,639.943,-25.297,1.533,2.3501,-1.533,1.279,1.6369,-1.279,1.414,2.0006,-1.414
p02,p02_a,clip_0068,ok,150,75.13,24.6,1,91.22,53.83,1.06,-0.06189393941516061,33.12,91.91,-1.29,0.08826940623192452,92.11,-1.35,-0.07345039633561598,92.01,-1.32,POS+CHROM,37.394,1398.3261,-37.394,0.685,0.4686,0.685,0.885,0.784,0.885,0.784,0.6154,0.784
p02,p02_a,clip_0069,ok,150,80.87,18.99,1,81.96,53.81,1.05,-0.35239375574877263,33.14,77.36,2.43,0.09113200265116678,79.48,3.88,0.005176807721640659,78.55,3.16,POS+CHROM,28.148,792.3257,-28.148,4.606,21.2176,-4.606,2.483,6.1645,-2.483,3.417,11.6745,-3.417
p02,p02_a,clip_0070,ok,150,85.88,13.59,1,75.89,53.83,1.06,0.07428151032700468,33.15,74.11,3.47,0.11784972065595277,72.99,4.46,-0.022755744233659673,73.51,3.97,POS+CHROM,22.067,486.954,-22.067,1.778,3.1607,-1.778,2.903,8.4248,-2.903,2.386,5.6948,-2.386
p02,p02_b,clip_0000,ok,150,78.81,20.36,1,91.98,54.06,1.23,0.18561391082780876,33.17,87.94,0.2,0.0016758281996230697,86.97,-2.25,-0.05639537223879602,87.56,-1.02,POS+CHROM,37.918,1437.769,-37.918,4.038,16.3069,-4.038,5.01,25.1006,-5.01,4.426,19.5916,-4.426
p02,p02_b,clip_0001,ok,150,77.85,21.81,1,90.14,53.6,1.19,0.29982924259520133,32.6,91.38,1.15,0.2406138436393035,90.29,3.21,-0.28403184101607193,90.74,2.18,POS+CHROM,36.536,1334.8811,-36.536,1.244,1.5469,1.244,0.151,0.0227,0.151,0.604,0.3652,0.604
p02,p02_b,clip_0002,ok,150,78.14,20.91,1,92.44,53.62,0.94,0.009059804022229116,33.49,94.17,-1.04,0.16335432155509014,93.47,-2.14,-0.1598427392452958,93.85,-1.59,POS+CHROM,38.818,1506.8426,-38.818,1.726,2.978,1.726,1.032,1.0646,1.032,1.41,1.9894,1.41
p02,p02_b,clip_0003,ok,150,72.65,27.01,1,91.37,54.0,1.28,-0.3364074380589923,32.02,88.46,-1.31,0.14236924406555673,91.17,0.03,-0.10545448553215547,89.96,-0.64,POS+CHROM,37.372,1396.6471,-37.372,2.918,8.5152,-2.918,0.206,0.0423,-0.206,1.412,1.993,-1.412
p02,p02_b,clip_0004,ok,150,76.31,23.47,1,93.54,53.76,1.11,-0.2898726850065832,33.11,94.62,1.76,0.1357321398522662,93.74,1.03,-0.1409342507912609,94.21,1.4,POS+CHROM,39.778,1582.2868,-39.778,1.087,1.1823,1.087,0.207,0.0427,0.207,0.674,0.454,0.674
p02,p02_b,clip_0005,ok,150,78.78,20.75,1,94.24,53.42,0.99,-0.15680047088066265,33.01,93.94,1.61,0.1413693195285386,70.03,0.44,-0.08108202915185955,73.32,1.01,POS+CHROM+DEEP,40.822,1666.4361,-40.822,0.303,0.0919,-0.303,24.206,585.9136,-24.206,20.924,437.8277,-20.924
p02,p02_b,clip_0006,ok,150,83.41,16.32,1,93.72,53.96,1.22,-0.03213441757566686,33.15,90.82,2.18,0.09413109167897331,93.87,-1.14,-0.12289339596351183,91.94,0.52,POS+CHROM,39.767,1581.3986,-39.767,2.901,8.4179,-2.901,0.147,0.0216,0.147,1.788,3.1983,-1.788
p02,p02_b,clip_0007,ok,150,79.03,20.78,1,92.48,53.84,1.18,0.23160318271668767,32.93,92.44,2.06,0.27151680218053714,95.52,2.01,-0.2349568285990221,93.97,2.03,POS+CHROM,38.639,1492.9486,-38.639,0.04,0.0016,-0.04,3.044,9.2681,3.044,1.496,2.2392,1.496
p02,p02_b,clip_0008,ok,150,78.67,20.92,1,92.02,53.62,1.11,0.30214958147598486,33.12,92.41,-3.15,0.07913876976047565,81.16,-3.16,-0.04997820721265149,70.05,-1.73,POS+CHROM+DEEP,38.404,1474.9031,-38.404,0.389,0.1513,0.389,10.859,117.9146,-10.859,21.967,482.5417,-21.967
p02,p02_b,clip_0009,ok,150,78.52,20.99,1,93.16,53.9,1.13,0.02174642562764987,33.1,92.03,-2.22,0.14091072698092574,88.5,-0.23,-0.11662957630069809,89.98,-1.23,POS+CHROM,39.26,1541.33,-39.26,1.131,1.2785,-1.131,4.654,21.6601,-4.654,3.182,10.1252,-3.182
p02,p02_b,clip_0010,ok,150,76.14,23.77,1,90.19,53.68,1.14,-0.29497464921838373,32.92,90.42,1.23,0.14373367657764088,88.9,-1.34,-0.17045845535947116,89.82,-0.05,POS+CHROM,36.511,1333.0295,-36.511,0.231,0.0535,0.231,1.296,1.6784,-1.296,0.371,0.1378,-0.371
p02,p02_b,clip_0011,ok,150,83.62,16.03,1,85.92,53.83,1.14,0.28213283743848766,33.12,58.14,-2.3,0.04236821798260849,77.59,-1.61,-0.1390097034585801,55.39,-0.58,POS+DEEP,32.087,1029.5677,-32.087,27.781,771.7626,-27.781,8.335,69.4758,-8.335,30.535,932.3823,-30.535
p02,p02_b,clip_0012,ok,150,75.42,24.25,1,85.96,53.87,1.11,-0.29085507876799616,33.09,104.21,-1.2,0.11823767247104484,73.68,0.68,-0.1995232768737118,74.04,0.2,POS+CHROM+DEEP,32.096,1030.175,-32.096,18.244,332.8483,18.244,12.287,150.9757,-12.287,11.921,142.1037,-11.921
p02,p02_b,clip_0013,ok,150,76.47,23.23,1,85.51,53.55,1.15,0.18542758425294845,32.97,85.21,0.77,0.28376247645843056,85.68,1.99,-0.3907419806979181,85.47,1.38,POS+CHROM,31.957,1021.2361,-31.957,0.292,0.0852,-0.292,0.175,0.0305,0.175,0.035,0.0012,-0.035
p02,p02_b,clip_0014,ok,150,79.94,19.8,1,85.5,53.97,1.35,-0.27905004423272806,32.71,89.97,2.32,0.30422601793461046,91.89,-1.13,-0.24285458909353197,90.66,0.6,POS+CHROM,31.526,993.8981,-31.526,4.476,20.0304,4.476,6.392,40.8531,6.392,5.165,26.6814,5.165
p02,p02_b,clip_0015,ok,150,79.18,20.57,1,87.11,53.92,1.11,-0.057488608742192256,33.16,82.39,2.88,0.377362681005016,84.2,4.05,-0.27619669535977226,83.38,3.47,POS+CHROM,33.192,1101.7256,-33.192,4.716,22.2449,-4.716,2.91,8.4674,-2.91,3.726,13.883,-3.726
p02,p02_b,clip_0016,ok,150,75.67,24.05,1,84.51,53.58,1.15,0.014364428275102063,32.94,90.07,2.46,0.36770514658352715,89.76,1.36,-0.22595056217818094,89.93,1.91,POS+CHROM,30.925,956.3807,-30.925,5.566,30.9755,5.566,5.255,27.6103,5.255,5.424,29.423,5.424
p02,p02_b,clip_0017,ok,150,75.17,23.93,1,81.62,53.67,1.27,0.010211072207976577,33.06,88.96,-0.94,0.17922719184540378,77.19,-1.58,-0.06379235694537175,70.55,-0.42,POS+CHROM+DEEP,27.953,781.3535,-27.953,7.332,53.7612,7.332,4.436,19.6752,-4.436,11.076,122.6869,-11.076
p02,p02_b,clip_0018,ok,150,74.57,25.12,1,83.18,53.89,1.0,-0.3281598151956762,32.01,82.85,4.59,0.24452517997451959,81.63,2.61,-0.2883058978270497,82.34,3.6,POS+CHROM,29.293,858.0515,-29.293,0.332,0.1105,-0.332,1.554,2.4142,-1.554,0.843,0.711,-0.843
p02,p02_b,clip_0019,ok,150,79.87,19.14,1,78.09,53.81,1.12,0.09427373569460774,33.07,80.57,0.92,0.17160466938207716,84.25,0.98,-0.2687186785280169,82.42,0.95,POS+CHROM,24.274,589.2054,-24.274,2.483,6.164,2.483,6.165,38.0015,6.165,4.333,18.7754,4.333
p02,p02_b,clip_0020,ok,150,80.25,19.17,1,80.33,53.61,1.12,0.02922616485894652,33.07,82.33,2.3,0.23305462671709026,80.82,-1.97,-0.2521241458301166,81.83,0.16,POS+CHROM,26.716,713.7376,-26.716,2.0,3.9995,2.0,0.497,0.2475,0.497,1.505,2.2646,1.505
p02,p02_b,clip_0021,ok,150,76.85,22.74,1,81.42,54.01,1.21,-0.2199587901203168,33.13,82.47,4.63,0.2892771942365945,82.25,5.21,-0.3210839894082721,82.35,4.92,POS+CHROM,27.41,751.3217,-27.41,1.056,1.1157,1.056,0.83,0.6891,0.83,0.938,0.8794,0.938
p02,p02_b,clip_0022,ok,150,81.38,18.11,1,78.0,53.71,1.15,-0.004839687728014782,32.9,77.5,3.01,0.26118023949699,77.64,0.45,-0.22681748630281245,77.56,1.73,POS+CHROM,24.291,590.0454,-24.291,0.501,0.2509,-0.501,0.36,0.13,-0.36,0.446,0.1985,-0.446
p02,p02_b,clip_0023,ok,150,81.52,17.94,1,77.42,53.7,1.16,0.17108175828511102,33.16,73.37,1.92,0.35258493027888055,75.97,-0.56,-0.31627702590590345,74.41,0.68,POS+CHROM,23.721,562.6799,-23.721,4.056,16.4509,-4.056,1.449,2.0994,-1.449,3.018,9.1096,-3.018
p02,p02_b,clip_0024,ok,150,79.47,20.24,1,80.38,53.96,1.23,-0.11797663373162769,33.14,84.24,2.88,0.43754443640752994,87.46,1.01,-0.32544564459479614,85.61,1.94,POS+CHROM,26.42,698.0126,-26.42,3.865,14.9402,3.865,7.085,50.2024,7.085,5.227,27.3189,5.227
p02,p02_b,clip_0025,ok,150,87.38,11.36,1,73.05,53.56,1.14,-0.19385828667423102,33.02,65.84,-0.6,0.23256829410909943,68.13,2.62,-0.18317504333681,67.28,1.01,POS+CHROM,19.491,379.8999,-19.491,7.21,51.9892,-7.21,4.919,24.2001,-4.919,5.765,33.233,-5.765
p02,p02_b,clip_0026,ok,150,78.75,18.8,1,77.94,53.98,1.31,-0.18505449047180797,32.74,112.03,-0.82,0.31952201392558344,112.96,-4.16,-0.2789957429123762,112.37,-2.49,POS+CHROM,23.962,574.1622,-23.962,34.086,1161.8227,34.086,35.024,1226.6525,35.024,34.427,1185.2289,34.427
p02,p02_b,clip_0027,ok,150,84.24,15.08,1,77.07,53.8,1.04,0.15489836127463866,33.12,79.47,0.32,0.33559570717316106,81.4,-0.39,-0.2931320129754638,80.38,-0.03,POS+CHROM,23.262,541.1011,-23.262,2.401,5.7659,2.401,4.338,18.8143,4.338,3.313,10.973,3.313
p02,p02_b,clip_0028,ok,150,91.99,7.75,1,72.69,53.58,1.18,0.22140528772325047,32.87,70.14,1.84,0.3122906961952519,70.42,0.06,-0.1909782187082666,70.26,0.95,POS+CHROM,19.104,364.9588,-19.104,2.542,6.4642,-2.542,2.268,5.1416,-2.268,2.425,5.882,-2.425
p02,p02_b,clip_0029,ok,150,91.0,8.71,1,72.56,53.7,1.18,0.38638815628737266,33.11,69.05,-1.17,0.24691874808287748,99.45,-2.68,-0.22695963954459722,69.34,-0.89,POS+CHROM+DEEP,18.868,356.0175,-18.868,3.519,12.3799,-3.519,26.889,723.0204,26.889,3.223,10.3884,-3.223
p02,p02_b,clip_0030,ok,150,84.96,14.53,1,78.65,53.86,1.05,-0.08669876058309205,33.13,79.84,-0.27,0.23521990068378168,83.73,-0.44,-0.23667031775206585,81.76,-0.36,POS+CHROM,24.79,614.5493,-24.79,1.196,1.4292,1.196,5.081,25.8125,5.081,3.111,9.6758,3.111
p02,p02_b,clip_0031,ok,150,82.97,15.13,1,75.88,53.65,1.15,-0.1749289793944187,33.02,72.33,3.65,0.4113897327151496,70.05,2.1,-0.3450264458981106,71.34,2.88,POS+CHROM,22.234,494.3299,-22.234,3.557,12.6527,-3.557,5.835,34.0472,-5.835,4.549,20.697,-4.549
p02,p02_b,clip_0032,ok,150,90.27,9.03,1,73.95,53.8,1.14,-0.21572293189167863,32.6,73.62,1.08,0.309820164151557,72.3,0.83,-0.33941306328574883,72.97,0.95,POS+CHROM,20.148,405.9229,-20.148,0.333,0.111,-0.333,1.655,2.739,-1.655,0.98,0.9603,-0.98
p02,p02_b,clip_0033,ok,150,92.61,5.52,1,73.75,53.83,1.19,-0.27808034238574836,33.1,68.76,1.74,0.21404298176669298,102.97,-2.07,-0.3438549198468981,70.61,0.29,POS+CHROM+DEEP,19.923,396.9285,-19.923,4.993,24.9263,-4.993,29.217,853.6573,29.217,3.139,9.8517,-3.139
p02,p02_b,clip_0034,ok,150,83.84,15.68,1,74.68,53.71,1.14,-0.2390916661176148,33.02,73.47,1.03,0.3322389524107619,76.31,1.42,-0.32816116779781657,74.94,1.23,POS+CHROM,20.973,439.8747,-20.973,1.212,1.4701,-1.212,1.629,2.654,1.629,0.255,0.0649,0.255
p02,p02_b,clip_0035,ok,150,86.81,12.72,1,77.17,53.71,1.07,0.14692520402467757,33.09,77.14,1.36,0.5246304013477185,75.83,0.16,-0.5248290923196672,76.55,0.76,POS+CHROM,23.457,550.2439,-23.457,0.029,0.0008,-0.029,1.334,1.7783,-1.334,0.616,0.3798,-0.616
p02,p02_b,clip_0036,ok,150,91.89,7.15,1,75.57,54.06,1.18,0.1031686692089345,33.14,72.88,-0.05,0.38410026471012293,76.12,-0.14,-0.45996455495353517,74.49,-0.09,POS+CHROM,21.503,462.3618,-21.503,2.683,7.198,-2.683,0.556,0.3094,0.556,1.075,1.1563,-1.075
p02,p02_b,clip_0037,ok,150,80.84,18.82,1,78.69,53.57,1.13,-0.15599614465393002,32.98,80.58,3.69,0.4405542154451371,79.89,3.47,-0.2585268394765108,80.24,3.58,POS+CHROM,25.12,630.9932,-25.12,1.885,3.5529,1.885,1.199,1.437,1.199,1.548,2.3966,1.548
p02,p02_b,clip_0038,ok,150,80.52,19.17,1,77.44,53.98,1.31,-0.3883479618464763,32.72,79.96,-0.89,0.3320134477780831,77.59,-3.29,-0.1920517756031912,79.01,-2.09,POS+CHROM,23.461,550.419,-23.461,2.515,6.3273,2.515,0.153,0.0234,0.153,1.567,2.4542,1.567
p02,p02_b,clip_0039,ok,150,83.1,16.29,1,78.44,53.87,1.15,0.3351604398502585,33.09,79.0,3.48,0.39031603324427266,78.49,0.82,-0.263342607989439,78.8,2.15,POS+CHROM,24.563,603.3339,-24.563,0.56,0.3139,0.56,0.054,0.003,0.054,0.363,0.1314,0.363
p02,p02_b,clip_0040,ok,150,79.34,19.43,1,77.14,53.75,1.11,0.3227027444764318,33.07,74.18,5.42,0.4644838275604024,74.15,3.28,-0.3396931465097092,74.17,4.35,POS+CHROM,23.388,547.0015,-23.388,2.956,8.7366,-2.956,2.985,8.9082,-2.985,2.968,8.807,-2.968
p02,p02_b,clip_0041,ok,150,81.06,16.6,1,77.8,53.52,1.15,-0.08528800940978,32.72,55.6,-1.09,0.3826926730245377,78.01,0.03,-0.3890767860335126,54.37,0.03,POS+DEEP,24.282,589.6171,-24.282,22.196,492.6808,-22.196,0.204,0.0415,0.204,23.431,549.027,-23.431
p02,p02_b,clip_0042,ok,150,84.53,15.28,1,76.28,53.96,1.28,-0.18579471580752213,32.74,77.65,3.01,0.215568475220526,77.31,1.23,-0.23206972376392687,77.51,2.12,POS+CHROM,22.319,498.1155,-22.319,1.37,1.8765,1.37,1.027,1.0541,1.027,1.224,1.4971,1.224
p02,p02_b,clip_0043,ok,150,83.55,15.75,1,78.99,53.83,1.14,0.012367971893317436,32.65,78.69,-2.25,0.17832598988161535,115.44,-2.41,-0.17079061146677504,76.56,-1.17,POS+CHROM+DEEP,25.154,632.7375,-25.154,0.297,0.0882,-0.297,36.453,1328.8048,36.453,2.426,5.8843,-2.426
p02,p02_b,clip_0044,ok,150,81.95,17.02,1,79.97,53.79,1.17,0.2378812790767139,33.16,73.95,-0.01,0.1412586810020887,73.27,-0.42,-0.11012110902535743,73.62,-0.21,POS+CHROM,26.179,685.3326,-26.179,6.02,36.2381,-6.02,6.694,44.81,-6.694,6.345,40.2654,-6.345
p02,p02_b,clip_0045,ok,150,81.77,17.52,1,78.37,53.74,1.06,-0.12775568839199664,33.1,77.57,1.87,0.37325756024735784,75.36,2.14,-0.2738492971564006,76.44,2.01,POS+CHROM,24.63,606.6243,-24.63,0.803,0.645,-0.803,3.018,9.1091,-3.018,1.936,3.7468,-1.936
p02,p02_b,clip_0046,ok,150,93.1,6.59,1,72.32,53.66,1.12,-0.08964801137759072,33.04,68.67,2.91,0.39057206484260293,72.32,1.93,-0.36034314982314775,70.35,2.42,POS+CHROM,18.654,347.983,-18.654,3.653,13.341,-3.653,0.006,0.0,0.006,1.972,3.8893,-1.972
p02,p02_b,clip_0047,ok,150,84.58,14.7,1,75.0,53.76,1.08,-0.14601641461320802,33.13,73.96,-3.38,0.23886441407440254,76.62,0.29,-0.24523487164210173,75.69,-1.55,POS+CHROM,21.238,451.0585,-21.238,1.043,1.0876,-1.043,1.623,2.6345,1.623,0.686,0.4702,0.686
p02,p02_b,clip_0048,ok,150,86.91,11.59,1,73.89,53.91,1.13,-0.25976304531299504,32.73,75.59,-0.54,0.3056388122115717,74.78,-1.97,-0.17110684737767162,75.23,-1.25,POS+CHROM,19.984,399.3791,-19.984,1.695,2.8727,1.695,0.886,0.7842,0.886,1.338,1.7908,1.338
p02,p02_b,clip_0049,ok,150,88.59,10.12,1,71.53,53.6,1.12,-0.09923403137734559,32.97,70.92,5.03,0.2238683821117336,68.65,3.74,-0.24864318066838528,69.91,4.38,POS+CHROM,17.933,321.6009,-17.933,0.61,0.3723,-0.61,2.88,8.2969,-2.88,1.623,2.6344,-1.623
p02,p02_b,clip_0050,ok,150,92.17,6.88,1,70.17,53.88,1.15,-0.16329924527905657,33.17,74.96,1.7,0.21388323643386736,79.08,1.13,-0.20964838401052552,76.92,1.41,POS+CHROM,16.285,265.2139,-16.285,4.794,22.9838,4.794,8.914,79.4602,8.914,6.757,45.6521,6.757
p02,p02_b,clip_0051,ok,150,91.62,7.48,1,71.96,53.95,1.27,-0.07550136278905385,32.73,69.29,-0.28,0.17071887785854592,69.52,1.37,-0.16377312892502063,69.42,0.55,POS+CHROM,18.009,324.3391,-18.009,2.674,7.152,-2.674,2.448,5.9932,-2.448,2.546,6.4809,-2.546
p02,p02_b,clip_0052,ok,150,93.01,5.56,1,69.92,53.66,1.13,-0.02638075416025251,32.97,64.88,3.8,0.3595228096712127,63.81,5.32,-0.37425642565555994,64.28,4.56,POS+CHROM,16.255,264.2174,-16.255,5.037,25.3676,-5.037,6.11,37.3337,-6.11,5.641,31.822,-5.641
p02,p02_b,clip_0053,ok,150,85.37,13.12,1,75.43,53.87,1.11,-0.2057157985865613,33.14,73.66,0.22,0.39483420161351995,75.42,0.77,-0.4582093586624237,74.58,0.5,POS+CHROM,21.554,464.586,-21.554,1.768,3.126,-1.768,0.003,0.0,-0.003,0.845,0.7139,-0.845
p02,p02_b,clip_0054,ok,150,86.98,11.91,1,76.73,53.94,1.32,-0.1505374416308259,33.09,78.36,0.68,0.37999894428833186,81.12,0.85,-0.3568228782820411,79.76,0.76,POS+CHROM,22.787,519.2632,-22.787,1.626,2.6423,1.626,4.393,19.2942,4.393,3.029,9.1726,3.029
p02,p02_b,clip_0055,ok,150,92.95,6.27,1,72.45,53.66,1.13,0.1784846175638535,32.93,71.22,2.98,0.36935085735990353,72.31,2.08,-0.26518778471972454,71.73,2.53,POS+CHROM,18.784,352.8415,-18.784,1.222,1.493,-1.222,0.136,0.0185,-0.136,0.72,0.5177,-0.72
p02,p02_b,clip_0056,ok,150,85.36,14.34,1,75.91,53.82,1.14,0.2940218197994,33.09,77.28,3.35,0.40185128971330925,74.99,0.56,-0.28120744250862,76.4,1.95,POS+CHROM,22.094,488.1351,-22.094,1.374,1.8867,1.374,0.916,0.8398,-0.916,0.49,0.24,0.49
p02,p02_b,clip_0057,ok,150,80.71,18.27,1,77.87,53.94,1.31,-0.0434368460721395,33.07,76.26,1.8,0.4061099345137301,76.73,4.51,-0.30892650946587097,76.55,3.15,POS+CHROM,23.926,572.4305,-23.926,1.605,2.5757,-1.605,1.135,1.2875,-1.135,1.318,1.7359,-1.318
p02,p02_b,clip_0058,ok,150,84.62,15.03,1,75.6,53.67,1.14,-0.052642741396191954,32.97,80.26,1.52,0.3078087227671017,77.48,2.93,-0.33023991328037533,78.7,2.23,POS+CHROM,21.93,480.9419,-21.93,4.653,21.6514,4.653,1.872,3.5062,1.872,3.1,9.6081,3.1
p02,p02_b,clip_0059,ok,150,79.59,19.21,1,77.71,53.88,1.18,-0.3426382260877409,33.11,77.27,1.32,0.17270932996255267,83.07,2.4,-0.24745207521370532,80.43,1.86,POS+CHROM,23.835,568.0989,-23.835,0.442,0.195,-0.442,5.358,28.7063,5.358,2.717,7.3829,2.717
p02,p02_b,clip_0060,ok,150,79.5,19.89,1,77.91,53.87,1.12,0.09695319987245124,33.09,66.21,2.86,0.30217421137961226,70.75,2.93,-0.26803183687301924,68.49,2.89,POS+CHROM,24.036,577.751,-24.036,11.697,136.8155,-11.697,7.163,51.3083,-7.163,9.417,88.6763,-9.417
p02,p02_b,clip_0061,ok,150,88.13,11.69,1,74.37,53.67,1.11,0.33110727084475267,33.08,75.0,3.19,0.3004164472109422,74.5,4.21,-0.29626074128052426,74.73,3.7,POS+CHROM,20.703,428.6132,-20.703,0.63,0.3966,0.63,0.133,0.0178,0.133,0.361,0.13,0.361
p02,p02_b,clip_0062,ok,150,82.8,15.95,1,75.53,53.75,1.2,0.2615244997384667,33.06,77.04,0.11,0.35459220439091543,76.04,-0.08,-0.25141957565150785,76.55,0.02,POS+CHROM,21.781,474.4175,-21.781,1.509,2.2781,1.509,0.509,0.259,0.509,1.017,1.0347,1.017
p02,p02_b,clip_0063,ok,150,83.25,14.9,1,76.25,53.98,1.27,-0.04541123745455575,32.76,74.79,4.16,0.33010885271792667,74.57,2.95,-0.31091921258834004,74.69,3.55,POS+CHROM,22.269,495.9034,-22.269,1.459,2.1296,-1.459,1.68,2.8235,-1.68,1.559,2.4295,-1.559
p02,p02_b,clip_0064,ok,150,79.25,19.73,1,81.18,53.61,1.11,-0.26012907234191196,32.98,81.11,5.72,0.3497759449366312,80.41,3.03,-0.3059055055410454,80.84,4.37,POS+CHROM,27.571,760.1788,-27.571,0.073,0.0053,-0.073,0.767,0.5888,-0.767,0.344,0.118,-0.344
p02,p02_b,clip_0065,ok,150,84.2,14.49,1,76.9,53.83,1.14,0.001332894197534169,33.48,77.29,2.87,0.24558779227645136,76.64,2.57,-0.22148886338043586,76.97,2.72,POS+CHROM,23.066,532.0399,-23.066,0.393,0.1548,0.393,0.256,0.0657,-0.256,0.077,0.0059,0.077
p02,p02_b,clip_0066,ok,150,88.49,10.76,1,74.52,53.81,1.05,0.3098815869268503,33.14,74.42,-1.71,0.1386033288263356,75.63,-1.5,-0.20071262667521628,75.03,-1.6,POS+CHROM,20.712,429.0007,-20.712,0.105,0.011,-0.105,1.108,1.2281,1.108,0.512,0.2622,0.512
p02,p02_b,clip_0067,ok,150,86.22,13.21,1,75.43,53.6,1.14,0.20312204098683767,33.03,74.71,4.2,0.1490868910298596,74.53,3.13,-0.2527576709829481,74.63,3.67,POS+CHROM,21.831,476.5838,-21.831,0.721,0.5198,-0.721,0.9,0.8102,-0.9,0.803,0.6441,-0.803
p02,p02_b,clip_0068,ok,150,83.36,15.58,1,75.9,53.9,1.1,-0.019313377927294793,32.73,75.99,2.31,0.24036367874529335,77.65,0.82,-0.3297283027653592,76.72,1.57,POS+CHROM,22.005,484.2302,-22.005,0.088,0.0077,0.088,1.748,3.057,1.748,0.816,0.6652,0.816
p02,p02_b,clip_0069,ok,150,80.01,19.62,1,80.75,53.92,1.28,-0.23795718315572228,33.09,83.24,3.01,0.31403662266624244,83.62,1.96,-0.2992049038231243,83.41,2.48,POS+CHROM,26.826,719.66,-26.826,2.488,6.1914,2.488,2.87,8.2363,2.87,2.662,7.0886,2.662
p02,p02_b,clip_0070,ok,150,85.77,13.49,1,77.38,53.76,1.1,0.07335366301094023,33.08,76.99,3.19,0.27618186487904434,76.66,2.7,-0.2915902995014447,76.83,2.94,POS+CHROM,23.617,557.7527,-23.617,0.39,0.1525,-0.39,0.717,0.5136,-0.717,0.547,0.299,-0.547
p02,p02_c,clip_0000,ok,150,87.34,11.53,1,79.21,54.68,1.32,-0.09494913697999705,34.59,79.99,1.93,0.10051348205035626,77.12,-0.07,-0.07103405902158588,78.79,0.93,POS+CHROM,24.531,601.7917,-24.531,0.786,0.6182,0.786,2.087,4.3546,-2.087,0.413,0.1702,-0.413
p02,p02_c,clip_0001,ok,150,87.3,10.71,1,79.25,54.55,1.25,-0.22162674386795797,34.49,77.89,1.26,0.09908941837967396,78.28,2.52,-0.01622056813718511,78.11,1.89,POS+CHROM,24.707,610.4322,-24.707,1.359,1.8464,-1.359,0.974,0.9481,-0.974,1.146,1.3136,-1.146
p02,p02_c,clip_0002,ok,150,86.31,11.32,1,81.98,54.69,1.27,0.1388396161371062,33.69,83.61,-0.03,0.16302246481264343,84.42,-1.24,-0.10068450134599176,83.97,-0.63,POS+CHROM,27.293,744.9005,-27.293,1.627,2.6483,1.627,2.436,5.9342,2.436,1.991,3.9651,1.991
p02,p02_c,clip_0003,ok,150,86.78,12.7,1,82.05,54.73,1.31,-0.34322367112912905,33.76,83.63,0.47,0.260358225594465,81.04,-0.26,-0.22183450115367506,82.41,0.11,POS+CHROM,27.322,746.4809,-27.322,1.578,2.4915,1.578,1.016,1.0322,-1.016,0.36,0.1298,0.36
p02,p02_c,clip_0004,ok,150,85.47,14.16,1,82.84,54.57,1.29,0.3086856869656903,34.79,83.28,1.54,0.21000258839475616,81.47,4.0,-0.3305885515100466,82.19,2.77,POS+CHROM,28.265,798.9307,-28.265,0.44,0.194,0.44,1.363,1.8589,-1.363,0.644,0.4147,-0.644
p02,p02_c,clip_0005,ok,150,80.67,18.67,1,83.42,54.66,1.32,-0.21726475750620677,34.95,83.73,1.0,0.19330676377624395,85.63,3.86,-0.1943506172772784,84.9,2.43,POS+CHROM,28.756,826.9202,-28.756,0.312,0.0974,0.312,2.216,4.9122,2.216,1.487,2.2116,1.487
p02,p02_c,clip_0006,ok,150,84.17,15.69,1,84.89,54.8,1.38,0.35189193870779245,34.23,82.82,4.73,0.17790898358188265,81.81,3.8,-0.17295084439395836,82.35,4.26,POS+CHROM,30.088,905.2903,-30.088,2.063,4.256,-2.063,3.079,9.4805,-3.079,2.532,6.4089,-2.532
p02,p02_c,clip_0007,ok,150,83.89,15.94,1,84.35,54.68,1.34,-0.29404082361311,34.54,87.41,-0.31,0.13160451091072695,125.4,-3.51,-0.2467906377450919,80.24,-0.83,POS+CHROM+DEEP,29.668,880.1964,-29.668,3.062,9.3752,3.062,41.056,1685.5711,41.056,4.107,16.865,-4.107
p02,p02_c,clip_0008,ok,150,75.5,20.75,1,84.33,54.78,1.21,0.23664195430687365,34.48,80.46,-0.55,0.10578607593349822,57.33,-0.2,-0.0412044771972036,55.91,0.5,CHROM+DEEP,29.551,873.2715,-29.551,3.876,15.0212,-3.876,27.009,729.4869,-27.009,28.429,808.2118,-28.429
p02,p02_c,clip_0009,ok,150,84.15,14.57,1,92.62,54.94,1.39,0.3343199596621531,34.72,58.89,-1.0,0.07475184007667418,92.56,-1.05,-0.05328113004957704,56.53,0.19,POS+DEEP,37.673,1419.2729,-37.673,33.727,1137.5089,-33.727,0.058,0.0034,-0.058,36.088,1302.3621,-36.088
p02,p02_c,clip_0010,ok,150,83.69,15.86,1,90.63,54.72,1.45,-0.3392416098508546,34.52,86.85,1.41,0.3150790377987084,86.28,1.38,-0.21580081409025859,86.57,1.4,POS+CHROM,35.916,1289.9716,-35.916,3.783,14.3082,-3.783,4.353,18.9478,-4.353,4.067,16.5418,-4.067
p02,p02_c,clip_0011,ok,150,86.39,13.31,1,89.08,54.67,1.37,-0.002478590378528255,34.11,93.5,3.27,0.21590618889051816,92.62,3.93,-0.21649531558678967,93.04,3.6,POS+CHROM,34.41,1184.0536,-34.41,4.429,19.6153,4.429,3.543,12.5504,3.543,3.962,15.6949,3.962
p02,p02_c,clip_0012,ok,150,78.73,20.09,1,91.61,54.64,1.28,0.14836974123685723,34.65,90.7,-2.61,-0.13057635857808833,92.26,-2.62,0.1126809263709632,91.48,-2.61,POS+CHROM,36.97,1366.7552,-36.97,0.908,0.8247,-0.908,0.648,0.4199,0.648,0.131,0.0171,-0.131
p02,p02_c,clip_0013,ok,150,80.7,19.01,1,91.02,54.55,1.26,0.3807538136595313,34.05,86.16,1.44,0.04143168781006049,85.5,2.69,0.03012164549675402,85.8,2.07,POS+CHROM,36.472,1330.2317,-36.472,4.859,23.6068,-4.859,5.517,30.439,-5.517,5.222,27.2709,-5.222
p02,p02_c,clip_0014,ok,150,82.8,15.29,1,85.29,54.37,1.19,-0.2911473074822751,35.14,65.09,-1.84,0.3245697912501253,82.97,-2.1,-0.346759748187954,64.91,-0.92,POS+CHROM+DEEP,30.924,956.275,-30.924,20.206,408.2988,-20.206,2.324,5.4005,-2.324,20.38,415.3343,-20.38
p02,p02_c,clip_0015,ok,150,78.84,16.3,1,82.92,54.38,1.25,0.3713544923213696,33.75,84.84,3.16,0.2710257002916124,86.22,4.28,-0.2021060908866367,85.6,3.72,POS+CHROM,28.541,814.5605,-28.541,1.917,3.6764,1.917,3.298,10.8746,3.298,2.672,7.1394,2.672
p02,p02_c,clip_0016,ok,150,82.6,15.33,1,75.6,54.42,1.22,0.13494448949399077,34.87,67.65,-0.15,0.3024304177719908,67.08,0.01,-0.2335274057326907,67.36,-0.07,POS+CHROM,21.175,448.3788,-21.175,7.945,63.1158,-7.945,8.514,72.4944,-8.514,8.233,67.7881,-8.233
p02,p02_c,clip_0017,ok,150,74.85,24.49,1,83.76,54.46,1.24,-0.13026851334536912,34.73,58.56,2.76,0.23699102181164505,56.57,1.49,-0.2050303788895666,56.71,1.83,POS+CHROM+DEEP,29.294,858.1519,-29.294,25.193,634.6665,-25.193,27.185,739.0462,-27.185,27.047,731.5659,-27.047
p02,p02_c,clip_0018,ok,150,88.66,10.95,1,86.34,54.82,1.56,0.007677181661858476,33.72,61.31,3.22,0.16283297618979073,60.41,1.76,-0.19271304806528042,59.1,2.18,POS+CHROM+DEEP,31.522,993.6425,-31.522,25.033,626.6289,-25.033,25.93,672.3632,-25.93,27.247,742.3875,-27.247
p02,p02_c,clip_0019,ok,150,72.63,24.64,1,86.19,54.51,1.21,0.2529835574584242,36.51,60.19,-0.89,0.0006578300349860169,136.75,-6.0,0.044678087482453624,56.86,0.16,POS+DEEP,31.679,1003.5717,-31.679,26.003,676.1612,-26.003,50.561,2556.4505,50.561,29.332,860.3895,-29.332
p02,p02_c,clip_0020,ok,150,73.26,25.52,1,84.9,54.68,1.14,-0.18713100193937618,33.86,83.15,-1.2,-0.2828230166363361,56.27,0.2,0.22436267772436122,55.41,0.67,CHROM+DEEP,30.226,913.6143,-30.226,1.756,3.0826,-1.756,28.63,819.6761,-28.63,29.49,869.6672,-29.49
p02,p02_c,clip_0021,ok,150,81.58,15.73,1,85.87,54.58,1.3,0.3839311997533406,33.76,79.41,1.29,-0.1382353833414264,76.01,1.37,0.07374702849257772,77.7,1.33,POS+CHROM,31.288,978.9187,-31.288,6.458,41.7066,-6.458,9.856,97.1417,-9.856,8.169,66.7281,-8.169
p02,p02_c,clip_0022,ok,150,77.41,19.25,1,82.98,54.54,1.24,-0.0903945408150962,33.7,80.86,3.09,-0.03368068408844691,78.75,2.67,0.015624189600891607,79.84,2.88,POS+CHROM,28.442,808.9726,-28.442,2.123,4.5079,-2.123,4.228,17.877,-4.228,3.14,9.857,-3.14
p02,p02_c,clip_0023,ok,150,75.23,22.51,1,79.95,54.45,1.15,-0.23415415394179812,33.74,80.56,1.31,-0.1105626512076848,102.6,-3.11,0.026627542380644315,74.48,-0.22,POS+CHROM+DEEP,25.503,650.384,-25.503,0.607,0.3679,0.607,22.648,512.9102,22.648,5.468,29.8975,-5.468
p02,p02_c,clip_0024,ok,150,77.21,19.12,1,79.24,54.72,1.31,0.2057471403338332,32.9,78.0,0.84,-0.10100846658238673,77.5,-1.57,0.018796231402628254,77.8,-0.36,POS+CHROM,24.514,600.9374,-24.514,1.235,1.5244,-1.235,1.738,3.0195,-1.738,1.436,2.0631,-1.436
p02,p02_c,clip_0025,ok,150,81.82,14.06,1,85.34,54.46,1.34,-0.2887564355069986,34.78,87.75,-2.7,-0.15554331886760314,85.51,2.56,-0.021078636188636993,86.17,-0.07,POS+CHROM,30.884,953.8404,-30.884,2.411,5.8137,2.411,0.164,0.027,0.164,0.825,0.6806,0.825
p02,p02_c,clip_0026,ok,150,69.24,25.58,1,79.58,54.49,1.29,0.16816002341118275,34.37,67.01,1.62,-0.08255684732840257,74.27,2.55,-0.06811713103155279,70.92,2.09,POS+CHROM,25.086,629.2844,-25.086,12.561,157.7693,-12.561,5.309,28.19,-5.309,8.656,74.9209,-8.656
p02,p02_c,clip_0027,ok,150,81.68,13.48,1,76.2,54.64,1.3,0.32993014061872955,34.45,58.58,3.11,0.2459421570873832,66.88,3.7,-0.1452325809545438,56.91,2.2,POS+DEEP,21.559,464.7795,-21.559,17.62,310.4785,-17.62,9.319,86.844,-9.319,19.295,372.2903,-19.295
p02,p02_c,clip_0028,ok,150,77.75,21.39,1,81.05,54.48,1.22,-0.1555308514807921,35.51,84.07,-1.93,0.2728628438217828,84.59,-0.39,-0.10964621920355148,84.36,-1.16,POS+CHROM,26.578,706.365,-26.578,3.014,9.0823,3.014,3.539,12.5255,3.539,3.31,10.9552,3.31
p02,p02_c,clip_0029,ok,150,79.05,18.86,1,77.56,54.64,1.26,-0.31130573128410727,34.09,64.12,0.07,-0.04674732055423246,66.82,-0.57,0.0886139189862057,65.4,-0.25,POS+CHROM,22.922,525.4372,-22.922,13.436,180.5328,-13.436,10.743,115.4157,-10.743,12.162,147.9063,-12.162
p02,p02_c,clip_0030,ok,150,85.29,13.07,1,78.87,54.65,1.29,0.2131899743505633,33.65,75.33,4.34,0.23564322445277364,77.02,3.7,-0.30711669616643295,76.13,4.02,POS+CHROM,24.22,586.6123,-24.22,3.535,12.497,-3.535,1.846,3.4093,-1.846,2.736,7.4842,-2.736
p02,p02_c,clip_0031,ok,150,74.76,23.72,1,88.14,54.49,1.15,0.15972356870666274,33.3,65.04,3.43,0.17406649198641613,64.0,3.05,-0.17988437826869294,64.54,3.24,POS+CHROM,33.644,1131.9508,-33.644,23.102,533.698,-23.102,24.134,582.4614,-24.134,23.602,557.0433,-23.602
p02,p02_c,clip_0032,ok,150,77.94,20.37,1,90.74,54.26,0.9,-0.36138252954913674,35.26,63.42,-0.44,-0.01489127353255867,61.52,2.48,-0.018715580657758447,59.67,0.98,POS+CHROM+DEEP,36.481,1330.8837,-36.481,27.325,746.6575,-27.325,29.225,854.074,-29.225,31.075,965.6693,-31.075
p02,p02_c,clip_0033,ok,150,85.31,12.7,1,87.92,54.94,1.53,0.24957783370947959,34.05,59.97,0.65,-0.09461086459989781,61.13,-0.84,0.09662133916543712,58.29,0.45,POS+CHROM+DEEP,32.977,1087.5056,-32.977,27.953,781.3449,-27.953,26.792,717.8151,-26.792,29.625,877.6682,-29.625
p02,p02_c,clip_0034,ok,150,84.71,14.64,1,81.56,54.39,1.13,-0.2697221015322962,34.04,78.69,2.06,-0.011108543490018283,80.27,1.29,0.003564706918871702,79.43,1.67,POS+CHROM,27.172,738.329,-27.172,2.869,8.2316,-2.869,1.291,1.667,-1.291,2.131,4.5393,-2.131
p02,p02_c,clip_0035,ok,150,75.86,23.92,1,90.84,54.35,1.03,-0.35393474617451137,36.28,71.44,2.06,0.00818785458932279,69.77,-0.62,-0.020515067064619603,70.79,0.72,POS+CHROM,36.497,1332.0403,-36.497,19.403,376.4706,-19.403,21.077,444.236,-21.077,20.056,402.2407,-20.056
p02,p02_c,clip_0036,ok,150,84.59,13.9,1,98.91,54.21,0.98,-0.17461669418276926,34.48,80.92,0.56,0.0391818889501091,86.52,1.15,-0.07114853769536178,83.86,0.85,POS+CHROM,44.705,1998.521,-44.705,17.99,323.6472,-17.99,12.395,153.6316,-12.395,15.055,226.6457,-15.055
p02,p02_c,clip_0037,ok,150,79.41,20.16,1,95.29,54.19,0.91,-0.35843762090154907,33.8,97.56,1.91,0.08141049995375468,98.0,0.54,-0.06915792069901179,97.75,1.23,POS+CHROM,41.099,1689.1508,-41.099,2.266,5.1341,2.266,2.715,7.3706,2.715,2.465,6.0757,2.465
p02,p02_c,clip_0038,ok,150,82.72,16.57,1,95.81,54.47,1.26,-0.3426252268982642,33.74,116.2,-2.56,0.08914134293166073,115.48,-2.9,0.011053596320252851,115.85,-2.73,POS+CHROM,41.344,1709.3526,-41.344,20.384,415.5247,20.384,19.663,386.6388,19.663,20.034,401.3604,20.034
p02,p02_c,clip_0039,ok,150,81.56,17.98,1,90.55,54.37,1.25,0.16075396796509112,33.66,92.18,-0.41,0.10573495744660065,94.63,-0.7,-0.09221278918207902,93.38,-0.56,POS+CHROM,36.188,1309.5464,-36.188,1.625,2.64,1.625,4.079,16.636,4.079,2.823,7.9673,2.823
p02,p02_c,clip_0040,ok,150,80.46,18.86,1,79.12,54.56,1.33,-0.23745735925218117,33.72,77.02,1.12,0.2076037666606401,76.24,0.62,-0.18794502770754098,76.64,0.87,POS+CHROM,24.553,602.8323,-24.553,2.096,4.3943,-2.096,2.881,8.2979,-2.881,2.472,6.1114,-2.472
p02,p02_c,clip_0041,ok,150,83.13,14.65,1,82.17,54.81,1.54,0.34161333023923046,34.36,61.42,1.33,-0.0022560025700477772,58.72,1.81,-0.16224806373877948,58.29,1.56,POS+CHROM+DEEP,27.362,748.6981,-27.362,20.752,430.65,-20.752,23.45,549.8913,-23.45,23.884,570.4589,-23.884
p02,p02_c,clip_0042,ok,150,86.15,13.14,1,88.21,54.23,0.98,-0.3774489853191581,36.48,84.0,-1.41,-0.09922462197417431,63.07,-1.49,0.011922989423817582,65.31,-0.64,POS+CHROM+DEEP,33.982,1154.7539,-33.982,4.207,17.698,-4.207,25.139,631.9722,-25.139,22.899,524.3422,-22.899
p02,p02_c,clip_0043,ok,150,84.82,14.13,1,82.92,54.5,1.28,0.3967044059103604,33.8,82.43,1.34,-0.00015987206155122996,84.46,1.08,0.0415259241786775,83.42,1.21,POS+CHROM,28.418,807.5723,-28.418,0.489,0.2386,-0.489,1.542,2.3779,1.542,0.505,0.2551,0.505
p02,p02_c,clip_0044,ok,150,76.68,22.43,1,81.49,54.57,1.28,-0.05523563349774919,33.71,79.23,-2.44,-0.07078126734681808,126.63,-1.78,0.18430329014187244,80.99,-0.98,POS+CHROM+DEEP,26.919,724.6528,-26.919,2.257,5.0953,-2.257,45.146,2038.1618,45.146,0.491,0.2414,-0.491
p02,p02_c,clip_0045,ok,150,86.47,9.95,1,78.5,54.68,1.27,-0.14295804162958542,33.34,80.73,0.16,0.08338634237122103,111.18,-2.19,0.05906629418534015,76.98,-0.25,POS+CHROM+DEEP,23.822,567.4718,-23.822,2.236,4.9993,2.236,32.682,1068.1173,32.682,1.518,2.3054,-1.518
p02,p02_c,clip_0046,ok,150,89.6,8.2,1,74.41,54.43,1.18,-0.25533119913565816,33.7,75.86,3.89,-0.13680565312574128,75.05,4.11,0.13828367071420603,75.45,4.0,POS+CHROM,19.984,399.3456,-19.984,1.447,2.093,1.447,0.637,0.4061,0.637,1.034,1.0701,1.034
p02,p02_c,clip_0047,ok,150,80.46,18.68,1,77.96,54.63,1.16,0.3914483123866282,33.35,76.19,3.57,-0.05207330829601686,78.64,2.78,0.05740977302239344,77.34,3.18,POS+CHROM,23.335,544.5326,-23.335,1.769,3.1294,-1.769,0.678,0.4599,0.678,0.625,0.391,-0.625
p02,p02_c,clip_0048,ok,150,77.61,20.56,1,82.83,54.62,1.35,-0.3412755850951899,32.88,84.36,-0.86,-0.07512869938028831,83.04,0.3,0.12658821599312578,83.63,-0.28,POS+CHROM,28.21,795.8313,-28.21,1.526,2.3279,1.526,0.21,0.0439,0.21,0.804,0.6464,0.804
p02,p02_c,clip_0049,ok,150,81.14,18.71,1,84.49,54.46,1.27,0.308217609948438,34.74,134.41,-6.33,-0.05384436422874299,85.76,1.03,0.08375073920148994,77.9,-1.35,POS+CHROM+DEEP,30.036,902.1681,-30.036,49.921,2492.1319,49.921,1.266,1.6032,1.266,6.588,43.3974,-6.588
p02,p02_c,clip_0050,ok,150,79.59,16.39,1,80.53,54.4,1.33,-0.148955260125071,35.13,71.69,1.91,-0.03513567687730689,76.28,3.11,0.09774375974749808,74.22,2.51,POS+CHROM,26.131,682.8346,-26.131,8.833,78.0208,-8.833,4.248,18.0468,-4.248,6.312,39.842,-6.312
p02,p02_c,clip_0051,ok,150,85.84,13.21,1,80.67,54.7,1.24,-0.2671083442446227,33.36,93.98,-0.58,0.06800479055962709,88.4,0.83,-0.004179485117398723,90.87,0.12,POS+CHROM,25.967,674.2725,-25.967,13.312,177.2082,13.312,7.737,59.8684,7.737,10.199,104.0212,10.199
p02,p02_c,clip_0052,ok,150,85.1,11.71,1,80.31,54.69,1.29,0.25438204873631054,33.33,70.29,-1.01,-0.10079842909522244,79.07,1.28,0.17764450143252958,67.75,0.52,POS+CHROM+DEEP,25.625,656.6602,-25.625,10.019,100.3717,-10.019,1.248,1.558,-1.248,12.568,157.9601,-12.568
p02,p02_c,clip_0053,ok,150,70.69,28.46,1,87.09,54.38,1.17,-0.2712050869256546,34.37,86.22,-1.51,0.020064052187132978,88.43,-0.8,0.06460855297059952,87.39,-1.15,POS+CHROM,32.705,1069.6164,-32.705,0.866,0.7504,-0.866,1.345,1.8088,1.345,0.305,0.093,0.305
p02,p02_c,clip_0054,ok,150,87.52,11.71,1,80.04,54.37,1.12,0.3374488641219818,34.73,66.35,1.94,-0.05483695720174798,70.31,1.17,0.07776283026449037,68.21,1.55,POS+CHROM,25.667,658.7752,-25.667,13.682,187.1845,-13.682,9.726,94.5879,-9.726,11.83,139.9451,-11.83
p02,p02_c,clip_0055,ok,150,82.91,16.49,1,82.16,54.39,1.14,-0.20541404704545407,33.74,65.93,2.91,-0.024693312704140113,70.38,1.63,0.04573515072165432,67.92,2.27,POS+CHROM,27.767,771.0071,-27.767,16.233,263.5253,-16.233,11.781,138.7941,-11.781,14.245,202.9106,-14.245
p02,p02_c,clip_0056,ok,150,83.63,14.32,1,83.18,54.53,1.39,0.37738261840230636,34.47,65.62,2.18,-0.04753335509109989,71.35,0.34,-0.012304539354521365,68.05,1.26,POS+CHROM,28.648,820.7155,-28.648,17.564,308.4981,-17.564,11.825,139.82,-11.825,15.131,228.9478,-15.131
p02,p02_c,clip_0057,ok,150,84.61,13.71,1,79.54,54.7,1.19,0.01939321211578613,33.7,79.78,1.34,-0.06510199677057003,81.77,-0.14,0.07205194957580514,80.66,0.6,POS+CHROM,24.839,616.9756,-24.839,0.247,0.0609,0.247,2.233,4.9871,2.233,1.119,1.2513,1.119
p02,p02_c,clip_0058,ok,150,86.93,12.42,1,75.56,54.39,1.25,-0.05022963462141057,35.18,78.4,2.18,-0.14888161968983796,79.07,1.24,0.11086312205879306,78.71,1.71,POS+CHROM,21.168,448.0817,-21.168,2.848,8.1092,2.848,3.514,12.3474,3.514,3.155,9.9525,3.155
p02,p02_c,clip_0059,ok,150,87.1,12.32,1,76.16,54.61,1.41,-0.17462634524561008,34.91,61.61,3.1,0.11772676791543356,60.7,2.12,-0.03509064867485599,59.28,2.21,POS+CHROM+DEEP,21.55,464.4001,-21.55,14.544,211.5354,-14.544,15.459,238.9707,-15.459,16.874,284.7308,-16.874
p02,p02_c,clip_0060,ok,150,86.31,10.51,1,78.74,54.78,1.27,-0.13262501698409113,34.48,117.96,-2.0,0.319843762664337,120.63,3.21,-0.2437679778261006,119.84,0.6,POS+CHROM,23.96,574.076,-23.96,39.223,1538.4259,39.223,41.885,1754.3586,41.885,41.097,1688.9825,41.097
p02,p02_c,clip_0061,ok,150,81.37,18.0,1,81.94,54.91,1.45,0.007208483566372131,33.93,62.31,2.06,-0.011309071090779079,59.3,3.7,0.05277742427610643,59.0,2.4,POS+CHROM+DEEP,27.033,730.7897,-27.033,19.633,385.4585,-19.633,22.642,512.6639,-22.642,22.939,526.2188,-22.939
p02,p02_c,clip_0062,ok,150,87.21,11.5,1,78.24,54.77,1.31,-0.3735014070550434,35.2,95.65,-1.85,-0.11719268307873135,119.74,-2.95,0.10218988298863416,81.69,-1.17,POS+CHROM+DEEP,23.478,551.2067,-23.478,17.402,302.831,17.402,41.495,1721.8708,41.495,3.449,11.8968,3.449
p02,p02_c,clip_0063,ok,150,84.68,14.02,1,79.21,54.47,1.21,-0.008253045657045406,34.47,76.24,1.76,0.032305997959304764,79.44,0.91,-0.05411251750079688,77.73,1.33,POS+CHROM,24.734,611.7582,-24.734,2.965,8.791,-2.965,0.236,0.0556,0.236,1.477,2.1827,-1.477
p02,p02_c,clip_0064,ok,150,81.25,17.09,1,79.32,54.53,1.36,0.3895344476367774,34.42,78.35,2.95,0.10840869122106564,78.35,2.6,-0.07318118183790939,78.35,2.78,POS+CHROM,24.791,614.6184,-24.791,0.974,0.9494,-0.974,0.973,0.9464,-0.973,0.974,0.9479,-0.974
p02,p02_c,clip_0065,ok,150,88.36,9.83,1,77.53,54.82,1.46,0.07990484407841092,34.25,77.91,-0.08,-0.06510724630612995,76.81,1.31,-0.048549956065891534,77.3,0.61,POS+CHROM,22.708,515.6454,-22.708,0.38,0.1441,0.38,0.721,0.5193,-0.721,0.234,0.0547,-0.234
p02,p02_c,clip_0066,ok,150,86.15,10.51,1,76.86,54.76,1.29,-0.24448486672475775,34.41,75.16,2.04,-0.021569383896608844,77.74,1.58,-0.06738740077312552,76.4,1.81,POS+CHROM,22.101,488.4726,-22.101,1.699,2.8875,-1.699,0.878,0.7703,0.878,0.46,0.2117,-0.46
p02,p02_c,clip_0067,ok,150,84.14,12.57,1,80.82,54.4,1.09,0.35244570276278664,34.81,63.58,0.12,0.1315800724848613,65.03,1.15,-0.08484694686702786,64.37,0.64,POS+CHROM,26.421,698.046,-26.421,17.237,297.1121,-17.237,15.788,249.2563,-15.788,16.451,270.6288,-16.451
p02,p02_c,clip_0068,ok,150,77.9,21.97,1,88.66,54.36,1.29,-0.09247438546134742,35.17,90.16,-0.21,0.2227966994970637,132.14,-2.41,-0.20623887452845294,84.48,-0.44,POS+CHROM+DEEP,34.305,1176.8114,-34.305,1.492,2.2268,1.492,43.475,1890.0585,43.475,4.185,17.5116,-4.185
p02,p02_c,clip_0069,ok,150,80.53,19.16,1,88.04,54.35,1.03,-0.03642025210692445,34.42,80.07,-2.39,0.11162493994978366,89.95,-2.57,-0.2249224894149495,70.46,-1.31,POS+CHROM+DEEP,33.692,1135.1198,-33.692,7.97,63.527,-7.97,1.906,3.6342,1.906,17.576,308.9029,-17.576
p02,p02_c,clip_0070,ok,150,78.48,20.73,1,84.47,54.16,0.96,-0.2350069913147272,34.01,87.7,0.79,0.08334569885556864,87.14,0.84,-0.1417870534378787,87.42,0.81,POS+CHROM,30.308,918.5591,-30.308,3.226,10.41,3.226,2.666,7.1074,2.666,2.945,8.6737,2.945
p02,p02_d,clip_0000,ok,150,1.24,98.43,0,63.35,54.28,0.93,-0.007863764317784627,33.99,72.68,5.07,-0.0008851164376024257,71.49,4.63,-0.007952733348738677,72.11,4.85,POS+CHROM,9.069,82.2553,-9.069,9.333,87.1051,9.333,8.138,66.2204,8.138,8.757,76.6904,8.757
p02,p02_d,clip_0001,ok,150,0.54,99.31,0,133.02,54.72,0.99,-0.043964421916632114,33.29,75.15,3.75,-0.07094705968047313,77.43,2.39,0.054173432260989605,76.16,3.07,POS+CHROM,78.302,6131.2321,-78.302,57.869,3348.8664,-57.869,55.591,3090.3635,-55.591,56.859,3232.9161,-56.859
p02,p02_d,clip_0002,ok,150,0.36,99.52,0,78.16,54.22,0.97,0.01040102479728974,35.13,72.07,-2.58,-0.04191033017433468,72.92,-1.55,0.08130629901410222,72.53,-2.07,POS+CHROM,23.942,573.225,-23.942,6.085,37.0282,-6.085,5.242,27.4802,-5.242,5.628,31.6708,-5.628
p03,p03_a,clip_0000,ok,150,6.56,92.06,0,78.02,53.88,1.12,-0.04785443358320408,33.64,88.48,0.51,0.040164485405767954,87.95,0.63,-0.023140638800930757,88.21,0.57,POS+CHROM,24.135,582.4958,-24.135,10.464,109.5053,10.464,9.93,98.6101,9.93,10.195,103.9303,10.195
p03,p03_a,clip_0001,ok,150,4.9,91.96,0,86.44,53.87,1.11,-0.0043473435500463896,33.34,63.19,4.08,0.06943927878662282,63.7,2.93,-0.043685283399472384,63.42,3.5,POS+CHROM,32.574,1061.049,-32.574,23.251,540.6157,-23.251,22.743,517.2526,-22.743,23.021,529.9874,-23.021
p03,p03_a,clip_0002,ok,150,0.76,99.03,0,107.58,53.96,1.34,-0.0030976174610615995,32.58,63.04,2.19,0.011722192002836562,63.62,0.68,0.02250376206939908,63.29,1.43,POS+CHROM,53.62,2875.0693,-53.62,44.542,1984.0035,-44.542,43.967,1933.0904,-43.967,44.291,1961.6495,-44.291
p03,p03_b,clip_0000,ok,150,0.29,99.59,0,59.11,54.15,1.17,0.017508007206350283,33.36,64.72,0.9,-0.04365169981568883,65.85,0.01,0.04768233067977364,65.24,0.45,POS+CHROM,4.953,24.5305,-4.953,5.616,31.5346,5.616,6.742,45.4501,6.742,6.137,37.664,6.137
p03,p03_b,clip_0001,ok,150,0.68,98.97,0,80.61,54.01,1.2,0.037100492967105214,33.21,66.26,1.02,-0.08172287392883172,69.0,1.56,0.08464583331357743,67.69,1.29,POS+CHROM,26.6,707.5363,-26.6,14.348,205.8675,-14.348,11.609,134.7697,-11.609,12.917,166.8389,-12.917
p03,p03_b,clip_0002,ok,150,3.14,96.06,0,106.22,53.94,1.25,-0.0034917889217774287,32.56,107.91,0.19,-0.05959017700701397,108.88,1.22,0.05475607929962793,108.43,0.7,POS+CHROM,52.28,2733.231,-52.28,1.692,2.863,1.692,2.663,7.0904,2.663,2.219,4.9238,2.219
p03,p03_c,clip_0000,ok,150,0.82,98.83,0,64.66,53.68,1.07,0.02571124480448393,33.65,79.25,-1.27,0.0408775882124316,78.46,-3.01,-0.021037182259134493,78.92,-2.14,POS+CHROM,10.973,120.4128,-10.973,14.598,213.1074,14.598,13.806,190.6126,13.806,14.259,203.3295,14.259
p03,p03_c,clip_0001,ok,150,4.39,93.77,0,91.74,54.2,1.04,0.024512199946994835,33.55,66.38,0.45,-0.025267662413513192,69.39,-1.27,0.026398365334421393,67.67,-0.41,POS+CHROM,37.54,1409.2483,-37.54,25.354,642.8019,-25.354,22.35,499.5156,-22.35,24.065,579.1451,-24.065
p03,p03_c,clip_0002,ok,150,2.92,92.99,0,69.37,53.72,1.05,0.0015789810627608986,33.6,68.63,1.82,-0.004608529179321076,64.26,1.04,0.006179064579477464,66.58,1.43,POS+CHROM,15.651,244.968,-15.651,0.743,0.5523,-0.743,5.116,26.1732,-5.116,2.788,7.7751,-2.788
p03,p03_d,clip_0000,ok,150,6.12,89.79,0,116.08,54.13,1.2,0.011578242622292212,33.03,57.14,-0.28,0.06635083393731314,67.54,1.17,0.03480359597398749,55.45,0.46,POS+DEEP,61.943,3836.927,-61.943,58.936,3473.4783,-58.936,48.537,2355.8085,-48.537,60.624,3675.2739,-60.624
p03,p03_d,clip_0001,ok,150,22.74,76.35,0,77.73,53.25,-0.33,-0.05208640585360723,31.34,57.29,1.79,0.04343965868766073,75.53,1.54,0.042989808132032174,55.62,0.73,POS+DEEP,24.479,599.2054,-24.479,20.44,417.7881,-20.44,2.199,4.836,-2.199,22.106,488.6583,-22.106
p03,p03_d,clip_0002,ok,150,5.09,94.27,0,105.58,55.03,1.43,-0.11192128864684688,35.79,67.18,-0.63,0.004660225431270746,86.27,-2.14,-0.014036572966149397,66.46,-0.45,POS+CHROM+DEEP,50.551,2555.4151,-50.551,38.403,1474.7722,-38.403,19.314,373.0295,-19.314,39.122,1530.5176,-39.122
p04,p04_a,clip_0000,ok,150,3.35,91.21,0,109.6,54.47,1.31,-0.01825171958819633,34.12,86.77,-4.13,-0.020380925130369577,90.62,-4.79,0.008980869226654711,88.59,-4.46,POS+CHROM,55.132,3039.5598,-55.132,22.833,521.3345,-22.833,18.975,360.0633,-18.975,21.011,441.4553,-21.011
p04,p04_a,clip_0001,ok,150,5.89,89.47,0,83.54,54.57,1.27,-0.012654888751467683,34.16,54.39,3.53,-0.019317323113892518,53.91,-0.5,-0.004249674013273839,54.34,1.43,POS+CHROM+DEEP,28.967,839.1138,-28.967,29.148,849.5908,-29.148,29.626,877.7263,-29.626,29.203,852.7972,-29.203
p04,p04_a,clip_0002,ok,150,4.28,91.99,0,102.2,54.57,1.42,-0.09680434680305543,33.66,53.46,2.55,0.01146987947921457,55.31,2.96,-0.024822129249501144,54.46,2.31,POS+CHROM+DEEP,47.625,2268.1369,-47.625,48.738,2375.3837,-48.738,46.892,2198.8293,-46.892,47.738,2278.8942,-47.738
p04,p04_b,clip_0000,ok,150,0.76,98.73,0,90.09,54.66,1.39,-0.020384100796624907,32.61,74.86,2.63,-0.013316848184025174,68.45,2.05,-0.016580823618882308,71.81,2.34,POS+CHROM,35.427,1255.0424,-35.427,15.229,231.9368,-15.229,21.64,468.296,-21.64,18.281,334.2118,-18.281
p04,p04_b,clip_0001,ok,150,7.07,90.96,0,87.41,54.84,1.14,0.10830418270101874,33.49,105.94,-1.35,0.037758005797634095,112.53,-0.92,-0.047023843721391144,109.35,-1.13,POS+CHROM,32.566,1060.5165,-32.566,18.53,343.3458,18.53,25.122,631.0926,25.122,21.942,481.4614,21.942
p04,p04_b,clip_0002,ok,150,13.76,85.92,0,74.73,53.46,0.95,0.012831806061913335,36.64,60.31,0.92,0.007004497634661686,66.47,-1.45,-0.003582495764775871,59.29,0.14,POS+CHROM+DEEP,21.269,452.3498,-21.269,14.423,208.0147,-14.423,8.258,68.1923,-8.258,15.441,238.4151,-15.441
p04,p04_c,clip_0000,ok,150,1.41,97.39,0,66.45,55.08,1.51,0.009287586139136132,34.81,72.53,-0.75,-0.01538396372876712,79.46,0.51,-0.0313460238093603,76.36,-0.12,POS+CHROM,11.37,129.2855,-11.37,6.079,36.954,6.079,13.007,169.1695,13.007,9.906,98.1239,9.906
p04,p04_c,clip_0001,ok,150,1.57,98.07,0,80.32,54.84,1.49,0.013468886646167829,35.16,59.74,-1.65,-0.003156854587120401,60.58,1.91,0.0002272980641877371,58.24,0.59,POS+CHROM+DEEP,25.481,649.2852,-25.481,20.583,423.6747,-20.583,19.741,389.6945,-19.741,22.082,487.6084,-22.082
p04,p04_c,clip_0002,ok,150,1.32,97.17,0,110.77,54.94,1.36,0.006150506995251424,34.94,63.87,-1.88,0.007729116349661812,58.92,-0.5,0.006225803844319624,58.45,-0.34,POS+CHROM+DEEP,55.824,3116.3156,-55.824,46.893,2198.9999,-46.893,51.849,2688.3171,-51.849,52.319,2737.2563,-52.319
p04,p04_d,clip_0000,ok,150,4.95,91.12,0,106.24,54.78,1.31,0.025288953071114607,34.61,52.95,-0.14,0.024418859507329995,52.04,-0.63,-0.0018838774070955246,53.42,0.18,POS+CHROM+DEEP,51.454,2647.5169,-51.454,53.285,2839.3251,-53.285,54.201,2937.7461,-54.201,52.82,2789.9161,-52.82
p04,p04_d,clip_0001,ok,150,2.58,95.6,0,105.94,54.83,1.47,0.05092978539862669,33.89,101.07,-6.7,0.06642193477314468,102.04,-7.87,-0.07920929046198742,101.51,-7.28,POS+CHROM,51.114,2612.6038,-51.114,4.877,23.7864,-4.877,3.902,15.2227,-3.902,4.436,19.6822,-4.436
p04,p04_d,clip_0002,ok,150,5.0,93.57,0,61.0,54.95,1.43,-0.0018722448005816167,34.35,84.87,2.55,-0.008123237103049684,85.23,2.11,0.019873692331817384,85.04,2.33,POS+CHROM,6.048,36.5739,-6.048,23.871,569.8471,23.871,24.234,587.3013,24.234,24.046,578.2204,24.046
p05,p05_a,clip_0000,ok,150,1.53,97.98,0,85.3,54.13,1.07,0.0355602364253683,33.69,69.59,2.3,-0.02544552920799979,68.66,4.51,-0.0005656483075731439,69.04,3.4,POS+CHROM,31.167,971.3999,-31.167,15.704,246.6126,-15.704,16.635,276.7365,-16.635,16.255,264.2145,-16.255
p05,p05_a,clip_0001,ok,150,2.86,96.41,0,132.72,54.15,1.07,0.01083462812689919,33.68,70.57,3.43,-0.014054177269807589,70.17,3.59,0.010000355299689677,70.37,3.51,POS+CHROM,78.572,6173.4863,-78.572,62.152,3862.9016,-62.152,62.545,3911.8926,-62.545,62.351,3887.6736,-62.351
p05,p05_a,clip_0002,ok,150,4.58,94.86,0,91.18,54.06,1.06,0.0017663590520227315,33.66,83.81,3.11,0.04700901926046027,84.5,3.16,-0.032111977731249186,84.16,3.14,POS+CHROM,37.118,1377.7134,-37.118,7.372,54.3433,-7.372,6.678,44.5961,-6.678,7.023,49.329,-7.023
p05,p05_b,clip_0000,ok,150,0.18,99.68,0,137.73,53.86,0.99,0.00823670897682944,34.41,105.5,-2.17,0.10563261291575507,65.67,0.87,-0.05833923240255436,70.24,-0.1,POS+CHROM+DEEP,83.871,7034.4176,-83.871,32.232,1038.8741,-32.232,72.06,5192.6181,-72.06,67.495,4555.5165,-67.495
p05,p05_b,clip_0001,ok,150,1.47,98.44,0,125.27,54.32,1.03,0.02915398199401867,33.34,69.59,0.43,0.07521077834010755,73.57,-0.08,-0.037964034394852686,71.5,0.18,POS+CHROM,70.952,5034.2232,-70.952,55.681,3100.355,-55.681,51.696,2672.4622,-51.696,53.772,2891.4625,-53.772
p05,p05_b,clip_0002,ok,150,2.88,96.96,0,122.26,54.19,1.06,0.0032519327378536154,33.39,89.42,-1.23,-0.04367314227284226,91.57,0.71,0.04787342070832601,90.66,-0.26,POS+CHROM,68.066,4633.0153,-68.066,32.84,1078.4833,-32.84,30.689,941.8416,-30.689,31.592,998.0508,-31.592
p05,p05_c,clip_0000,ok,150,23.45,62.31,0,132.89,54.2,1.06,0.026175312991264486,33.4,61.51,3.02,0.16723516948561729,62.3,1.79,-0.13547859644518118,59.69,1.96,POS+CHROM+DEEP,78.688,6191.7427,-78.688,71.378,5094.8238,-71.378,70.584,4982.0837,-70.584,73.201,5358.4515,-73.201
p05,p05_c,clip_0001,ok,150,12.94,84.03,0,126.37,54.2,1.07,-0.10544540532492784,33.54,68.13,0.95,-0.014662346051361477,71.1,3.38,0.009476306676013107,69.91,2.17,POS+CHROM,72.163,5207.5006,-72.163,58.233,3391.1213,-58.233,55.271,3054.8956,-55.271,56.456,3187.3328,-56.456
p05,p05_c,clip_0002,ok,150,17.76,75.55,0,87.76,54.79,1.31,-0.0430470430340455,36.79,79.9,1.91,-0.0754504856985203,73.24,1.25,0.16393088541349063,76.75,1.58,POS+CHROM,32.973,1087.1984,-32.973,7.867,61.895,-7.867,14.521,210.8581,-14.521,11.012,121.27,-11.012
p06,p06_a,clip_0000,ok,150,79.18,19.12,1,78.77,55.33,1.79,-0.21780369632347973,35.34,77.02,4.75,0.06601484682097487,76.01,4.06,-0.08010543776620288,76.54,4.41,POS+CHROM,23.441,549.4618,-23.441,1.757,3.0871,-1.757,2.769,7.6649,-2.769,2.234,4.9904,-2.234
p06,p06_a,clip_0001,ok,150,90.71,7.97,1,70.94,55.32,1.82,-0.04145953736297288,35.34,57.75,0.6,0.1666113331261281,59.43,0.29,-0.1645310808906632,57.31,0.9,POS+CHROM+DEEP,15.622,244.0484,-15.622,13.191,174.011,-13.191,11.508,132.4326,-11.508,13.626,185.6775,-13.626
p06,p06_a,clip_0002,ok,150,66.69,12.39,1,104.69,55.44,1.75,-0.11093249563540908,34.62,107.64,-2.0,0.18280000945201752,105.46,-3.47,-0.232530558652494,106.68,-2.74,POS+CHROM,49.251,2425.6535,-49.251,2.953,8.7179,2.953,0.766,0.5863,0.766,1.992,3.9698,1.992
p06,p06_a,clip_0003,ok,150,68.2,13.31,1,59.12,55.38,1.74,0.18520125157090994,35.39,62.46,2.34,0.081964920597247,60.82,3.15,-0.15246137544348445,59.74,2.41,POS+CHROM+DEEP,3.741,13.9955,-3.741,3.333,11.1066,3.333,1.694,2.8702,1.694,0.618,0.3822,0.618
p06,p06_a,clip_0004,ok,150,78.7,20.98,1,75.46,55.35,1.8,0.14670519914675825,36.22,79.63,2.85,-0.07370312512307216,79.56,0.67,0.0301178989423675,79.6,1.76,POS+CHROM,20.112,404.4727,-20.112,4.163,17.3336,4.163,4.097,16.787,4.097,4.136,17.1081,4.136
p06,p06_a,clip_0005,ok,150,81.11,6.78,1,57.84,55.36,1.72,-0.08653493526124625,34.59,59.79,2.61,-0.04492596673667451,58.54,3.18,0.09153518798544687,58.04,2.5,POS+CHROM+DEEP,2.486,6.1807,-2.486,1.943,3.7771,1.943,0.695,0.4835,0.695,0.191,0.0365,0.191
p06,p06_a,clip_0006,ok,150,65.87,8.91,1,105.46,55.45,1.8,-0.042748931455343295,35.41,112.13,-4.77,-0.18649753192381904,111.19,-3.59,0.17476824346671738,111.61,-4.18,POS+CHROM,50.009,2500.9204,-50.009,6.669,44.4782,6.669,5.728,32.8074,5.728,6.152,37.847,6.152
p06,p06_a,clip_0007,ok,150,80.8,17.6,1,74.49,55.42,1.76,0.03127265018452792,35.48,73.76,3.6,-0.19147573303459053,75.33,1.9,0.17649690902687484,74.43,2.75,POS+CHROM,19.066,363.5104,-19.066,0.731,0.5346,-0.731,0.841,0.7077,0.841,0.056,0.0031,-0.056
p06,p06_a,clip_0008,ok,150,65.42,6.85,1,99.18,55.37,1.77,-0.15376096196422157,35.39,100.86,-6.1,-0.18019005285545533,128.0,-7.68,0.183070638892576,73.85,-4.0,POS+CHROM+DEEP,43.814,1919.7079,-43.814,1.675,2.8058,1.675,28.82,830.6131,28.82,25.331,641.6536,-25.331
p06,p06_a,clip_0009,ok,150,69.61,10.61,1,109.06,55.42,1.78,0.08577670978310005,35.37,57.32,3.46,-0.2746244464281152,56.42,4.15,0.22706457015611164,56.47,3.13,POS+CHROM+DEEP,53.637,2876.9484,-53.637,51.735,2676.5272,-51.735,52.639,2770.9059,-52.639,52.587,2765.4037,-52.587
p06,p06_a,clip_0010,ok,150,76.53,21.44,1,77.23,55.31,1.79,-0.541927041478269,35.36,74.54,0.81,-0.26115501708058203,76.4,1.19,0.25883546151458575,75.5,1.0,POS+CHROM,21.921,480.5423,-21.921,2.698,7.2788,-2.698,0.83,0.6889,-0.83,1.735,3.0089,-1.735
p06,p06_a,clip_0011,ok,150,83.62,10.02,1,63.71,55.36,1.75,0.16435947306657916,35.46,68.67,2.51,-0.3042667592924974,71.68,2.91,0.2836618343677135,70.23,2.71,POS+CHROM,8.354,69.7831,-8.354,4.958,24.5842,4.958,7.967,63.4771,7.967,6.513,42.4219,6.513
p06,p06_a,clip_0012,ok,150,69.71,6.01,1,106.0,55.37,1.75,0.06539267053529033,35.38,107.95,-5.58,-0.17510511247578017,64.05,0.19,0.0719115846159514,66.12,-1.21,POS+CHROM+DEEP,50.631,2563.4965,-50.631,1.947,3.7899,1.947,41.956,1760.3144,-41.956,39.886,1590.9235,-39.886
p06,p06_a,clip_0013,ok,150,78.55,11.67,1,72.85,55.33,1.78,-0.0476188832741499,35.37,135.09,-7.07,-0.03302200613601791,127.75,-5.27,0.011409187839524116,130.87,-6.17,POS+CHROM,17.516,306.7958,-17.516,62.247,3874.6574,62.247,54.904,3014.4794,54.904,58.028,3367.2675,58.028
p06,p06_a,clip_0014,ok,150,85.06,14.04,1,76.52,55.35,1.74,0.10642326836826324,35.41,72.09,0.19,-0.16044463048992946,72.59,-1.48,0.15396202578269885,72.31,-0.65,POS+CHROM,21.177,448.4856,-21.177,4.428,19.6084,-4.428,3.933,15.4689,-3.933,4.215,17.7647,-4.215
p06,p06_a,clip_0015,ok,150,72.24,8.66,1,108.27,55.43,1.76,-0.12160936498082474,36.25,55.61,2.97,-0.15377051432275116,55.01,3.38,0.1393803806423566,55.34,2.71,POS+CHROM+DEEP,52.834,2791.4635,-52.834,52.66,2773.0522,-52.66,53.252,2835.8191,-53.252,52.929,2801.4709,-52.929
p06,p06_a,clip_0016,ok,150,74.72,11.71,1,61.14,55.33,1.78,0.12250994675814378,35.33,58.64,4.15,-0.09724781075097189,57.64,3.41,0.11877885900687754,57.42,3.11,POS+CHROM+DEEP,5.814,33.8079,-5.814,2.501,6.2536,-2.501,3.504,12.277,-3.504,3.721,13.8455,-3.721
p06,p06_a,clip_0017,ok,150,76.85,22.33,1,78.21,55.28,1.73,-0.07177458149571482,35.4,82.4,2.07,-0.3968355325738587,82.76,1.96,0.32595288943869094,82.58,2.01,POS+CHROM,22.933,525.9371,-22.933,4.186,17.5237,4.186,4.55,20.7058,4.55,4.367,19.067,4.367
p06,p06_a,clip_0018,ok,150,83.19,8.39,1,61.73,55.34,1.73,-0.13251647114220297,36.87,113.32,-3.49,-0.24305380258149478,59.32,-0.91,0.2767159148869648,56.9,0.41,CHROM+DEEP,6.39,40.837,-6.39,51.592,2661.7214,51.592,2.411,5.8146,-2.411,4.832,23.3493,-4.832
p06,p06_a,clip_0019,ok,150,71.71,11.45,1,56.61,55.38,1.78,0.10743734376268131,35.35,86.91,-0.5,-0.20114392377368806,86.97,-0.01,0.20261035326330382,86.94,-0.26,POS+CHROM,1.235,1.5245,-1.235,30.3,918.1004,30.3,30.36,921.7479,30.36,30.331,919.9981,30.331
p06,p06_a,clip_0020,ok,150,78.71,20.81,1,76.67,55.3,1.75,-0.08336542632073381,35.39,76.34,3.04,-0.31898265464376857,77.33,2.56,0.3168354075484682,76.81,2.8,POS+CHROM,21.376,456.9499,-21.376,0.337,0.1136,-0.337,0.655,0.4296,0.655,0.139,0.0194,0.139
p06,p06_a,clip_0021,ok,150,90.41,6.61,1,63.57,55.38,1.77,0.24296688592883545,36.94,75.79,0.78,-0.2947605506681882,70.15,0.03,0.29799207838571723,73.15,0.4,POS+CHROM,8.195,67.1645,-8.195,12.22,149.3178,12.22,6.577,43.2556,6.577,9.575,91.6796,9.575
p06,p06_a,clip_0022,ok,150,78.07,8.79,1,60.55,55.48,1.76,-0.21321152455733866,35.47,60.53,2.29,-0.35658172996845267,62.27,1.53,0.2754027575113641,59.43,1.86,POS+CHROM+DEEP,5.074,25.744,-5.074,0.024,0.0006,-0.024,1.713,2.9347,1.713,1.129,1.2749,-1.129
p06,p06_a,clip_0023,ok,150,71.64,26.74,1,82.45,55.4,1.79,0.1532107975844086,35.35,81.69,2.5,-0.12038378953579597,82.05,2.09,0.13071717530322183,81.86,2.29,POS+CHROM,27.049,731.6658,-27.049,0.761,0.5791,-0.761,0.4,0.1598,-0.4,0.586,0.3439,-0.586
p06,p06_a,clip_0024,ok,150,81.88,16.59,1,74.63,55.37,1.73,0.3070291601256721,35.8,75.21,2.58,-0.13982704196700274,77.01,0.74,0.12383130623827472,75.97,1.66,POS+CHROM,19.261,370.9943,-19.261,0.578,0.3338,0.578,2.38,5.6621,2.38,1.342,1.8002,1.342
p06,p06_a,clip_0025,ok,150,79.71,10.05,1,57.49,55.51,1.75,-0.07279163072456639,35.56,57.23,6.59,-0.26402500067523066,57.04,6.18,0.19572383860298267,56.83,4.84,POS+CHROM+DEEP,1.982,3.9265,-1.982,0.255,0.0649,-0.255,0.452,0.2047,-0.452,0.656,0.4302,-0.656
p06,p06_a,clip_0026,ok,150,77.11,16.46,1,67.15,55.54,1.78,-0.042747831692229926,35.56,63.19,3.25,-0.2653851098873893,59.14,1.52,0.23627704409600814,59.63,2.18,POS+CHROM+DEEP,11.609,134.7728,-11.609,3.951,15.6127,-3.951,8.002,64.0351,-8.002,7.515,56.4798,-7.515
p06,p06_a,clip_0027,ok,150,79.57,19.68,1,75.38,55.51,1.77,0.12951886434389487,35.55,68.47,-0.63,-0.1237844102004438,68.37,-0.93,0.15869074334562605,68.43,-0.78,POS+CHROM,19.869,394.7805,-19.869,6.903,47.6467,-6.903,7.002,49.0326,-7.002,6.951,48.32,-6.951
p06,p06_a,clip_0028,ok,150,71.33,8.81,1,107.99,55.39,1.76,-0.10952374268399676,35.47,56.89,6.5,-0.13597859235407594,56.52,4.66,0.11183358730874932,56.45,4.31,POS+CHROM+DEEP,52.601,2766.8411,-52.601,51.104,2611.6205,-51.104,51.472,2649.3205,-51.472,51.538,2656.1487,-51.538
p06,p06_a,clip_0029,ok,150,76.16,16.55,1,67.12,55.51,1.77,-0.20673514426236178,35.6,84.48,0.29,-0.04011889994306061,85.34,-1.27,0.017891057541946156,84.86,-0.49,POS+CHROM,11.617,134.9531,-11.617,17.359,301.3253,17.359,18.222,332.0264,18.222,17.735,314.5132,17.735
p06,p06_a,clip_0030,ok,150,81.56,16.94,1,78.51,55.45,1.73,0.1332821792970193,35.52,73.55,-1.39,-0.13323022087039613,69.68,1.28,0.12259891745127711,71.19,-0.06,POS+CHROM,23.058,531.6671,-23.058,4.963,24.6321,-4.963,8.827,77.922,-8.827,7.317,53.5455,-7.317
p06,p06_a,clip_0031,ok,150,67.21,4.76,1,103.96,55.6,1.76,-0.09650694311474456,35.49,100.02,-4.98,-0.22543399753519908,53.67,2.23,0.14108624195948233,54.6,2.0,CHROM+DEEP,48.359,2338.6358,-48.359,3.94,15.5246,-3.94,50.284,2528.4931,-50.284,49.359,2436.3416,-49.359
p06,p06_a,clip_0032,ok,150,75.1,9.0,1,59.87,55.39,1.79,0.17906650370977278,35.37,117.44,-5.52,-0.15828071785128212,62.55,2.8,0.16042979658018416,59.27,2.3,CHROM+DEEP,4.479,20.0594,-4.479,57.57,3314.3375,57.57,2.677,7.1663,2.677,0.601,0.3608,-0.601
p06,p06_a,clip_0033,ok,150,80.05,19.4,1,79.71,55.37,1.78,-0.06598515434955292,35.43,80.03,3.88,-0.31906093345422876,78.67,4.67,0.33946122740381307,79.31,4.27,POS+CHROM,24.341,592.4937,-24.341,0.319,0.1016,0.319,1.033,1.0677,-1.033,0.401,0.161,-0.401
p06,p06_a,clip_0034,ok,150,85.78,5.6,1,62.59,55.47,1.79,-0.10502575160367902,35.55,60.65,2.96,-0.2626862683422806,62.38,1.47,0.253882141173237,59.53,2.07,POS+CHROM+DEEP,7.121,50.7026,-7.121,1.945,3.7819,-1.945,0.21,0.044,-0.21,3.061,9.3684,-3.061
p06,p06_a,clip_0035,ok,150,69.55,6.77,1,106.58,55.39,1.78,0.2351642152378915,35.46,82.19,-2.65,-0.3993400798080142,82.1,-3.03,0.3876438020555647,82.14,-2.84,POS+CHROM,51.194,2620.8299,-51.194,24.389,594.8273,-24.389,24.484,599.487,-24.484,24.435,597.0815,-24.435
p06,p06_a,clip_0036,ok,150,82.27,15.64,1,74.03,55.42,1.75,0.10685337689024745,35.57,73.18,-0.86,-0.4082582679596498,71.59,0.52,0.38887975053034396,72.3,-0.17,POS+CHROM,18.615,346.5076,-18.615,0.857,0.7352,-0.857,2.44,5.9513,-2.44,1.739,3.0228,-1.739
p06,p06_a,clip_0037,ok,150,89.7,8.6,1,67.85,55.63,1.86,-0.15064166588462888,36.26,58.84,2.61,-0.2538473130145311,56.36,1.38,0.18456458410983956,57.04,1.95,POS+CHROM+DEEP,12.219,149.3009,-12.219,9.013,81.2371,-9.013,11.49,132.0092,-11.49,10.81,116.8501,-10.81
p06,p06_a,clip_0038,ok,150,74.2,7.54,1,108.28,55.48,1.75,0.16557079339101355,35.56,57.46,0.29,-0.22633921236459068,57.78,-0.19,0.05411395907355735,56.76,0.62,POS+CHROM+DEEP,52.806,2788.483,-52.806,50.818,2582.5024,-50.818,50.5,2550.2802,-50.5,51.519,2654.2016,-51.519
p06,p06_a,clip_0039,ok,150,78.98,13.95,1,69.47,55.54,1.68,0.13668397523395914,36.32,91.84,1.16,-0.0381747049754415,90.86,0.73,-0.020436718130125167,91.37,0.95,POS+CHROM,13.929,194.0152,-13.929,22.366,500.2601,22.366,21.389,457.4897,21.389,21.895,479.4129,21.895
p06,p06_a,clip_0040,ok,150,80.51,18.52,1,76.95,55.45,1.75,0.07937981193290598,36.24,75.0,3.23,-0.039024414412003036,76.6,2.84,0.010249905301215965,75.77,3.04,POS+CHROM,21.494,462.0049,-21.494,1.946,3.7851,-1.946,0.349,0.1219,-0.349,1.174,1.3773,-1.174
p06,p06_a,clip_0041,ok,150,82.69,7.76,1,58.06,55.48,1.75,-0.11479550170289597,36.27,55.95,1.41,0.19610076884292346,135.42,-4.16,-0.1749288188093166,55.71,1.58,POS+DEEP,2.582,6.6658,-2.582,2.114,4.4677,-2.114,77.359,5984.3767,77.359,2.354,5.5435,-2.354
p06,p06_a,clip_0042,ok,150,80.3,14.52,1,64.99,55.46,1.81,-0.36280250160409433,36.24,66.53,3.1,0.16010679094864383,67.22,2.76,-0.18563455116624034,66.86,2.93,POS+CHROM,9.531,90.8447,-9.531,1.541,2.3761,1.541,2.234,4.9911,2.234,1.878,3.5269,1.878
p06,p06_a,clip_0043,ok,150,82.14,16.99,1,75.52,55.47,1.76,-0.06524814229396517,35.54,79.32,2.16,-0.14684686617110176,79.01,3.3,0.05505657513766443,79.15,2.73,POS+CHROM,20.048,401.9127,-20.048,3.8,14.4416,3.8,3.487,12.1599,3.487,3.629,13.1687,3.629
p06,p06_a,clip_0044,ok,150,80.9,7.43,1,58.27,55.48,1.75,-0.22945017542444018,35.5,109.54,-5.97,-0.08154845912461546,109.17,-6.1,0.04302344295292134,109.36,-6.03,POS+CHROM,2.8,7.8389,-2.8,51.268,2628.375,51.268,50.895,2590.3499,50.895,51.083,2609.5227,51.083
p06,p06_a,clip_0045,ok,150,75.24,10.67,1,60.11,55.45,1.72,-0.3528238346384177,36.3,59.57,2.54,-0.09549693522034047,62.42,3.38,0.056694729409467626,59.47,2.55,POS+CHROM+DEEP,4.656,21.6812,-4.656,0.543,0.2952,-0.543,2.313,5.3503,2.313,0.643,0.4137,-0.643
p06,p06_a,clip_0046,ok,150,80.7,18.99,1,77.14,55.44,1.77,-0.3295407266599342,35.87,75.64,4.85,-0.08051297810306832,76.42,4.59,-0.014752866934893104,76.02,4.72,POS+CHROM,21.701,470.9273,-21.701,1.509,2.2756,-1.509,0.726,0.5264,-0.726,1.125,1.2665,-1.125
p06,p06_a,clip_0047,ok,150,83.98,5.62,1,59.35,55.54,1.75,0.15490106372965967,35.65,58.64,4.0,-0.12618932902984237,60.81,6.11,0.12643906816392714,58.95,3.95,POS+CHROM+DEEP,3.813,14.5405,-3.813,0.706,0.4987,-0.706,1.466,2.1484,1.466,0.4,0.1599,-0.4
p06,p06_a,clip_0048,ok,150,72.52,10.16,1,56.97,55.5,1.77,-0.12516888624192835,35.55,92.12,-4.06,-0.017708390184188228,52.64,-0.57,0.053766070169529764,54.35,0.6,CHROM+DEEP,1.476,2.1777,-1.476,35.149,1235.4751,35.149,4.333,18.7756,-4.333,2.629,6.9127,-2.629
p06,p06_a,clip_0049,ok,150,81.22,18.02,1,75.04,55.44,1.76,-0.4737131948917349,35.52,75.68,4.41,0.05358048449704176,75.63,3.55,-0.11554691173064008,75.65,3.98,POS+CHROM,19.597,384.0298,-19.597,0.641,0.411,0.641,0.594,0.3524,0.594,0.619,0.3832,0.619
p06,p06_a,clip_0050,ok,150,86.43,8.79,1,65.79,55.45,1.77,0.20048345134741627,35.51,62.34,-0.26,-0.11367620653720274,61.43,-2.48,0.06763763221454105,59.01,-0.32,POS+CHROM+DEEP,10.339,106.8995,-10.339,3.447,11.885,-3.447,4.363,19.0368,-4.363,6.778,45.9405,-6.778
p06,p06_a,clip_0051,ok,150,70.37,8.89,1,107.91,55.49,1.75,-0.04783523193223905,35.51,54.18,2.49,-0.07857539338465971,54.79,1.45,0.036162256579658485,54.79,1.9,POS+CHROM+DEEP,52.421,2748.0114,-52.421,53.734,2887.3625,-53.734,53.12,2821.7319,-53.12,53.119,2821.5875,-53.119
p06,p06_a,clip_0052,ok,150,83.04,13.66,1,68.45,55.48,1.76,-0.1497722841786172,35.54,64.24,4.56,0.08805009181186838,63.85,2.76,-0.05895380271207044,64.08,3.66,POS+CHROM,12.976,168.3731,-12.976,4.215,17.7704,-4.215,4.6,21.1599,-4.6,4.379,19.177,-4.379
p06,p06_a,clip_0053,ok,150,82.71,16.53,1,75.4,55.47,1.74,-0.11440344126261708,35.54,75.52,3.19,0.045338607952695086,73.75,1.28,-0.0835714942534352,74.77,2.24,POS+CHROM,19.926,397.0345,-19.926,0.121,0.0147,0.121,1.653,2.7315,-1.653,0.626,0.3915,-0.626
p06,p06_a,clip_0054,ok,150,76.7,4.54,1,55.68,55.46,1.77,-0.020286178218643907,36.27,102.62,-3.09,0.013931733393691885,103.05,-2.28,-0.05020129611723659,102.85,-2.69,POS+CHROM,0.217,0.0471,-0.217,46.941,2203.4917,46.941,47.372,2244.0882,47.372,47.171,2225.1075,47.171
p06,p06_a,clip_0055,ok,150,75.42,10.81,1,57.61,55.47,1.75,0.1690212739604368,35.52,57.94,3.8,-0.046190325346009954,57.82,2.41,0.05697338502175358,57.2,2.66,POS+CHROM+DEEP,2.134,4.5561,-2.134,0.329,0.1083,0.329,0.207,0.0429,0.207,0.409,0.1671,-0.409
p06,p06_a,clip_0056,ok,150,84.62,14.38,1,75.19,55.49,1.76,0.03960630299752836,35.52,76.07,3.6,-0.05082519891953423,78.36,2.55,-0.0799944885416316,77.12,3.07,POS+CHROM,19.699,388.0483,-19.699,0.881,0.7765,0.881,3.172,10.061,3.172,1.927,3.7126,1.927
p06,p06_a,clip_0057,ok,150,75.57,4.34,1,95.92,55.51,1.72,-0.10155263573789639,35.57,92.08,-1.51,0.015043783036885432,92.22,-2.18,-0.06236592320251193,92.14,-1.84,POS+CHROM,40.408,1632.7986,-40.408,3.839,14.7414,-3.839,3.697,13.6661,-3.697,3.772,14.2285,-3.772
p06,p06_a,clip_0058,ok,150,73.06,7.35,1,59.13,55.5,1.77,0.2549988797466387,36.26,61.49,3.55,-0.11739847650169534,60.22,3.59,0.10521066019335033,59.4,2.97,POS+CHROM+DEEP,3.629,13.1733,-3.629,2.361,5.5742,2.361,1.088,1.183,1.088,0.276,0.0764,0.276
p06,p06_a,clip_0059,ok,150,89.69,9.49,1,72.58,55.48,1.76,-0.2161883601600046,35.53,69.34,4.4,-0.3290517869405586,68.45,5.33,0.2842071277839779,68.86,4.87,POS+CHROM,17.099,292.3874,-17.099,3.243,10.5182,-3.243,4.135,17.0979,-4.135,3.724,13.865,-3.724
p06,p06_a,clip_0060,ok,150,65.43,4.65,1,102.09,55.5,1.73,0.24801312893388158,35.51,53.98,1.81,-0.25685723253749226,54.5,3.32,0.30069868880882133,54.64,2.29,POS+CHROM+DEEP,46.584,2170.0493,-46.584,48.11,2314.5319,-48.11,47.583,2264.1342,-47.583,47.443,2250.8153,-47.443
p06,p06_a,clip_0061,ok,150,84.39,9.78,1,61.88,55.47,1.72,-0.16953041280449618,36.33,56.86,1.21,-0.06867669513612683,119.85,-4.55,0.1295374744167349,56.14,1.47,POS+DEEP,6.409,41.0719,-6.409,5.018,25.1769,-5.018,57.976,3361.1677,57.976,5.743,32.98,-5.743
p06,p06_a,clip_0062,ok,150,81.42,17.78,1,78.3,55.47,1.72,0.3190623608617381,36.28,80.03,-1.81,-0.10269750623369707,128.36,-6.02,0.14832986391370653,73.88,-2.04,POS+CHROM+DEEP,22.824,520.9576,-22.824,1.734,3.0081,1.734,50.068,2506.8329,50.068,4.414,19.485,-4.414
p06,p06_a,clip_0063,ok,150,85.89,10.32,1,71.3,55.48,1.7,0.009498736503224645,37.07,84.77,5.32,0.07743115806591344,84.27,4.38,0.02661370772846305,84.54,4.85,POS+CHROM,15.822,250.35,-15.822,13.462,181.2261,13.462,12.963,168.0419,12.963,13.232,175.0855,13.232
p06,p06_a,clip_0064,ok,150,70.79,5.04,1,108.87,55.54,1.74,0.19211108924397843,36.3,62.1,3.38,0.14739910807513246,63.89,1.62,-0.08525973173812806,60.64,2.25,POS+CHROM+DEEP,53.324,2843.487,-53.324,46.764,2186.8286,-46.764,44.98,2023.1781,-44.98,48.226,2325.7006,-48.226
p06,p06_a,clip_0065,ok,150,86.68,11.95,1,75.13,55.59,1.79,0.09917180696992081,35.56,75.57,2.42,-0.14346869999621564,74.27,1.56,0.06507096086304309,74.97,1.99,POS+CHROM,19.541,381.8392,-19.541,0.44,0.1938,0.44,0.868,0.7529,-0.868,0.167,0.0279,-0.167
p06,p06_a,clip_0066,ok,150,91.08,4.5,1,65.44,55.67,1.77,-0.0980345227543394,34.83,70.28,2.99,-0.014304261440110025,71.09,3.11,-0.048094666697273206,70.69,3.05,POS+CHROM,9.773,95.5112,-9.773,4.834,23.3636,4.834,5.647,31.8941,5.647,5.245,27.507,5.245
p06,p06_a,clip_0067,ok,150,79.21,6.76,1,60.15,55.51,1.75,-0.22257610946773956,36.49,120.65,-1.68,-0.02416369550369134,115.62,0.37,-0.008168568340144124,117.71,-0.65,POS+CHROM,4.635,21.4835,-4.635,60.498,3659.9698,60.498,55.471,3077.0141,55.471,57.559,3312.997,57.559
p06,p06_a,clip_0068,ok,150,79.75,20.09,1,79.5,55.45,1.76,0.25706687228503455,35.4,76.76,2.62,-0.237794851720594,78.19,2.93,0.21729001755908736,77.49,2.78,POS+CHROM,24.059,578.8446,-24.059,2.741,7.514,-2.741,1.319,1.7404,-1.319,2.012,4.0472,-2.012
p06,p06_a,clip_0069,ok,150,84.19,6.04,1,60.3,55.55,1.74,0.06700045199553631,35.53,78.44,0.53,-0.24232182793566243,80.55,0.68,0.2187475295230587,79.51,0.61,POS+CHROM,4.753,22.5907,-4.753,18.141,329.0967,18.141,20.25,410.0504,20.25,19.209,368.9686,19.209
p06,p06_a,clip_0070,ok,150,75.72,8.13,1,59.3,55.5,1.74,0.2005798667291956,36.2,92.54,-2.65,-0.0873385858063776,91.19,-2.6,0.007463412500517583,91.86,-2.63,POS+CHROM,3.802,14.4575,-3.802,33.238,1104.7382,33.238,31.888,1016.8168,31.888,32.559,1060.111,32.559
p06,p06_b,clip_0000,ok,150,89.07,10.39,1,75.63,55.45,1.75,-0.20652788934934357,35.8,64.65,1.83,0.058200027019262676,67.63,1.82,-0.098817058250631,66.14,1.83,POS+CHROM,20.182,407.2959,-20.182,10.982,120.5961,-10.982,8.001,64.0186,-8.001,9.493,90.1226,-9.493
p06,p06_b,clip_0001,ok,150,92.35,6.33,1,69.21,55.35,1.71,-0.34019299478270987,36.14,56.86,2.69,-0.0502955623631977,57.17,0.1,0.032952736099045976,56.43,1.5,POS+CHROM+DEEP,13.867,192.2992,-13.867,12.352,152.5659,-12.352,12.044,145.0511,-12.044,12.787,163.4987,-12.787
p06,p06_b,clip_0002,ok,150,87.46,11.1,1,65.66,55.4,1.79,0.000864972034495117,35.37,68.61,1.05,-0.00048124350402755473,70.22,2.37,0.09176857769852638,69.51,1.71,POS+CHROM,10.264,105.3581,-10.264,2.953,8.718,2.953,4.562,20.8083,4.562,3.845,14.7837,3.845
p06,p06_b,clip_0003,ok,150,91.17,8.44,1,69.56,55.48,1.78,0.02452960492340868,35.36,106.98,-2.83,-0.023318443141892905,105.91,-1.36,0.04150186160326192,106.38,-2.09,POS+CHROM,14.078,198.1887,-14.078,37.427,1400.8162,37.427,36.351,1321.4068,36.351,36.824,1355.977,36.824
p06,p06_b,clip_0004,ok,150,92.47,7.09,1,69.69,55.35,1.74,0.10658482689065062,35.34,73.42,-0.25,-0.09572566135919415,107.91,-4.83,0.10118841806297937,70.24,-1.12,POS+CHROM+DEEP,14.34,205.6318,-14.34,3.727,13.8921,3.727,38.225,1461.1496,38.225,0.551,0.3035,0.551
p06,p06_b,clip_0005,ok,150,94.44,4.99,1,67.01,55.26,1.75,0.31769556257474807,36.02,68.3,3.37,-0.1308837625377877,67.66,2.77,0.16730505081890026,68.0,3.07,POS+CHROM,11.749,138.0455,-11.749,1.291,1.6659,1.291,0.649,0.4208,0.649,0.986,0.9718,0.986
p06,p06_b,clip_0006,ok,150,94.19,5.03,1,67.34,55.54,1.72,0.11557895429707657,35.53,66.53,1.6,-0.23736285458088138,64.94,3.43,0.18744180832107937,65.62,2.52,POS+CHROM,11.797,139.1587,-11.797,0.805,0.6478,-0.805,2.393,5.7281,-2.393,1.72,2.9573,-1.72
p06,p06_b,clip_0007,ok,150,94.17,5.45,1,68.68,55.54,1.77,-0.17654020499640075,35.41,59.51,1.44,-0.21741358843704364,59.61,1.61,0.12856970179078336,58.18,1.6,POS+CHROM+DEEP,13.133,172.4781,-13.133,9.163,83.9581,-9.163,9.069,82.2546,-9.069,10.491,110.0546,-10.491
p06,p06_b,clip_0008,ok,150,93.86,5.82,1,71.35,55.35,1.73,-0.27965731672708305,35.38,78.77,0.11,-0.17616646127334798,80.19,0.73,0.18038729356651223,79.51,0.42,POS+CHROM,16.001,256.0469,-16.001,7.413,54.9456,7.413,8.834,78.0309,8.834,8.159,66.5753,8.159
p06,p06_b,clip_0009,ok,150,96.9,2.6,1,70.1,55.52,1.71,-0.399204630177509,35.5,69.92,1.66,-0.27505196860506365,69.25,1.95,0.25093617822131353,69.58,1.8,POS+CHROM,14.579,212.5407,-14.579,0.172,0.0296,-0.172,0.845,0.7146,-0.845,0.517,0.2673,-0.517
p06,p06_b,clip_0010,ok,150,95.91,3.69,1,69.52,55.35,1.75,-0.38957709944630337,36.09,67.05,0.85,-0.3945961147429903,66.76,-1.05,0.3587912578473537,66.93,-0.1,POS+CHROM,14.178,201.0104,-14.178,2.478,6.1383,-2.478,2.761,7.6243,-2.761,2.597,6.745,-2.597
p06,p06_b,clip_0011,ok,150,95.08,3.9,1,72.67,55.56,1.74,-0.4291852032354782,35.44,75.46,1.66,-0.41719196397933406,75.92,1.98,0.39113444680788034,75.7,1.82,POS+CHROM,17.11,292.7525,-17.11,2.79,7.7823,2.79,3.251,10.5663,3.251,3.026,9.1582,3.026
p06,p06_b,clip_0012,ok,150,97.98,1.16,1,68.15,55.5,1.79,-0.11865411843541189,34.6,63.87,6.11,-0.4003311236067982,64.14,5.71,0.4151677774415984,64.0,5.91,POS+CHROM,12.647,159.9559,-12.647,4.277,18.2933,-4.277,4.003,16.0218,-4.003,4.144,17.1763,-4.144
p06,p06_b,clip_0013,ok,150,96.8,2.77,1,68.68,55.47,1.73,-0.06743522536306305,35.39,69.34,4.17,-0.11569207544020457,69.02,3.53,0.10312365117491833,69.19,3.85,POS+CHROM,13.208,174.4408,-13.208,0.657,0.4322,0.657,0.333,0.1109,0.333,0.504,0.2539,0.504
p06,p06_b,clip_0014,ok,150,91.57,6.94,1,72.85,55.5,1.77,-0.2217784048824708,35.44,69.09,3.41,-0.2239709513687521,69.06,2.85,0.251418756243226,69.08,3.13,POS+CHROM,17.343,300.7836,-17.343,3.76,14.1354,-3.76,3.783,14.3087,-3.783,3.771,14.2178,-3.771
p06,p06_b,clip_0015,ok,150,96.81,2.76,1,73.28,55.31,1.78,-0.4705342433040633,35.34,76.02,4.09,-0.26559994546719407,74.45,1.56,0.1614261569337603,75.4,2.83,POS+CHROM,17.972,323.0077,-17.972,2.737,7.4904,2.737,1.171,1.3704,1.171,2.116,4.4775,2.116
p06,p06_b,clip_0016,ok,150,95.96,1.9,1,70.34,55.38,1.74,-0.1365258481546339,35.34,72.34,4.07,-0.3455047574536099,71.54,4.29,0.26249727019273106,71.93,4.18,POS+CHROM,14.956,223.6765,-14.956,1.998,3.9928,1.998,1.198,1.4348,1.198,1.59,2.5293,1.59
p06,p06_b,clip_0017,ok,150,96.99,1.65,1,65.7,55.48,1.74,0.03543553193810467,35.45,65.59,3.04,-0.32388438705384154,65.81,3.8,0.31352966403381854,65.71,3.42,POS+CHROM,10.228,104.6064,-10.228,0.112,0.0125,-0.112,0.101,0.0102,0.101,0.001,0.0,0.001
p06,p06_b,clip_0018,ok,150,91.29,7.9,1,72.3,55.43,1.76,0.02903446730608043,35.35,69.77,1.66,0.03257425153321951,69.88,2.05,-0.010846622570209486,69.83,1.86,POS+CHROM,16.862,284.3382,-16.862,2.525,6.3765,-2.525,2.413,5.8236,-2.413,2.467,6.088,-2.467
p06,p06_b,clip_0019,ok,150,93.8,3.5,1,73.89,55.44,1.75,-0.03807959705797838,35.34,73.71,1.33,-0.11382155417349121,73.71,1.17,0.10514226881572288,73.71,1.25,POS+CHROM,18.457,340.6729,-18.457,0.182,0.0333,-0.182,0.184,0.034,-0.184,0.183,0.0336,-0.183
p06,p06_b,clip_0020,ok,150,97.79,1.17,1,66.41,55.51,1.75,0.22768380960450976,35.79,68.29,-0.17,-0.12349111928181851,70.81,-0.39,0.12350039692630384,69.53,-0.28,POS+CHROM,10.899,118.7965,-10.899,1.879,3.5314,1.879,4.397,19.3351,4.397,3.115,9.7012,3.115
p06,p06_b,clip_0021,ok,150,97.27,1.67,1,68.43,55.51,1.71,0.25369050409312915,35.4,69.58,1.82,0.1399948315190186,69.02,-0.76,-0.09608380199950914,69.36,0.53,POS+CHROM,12.914,166.7614,-12.914,1.151,1.3243,1.151,0.596,0.3554,0.596,0.932,0.8688,0.932
p06,p06_b,clip_0022,ok,150,94.48,3.48,1,72.78,55.38,1.76,0.3364947916968252,35.35,77.77,1.92,-0.1298393613296397,78.36,-0.43,0.1257780961511843,78.01,0.75,POS+CHROM,17.408,303.0371,-17.408,4.988,24.8782,4.988,5.579,31.1264,5.579,5.226,27.3154,5.226
p06,p06_b,clip_0023,ok,150,96.51,2.15,1,73.39,55.46,1.77,0.21465675822847705,35.41,65.2,3.86,-0.19539944800069806,64.85,3.26,0.2027014773697916,65.03,3.56,POS+CHROM,17.93,321.4821,-17.93,8.191,67.0925,-8.191,8.543,72.9816,-8.543,8.358,69.8592,-8.358
p06,p06_b,clip_0024,ok,150,97.29,1.96,1,72.81,55.49,1.77,0.11865686366788067,35.34,65.8,2.99,-0.16784549243179242,64.8,2.69,0.17773021492614918,65.32,2.84,POS+CHROM,17.32,299.9724,-17.32,7.006,49.0858,-7.006,8.008,64.1299,-8.008,7.495,56.1731,-7.495
p06,p06_b,clip_0025,ok,150,95.48,4.05,1,75.33,55.45,1.76,-0.05344629980063975,35.36,79.49,0.89,-0.13675180214820473,84.36,-1.3,0.11095731151561151,81.48,-0.2,POS+CHROM,19.882,395.3121,-19.882,4.161,17.3102,4.161,9.034,81.6188,9.034,6.156,37.8966,6.156
p06,p06_b,clip_0026,ok,150,96.33,1.99,1,71.35,55.51,1.75,0.04826757382200837,35.46,57.29,2.59,-0.27528758529342906,55.58,3.74,0.2945409917267337,56.11,2.69,POS+CHROM+DEEP,15.842,250.955,-15.842,14.055,197.5562,-14.055,15.774,248.8185,-15.774,15.235,232.1102,-15.235
p06,p06_b,clip_0027,ok,150,94.97,3.0,1,70.35,55.5,1.77,0.025787193650401483,35.38,73.21,0.92,-0.2577988885553326,74.29,-0.27,0.19052033497770696,73.7,0.33,POS+CHROM,14.855,220.6635,-14.855,2.861,8.1841,2.861,3.934,15.4782,3.934,3.344,11.1847,3.344
p06,p06_b,clip_0028,ok,150,95.16,1.81,1,67.24,55.43,1.76,0.13747373948859215,35.39,68.85,3.19,-0.44733100719764307,66.42,4.42,0.421193098103662,67.51,3.8,POS+CHROM,11.806,139.3724,-11.806,1.618,2.6194,1.618,0.818,0.6696,-0.818,0.275,0.0755,0.275
p06,p06_b,clip_0029,ok,150,82.55,1.94,1,59.57,55.44,1.75,-0.32438511446413787,35.44,122.05,-5.8,-0.27093880061741604,124.28,-4.48,0.2123282124891761,123.29,-5.14,POS+CHROM,4.125,17.0184,-4.125,62.485,3904.4056,62.485,64.713,4187.7469,64.713,63.721,4060.3416,63.721
p06,p06_b,clip_0030,ok,150,96.72,2.24,1,71.26,55.39,1.77,-0.43040393574130126,35.39,70.07,1.63,-0.18802055462920222,67.39,0.65,0.1452126696893458,68.84,1.14,POS+CHROM,15.868,251.7963,-15.868,1.187,1.4101,-1.187,3.864,14.9342,-3.864,2.417,5.8402,-2.417
p06,p06_b,clip_0031,ok,150,96.75,2.28,1,71.57,55.49,1.75,-0.17880223348703095,35.41,68.15,-0.39,-0.019423803409920774,78.92,-2.73,-0.025524289821721797,64.67,-0.46,POS+CHROM+DEEP,16.078,258.5021,-16.078,3.419,11.6876,-3.419,7.35,54.026,7.35,6.897,47.5715,-6.897
p06,p06_b,clip_0032,ok,150,90.48,1.19,1,62.24,55.37,1.77,0.12653076800196258,35.3,62.21,-0.31,-0.08964485076143706,56.26,-0.82,0.11936388597748467,57.67,0.21,POS+CHROM+DEEP,6.871,47.2085,-6.871,0.028,0.0008,-0.028,5.978,35.7351,-5.978,4.572,20.8989,-4.572
p06,p06_b,clip_0033,ok,150,92.44,3.8,1,75.63,55.43,1.75,-0.4018886534549992,35.35,63.61,1.99,-0.04026503063975704,67.61,0.27,0.02239395825875712,65.33,1.13,POS+CHROM,20.201,408.0641,-20.201,12.022,144.5378,-12.022,8.025,64.4063,-8.025,10.308,106.2514,-10.308
p06,p06_b,clip_0034,ok,150,96.09,2.12,1,71.34,55.41,1.78,0.004702212519683892,35.41,60.82,4.39,-0.07826197488332122,60.87,3.68,0.018138188199931182,59.46,3.28,POS+CHROM+DEEP,15.93,253.7648,-15.93,10.514,110.5426,-10.514,10.463,109.4752,-10.463,11.878,141.0766,-11.878
p06,p06_b,clip_0035,ok,150,88.59,1.22,1,59.76,55.48,1.74,0.0975516024157098,35.41,63.48,4.29,-0.06821711431204863,63.94,3.65,0.04282690924064736,63.7,3.97,POS+CHROM,4.282,18.3358,-4.282,3.726,13.8803,3.726,4.181,17.4829,4.181,3.941,15.533,3.941
p06,p06_b,clip_0036,ok,150,89.86,9.3,1,73.3,55.47,1.74,0.26484807464567034,35.33,73.07,1.93,-0.1459595233699699,73.36,1.16,0.16299088758564775,73.21,1.55,POS+CHROM,17.832,317.9743,-17.832,0.232,0.0537,-0.232,0.055,0.003,0.055,0.098,0.0095,-0.098
p06,p06_b,clip_0037,ok,150,91.12,6.93,1,76.29,55.34,1.77,0.17314057132884547,36.09,76.42,1.48,-0.0773022827862277,75.74,0.17,-0.024803703838057457,76.12,0.82,POS+CHROM,20.942,438.5706,-20.942,0.139,0.0192,0.139,0.55,0.3024,-0.55,0.168,0.0283,-0.168
p06,p06_b,clip_0038,ok,150,95.98,1.25,1,64.89,55.42,1.75,0.1494508012281132,35.4,64.13,3.33,-0.13160308477414828,63.2,3.07,0.11825751315516585,61.35,2.71,POS+CHROM+DEEP,9.466,89.5995,-9.466,0.761,0.5797,-0.761,1.69,2.8563,-1.69,3.54,12.5331,-3.54
p06,p06_b,clip_0039,ok,150,92.94,4.16,1,70.35,55.46,1.76,0.33516620346934517,36.09,70.72,5.55,-0.2762882552396771,71.7,5.55,0.2568776686676126,71.21,5.55,POS+CHROM,14.891,221.729,-14.891,0.369,0.1363,0.369,1.353,1.8298,1.353,0.861,0.7416,0.861
p06,p06_b,clip_0040,ok,150,97.09,1.15,1,65.85,55.43,1.75,-0.18941621553844554,35.37,69.5,2.94,-0.15684064808399248,71.27,4.03,0.17111313318410654,70.47,3.49,POS+CHROM,10.423,108.6295,-10.423,3.649,13.3176,3.649,5.419,29.3673,5.419,4.614,21.2934,4.614
p06,p06_b,clip_0041,ok,150,92.89,1.94,1,64.14,55.48,1.76,-0.041310140343096345,35.71,63.72,2.34,-0.22393414585248822,63.4,2.13,0.24803537627115885,61.01,2.08,POS+CHROM+DEEP,8.662,75.0365,-8.662,0.417,0.1737,-0.417,0.743,0.5522,-0.743,3.133,9.8186,-3.133
p06,p06_b,clip_0042,ok,150,96.36,1.5,1,67.91,55.52,1.8,0.12512470727617717,35.35,65.97,-0.39,-0.13061366197637242,82.69,0.05,0.09330814740166825,66.8,0.49,POS+CHROM+DEEP,12.386,153.4156,-12.386,1.94,3.7641,-1.94,14.784,218.5533,14.784,1.107,1.2251,-1.107
p06,p06_b,clip_0043,ok,150,97.31,1.55,1,69.87,55.43,1.76,0.2854922317511115,35.38,66.0,1.01,-0.3086798421064421,117.87,-6.51,0.23322641532371477,67.17,-1.25,POS+CHROM+DEEP,14.439,208.4986,-14.439,3.865,14.9368,-3.865,48.008,2304.7846,48.008,2.697,7.2746,-2.697
p06,p06_b,clip_0044,ok,150,92.2,1.27,1,65.77,55.37,1.77,0.2980038910408711,35.39,68.95,3.65,-0.30123872725699974,70.34,2.69,0.2663558323347506,69.59,3.17,POS+CHROM,10.401,108.1837,-10.401,3.171,10.0528,3.171,4.569,20.8735,4.569,3.814,14.5497,3.814
p06,p06_b,clip_0045,ok,150,97.84,1.16,1,69.99,55.33,1.72,0.3130588928351167,35.35,65.52,2.8,-0.18228137369463765,63.24,2.06,0.18339952759193381,61.64,2.19,POS+CHROM+DEEP,14.662,214.9842,-14.662,4.473,20.0082,-4.473,6.754,45.6192,-6.754,8.347,69.6708,-8.347
p06,p06_b,clip_0046,ok,150,97.17,2.45,1,72.17,55.48,1.76,0.2798753777702313,35.38,73.75,-2.55,-0.1485915420516976,133.84,-2.94,0.11600168951270719,78.49,-1.24,POS+CHROM+DEEP,16.693,278.6404,-16.693,1.579,2.492,1.579,61.675,3803.7849,61.675,6.318,39.916,6.318
p06,p06_b,clip_0047,ok,150,96.1,1.87,1,69.85,55.53,1.75,0.019177875554030614,35.51,69.52,3.38,-0.1831718281795421,69.52,2.25,0.15639202891925355,69.52,2.81,POS+CHROM,14.324,205.1831,-14.324,0.337,0.1135,-0.337,0.335,0.1121,-0.335,0.336,0.1128,-0.336
p06,p06_b,clip_0048,ok,150,96.12,2.07,1,68.98,55.48,1.76,-0.21639248412003864,35.44,72.08,2.06,-0.14438867053554183,72.61,-0.83,0.08593285108631403,72.28,0.61,POS+CHROM,13.506,182.4072,-13.506,3.098,9.5947,3.098,3.631,13.1826,3.631,3.301,10.8974,3.301
p06,p06_b,clip_0049,ok,150,95.36,1.48,1,70.72,55.26,1.75,-0.33948891650575763,36.1,67.95,1.09,-0.32931198362786285,67.22,1.5,0.2879133345465081,67.57,1.3,POS+CHROM,15.463,239.1009,-15.463,2.771,7.6765,-2.771,3.501,12.2582,-3.501,3.149,9.9133,-3.149
p06,p06_b,clip_0050,ok,150,94.81,1.18,1,65.02,55.47,1.78,-0.0498127591019662,35.47,66.05,2.34,-0.32542518283115,67.12,1.45,0.25411353509326584,66.55,1.89,POS+CHROM,9.549,91.1772,-9.549,1.031,1.0623,1.031,2.1,4.4085,2.1,1.526,2.3275,1.526
p06,p06_b,clip_0051,ok,150,95.64,2.2,1,69.48,55.39,1.77,-0.05476020067635428,35.34,67.89,3.34,-0.24179875155635108,66.3,3.2,0.25419936117669506,67.11,3.27,POS+CHROM,14.089,198.4868,-14.089,1.591,2.5305,-1.591,3.176,10.0881,-3.176,2.374,5.6379,-2.374
p06,p06_b,clip_0052,ok,150,94.23,3.66,1,72.86,55.38,1.76,-0.06393737034782934,35.33,70.13,2.43,0.07589082110777466,69.23,1.24,-0.1622056836274795,69.72,1.83,POS+CHROM,17.482,305.6176,-17.482,2.736,7.4862,-2.736,3.633,13.1977,-3.633,3.14,9.8609,-3.14
p06,p06_b,clip_0053,ok,150,90.83,1.3,1,61.14,55.4,1.76,0.19420375351706878,35.33,62.75,1.17,0.20624818935261974,62.6,-0.38,-0.19946840756913062,59.89,0.85,POS+CHROM+DEEP,5.74,32.9471,-5.74,1.602,2.5665,1.602,1.458,2.1259,1.458,1.253,1.5704,-1.253
p06,p06_b,clip_0054,ok,150,93.71,2.16,1,69.1,55.42,1.76,-0.002701601057034167,35.32,67.58,4.76,-0.20753621993613944,67.14,3.85,0.10370154728153151,67.38,4.3,POS+CHROM,13.675,187.0066,-13.675,1.516,2.2997,-1.516,1.958,3.8349,-1.958,1.721,2.9606,-1.721
p06,p06_b,clip_0055,ok,150,95.36,1.63,1,65.63,55.42,1.77,-0.07068468620747985,35.35,68.15,1.0,-0.1772391666947394,69.34,0.28,0.09648934886253696,68.71,0.64,POS+CHROM,10.21,104.2383,-10.21,2.518,6.3416,2.518,3.709,13.7604,3.709,3.078,9.4739,3.078
p06,p06_b,clip_0056,ok,150,82.92,1.79,1,59.76,55.37,1.76,0.1995649461482514,35.3,61.05,3.18,-0.08784479229690392,62.19,2.69,0.06103297522303934,59.78,2.54,POS+CHROM+DEEP,4.393,19.2949,-4.393,1.288,1.6588,1.288,2.435,5.9271,2.435,0.023,0.0005,0.023
p06,p06_b,clip_0057,ok,150,94.99,2.31,1,68.97,55.42,1.8,0.3514654372237097,35.27,70.04,4.63,-0.14209605241930232,70.11,4.48,0.11732698889638916,70.07,4.55,POS+CHROM,13.55,183.5955,-13.55,1.065,1.1335,1.065,1.139,1.2982,1.139,1.102,1.2134,1.102
p06,p06_b,clip_0058,ok,150,96.86,1.34,1,68.11,55.33,1.76,0.06199809234817915,35.28,67.58,4.78,-0.3333708751528094,67.7,5.36,0.3122825100152906,67.64,5.07,POS+CHROM,12.783,163.3978,-12.783,0.54,0.2913,-0.54,0.413,0.1708,-0.413,0.473,0.2242,-0.473
p06,p06_b,clip_0059,ok,150,94.12,1.74,1,62.17,55.38,1.75,-0.1360089391708197,35.3,67.87,0.35,-0.2123557368496277,68.7,0.05,0.16700633965489253,68.28,0.2,POS+CHROM,6.79,46.1006,-6.79,5.695,32.4308,5.695,6.527,42.605,6.527,6.1,37.2148,6.1
p06,p06_b,clip_0060,ok,150,89.31,5.38,1,72.41,55.42,1.75,-0.48651928309578174,35.57,82.31,-3.67,-0.1651270392019047,81.41,-2.69,0.1634919535903681,81.82,-3.18,POS+CHROM,16.986,288.5309,-16.986,9.901,98.0211,9.901,8.999,80.9822,8.999,9.413,88.6055,9.413
p06,p06_b,clip_0061,ok,150,95.81,0.66,1,67.01,55.44,1.76,-0.020831662267026017,35.35,64.84,3.97,-0.174702929017574,65.36,1.25,0.2187501981483127,65.04,2.61,POS+CHROM,11.573,133.9402,-11.573,2.172,4.7184,-2.172,1.653,2.7312,-1.653,1.97,3.8819,-1.97
p06,p06_b,clip_0062,ok,150,96.12,1.14,1,65.18,55.43,1.76,0.1572317926005738,35.38,67.11,3.9,-0.16743547131398018,65.98,4.12,0.19504202211783087,66.54,4.01,POS+CHROM,9.751,95.0779,-9.751,1.925,3.7075,1.925,0.803,0.645,0.803,1.354,1.8343,1.354
p06,p06_b,clip_0063,ok,150,90.85,1.67,1,66.5,55.49,1.73,0.2200891914650012,35.36,66.7,0.39,-0.13285248165402638,64.79,-1.52,-0.015791402407600515,65.9,-0.57,POS+CHROM,11.013,121.297,-11.013,0.199,0.0394,0.199,1.715,2.9413,-1.715,0.607,0.3688,-0.607
p06,p06_b,clip_0064,ok,150,96.1,1.34,1,67.41,55.4,1.78,-0.18644569659312926,35.4,65.15,2.78,-0.3315294195159745,66.56,2.34,0.21726622836230733,65.83,2.56,POS+CHROM,12.014,144.3338,-12.014,2.263,5.1212,-2.263,0.854,0.729,-0.854,1.584,2.5084,-1.584
p06,p06_b,clip_0065,ok,150,94.13,1.07,1,65.13,55.44,1.76,-0.15380135689090077,35.35,65.55,3.02,-0.23700773304802855,64.11,2.03,0.21866888262153156,64.89,2.52,POS+CHROM,9.682,93.7424,-9.682,0.424,0.1801,0.424,1.015,1.031,-1.015,0.236,0.0558,-0.236
p06,p06_b,clip_0066,ok,150,96.63,1.9,1,67.48,55.13,1.59,-0.0848833044886049,35.17,68.31,4.13,-0.31520393225042714,69.71,3.83,0.3270840377345988,68.99,3.98,POS+CHROM,12.345,152.3913,-12.345,0.836,0.6996,0.836,2.23,4.974,2.23,1.516,2.298,1.516
p06,p06_b,clip_0067,ok,150,95.19,2.91,1,72.19,55.25,1.71,0.1493320723728781,35.18,116.41,-10.0,-0.20470937089940527,114.79,-10.0,0.144457793767625,115.6,-10.0,POS+CHROM,16.937,286.8482,-16.937,44.225,1955.8334,44.225,42.6,1814.8002,42.6,43.413,1884.6572,43.413
p06,p06_b,clip_0068,ok,150,84.61,2.12,1,59.72,55.47,1.72,-0.09042963989270075,35.76,68.6,-0.21,-0.014893599329161811,68.65,0.16,0.015356262387534892,68.63,-0.03,POS+CHROM,4.25,18.0607,-4.25,8.884,78.918,8.884,8.93,79.7413,8.93,8.907,79.3419,8.907
p06,p06_b,clip_0069,ok,150,90.71,3.72,1,70.69,55.41,1.77,-0.1901210934420476,35.29,62.92,-0.39,-0.23128012276900176,61.41,-0.96,0.24034168492371338,59.29,0.14,POS+CHROM+DEEP,15.283,233.5777,-15.283,7.777,60.474,-7.777,9.279,86.0995,-9.279,11.402,130.01,-11.402
p06,p06_b,clip_0070,ok,150,98.19,1.0,1,67.67,55.36,1.77,-0.2418433575494563,35.28,66.76,3.6,-0.21062926324931616,62.82,3.54,0.19850392454077667,62.25,2.97,POS+CHROM+DEEP,12.31,151.5264,-12.31,0.906,0.8204,-0.906,4.851,23.5297,-4.851,5.422,29.4035,-5.422
p06,p06_c,clip_0000,ok,150,93.36,4.05,1,69.3,55.43,1.77,-0.06362033248604158,35.38,67.27,1.68,-0.29335280650389955,66.96,0.25,0.27763945922309413,67.13,0.97,POS+CHROM,13.866,192.2737,-13.866,2.028,4.1148,-2.028,2.341,5.4795,-2.341,2.166,4.692,-2.166
p06,p06_c,clip_0001,ok,150,95.67,3.37,1,67.25,55.37,1.76,0.17173836600438952,35.39,69.09,2.61,-0.10624296541100871,69.8,1.9,0.11308721121134457,69.42,2.26,POS+CHROM,11.881,141.1474,-11.881,1.838,3.377,1.838,2.548,6.4905,2.548,2.172,4.7157,2.172
p06,p06_c,clip_0002,ok,150,93.34,4.36,1,66.66,55.4,1.74,0.3738738610028684,36.24,66.09,4.53,-0.12135452320892688,66.04,3.86,0.13863413852941564,66.07,4.19,POS+CHROM,11.256,126.7076,-11.256,0.573,0.3278,-0.573,0.615,0.3787,-0.615,0.593,0.3514,-0.593
p06,p06_c,clip_0003,ok,150,96.62,2.67,1,68.1,55.42,1.86,0.15412400550101313,36.12,68.08,0.22,-0.12940812317567849,67.57,-0.28,0.15655163636444097,67.83,-0.03,POS+CHROM,12.679,160.7578,-12.679,0.024,0.0006,-0.024,0.531,0.2815,-0.531,0.267,0.0712,-0.267
p06,p06_c,clip_0004,ok,150,91.07,6.47,1,68.97,55.39,1.74,-0.27942994668278964,35.34,72.8,3.5,-0.18971928393490925,73.95,3.98,0.19635821883545446,73.4,3.74,POS+CHROM,13.578,184.3686,-13.578,3.829,14.6593,3.829,4.983,24.8301,4.983,4.429,19.6195,4.429
p06,p06_c,clip_0005,ok,150,93.98,2.44,1,64.31,55.44,1.73,-0.27708692596971374,35.45,61.75,4.32,-0.23228867002433332,60.42,3.04,0.215654659382949,59.64,3.03,POS+CHROM+DEEP,8.865,78.5844,-8.865,2.555,6.529,-2.555,3.887,15.105,-3.887,4.661,21.7218,-4.661
p06,p06_c,clip_0006,ok,150,95.19,3.31,1,69.88,55.25,1.74,-0.12212729140774094,36.1,77.51,0.63,-0.13870696176225708,78.08,-0.16,0.12054941522316916,77.78,0.24,POS+CHROM,14.624,213.8562,-14.624,7.631,58.2334,7.631,8.207,67.3576,8.207,7.9,62.4138,7.9
p06,p06_c,clip_0007,ok,150,92.76,2.18,1,61.27,55.46,1.82,0.2559415268159884,35.39,90.15,-0.81,-0.2253670697919635,89.92,0.78,0.19649332769985636,90.02,-0.02,POS+CHROM,5.807,33.7215,-5.807,28.883,834.2475,28.883,28.646,820.6105,28.646,28.749,826.5174,28.749
p06,p06_c,clip_0008,ok,150,95.94,3.34,1,69.19,55.34,1.69,0.28809996840719204,35.36,64.01,5.08,-0.38074420840597495,63.0,5.6,0.3413962537693211,61.74,4.12,POS+CHROM+DEEP,13.847,191.7444,-13.847,5.186,26.892,-5.186,6.195,38.3757,-6.195,7.452,55.5332,-7.452
p06,p06_c,clip_0009,ok,150,89.42,9.13,1,78.36,55.44,1.74,0.17212771487486242,35.78,78.7,4.08,-0.43723374712209373,79.9,3.14,0.4246461444112383,79.26,3.61,POS+CHROM,22.913,525.0022,-22.913,0.347,0.1204,0.347,1.547,2.3924,1.547,0.9,0.8099,0.9
p06,p06_c,clip_0010,ok,150,90.31,1.79,1,63.1,55.36,1.77,-0.11095399035686337,35.32,89.02,-4.01,-0.02967189712088192,112.25,-8.75,0.03919834475858679,69.95,-3.66,POS+CHROM+DEEP,7.743,59.9566,-7.743,25.912,671.4249,25.912,49.146,2415.3629,49.146,6.848,46.8951,6.848
p06,p06_c,clip_0011,ok,150,94.81,2.72,1,66.96,55.33,1.65,-0.32269916814463995,35.41,56.4,3.54,-0.03804462052389566,56.73,3.57,0.0668797644330482,56.24,2.92,POS+CHROM+DEEP,11.629,135.2313,-11.629,10.564,111.6035,-10.564,10.228,104.6176,-10.228,10.725,115.0253,-10.725
p06,p06_c,clip_0012,ok,150,96.14,3.46,1,70.19,55.53,1.75,-0.29614386666258424,35.48,70.5,2.49,-0.23210883319414152,69.59,1.1,0.20389717354871834,70.1,1.79,POS+CHROM,14.664,215.0429,-14.664,0.307,0.0944,0.307,0.599,0.359,-0.599,0.094,0.0088,-0.094
p06,p06_c,clip_0013,ok,150,96.15,2.56,1,68.57,55.29,1.73,-0.13301172564680389,35.26,70.95,-1.05,-0.3647601521508016,73.58,0.06,0.3562926775396468,72.39,-0.49,POS+CHROM,13.277,176.2722,-13.277,2.384,5.683,2.384,5.011,25.1074,5.011,3.819,14.582,3.819
p06,p06_c,clip_0014,ok,150,95.6,3.04,1,66.19,55.38,1.81,0.08610947996030316,35.27,65.4,3.9,-0.505229603605944,65.77,2.26,0.46560577029258376,65.56,3.08,POS+CHROM,10.807,116.8008,-10.807,0.793,0.6281,-0.793,0.423,0.1791,-0.423,0.633,0.4006,-0.633
p06,p06_c,clip_0015,ok,150,94.07,3.47,1,64.63,55.3,1.77,0.33761149952426395,35.27,64.66,6.16,-0.49104728922191837,63.41,5.99,0.4699291727893276,64.04,6.07,POS+CHROM,9.331,87.06,-9.331,0.037,0.0013,0.037,1.221,1.4899,-1.221,0.583,0.3402,-0.583
p06,p06_c,clip_0016,ok,150,94.9,3.87,1,65.79,55.37,1.74,-0.23577150082935644,35.38,63.39,3.36,-0.2576529877608117,63.39,4.74,0.282347663609522,63.39,4.05,POS+CHROM,10.42,108.574,-10.42,2.395,5.7378,-2.395,2.402,5.769,-2.402,2.399,5.7552,-2.399
p06,p06_c,clip_0017,ok,150,91.72,4.41,1,64.68,55.33,1.78,-0.4321359429082273,35.29,67.65,2.15,-0.27724381137536325,68.09,-2.04,0.25260689375908196,67.8,0.06,POS+CHROM,9.343,87.2911,-9.343,2.977,8.8647,2.977,3.418,11.6808,3.418,3.124,9.7565,3.124
p06,p06_c,clip_0018,ok,150,91.59,8.19,1,76.61,55.31,1.77,-0.26644517559428404,35.3,74.89,1.64,-0.3911367294303388,74.02,1.51,0.36304637069764023,74.46,1.57,POS+CHROM,21.301,453.7318,-21.301,1.714,2.9378,-1.714,2.586,6.685,-2.586,2.145,4.6006,-2.145
p06,p06_c,clip_0019,ok,150,94.76,4.04,1,70.75,55.39,1.72,-0.3586695042240751,35.35,75.07,3.02,-0.3785287919088401,74.83,1.59,0.3788767601800611,74.97,2.31,POS+CHROM,15.357,235.8416,-15.357,4.328,18.7341,4.328,4.084,16.6757,4.084,4.22,17.8123,4.22
p06,p06_c,clip_0020,ok,150,91.38,2.65,1,64.24,55.44,1.76,0.029688091515113934,35.41,59.53,2.68,-0.3417155590688297,59.21,2.03,0.34401642847968694,58.15,2.16,POS+CHROM+DEEP,8.801,77.4527,-8.801,4.718,22.2609,-4.718,5.033,25.3273,-5.033,6.091,37.1028,-6.091
p06,p06_c,clip_0021,ok,150,96.0,2.72,1,67.94,55.3,1.8,0.10270831930262388,35.27,71.0,0.76,-0.40588313098784273,71.58,0.4,0.3581727044297189,71.28,0.58,POS+CHROM,12.639,159.7549,-12.639,3.06,9.3663,3.06,3.643,13.2689,3.643,3.343,11.1751,3.343
p06,p06_c,clip_0022,ok,150,91.85,6.91,1,72.82,55.31,1.74,0.28027445732147616,35.29,69.42,2.34,-0.3762836785625399,68.01,0.22,0.4294872294712641,68.84,1.28,POS+CHROM,17.517,306.8378,-17.517,3.408,11.6113,-3.408,4.815,23.1847,-4.815,3.988,15.9041,-3.988
p06,p06_c,clip_0023,ok,150,81.02,3.31,1,61.99,55.34,1.77,0.02294928629414168,35.35,63.47,0.47,-0.41275811806413343,63.24,1.54,0.42850843519664467,60.45,1.26,POS+CHROM+DEEP,6.642,44.122,-6.642,1.486,2.2088,1.486,1.255,1.575,1.255,1.531,2.3449,-1.531
p06,p06_c,clip_0024,ok,150,93.6,5.22,1,73.46,55.17,1.58,-0.09816091477880577,35.12,66.35,1.32,-0.20545729330443044,68.68,-0.06,0.21454216597821638,67.38,0.63,POS+CHROM,18.297,334.7639,-18.297,7.115,50.6197,-7.115,4.788,22.9209,-4.788,6.084,37.0171,-6.084
p06,p06_c,clip_0025,ok,150,94.42,4.41,1,70.41,55.18,1.6,-0.26215062639469494,35.1,75.17,3.72,-0.2981105484200801,73.89,2.69,0.2561273362573547,74.59,3.21,POS+CHROM,15.23,231.9549,-15.23,4.769,22.7414,4.769,3.486,12.1551,3.486,4.183,17.4952,4.183
p06,p06_c,clip_0026,ok,150,91.02,2.9,1,63.04,55.4,1.7,-0.023903611630609358,35.76,123.34,-2.69,-0.3116028875533437,119.89,-2.92,0.3301935772520589,121.65,-2.81,POS+CHROM,7.643,58.4092,-7.643,60.301,3636.216,60.301,56.851,3231.9899,56.851,58.608,3434.9495,58.608
p06,p06_c,clip_0027,ok,150,95.55,3.11,1,72.17,55.34,1.75,-0.056991400651464595,36.05,56.11,-2.17,-0.31056404539636373,95.23,-2.19,0.3129458642956346,55.6,-0.21,POS+DEEP,16.832,283.3029,-16.832,16.058,257.8573,-16.058,23.058,531.6807,23.058,16.567,274.4582,-16.567
p06,p06_c,clip_0028,ok,150,93.8,4.41,1,70.73,55.26,1.77,-0.03363189613830121,35.15,73.79,-1.51,-0.3221461888297041,74.23,-2.33,0.25221232369814384,74.0,-1.92,POS+CHROM,15.466,239.2057,-15.466,3.064,9.3866,3.064,3.506,12.29,3.506,3.27,10.69,3.27
p06,p06_c,clip_0029,ok,150,93.98,2.94,1,63.09,55.2,1.6,0.32102938315882124,35.1,64.37,4.89,-0.5130463681854446,66.68,3.85,0.4649552175246305,65.42,4.37,POS+CHROM,7.89,62.2544,-7.89,1.274,1.6224,1.274,3.587,12.8658,3.587,2.33,5.4289,2.33
p06,p06_c,clip_0030,ok,150,94.14,3.27,1,63.34,55.14,1.56,-0.11165365748316124,35.09,61.41,5.3,-0.4600625258460504,60.69,1.61,0.3621886597108966,59.6,2.82,POS+CHROM+DEEP,8.203,67.2832,-8.203,1.93,3.724,-1.93,2.653,7.0364,-2.653,3.738,13.9728,-3.738
p06,p06_c,clip_0031,ok,150,87.61,5.3,1,62.58,55.19,1.61,0.056176088422556926,35.01,60.07,5.15,-0.3795949331180884,59.79,2.58,0.2671945068997085,58.76,3.11,POS+CHROM+DEEP,7.391,54.633,-7.391,2.507,6.2872,-2.507,2.783,7.7466,-2.783,3.816,14.5584,-3.816
p06,p06_c,clip_0032,ok,150,93.68,3.77,1,68.34,55.42,1.79,0.11166416827085837,35.78,68.88,2.7,-0.33024948711641894,69.03,1.83,0.2608148837991951,68.95,2.27,POS+CHROM,12.917,166.8493,-12.917,0.546,0.2983,0.546,0.694,0.4816,0.694,0.615,0.3779,0.615
p06,p06_c,clip_0033,ok,150,85.38,13.25,1,79.67,55.5,1.77,-0.10030971962213547,35.42,78.58,2.68,-0.3396904918422152,80.57,1.76,0.34143115662864465,79.5,2.22,POS+CHROM,24.174,584.384,-24.174,1.088,1.1842,-1.088,0.899,0.8074,0.899,0.171,0.0291,-0.171
p06,p06_c,clip_0034,ok,150,91.52,1.57,1,62.15,55.3,1.76,0.21430278837613215,36.0,57.39,0.49,-0.14068736954117256,57.09,-0.86,0.15830865656807697,56.46,0.46,POS+CHROM+DEEP,6.846,46.8741,-6.846,4.754,22.6003,-4.754,5.053,25.5367,-5.053,5.685,32.3171,-5.685
p06,p06_c,clip_0035,ok,150,93.57,3.42,1,68.1,55.26,1.75,0.18075606540936445,35.97,79.76,2.08,-0.18251903777476924,80.71,0.6,0.1813323151469906,80.18,1.34,POS+CHROM,12.843,164.952,-12.843,11.656,135.8683,11.656,12.609,158.9746,12.609,12.074,145.7826,12.074
p06,p06_c,clip_0036,ok,150,94.83,3.58,1,65.68,55.32,1.78,-0.3604171509545324,35.24,63.63,3.25,-0.541828613810878,63.85,3.53,0.5542414210182623,63.74,3.39,POS+CHROM,10.362,107.377,-10.362,2.057,4.2293,-2.057,1.836,3.3715,-1.836,1.944,3.778,-1.944
p06,p06_c,clip_0037,ok,150,94.1,3.3,1,65.25,55.27,1.75,-0.23006731722174584,35.19,65.4,4.15,-0.3541161471932126,65.43,2.62,0.268235016795808,65.41,3.39,POS+CHROM,9.978,99.5635,-9.978,0.155,0.024,0.155,0.182,0.033,0.182,0.167,0.0278,0.167
p06,p06_c,clip_0038,ok,150,95.41,2.92,1,69.75,55.4,1.79,-0.05467810118637363,35.34,59.24,3.23,-0.2257696081446503,58.83,2.91,0.21196358239217888,57.99,2.64,POS+CHROM+DEEP,14.349,205.8891,-14.349,10.511,110.4781,-10.511,10.922,119.2917,-10.922,11.757,138.2305,-11.757
p06,p06_c,clip_0039,ok,150,90.96,6.59,1,72.76,55.24,1.72,-0.15966024844072768,35.27,72.23,1.63,-0.06728245054511453,71.38,0.93,0.08462795575474931,71.83,1.28,POS+CHROM,17.522,307.0202,-17.522,0.531,0.282,-0.531,1.382,1.9087,-1.382,0.932,0.8678,-0.932
p06,p06_c,clip_0040,ok,150,96.33,3.21,1,69.62,55.04,1.54,-0.008074771723120702,34.96,102.98,-3.17,0.08468807881383372,65.13,-1.25,-0.17116133287742288,68.57,-0.96,POS+CHROM+DEEP,14.586,212.7651,-14.586,33.358,1112.7715,33.358,4.498,20.2331,-4.498,1.054,1.1119,-1.054
p06,p06_c,clip_0041,ok,150,95.51,3.02,1,64.88,55.12,1.56,0.2689520048743875,35.02,73.86,-0.69,-0.21260013174206094,78.61,-1.34,0.11515166947461365,76.11,-1.02,POS+CHROM,9.763,95.3177,-9.763,8.981,80.6595,8.981,13.732,188.5711,13.732,11.228,126.0743,11.228
p06,p06_c,clip_0042,ok,150,95.0,3.11,1,65.86,54.7,1.53,0.10925757506251957,35.04,62.7,2.67,-0.024951079578005745,61.05,5.34,-0.05618184437468711,59.99,3.18,POS+CHROM+DEEP,11.154,124.4173,-11.154,3.153,9.941,-3.153,4.806,23.095,-4.806,5.866,34.4119,-5.866
p06,p06_c,clip_0043,ok,150,93.4,3.51,1,71.09,54.59,1.25,-0.10380010510888955,31.82,63.15,4.2,0.03567519839514146,63.55,2.52,0.005209259906667655,63.32,3.36,POS+CHROM,16.496,272.1327,-16.496,7.942,63.0811,-7.942,7.536,56.7875,-7.536,7.767,60.3292,-7.767
p06,p06_c,clip_0044,ok,150,93.22,3.12,1,65.04,56.5,2.06,-0.3504732709579129,33.6,59.6,-1.24,-0.0456375641131213,81.2,0.39,-0.02176040760043328,57.63,0.41,POS+DEEP,8.547,73.0515,-8.547,5.448,29.6801,-5.448,16.154,260.9495,16.154,7.414,54.968,-7.414
p06,p06_c,clip_0045,ok,150,94.05,4.63,1,67.4,55.5,1.77,-0.011326300766751325,35.46,108.79,-2.84,-0.3299570261924827,62.4,-2.12,0.31803514984700093,57.87,-0.18,CHROM+DEEP,11.893,141.4445,-11.893,41.393,1713.3726,41.393,4.994,24.9366,-4.994,9.524,90.6973,-9.524
p06,p06_c,clip_0046,ok,150,86.74,11.29,1,64.68,55.52,1.77,0.2611786525777455,35.43,64.95,2.87,-0.09688947471244963,65.05,2.83,0.10242435698979108,65.0,2.85,POS+CHROM,9.161,83.9273,-9.161,0.269,0.0724,0.269,0.368,0.1356,0.368,0.318,0.1014,0.318
p06,p06_c,clip_0047,ok,150,92.65,5.78,1,67.08,55.47,1.79,0.23454810933158618,35.71,73.79,1.83,-0.03168693051556466,72.47,1.7,0.04889079479296327,73.14,1.77,POS+CHROM,11.611,134.8083,-11.611,6.707,44.9883,6.707,5.389,29.0414,5.389,6.055,36.6673,6.055
p06,p06_c,clip_0048,ok,150,79.2,20.5,1,81.54,55.37,1.76,-0.3813956816218316,35.56,80.34,2.52,-0.05011989827839664,79.34,1.82,0.07889024064916962,79.87,2.17,POS+CHROM,26.171,684.9286,-26.171,1.2,1.4392,-1.2,2.199,4.8365,-2.199,1.671,2.791,-1.671
p06,p06_c,clip_0049,ok,150,90.77,7.19,1,72.56,55.47,1.75,0.09277952273650077,35.46,57.62,-1.11,-0.2947224978707886,55.87,-1.03,0.2711091356519694,56.18,-0.13,POS+CHROM+DEEP,17.087,291.9525,-17.087,14.933,222.9863,-14.933,16.686,278.4377,-16.686,16.381,268.3245,-16.381
p06,p06_c,clip_0050,ok,150,82.86,4.46,1,56.42,55.32,1.75,-0.3934221591868945,36.17,56.31,4.26,-0.2470673011236105,56.02,4.24,0.2315340296087042,55.96,3.42,POS+CHROM+DEEP,1.102,1.2133,-1.102,0.109,0.0118,-0.109,0.399,0.1593,-0.399,0.464,0.2153,-0.464
p06,p06_c,clip_0051,ok,150,92.61,6.03,1,69.58,55.45,1.76,-0.4075017643773702,35.34,64.37,3.08,-0.03497883006253145,65.83,3.97,0.05009781508517705,65.15,3.52,POS+CHROM,14.133,199.7525,-14.133,5.215,27.1928,-5.215,3.754,14.0923,-3.754,4.43,19.6286,-4.43
p06,p06_c,clip_0052,ok,150,93.88,5.53,1,69.37,55.41,1.82,-0.11163623947195679,35.34,70.94,1.57,-0.008281946057075011,70.79,2.17,-0.005335016946366061,70.86,1.87,POS+CHROM,13.959,194.8474,-13.959,1.569,2.4624,1.569,1.42,2.0176,1.42,1.491,2.2233,1.491
p06,p06_c,clip_0053,ok,150,91.73,5.82,1,68.58,55.46,1.79,-0.08134979833873408,35.4,71.23,3.03,-0.16829684748911905,72.75,2.63,0.18209609885031686,71.97,2.83,POS+CHROM,13.127,172.3085,-13.127,2.644,6.9908,2.644,4.17,17.3878,4.17,3.381,11.432,3.381
p06,p06_c,clip_0054,ok,150,97.24,2.01,1,69.2,55.42,1.72,0.05737413525215978,36.16,67.47,1.73,-0.22452116590873045,66.99,-0.4,0.20573544516371325,67.27,0.66,POS+CHROM,13.778,189.8224,-13.778,1.727,2.9832,-1.727,2.214,4.9035,-2.214,1.928,3.7171,-1.928
p06,p06_c,clip_0055,ok,150,92.63,6.4,1,71.47,55.41,1.77,0.06135807923007503,35.31,65.45,3.13,0.0798912479713595,65.32,2.88,-0.08020260162629551,65.38,3.01,POS+CHROM,16.061,257.9692,-16.061,6.027,36.3208,-6.027,6.156,37.8947,-6.156,6.09,37.0869,-6.09
p06,p06_c,clip_0056,ok,150,95.5,3.82,1,68.88,55.22,1.62,0.14301136358735073,35.25,73.63,-0.66,-0.09906735798468573,73.5,-0.73,0.11182671867381055,73.57,-0.69,POS+CHROM,13.661,186.6242,-13.661,4.747,22.5384,4.747,4.619,21.339,4.619,4.684,21.9381,4.684
p06,p06_c,clip_0057,ok,150,92.9,6.47,1,69.88,55.4,1.77,0.3559072912090673,35.42,67.51,-3.55,-0.17866760543876092,71.85,-0.8,0.24038720884760403,70.17,-2.18,POS+CHROM,14.473,209.4609,-14.473,2.37,5.6176,-2.37,1.975,3.9025,1.975,0.292,0.0853,0.292
p06,p06_c,clip_0058,ok,150,93.7,4.84,1,69.03,55.46,1.73,0.31897347725691083,35.33,71.07,-0.13,-0.1648746151293227,67.78,-0.51,0.20766812976767385,69.47,-0.32,POS+CHROM,13.575,184.2843,-13.575,2.034,4.1375,2.034,1.257,1.5789,-1.257,0.441,0.1942,0.441
p06,p06_c,clip_0059,ok,150,93.93,5.26,1,69.72,55.3,1.79,0.16775597853495658,35.32,70.21,3.07,-0.16552419099679577,70.03,2.92,0.19254233541735705,70.12,2.99,POS+CHROM,14.426,208.123,-14.426,0.481,0.2311,0.481,0.305,0.0932,0.305,0.394,0.1553,0.394
p06,p06_c,clip_0060,ok,150,93.8,5.44,1,70.74,55.38,1.79,0.32394894844564837,35.38,67.64,3.55,-0.21593691018741037,66.17,1.9,0.22057849297657112,67.0,2.73,POS+CHROM,15.36,235.932,-15.36,3.096,9.5876,-3.096,4.57,20.8834,-4.57,3.732,13.9312,-3.732
p06,p06_c,clip_0061,ok,150,92.72,6.82,1,71.87,55.37,1.78,-0.15825896692208835,35.29,72.06,1.34,-0.22016095571190197,69.98,1.5,0.23168015277498458,71.01,1.42,POS+CHROM,16.5,272.249,-16.5,0.188,0.0352,0.188,1.894,3.5865,-1.894,0.867,0.7516,-0.867
p06,p06_c,clip_0062,ok,150,93.11,4.91,1,64.19,55.4,1.83,-0.12116858058817616,35.29,65.35,4.89,-0.06283229574832865,64.53,2.7,0.04731606805447898,65.02,3.79,POS+CHROM,8.792,77.2972,-8.792,1.161,1.3468,1.161,0.341,0.1163,0.341,0.825,0.6804,0.825
p06,p06_c,clip_0063,ok,150,92.89,3.19,1,64.66,55.36,1.78,0.049957771932763365,35.34,126.82,-2.17,-0.25426823598014414,127.72,-1.53,0.2251452854914634,127.3,-1.85,POS+CHROM,9.302,86.5245,-9.302,62.163,3864.2479,62.163,63.068,3977.557,63.068,62.639,3923.6784,62.639
p06,p06_c,clip_0064,ok,150,95.4,3.97,1,68.83,55.37,1.79,0.13316070485717765,35.25,58.68,1.47,-0.23150107896302985,59.28,2.44,0.20782903877902278,57.82,1.9,POS+CHROM+DEEP,13.462,181.2223,-13.462,10.149,103.011,-10.149,9.545,91.102,-9.545,11.011,121.2518,-11.011
p06,p06_c,clip_0065,ok,150,94.76,4.61,1,70.81,55.36,1.72,0.17595502708761726,35.33,66.84,-2.95,-0.17574962325721158,67.6,-2.42,0.16154722694901905,67.24,-2.68,POS+CHROM,15.448,238.637,-15.448,3.962,15.6981,-3.962,3.203,10.2588,-3.203,3.566,12.7147,-3.566
p06,p06_c,clip_0066,ok,150,91.28,7.37,1,73.33,55.4,1.75,0.19232664786695108,35.29,67.41,1.67,-0.020950075159137316,67.85,0.57,-0.017095428823533952,67.61,1.12,POS+CHROM,17.937,321.7285,-17.937,5.921,35.0533,-5.921,5.483,30.0627,-5.483,5.722,32.7405,-5.722
p06,p06_c,clip_0067,ok,150,94.88,4.67,1,67.61,55.35,1.78,0.29541177113735445,35.21,70.08,-0.85,0.03229495192799294,133.82,-6.33,-0.05382145799122765,71.01,-1.8,POS+CHROM+DEEP,12.258,150.2614,-12.258,2.469,6.0943,2.469,66.208,4383.4806,66.208,3.404,11.5861,3.404
p06,p06_c,clip_0068,ok,150,93.41,4.45,1,65.92,55.23,1.57,-0.17441798741385114,35.17,68.22,4.55,-0.3009714628667335,67.01,5.69,0.33107845233964206,67.56,5.12,POS+CHROM,10.686,114.1833,-10.686,2.3,5.2898,2.3,1.095,1.1997,1.095,1.641,2.6924,1.641
p06,p06_c,clip_0069,ok,150,94.32,4.44,1,66.95,55.2,1.61,-0.4112000360392199,35.14,67.79,4.02,-0.3243296091070119,67.5,1.99,0.2931115446572716,67.67,3.01,POS+CHROM,11.744,137.9157,-11.744,0.847,0.7175,0.847,0.553,0.3059,0.553,0.725,0.5251,0.725
p06,p06_c,clip_0070,ok,150,94.58,4.21,1,67.9,55.3,1.74,-0.18537937076369962,35.29,65.77,3.97,-0.055867784586192654,66.12,3.42,0.12430298586494244,65.94,3.7,POS+CHROM,12.6,158.7576,-12.6,2.133,4.5511,-2.133,1.78,3.1693,-1.78,1.965,3.8607,-1.965
p06,p06_d,clip_0000,ok,150,85.46,8.81,1,65.01,55.35,1.75,0.07795755381197564,36.33,66.41,5.02,-0.10140443740238145,65.44,4.39,0.127350552827027,65.95,4.7,POS+CHROM,9.66,93.3097,-9.66,1.399,1.9577,1.399,0.43,0.1846,0.43,0.94,0.8835,0.94
p06,p06_d,clip_0001,ok,150,92.2,6.12,1,66.3,55.39,1.75,0.2863242475198659,35.36,67.24,1.68,-0.0888689115929044,82.38,-1.33,0.09716899301403169,66.17,0.7,POS+CHROM+DEEP,10.905,118.9239,-10.905,0.946,0.8948,0.946,16.079,258.5303,16.079,0.13,0.0168,-0.13
p06,p06_d,clip_0002,ok,150,90.83,5.66,1,65.67,55.41,1.75,-0.08465210730577885,35.4,62.45,2.78,-0.014758555853993095,64.18,0.65,0.005903183436157924,60.6,1.73,POS+CHROM+DEEP,10.264,105.3455,-10.264,3.222,10.3791,-3.222,1.487,2.2098,-1.487,5.074,25.7424,-5.074
p06,p06_d,clip_0003,ok,150,88.74,5.43,1,61.64,55.61,1.72,-0.18838990025004745,35.55,92.93,0.37,0.09396857937004034,88.0,-0.56,-0.0677566697327604,90.65,-0.1,POS+CHROM,6.029,36.3447,-6.029,31.286,978.8332,31.286,26.364,695.0454,26.364,29.014,841.8396,29.014
p06,p06_d,clip_0004,ok,150,92.09,7.16,1,70.44,55.51,1.77,-0.20218451336850068,35.57,116.65,-1.9,0.10682757463993647,118.82,-0.29,-0.16479056817340249,117.88,-1.09,POS+CHROM,14.923,222.6882,-14.923,46.21,2135.3672,46.21,48.38,2340.6052,48.38,47.44,2250.5645,47.44
p06,p06_d,clip_0005,ok,150,90.66,7.41,1,67.56,55.5,1.74,0.1072024940330109,35.62,69.02,0.69,0.09001507554763515,67.26,-0.38,-0.06460411449983731,68.22,0.16,POS+CHROM,12.06,145.4345,-12.06,1.464,2.1434,1.464,0.303,0.0918,-0.303,0.659,0.4345,0.659
p06,p06_d,clip_0006,ok,150,86.63,10.04,1,61.81,55.44,1.77,-0.24849891046387618,35.56,60.69,6.69,0.07999250863934958,61.13,3.99,-0.096286929663842,59.71,4.15,POS+CHROM+DEEP,6.371,40.5959,-6.371,1.121,1.2572,-1.121,0.682,0.4657,-0.682,2.099,4.4073,-2.099
p06,p06_d,clip_0007,ok,150,74.58,10.85,1,58.34,55.46,1.75,0.11815036177739029,35.62,57.57,5.43,0.11898114766067208,57.19,3.14,-0.19596306967398594,56.94,3.44,POS+CHROM+DEEP,2.88,8.2939,-2.88,0.766,0.5865,-0.766,1.152,1.3265,-1.152,1.399,1.9576,-1.399
p06,p06_d,clip_0008,ok,150,91.31,6.21,1,65.43,55.47,1.75,0.2687165575094868,35.6,72.36,3.61,0.06826920881363734,76.27,2.31,-0.047004355633727506,74.1,2.96,POS+CHROM,9.954,99.0848,-9.954,6.933,48.0596,6.933,10.842,117.5459,10.842,8.675,75.2551,8.675
p06,p06_d,clip_0009,ok,150,80.68,1.87,1,58.45,55.54,1.76,-0.09349804674970902,35.62,57.51,5.34,-0.03901634855388716,56.35,3.75,0.04653208913560632,56.66,3.61,POS+CHROM+DEEP,2.911,8.4745,-2.911,0.946,0.8949,-0.946,2.1,4.4083,-2.1,1.795,3.2204,-1.795
p06,p06_d,clip_0010,ok,150,82.54,5.31,1,58.01,55.53,1.75,0.22928920233564867,35.58,54.71,2.0,0.10302667320742409,92.01,-4.74,-0.09400505402378263,55.11,1.87,POS+DEEP,2.478,6.14,-2.478,3.295,10.8586,-3.295,33.998,1155.8323,33.998,2.895,8.3814,-2.895
p06,p06_d,clip_0011,ok,150,91.0,6.62,1,64.42,55.51,1.78,-0.2992364320594061,36.27,68.87,-0.19,0.06181147927236181,73.46,-1.79,-0.014892112255936577,70.86,-0.99,POS+CHROM,8.913,79.446,-8.913,4.451,19.8156,4.451,9.041,81.7486,9.041,6.441,41.4929,6.441
p06,p06_d,clip_0012,ok,150,91.51,6.84,1,71.47,55.38,1.73,0.047576061369706865,35.42,69.97,-0.42,-0.15878387309146705,62.93,-1.91,0.15405140852325558,61.76,-0.2,POS+CHROM+DEEP,16.095,259.0533,-16.095,1.497,2.2423,-1.497,8.546,73.034,-8.546,9.715,94.3813,-9.715
p06,p06_d,clip_0013,ok,150,87.95,8.64,1,71.03,55.37,1.78,-0.11828759603697042,35.71,63.2,1.37,0.01057773451064625,59.24,0.13,-0.0666632366141832,59.18,1.09,POS+CHROM+DEEP,15.66,245.2363,-15.66,7.835,61.3884,-7.835,11.791,139.0379,-11.791,11.856,140.5532,-11.856
p06,p06_d,clip_0014,ok,150,72.08,6.07,1,110.27,55.54,1.75,-0.23428579019599127,35.56,54.5,4.99,0.09115285670884725,96.51,-5.1,-0.17085866890981766,54.88,3.37,POS+DEEP,54.736,2995.983,-54.736,55.772,3110.5001,-55.772,13.766,189.5105,-13.766,55.39,3068.0565,-55.39
p06,p06_d,clip_0015,ok,150,78.81,10.12,1,58.75,55.49,1.77,0.0694473018440667,35.57,58.52,3.34,0.046276354091323,58.94,1.6,-0.05547967871474661,57.72,2.23,POS+CHROM+DEEP,3.263,10.6462,-3.263,0.233,0.0544,-0.233,0.188,0.0352,0.188,1.035,1.0711,-1.035
p06,p06_d,clip_0016,ok,150,90.78,7.86,1,64.34,55.48,1.76,0.24315088721071354,35.49,63.32,4.32,0.11822636367368827,64.47,3.69,-0.18656734529038688,61.72,3.26,POS+CHROM+DEEP,8.863,78.5489,-8.863,1.025,1.05,-1.025,0.125,0.0157,0.125,2.623,6.8785,-2.623
p06,p06_d,clip_0017,ok,150,86.72,8.76,1,63.8,55.46,1.78,-0.06162604817792572,35.41,64.99,3.84,0.2236913762949812,64.9,4.15,-0.2301405261603348,64.94,3.99,POS+CHROM,8.342,69.581,-8.342,1.185,1.4035,1.185,1.098,1.2049,1.098,1.14,1.2998,1.14
p06,p06_d,clip_0018,ok,150,74.23,6.41,1,57.62,55.44,1.75,0.21861910832064238,35.82,55.05,4.92,0.2176561823333325,54.9,4.08,-0.23725302526985897,55.09,3.58,POS+CHROM+DEEP,2.184,4.7719,-2.184,2.567,6.5891,-2.567,2.721,7.4021,-2.721,2.53,6.399,-2.53
p06,p06_d,clip_0019,ok,150,88.65,5.98,1,63.7,55.2,1.61,-0.24484336501652687,35.91,78.74,1.45,-0.15421121667906912,80.04,-1.64,0.16061703687206672,79.23,-0.09,POS+CHROM,8.494,72.1537,-8.494,15.045,226.3653,15.045,16.346,267.2059,16.346,15.532,241.2308,15.532
p06,p06_d,clip_0020,ok,150,84.54,6.43,1,63.08,55.02,1.58,-0.2366051840386617,35.79,58.57,-1.19,-0.27195166294480866,59.55,0.61,0.2557309317560053,57.48,0.33,POS+CHROM+DEEP,8.064,65.0271,-8.064,4.509,20.3312,-4.509,3.528,12.4456,-3.528,5.605,31.4107,-5.605
p06,p06_d,clip_0021,ok,150,90.42,3.92,1,61.13,55.25,1.74,0.056637952302990194,35.05,91.24,-5.12,-0.12010989663844664,89.82,-3.35,0.10221337308504859,90.43,-4.24,POS+CHROM,5.882,34.5986,-5.882,30.11,906.6298,30.11,28.682,822.6485,28.682,29.292,858.009,29.292
p06,p06_d,clip_0022,ok,150,81.3,8.55,1,60.71,55.22,1.62,-0.09108277049182448,35.69,56.65,0.59,0.15799767218684624,58.17,0.28,-0.16347794300865476,56.57,0.83,POS+CHROM+DEEP,5.492,30.1656,-5.492,4.062,16.501,-4.062,2.542,6.462,-2.542,4.143,17.164,-4.143
p06,p06_d,clip_0023,ok,150,82.75,10.28,1,63.25,55.31,1.77,0.1129026655331641,35.39,71.83,0.68,-0.10130080682535755,74.1,1.05,0.08083446664523532,73.0,0.87,POS+CHROM,7.937,62.9949,-7.937,8.582,73.655,8.582,10.855,117.8242,10.855,9.753,95.1281,9.753
p06,p06_d,clip_0024,ok,150,88.12,7.43,1,64.33,55.54,1.73,0.15967002377305836,35.34,84.88,-0.91,-0.14397197671492457,89.64,-0.94,0.19482538859505402,87.25,-0.93,POS+CHROM,8.791,77.2884,-8.791,20.55,422.3212,20.55,25.308,640.4859,25.308,22.923,525.4859,22.923
p06,p06_d,clip_0025,ok,150,89.0,9.12,1,63.9,55.48,1.76,-0.07661579273491459,34.74,67.13,2.35,0.04103205880263236,66.6,2.65,-0.04968247054898194,66.86,2.5,POS+CHROM,8.419,70.8763,-8.419,3.23,10.4352,3.23,2.694,7.2562,2.694,2.955,8.733,2.955
p06,p06_d,clip_0026,ok,150,84.42,11.65,1,64.87,55.45,1.75,0.0355088306043025,35.5,62.48,4.56,-0.0336215695692847,62.19,3.8,0.022995580248179583,60.62,3.37,POS+CHROM+DEEP,9.418,88.701,-9.418,2.392,5.723,-2.392,2.675,7.1565,-2.675,4.247,18.0399,-4.247
p06,p06_d,clip_0027,ok,150,88.13,7.88,1,63.05,55.46,1.73,0.2920448724502519,35.75,63.45,-0.48,0.06756529824803756,64.44,0.15,-0.0843462326697886,60.51,0.47,POS+CHROM+DEEP,7.588,57.5791,-7.588,0.402,0.1619,0.402,1.391,1.936,1.391,2.538,6.4423,-2.538
p06,p06_d,clip_0028,ok,150,91.05,6.8,1,63.81,55.43,1.73,-0.05733709031445159,35.54,63.1,3.99,-0.09446218472827203,62.25,3.58,0.0663675535947739,60.79,3.1,POS+CHROM+DEEP,8.382,70.2636,-8.382,0.712,0.5069,-0.712,1.564,2.4471,-1.564,3.024,9.1426,-3.024
p06,p06_d,clip_0029,ok,150,81.11,11.72,1,62.68,55.48,1.73,0.060457338373396625,36.25,60.62,5.2,-0.0449986559836959,60.33,3.92,0.06945939356841618,59.3,3.62,POS+CHROM+DEEP,7.201,51.8547,-7.201,2.059,4.2396,-2.059,2.352,5.5296,-2.352,3.377,11.4024,-3.377
p06,p06_d,clip_0030,ok,150,80.35,8.42,1,59.67,55.54,1.76,-0.20479885332523903,35.56,110.47,-4.34,0.06793488880587004,113.59,-2.34,-0.03252114487583468,112.29,-3.34,POS+CHROM,4.122,16.9892,-4.122,50.801,2580.694,50.801,53.925,2907.9058,53.925,52.622,2769.0239,52.622
p06,p06_d,clip_0031,ok,150,84.21,13.44,1,72.03,55.46,1.77,-0.053624792880421934,36.29,70.53,2.83,0.07395640030844551,71.04,0.97,-0.029297915044531244,70.75,1.9,POS+CHROM,16.574,274.7014,-16.574,1.502,2.2568,-1.502,0.993,0.986,-0.993,1.287,1.6557,-1.287
p06,p06_d,clip_0032,ok,150,94.56,5.28,1,73.18,55.54,1.72,-0.06137780934653541,35.53,73.23,1.23,0.024826134450247207,75.61,-0.24,0.01262800116423124,74.28,0.49,POS+CHROM,17.644,311.3269,-17.644,0.051,0.0026,0.051,2.427,5.8905,2.427,1.094,1.1976,1.094
p06,p06_d,clip_0033,ok,150,90.17,8.74,1,71.31,55.21,1.62,-0.4008978399305321,35.97,69.91,-1.96,-0.030912376445459425,66.09,-1.79,0.06297263206414407,67.98,-1.87,POS+CHROM,16.097,259.1064,-16.097,1.395,1.9465,-1.395,5.214,27.1818,-5.214,3.332,11.1016,-3.332
p06,p06_d,clip_0034,ok,150,78.04,5.02,1,59.48,55.24,1.69,0.14720230337222495,34.85,97.25,-2.71,0.07732655127714681,56.92,-2.08,-0.14692137621581466,55.82,-0.2,CHROM+DEEP,4.242,17.9941,-4.242,37.774,1426.8796,37.774,2.553,6.5193,-2.553,3.654,13.3553,-3.654
p06,p06_d,clip_0035,ok,150,83.51,11.62,1,66.13,55.12,1.49,0.14255223101539174,35.56,67.61,1.99,0.15326119011391745,67.75,3.04,-0.18574267092164942,67.69,2.52,POS+CHROM,11.01,121.2091,-11.01,1.485,2.2042,1.485,1.618,2.6169,1.618,1.557,2.4242,1.557
p06,p06_d,clip_0036,ok,150,83.69,8.69,1,61.25,55.29,1.71,-0.32545101904934476,36.06,62.33,-0.28,0.13798975427711635,106.69,-1.97,-0.1302634572981891,58.23,0.71,POS+DEEP,5.963,35.5608,-5.963,1.074,1.1532,1.074,45.434,2064.2057,45.434,3.023,9.1393,-3.023
p06,p06_d,clip_0037,ok,150,89.14,6.8,1,64.13,55.25,1.78,0.07311857539465307,36.29,65.55,-0.08,-0.018668603706177858,66.33,1.77,0.020712103031152607,66.0,0.84,POS+CHROM,8.871,78.7032,-8.871,1.426,2.0346,1.426,2.209,4.8796,2.209,1.877,3.5247,1.877
p06,p06_d,clip_0038,ok,150,87.87,10.22,1,63.07,55.34,1.71,-0.15339412484552276,35.75,56.19,-0.81,0.06996882397034807,62.19,1.19,-0.0295026421483494,58.0,0.7,POS+CHROM+DEEP,7.735,59.8336,-7.735,6.879,47.3269,-6.879,0.888,0.788,-0.888,5.078,25.7822,-5.078
p06,p06_d,clip_0039,ok,150,78.76,11.27,1,60.15,55.4,1.79,-0.20082287135675692,35.42,61.93,-0.49,0.17659534515029207,119.28,0.07,-0.09847884527784506,58.05,0.65,POS+DEEP,4.757,22.6289,-4.757,1.778,3.1629,1.778,59.127,3496.0476,59.127,2.101,4.415,-2.101
p06,p06_d,clip_0040,ok,150,89.06,8.26,1,65.03,55.42,1.74,0.13565534272171062,35.44,64.83,2.26,0.15562733178217192,68.76,3.31,-0.0363400077129274,66.96,2.78,POS+CHROM,9.616,92.4674,-9.616,0.204,0.0415,-0.204,3.726,13.8827,3.726,1.932,3.7315,1.932
p06,p06_d,clip_0041,ok,150,84.17,11.85,1,62.09,55.43,1.74,-0.2336450542500079,35.82,61.73,2.5,0.1771542790689467,59.83,-0.04,-0.02768073540125886,59.05,1.4,POS+CHROM+DEEP,6.654,44.2709,-6.654,0.353,0.1247,-0.353,2.256,5.09,-2.256,3.033,9.1977,-3.033
p06,p06_d,clip_0042,ok,150,87.9,7.61,1,62.94,55.44,1.75,-0.1483738324397508,35.42,64.43,4.32,0.09393879587269094,64.4,1.93,-0.0370042742661433,64.42,3.12,POS+CHROM,7.497,56.2042,-7.497,1.495,2.2354,1.495,1.469,2.1577,1.469,1.485,2.204,1.485
p06,p06_d,clip_0043,ok,150,90.17,7.04,1,64.09,55.4,1.75,0.10874761689726702,35.57,61.37,4.97,0.20603524148798102,62.11,3.15,-0.16010056715284945,60.1,3.29,POS+CHROM+DEEP,8.685,75.4321,-8.685,2.72,7.4008,-2.72,1.977,3.9089,-1.977,3.987,15.8931,-3.987
p06,p06_d,clip_0044,ok,150,82.16,14.54,1,72.48,55.44,1.7,0.03278229158492844,35.61,65.85,3.01,0.20827798910066297,63.87,1.9,-0.1756626306391571,64.96,2.45,POS+CHROM,17.041,290.3832,-17.041,6.627,43.9155,-6.627,8.607,74.0813,-8.607,7.526,56.6335,-7.526
p06,p06_d,clip_0045,ok,150,88.59,8.82,1,66.59,55.53,1.73,-0.20086338051041577,36.22,113.45,-1.88,0.03758512172420151,113.07,-1.93,-0.05287574897007027,113.26,-1.9,POS+CHROM,11.063,122.3799,-11.063,46.86,2195.8918,46.86,46.474,2159.8511,46.474,46.668,2177.8997,46.668
p06,p06_d,clip_0046,ok,150,81.06,14.23,1,60.55,55.49,1.75,-0.07230424628391507,35.48,60.38,7.35,0.008294289379525838,61.18,7.84,-0.005911825002702907,59.95,5.65,POS+CHROM+DEEP,5.063,25.6338,-5.063,0.171,0.0291,-0.171,0.627,0.3927,0.627,0.597,0.3569,-0.597
p06,p06_d,clip_0047,ok,150,85.32,9.41,1,61.91,55.09,1.66,0.17717977367171903,35.19,64.1,2.34,-0.07634576379146694,67.47,-0.64,0.07779993856856429,65.38,0.85,POS+CHROM,6.811,46.3944,-6.811,2.197,4.8261,2.197,5.565,30.9715,5.565,3.471,12.0469,3.471
p06,p06_d,clip_0048,ok,150,88.81,9.71,1,69.55,55.1,1.51,0.2745311674768043,35.13,70.57,2.31,0.04654232180258047,69.14,2.17,0.06662859557120185,69.86,2.24,POS+CHROM,14.445,208.6447,-14.445,1.024,1.0492,1.024,0.406,0.1647,-0.406,0.318,0.1011,0.318
p06,p06_d,clip_0049,ok,150,89.25,6.95,1,67.56,55.16,1.65,0.1893848041119506,35.0,59.58,2.18,0.18336924759100456,59.1,0.69,-0.18788945956166203,57.94,1.51,POS+CHROM+DEEP,12.395,153.6333,-12.395,7.975,63.6077,-7.975,8.46,71.57,-8.46,9.616,92.4722,-9.616
p06,p06_d,clip_0050,ok,150,92.15,6.01,1,68.81,55.02,1.54,0.036554189138251765,34.58,61.69,4.06,0.270861297180477,60.63,2.72,-0.26665384767472355,59.56,2.77,POS+CHROM+DEEP,13.785,190.0239,-13.785,7.12,50.6989,-7.12,8.181,66.9238,-8.181,9.247,85.5099,-9.247
p06,p06_d,clip_0051,ok,150,90.69,6.53,1,66.15,55.03,1.57,-0.12036427660636223,35.41,70.64,2.83,0.2856516412002096,71.97,1.31,-0.2970448478955814,71.22,2.07,POS+CHROM,11.124,123.7351,-11.124,4.483,20.096,4.483,5.816,33.8269,5.816,5.066,25.6623,5.066
p06,p06_d,clip_0052,ok,150,79.75,9.8,1,59.57,55.22,1.54,0.26459668088894045,35.7,59.98,1.75,0.06918488720845235,118.89,-3.12,-0.04430609475265915,57.64,1.64,POS+DEEP,4.35,18.923,-4.35,0.402,0.1614,0.402,59.311,3517.7611,59.311,1.933,3.7356,-1.933
p06,p06_d,clip_0053,ok,150,84.71,10.37,1,62.62,55.36,1.72,-0.39767915578633295,37.16,57.88,3.41,0.18799205967259366,54.7,1.23,-0.18525575580201345,56.2,2.12,POS+CHROM+DEEP,7.261,52.7289,-7.261,4.739,22.4565,-4.739,7.924,62.7947,-7.924,6.42,41.2189,-6.42
p06,p06_d,clip_0054,ok,150,85.45,10.64,1,62.75,55.35,1.76,0.055029564125219886,35.4,62.94,5.08,0.3450194011350664,62.25,4.11,-0.4052487242252212,60.9,3.65,POS+CHROM+DEEP,7.397,54.7155,-7.397,0.19,0.0363,0.19,0.496,0.2463,-0.496,1.848,3.4155,-1.848
p06,p06_d,clip_0055,ok,150,88.08,10.57,1,62.32,55.35,1.72,0.1439617687611352,35.48,63.5,4.05,0.29397678351186673,64.49,5.27,-0.32226402063834747,64.04,4.66,POS+CHROM,6.965,48.5126,-6.965,1.181,1.3941,1.181,2.167,4.695,2.167,1.724,2.972,1.724
p06,p06_d,clip_0056,ok,150,86.24,9.64,1,62.92,55.32,1.71,-0.26210386517188294,36.19,63.81,3.3,0.29318601789694476,63.49,3.51,-0.29544157026892115,63.65,3.4,POS+CHROM,7.598,57.7296,-7.598,0.892,0.7952,0.892,0.565,0.3192,0.565,0.725,0.5263,0.725
p06,p06_d,clip_0057,ok,150,85.9,6.93,1,60.8,55.44,1.75,0.19724729021270826,36.22,61.18,2.07,0.23859554282842943,61.2,-0.16,-0.22057901038322325,59.13,1.22,POS+CHROM+DEEP,5.359,28.7161,-5.359,0.382,0.1463,0.382,0.397,0.158,0.397,1.676,2.8073,-1.676
p06,p06_d,clip_0058,ok,150,84.64,11.87,1,62.02,55.22,1.61,-0.3303214537042498,34.82,131.91,-5.65,0.09072179108918113,132.41,-2.26,-0.024920312110266497,132.23,-3.95,POS+CHROM,6.8,46.2358,-6.8,69.888,4884.3219,69.888,70.393,4955.1096,70.393,70.21,4929.3959,70.21
p06,p06_d,clip_0059,ok,150,90.51,8.42,1,71.14,55.57,1.8,-0.1250363041072637,37.15,60.64,-1.1,0.022292038071571343,59.61,-0.4,-0.0316996951745772,58.14,0.1,POS+CHROM+DEEP,15.568,242.3743,-15.568,10.503,110.3171,-10.503,11.535,133.0465,-11.535,13.007,169.173,-13.007
p06,p06_d,clip_0060,ok,150,90.04,9.6,1,72.73,54.91,1.49,0.017733736874828574,35.29,115.81,-2.68,0.011510076917637472,92.72,-1.48,-0.06927989239827292,80.24,-0.89,POS+CHROM+DEEP,17.819,317.5163,-17.819,43.076,1855.5143,43.076,19.988,399.5336,19.988,7.515,56.4744,7.515
p06,p06_d,clip_0061,ok,150,91.43,7.27,1,69.42,55.08,1.53,-0.31155960087043405,34.19,106.79,-0.44,-0.09373307967881325,109.29,-1.01,0.10858988608335275,107.98,-0.72,POS+CHROM,14.339,205.594,-14.339,37.374,1396.8453,37.374,39.87,1589.5774,39.87,38.563,1487.0788,38.563
p06,p06_d,clip_0062,ok,150,86.96,11.5,1,68.33,54.98,1.55,-0.10399113462697436,34.56,66.78,1.03,-0.031399513029461604,62.33,1.28,0.08266346636977567,61.19,1.29,POS+CHROM+DEEP,13.354,178.3399,-13.354,1.556,2.4199,-1.556,6.001,36.0068,-6.001,7.14,50.9854,-7.14
p06,p06_d,clip_0063,ok,150,88.72,8.88,1,69.25,54.96,1.53,-0.1442658379913504,34.51,67.72,0.75,0.27332305247269634,67.36,0.09,-0.27819853178375664,67.55,0.42,POS+CHROM,14.284,204.0264,-14.284,1.525,2.3252,-1.525,1.883,3.545,-1.883,1.694,2.8694,-1.694
p06,p06_d,clip_0064,ok,150,92.18,6.76,1,70.31,54.92,1.46,-0.0784725725139955,33.95,77.69,4.88,0.1090996633112394,77.89,4.95,-0.09966449956529681,77.79,4.91,POS+CHROM,15.387,236.7561,-15.387,7.383,54.5087,7.383,7.583,57.5065,7.583,7.484,56.0062,7.484
p06,p06_d,clip_0065,ok,150,80.88,17.54,1,76.88,54.92,1.51,-0.4106823098103066,34.11,73.91,1.49,-0.019533556795241422,74.82,-1.02,-0.03219253581925067,74.27,0.23,POS+CHROM,21.959,482.1811,-21.959,2.972,8.8315,-2.972,2.059,4.2385,-2.059,2.61,6.8099,-2.61
p06,p06_d,clip_0066,ok,150,88.36,11.23,1,75.9,54.84,1.49,0.1263972049793092,34.05,76.36,0.87,0.05265335362070966,73.99,1.98,0.0019595703864433234,75.07,1.42,POS+CHROM,21.057,443.4175,-21.057,0.462,0.2134,0.462,1.906,3.633,-1.906,0.832,0.692,-0.832
p06,p06_d,clip_0067,ok,150,90.23,8.44,1,70.6,54.91,1.49,-0.3167879893744131,34.39,66.54,3.54,0.20235192793964366,67.39,2.41,-0.24787298673738026,66.93,2.97,POS+CHROM,15.688,246.1251,-15.688,4.056,16.4523,-4.056,3.208,10.2892,-3.208,3.672,13.4815,-3.672
p06,p06_d,clip_0068,ok,150,90.57,8.04,1,70.18,54.86,1.5,-0.22104201184347633,34.35,72.19,-1.97,0.21037169747215512,105.26,-5.9,-0.22480067442119242,68.03,-2.13,POS+CHROM+DEEP,15.319,234.6765,-15.319,2.012,4.048,2.012,35.084,1230.9181,35.084,2.143,4.5944,-2.143
p06,p06_d,clip_0069,ok,150,88.82,9.22,1,66.68,54.89,1.46,-0.17423586115492495,34.08,66.69,3.5,-0.005619699750839916,66.37,2.44,-0.015263684889503616,66.55,2.97,POS+CHROM,11.793,139.0843,-11.793,0.008,0.0001,0.008,0.31,0.0963,-0.31,0.137,0.0188,-0.137
p06,p06_d,clip_0070,ok,150,89.59,8.52,1,69.23,54.85,1.49,-0.0013488698846762176,33.6,65.08,1.53,0.12165271096949319,65.34,-0.92,-0.06680784928374002,65.18,0.3,POS+CHROM,14.375,206.6422,-14.375,4.151,17.2327,-4.151,3.887,15.1107,-3.887,4.046,16.368,-4.046
p07,p07_a,clip_0000,ok,150,52.49,46.38,0,78.17,54.92,1.58,0.06381569077071726,36.43,73.86,-0.64,0.11741680351844974,132.72,-3.56,-0.17015321210775936,76.73,-0.87,POS+CHROM+DEEP,23.248,540.4924,-23.248,4.309,18.5706,-4.309,54.556,2976.3156,54.556,1.437,2.0636,-1.437
p07,p07_a,clip_0001,ok,150,47.33,34.37,0,96.88,54.97,1.52,0.20743767512904324,34.84,130.18,-3.86,0.2197862407586793,129.45,-2.6,-0.17151844520970194,129.77,-3.23,POS+CHROM,41.902,1755.7504,-41.902,33.3,1108.8663,33.3,32.57,1060.7872,32.57,32.897,1082.1941,32.897
p07,p07_a,clip_0002,ok,150,51.83,39.31,0,110.43,54.99,1.67,-0.029121820414406037,33.98,55.78,3.59,0.06452808140184162,56.31,2.52,-0.054472998288891156,55.73,2.59,POS+CHROM+DEEP,55.435,3073.0449,-55.435,54.647,2986.2989,-54.647,54.116,2928.5218,-54.116,54.697,2991.7527,-54.697
p07,p07_a,clip_0003,ok,150,60.69,38.24,0,69.73,55.11,1.6,-0.12881985197609067,34.89,71.03,3.55,0.17294696801317136,68.21,3.65,-0.10138510967558752,69.61,3.6,POS+CHROM,14.624,213.866,-14.624,1.298,1.6841,1.298,1.518,2.3041,-1.518,0.121,0.0147,-0.121
p07,p07_a,clip_0004,ok,150,59.6,36.3,0,59.66,54.84,1.57,-0.22784529523647543,36.61,59.97,1.4,0.11160460160398772,59.85,4.06,-0.14827630450687027,58.44,2.34,POS+CHROM+DEEP,4.818,23.2156,-4.818,0.307,0.0942,0.307,0.187,0.0348,0.187,1.215,1.477,-1.215
p07,p07_a,clip_0005,ok,150,53.72,39.61,0,113.12,55.0,1.66,-0.08078701027626496,35.58,56.11,1.08,0.20286547970037835,56.49,4.3,-0.17432877407137995,55.96,2.35,POS+CHROM+DEEP,58.128,3378.8447,-58.128,57.018,3251.0931,-57.018,56.638,3207.9024,-56.638,57.169,3268.2447,-57.169
p07,p07_a,clip_0006,ok,150,57.53,39.55,0,68.59,54.94,1.59,-0.02986448356825989,35.51,72.02,3.35,0.30404069659886734,70.88,2.6,-0.27233550356594943,71.48,2.98,POS+CHROM,13.653,186.401,-13.653,3.429,11.7548,3.429,2.29,5.2454,2.29,2.895,8.3791,2.895
p07,p07_a,clip_0007,ok,150,72.37,25.99,1,66.09,54.93,1.6,0.07545070010579968,35.63,63.92,1.21,0.24774238295630788,62.7,1.15,-0.22443551028929515,60.39,1.32,POS+CHROM+DEEP,11.162,124.5819,-11.162,2.165,4.6874,-2.165,3.385,11.46,-3.385,5.7,32.4855,-5.7
p07,p07_a,clip_0008,ok,150,52.43,38.87,0,112.72,55.11,1.6,0.11473399256067145,34.84,57.5,3.45,0.321586575786532,58.34,3.22,-0.2268305993980918,57.15,2.76,POS+CHROM+DEEP,57.608,3318.6461,-57.608,55.213,3048.4786,-55.213,54.374,2956.5585,-54.374,55.566,3087.6176,-55.566
p07,p07_a,clip_0009,ok,150,57.79,40.77,0,66.9,54.92,1.58,0.1020653602901683,35.57,70.52,2.33,0.2468513600044596,69.97,2.18,-0.19934111038890576,70.25,2.26,POS+CHROM,11.983,143.5903,-11.983,3.619,13.0962,3.619,3.07,9.4237,3.07,3.348,11.2089,3.348
p07,p07_a,clip_0010,ok,150,71.5,27.09,1,73.94,54.96,1.56,-0.0505360225580916,35.66,59.31,1.63,0.11555266418065759,59.52,0.96,-0.03566826536623359,57.88,1.38,POS+CHROM+DEEP,18.973,359.9861,-18.973,14.624,213.8479,-14.624,14.42,207.9413,-14.42,16.052,257.6742,-16.052
p07,p07_a,clip_0011,ok,150,47.14,40.26,0,107.03,54.95,1.6,0.03799336022622353,37.05,103.46,-6.28,0.26787620666439355,108.06,-4.85,-0.14898224830954845,106.03,-5.57,POS+CHROM,52.081,2712.3851,-52.081,3.57,12.7472,-3.57,1.031,1.0632,1.031,0.997,0.9939,-0.997
p07,p07_a,clip_0012,ok,150,52.01,43.56,0,60.54,54.97,1.61,-0.008946312998154347,35.62,59.42,0.88,0.3175585353787555,120.77,-1.37,-0.2082932789529805,57.06,1.24,POS+DEEP,5.564,30.9556,-5.564,1.122,1.2583,-1.122,60.235,3628.2641,60.235,3.477,12.0872,-3.477
p07,p07_a,clip_0013,ok,150,68.97,29.93,1,64.0,54.82,1.61,-0.17253254932499829,35.14,67.45,3.86,0.25599841756972563,68.44,2.51,-0.19826774023575053,67.89,3.19,POS+CHROM,9.182,84.3085,-9.182,3.449,11.8976,3.449,4.442,19.7278,4.442,3.89,15.1321,3.89
p07,p07_a,clip_0014,ok,150,50.48,36.99,0,105.06,54.89,1.57,0.23505369729656872,36.36,109.91,-2.62,0.3443297325370841,110.99,-1.67,-0.32050773269257776,110.49,-2.14,POS+CHROM,50.169,2516.9346,-50.169,4.849,23.5101,4.849,5.929,35.1501,5.929,5.431,29.4999,5.431
p07,p07_a,clip_0015,ok,150,52.71,43.33,0,62.18,54.94,1.59,0.19471991061518393,35.48,63.04,2.14,0.4214487694079724,63.28,1.33,-0.32188876373789455,63.15,1.74,POS+CHROM,7.234,52.3242,-7.234,0.859,0.7374,0.859,1.099,1.207,1.099,0.971,0.942,0.971
p07,p07_a,clip_0016,ok,150,62.31,37.4,0,73.56,54.95,1.63,-0.24545082943749125,35.94,76.11,0.85,0.19438313549845285,76.18,-0.32,-0.08978831146043108,76.14,0.27,POS+CHROM,18.605,346.1471,-18.605,2.555,6.5305,2.555,2.619,6.8615,2.619,2.584,6.679,2.584
p07,p07_a,clip_0017,ok,150,55.76,40.43,0,60.39,54.82,1.61,-0.050503938769233786,35.96,110.41,-3.37,0.20474015755920966,110.0,-1.98,-0.08468159672692736,110.18,-2.67,POS+CHROM,5.57,31.0251,-5.57,50.015,2501.5264,50.015,49.607,2460.8988,49.607,49.788,2478.8277,49.788
p07,p07_a,clip_0018,ok,150,57.2,40.7,0,60.95,54.91,1.57,0.29758730456097104,36.38,60.33,3.95,0.3115468108003599,59.59,2.14,-0.27341543085551406,58.59,2.55,POS+CHROM+DEEP,6.041,36.4997,-6.041,0.619,0.3827,-0.619,1.362,1.8543,-1.362,2.359,5.5641,-2.359
p07,p07_a,clip_0019,ok,150,64.98,34.29,0,72.29,54.95,1.6,0.24629890243812141,35.62,75.44,4.91,0.19214916984094257,75.09,3.93,-0.1472958442333295,75.28,4.42,POS+CHROM,17.343,300.7879,-17.343,3.148,9.9108,3.148,2.797,7.8257,2.797,2.987,8.9228,2.987
p07,p07_a,clip_0020,ok,150,70.4,29.04,1,66.75,55.08,1.67,-0.126979209505884,34.9,67.83,-0.49,0.1351479185564648,66.36,-1.33,-0.1111934106488052,67.15,-0.91,POS+CHROM,11.671,136.204,-11.671,1.085,1.1771,1.085,0.387,0.1495,-0.387,0.401,0.1607,0.401
p07,p07_a,clip_0021,ok,150,58.84,39.19,0,61.67,54.99,1.59,-0.013282081155012657,35.75,59.99,1.54,0.23794534652052307,61.06,0.55,-0.25007474930543677,58.54,1.23,POS+CHROM+DEEP,6.671,44.4976,-6.671,1.676,2.8098,-1.676,0.609,0.3713,-0.609,3.123,9.7538,-3.123
p07,p07_a,clip_0022,ok,150,65.6,33.72,0,72.79,55.17,1.64,-0.16980483095782412,35.72,72.68,3.92,0.3304139219126527,72.58,3.33,-0.2728542541578385,72.63,3.62,POS+CHROM,17.622,310.5505,-17.622,0.112,0.0125,-0.112,0.206,0.0424,-0.206,0.157,0.0245,-0.157
p07,p07_a,clip_0023,ok,150,63.21,36.57,0,72.01,54.91,1.58,-0.04512631254578767,36.12,71.8,2.68,0.2684206499992039,71.97,0.94,-0.19086672591645185,71.88,1.81,POS+CHROM,17.095,292.2411,-17.095,0.202,0.0408,-0.202,0.033,0.0011,-0.033,0.13,0.0168,-0.13
p07,p07_a,clip_0024,ok,150,61.95,37.07,0,62.75,54.89,1.57,0.1655266943474131,36.35,63.52,0.82,0.3621685886035006,64.68,1.14,-0.2679240176299927,64.12,0.98,POS+CHROM,7.86,61.7788,-7.86,0.772,0.5965,0.772,1.936,3.7483,1.936,1.37,1.8758,1.37
p07,p07_a,clip_0025,ok,150,65.27,33.98,0,72.5,55.0,1.62,-0.017496408077371153,35.62,75.28,2.0,0.47072024116700895,75.95,1.03,-0.3666685512313836,75.59,1.52,POS+CHROM,17.503,306.3439,-17.503,2.774,7.6977,2.774,3.446,11.8773,3.446,3.083,9.507,3.083
p07,p07_a,clip_0026,ok,150,42.3,57.61,0,79.34,54.98,1.66,-0.0935945355533909,35.74,81.36,5.44,0.31535152481568146,79.49,3.94,-0.2980180716955499,80.54,4.69,POS+CHROM,24.36,593.4208,-24.36,2.028,4.1114,2.028,0.153,0.0233,0.153,1.206,1.4553,1.206
p07,p07_a,clip_0027,ok,150,72.15,27.19,1,68.24,55.06,1.59,-0.05980483484670095,35.7,65.71,1.68,0.2317905537211492,66.99,1.23,-0.31606232517890553,66.33,1.46,POS+CHROM,13.179,173.6772,-13.179,2.537,6.4354,-2.537,1.25,1.5617,-1.25,1.917,3.6763,-1.917
p07,p07_a,clip_0028,ok,150,67.53,31.84,0,71.83,54.92,1.63,-0.04062340592832227,35.53,70.62,2.8,0.25905968633058657,70.57,3.27,-0.2692468312603516,70.59,3.04,POS+CHROM,16.911,285.9869,-16.911,1.215,1.476,-1.215,1.265,1.5995,-1.265,1.241,1.5395,-1.241
p07,p07_a,clip_0029,ok,150,44.3,55.39,0,77.78,55.05,1.58,-0.06985905709347708,35.31,81.7,4.07,0.16838671355394982,81.62,4.21,-0.17803904987269728,81.66,4.14,POS+CHROM,22.725,516.429,-22.725,3.927,15.4225,3.927,3.844,14.7786,3.844,3.885,15.0951,3.885
p07,p07_a,clip_0030,ok,150,63.08,35.82,0,66.7,55.16,1.64,-0.012657078360902758,35.69,65.55,3.35,0.2391671222261969,66.48,3.9,-0.21864846413135053,66.04,3.62,POS+CHROM,11.541,133.1856,-11.541,1.151,1.3251,-1.151,0.222,0.0492,-0.222,0.665,0.4426,-0.665
p07,p07_a,clip_0031,ok,150,72.98,26.66,1,72.02,54.79,1.47,-0.27118106127702135,36.93,78.61,1.43,0.2541218664440736,79.42,2.27,-0.22024311628883086,79.04,1.85,POS+CHROM,17.229,296.8326,-17.229,6.585,43.3575,6.585,7.4,54.7556,7.4,7.02,49.2868,7.02
p07,p07_a,clip_0032,ok,150,33.66,66.19,0,86.4,55.02,1.59,0.01720530339656082,34.88,86.37,3.41,0.28755838426239344,86.25,4.42,-0.2602433529192101,86.3,3.92,POS+CHROM,31.376,984.4451,-31.376,0.029,0.0009,-0.029,0.146,0.0212,-0.146,0.092,0.0086,-0.092
p07,p07_a,clip_0033,ok,150,61.6,36.15,0,66.18,54.92,1.58,-0.15938463082394763,35.96,62.2,4.78,0.37739014584131997,62.29,4.15,-0.3449026449094002,60.52,3.5,POS+CHROM+DEEP,11.257,126.7092,-11.257,3.982,15.8545,-3.982,3.891,15.1372,-3.891,5.663,32.0717,-5.663
p07,p07_a,clip_0034,ok,150,62.22,36.06,0,61.98,54.89,1.6,-0.12924861260358825,35.64,63.59,3.4,0.3310284103254028,64.4,3.93,-0.3142487787951262,64.01,3.67,POS+CHROM,7.087,50.2321,-7.087,1.607,2.5832,1.607,2.422,5.8644,2.422,2.033,4.1318,2.033
p07,p07_a,clip_0035,ok,150,60.18,39.3,0,76.16,54.93,1.53,-0.03299657239358703,34.84,75.96,1.71,0.34616618055897364,73.93,1.96,-0.33014227963459003,74.92,1.83,POS+CHROM,21.225,450.5128,-21.225,0.198,0.0392,-0.198,2.233,4.9884,-2.233,1.238,1.5316,-1.238
p07,p07_a,clip_0036,ok,150,49.31,50.67,0,78.29,55.02,1.51,0.3126442102642378,35.99,77.52,4.6,0.403934292196177,77.0,4.14,-0.437529966265463,77.27,4.37,POS+CHROM,23.267,541.3403,-23.267,0.774,0.5995,-0.774,1.288,1.6598,-1.288,1.021,1.0432,-1.021
p07,p07_a,clip_0037,ok,150,55.62,44.26,0,78.51,54.95,1.57,-0.040844619670976336,36.91,76.79,3.89,0.23274067093844603,78.68,1.99,-0.22667382109816245,77.59,2.94,POS+CHROM,23.558,554.9839,-23.558,1.719,2.9549,-1.719,0.172,0.0297,0.172,0.922,0.8501,-0.922
p07,p07_a,clip_0038,ok,150,29.94,69.96,0,89.31,54.96,1.62,0.03203970701048944,35.57,87.17,2.33,0.2080460971612408,87.45,0.11,-0.1530946816769592,87.28,1.22,POS+CHROM,34.356,1180.3141,-34.356,2.149,4.6173,-2.149,1.864,3.4761,-1.864,2.033,4.1314,-2.033
p07,p07_a,clip_0039,ok,150,37.19,62.79,0,91.36,54.91,1.61,0.365006796293806,35.68,95.12,-1.3,0.23912663082767663,66.17,-1.97,-0.21096155390609853,69.19,-0.55,POS+CHROM+DEEP,36.452,1328.7333,-36.452,3.768,14.1941,3.768,25.188,634.4455,-25.188,22.162,491.1729,-22.162
p07,p07_a,clip_0040,ok,150,43.97,55.91,0,81.22,55.04,1.5,-0.039196602619936266,34.81,81.14,1.38,0.08709822675690057,81.88,0.25,-0.12598433222072902,81.48,0.81,POS+CHROM,26.187,685.758,-26.187,0.08,0.0065,-0.08,0.654,0.4278,0.654,0.252,0.0636,0.252
p07,p07_a,clip_0041,ok,150,34.93,65.01,0,88.6,54.63,1.48,0.05863979328940387,36.21,65.03,1.87,0.14858472129051617,118.27,-2.22,-0.09230631883118284,72.07,0.38,POS+CHROM+DEEP,33.971,1154.0267,-33.971,23.57,555.5519,-23.57,29.666,880.0981,29.666,16.527,273.138,-16.527
p07,p07_a,clip_0042,ok,150,38.78,60.91,0,94.85,54.98,1.57,-0.11532835954002722,35.37,96.54,1.52,0.14694465199393283,96.86,-0.27,-0.13929695519120672,96.67,0.62,POS+CHROM,39.874,1589.9753,-39.874,1.685,2.8389,1.685,2.003,4.0125,2.003,1.821,3.3144,1.821
p07,p07_a,clip_0043,ok,150,68.7,30.11,0,69.89,54.72,1.49,-0.2729849746520399,35.24,66.87,1.3,0.3681739261374847,66.64,-0.3,-0.31124881898848566,66.77,0.5,POS+CHROM,15.163,229.9121,-15.163,3.014,9.087,-3.014,3.243,10.5159,-3.243,3.114,9.694,-3.114
p07,p07_a,clip_0044,ok,150,70.53,28.79,1,73.83,54.96,1.53,0.31615724946918766,35.5,65.4,3.16,0.3583096471132504,64.74,2.42,-0.32755453080342545,65.09,2.79,POS+CHROM,18.874,356.2146,-18.874,8.437,71.1751,-8.437,9.094,82.7029,-9.094,8.745,76.4766,-8.745
p07,p07_a,clip_0045,ok,150,45.06,54.58,0,79.77,54.92,1.6,0.026617455778652283,35.98,75.81,1.73,0.24631922595474853,79.1,1.23,-0.22350359361138422,77.39,1.48,POS+CHROM,24.85,617.5017,-24.85,3.962,15.6988,-3.962,0.673,0.4526,-0.673,2.386,5.6939,-2.386
p07,p07_a,clip_0046,ok,150,59.72,39.4,0,66.4,54.99,1.68,0.31789280782306495,35.02,64.88,4.63,0.3377650879020658,64.86,3.48,-0.2997391370672626,64.87,4.05,POS+CHROM,11.417,130.3421,-11.417,1.522,2.316,-1.522,1.543,2.3811,-1.543,1.531,2.3453,-1.531
p07,p07_a,clip_0047,ok,150,73.95,25.98,1,70.71,54.88,1.51,0.26988419252044615,36.35,72.39,2.87,0.3178128176199672,70.55,3.18,-0.3128932109250142,71.45,3.02,POS+CHROM,15.83,250.6034,-15.83,1.687,2.8448,1.687,0.158,0.0249,-0.158,0.741,0.5493,0.741
p07,p07_a,clip_0048,ok,150,37.22,62.52,0,83.41,54.95,1.59,-0.26922833670826557,35.64,85.54,3.94,0.26718826205712026,86.42,2.71,-0.18183323019496672,85.94,3.32,POS+CHROM,28.466,810.3211,-28.466,2.123,4.5089,2.123,3.009,9.0528,3.009,2.521,6.3552,2.521
p07,p07_a,clip_0049,ok,150,48.77,50.21,0,71.09,54.79,1.38,-0.012155885167168914,36.7,94.34,-1.7,0.4227713840537553,98.08,-0.61,-0.30134952308372515,96.38,-1.15,POS+CHROM,16.298,265.6296,-16.298,23.251,540.628,23.251,26.986,728.2541,26.986,25.288,639.4783,25.288
p07,p07_a,clip_0050,ok,150,72.31,27.53,1,71.38,54.89,1.66,-0.19915343056868734,36.61,72.56,2.08,0.36448191686542836,72.15,0.9,-0.3773114175994494,72.37,1.49,POS+CHROM,16.487,271.8115,-16.487,1.175,1.3801,1.175,0.767,0.5876,0.767,0.991,0.9812,0.991
p07,p07_a,clip_0051,ok,150,36.93,62.28,0,84.3,54.98,1.61,0.05112846821197338,35.68,58.12,0.39,0.23604760500844946,59.5,-1.09,-0.19790071582898333,57.2,0.3,POS+CHROM+DEEP,29.319,859.5862,-29.319,26.176,685.2019,-26.176,24.793,614.6855,-24.793,27.097,734.2698,-27.097
p07,p07_a,clip_0052,ok,150,40.72,58.7,0,80.5,54.87,1.52,-0.04017042596166736,35.96,107.62,-3.05,0.2363949096930736,105.86,-1.57,-0.152014667248897,106.63,-2.31,POS+CHROM,25.63,656.9168,-25.63,27.125,735.7824,27.125,25.357,643.0008,25.357,26.133,682.9266,26.133
p07,p07_a,clip_0053,ok,150,71.63,27.95,1,68.92,55.09,1.62,-0.032064528946663694,34.98,69.73,3.18,0.35271228773429814,69.58,3.86,-0.36794896595909143,69.65,3.52,POS+CHROM,13.83,191.2637,-13.83,0.816,0.6651,0.816,0.662,0.4385,0.662,0.735,0.5395,0.735
p07,p07_a,clip_0054,ok,150,53.59,45.53,0,79.59,54.87,1.58,-0.23565767292011935,37.38,82.55,2.65,0.21362996249660884,81.94,0.02,-0.21023798321304005,82.31,1.33,POS+CHROM,24.719,611.05,-24.719,2.961,8.7681,2.961,2.347,5.5068,2.347,2.72,7.3997,2.72
p07,p07_a,clip_0055,ok,150,40.1,59.82,0,83.57,54.91,1.6,0.3581442397495879,35.66,83.3,1.09,0.24674400369111188,82.35,-1.25,-0.19569340145245018,82.92,-0.08,POS+CHROM,28.663,821.5605,-28.663,0.274,0.0751,-0.274,1.218,1.484,-1.218,0.655,0.4293,-0.655
p07,p07_a,clip_0056,ok,150,71.7,28.09,1,72.17,55.18,1.66,0.11705689360400194,34.87,71.1,3.65,0.28551949542223437,73.78,1.74,-0.24959349747494186,72.23,2.7,POS+CHROM,16.993,288.7472,-16.993,1.068,1.1408,-1.068,1.612,2.5979,1.612,0.06,0.0036,0.06
p07,p07_a,clip_0057,ok,150,47.07,52.76,0,84.91,54.81,1.55,0.23814339745129998,35.76,81.19,1.1,0.2651949672608068,79.23,0.61,-0.21947638548854606,80.25,0.85,POS+CHROM,30.102,906.1133,-30.102,3.727,13.8883,-3.727,5.684,32.3107,-5.684,4.666,21.7689,-4.666
p07,p07_a,clip_0058,ok,150,37.74,62.15,0,94.84,54.98,1.55,-0.3036412268092577,37.26,93.39,1.9,0.2607005181382961,93.62,0.01,-0.26980672201719375,93.49,0.95,POS+CHROM,39.858,1588.6919,-39.858,1.453,2.1122,-1.453,1.221,1.491,-1.221,1.355,1.837,-1.355
p07,p07_a,clip_0059,ok,150,55.29,44.65,0,79.77,54.82,1.53,0.25462188264325863,37.46,77.76,-0.55,0.16189730256802948,74.69,-1.55,-0.19771960071449166,76.35,-1.05,POS+CHROM,24.947,622.3439,-24.947,2.008,4.0335,-2.008,5.084,25.843,-5.084,3.418,11.6846,-3.418
p07,p07_a,clip_0060,ok,150,36.87,62.79,0,83.97,54.75,1.34,-0.263041514097313,37.29,86.78,1.6,0.1791548293121424,87.12,3.17,-0.22576952143445672,86.97,2.39,POS+CHROM,29.222,853.9282,-29.222,2.815,7.9254,2.815,3.149,9.9186,3.149,3.004,9.0241,3.004
p07,p07_a,clip_0061,ok,150,34.68,65.27,0,86.03,54.93,1.64,0.13598040506124792,36.37,89.77,4.11,0.2592817001338486,90.14,3.64,-0.2597254627726547,89.95,3.87,POS+CHROM,31.105,967.5246,-31.105,3.739,13.9772,3.739,4.103,16.836,4.103,3.914,15.3176,3.914
p07,p07_a,clip_0062,ok,150,54.4,44.92,0,70.63,54.88,1.56,0.3720285785604117,35.64,70.77,4.85,0.2579708739826158,71.03,3.46,-0.24053714329130335,70.89,4.15,POS+CHROM,15.752,248.1104,-15.752,0.138,0.019,0.138,0.403,0.1625,0.403,0.255,0.0651,0.255
p07,p07_a,clip_0063,ok,150,47.61,52.3,0,81.31,55.09,1.44,-0.23753416016676207,34.1,81.31,-0.15,0.3414363173807419,78.99,-1.03,-0.30092105672151465,80.23,-0.59,POS+CHROM,26.213,687.1035,-26.213,0.002,0.0,0.002,2.319,5.3785,-2.319,1.073,1.1512,-1.073
p07,p07_a,clip_0064,ok,150,31.37,68.51,0,94.06,55.04,1.62,-0.35377449336402056,35.67,62.21,-1.83,0.20974178608578736,62.88,-0.33,-0.16249152415422036,59.28,-0.18,POS+CHROM+DEEP,39.016,1522.2613,-39.016,31.845,1014.0936,-31.845,31.179,972.1031,-31.179,34.773,1209.1831,-34.773
p07,p07_a,clip_0065,ok,150,39.95,59.99,0,84.04,54.96,1.59,0.1622215996585734,35.03,88.04,0.19,0.22522532607821913,89.73,0.95,-0.13034532382074748,88.94,0.57,POS+CHROM,29.085,845.9224,-29.085,3.999,15.9935,3.999,5.686,32.3279,5.686,4.896,23.9705,4.896
p07,p07_a,clip_0066,ok,150,63.07,36.55,0,76.95,54.74,1.35,-0.009288404732818414,37.29,76.94,2.13,0.14345476152183262,77.49,0.71,-0.10201740455876712,77.18,1.42,POS+CHROM,22.21,493.2916,-22.21,0.009,0.0001,-0.009,0.535,0.2857,0.535,0.231,0.0532,0.231
p07,p07_a,clip_0067,ok,150,31.06,68.82,0,92.73,55.09,1.57,0.08598856272865532,36.26,93.26,-0.11,0.09548303097508656,90.51,1.36,-0.10555830707754577,91.72,0.63,POS+CHROM,37.645,1417.1288,-37.645,0.528,0.2785,0.528,2.224,4.9454,-2.224,1.016,1.0315,-1.016
p07,p07_a,clip_0068,ok,150,41.54,58.29,0,91.59,55.1,1.58,-0.19892035443823453,35.71,84.79,2.86,0.16394204770236934,84.17,1.38,-0.23380280077942037,84.52,2.12,POS+CHROM,36.488,1331.3973,-36.488,6.801,46.2538,-6.801,7.415,54.9843,-7.415,7.07,49.9916,-7.07
p07,p07_a,clip_0069,ok,150,68.65,30.96,0,75.48,54.9,1.66,0.3265876274090329,35.59,75.42,1.84,0.15764498129844523,77.34,2.1,-0.24220006734818367,76.4,1.97,POS+CHROM,20.584,423.6817,-20.584,0.06,0.0037,-0.06,1.859,3.4559,1.859,0.92,0.8459,0.92
p07,p07_a,clip_0070,ok,150,44.3,55.07,0,82.33,54.98,1.6,0.011813080015033315,35.5,82.37,2.99,0.28636571281441164,81.7,2.96,-0.28310132178349084,82.03,2.97,POS+CHROM,27.358,748.4532,-27.358,0.034,0.0011,0.034,0.633,0.4002,-0.633,0.299,0.0892,-0.299
p07,p07_b,clip_0000,ok,150,77.77,20.87,1,72.83,55.16,1.53,-0.12423990622461956,37.44,108.13,-0.91,0.08809202291042201,111.81,-2.34,-0.11540772226173375,109.75,-1.63,POS+CHROM,17.672,312.2954,-17.672,35.305,1246.4624,35.305,38.977,1519.2062,38.977,36.923,1363.288,36.923
p07,p07_b,clip_0001,ok,150,76.95,22.83,1,73.15,55.25,1.83,0.2893925362287998,36.82,75.15,1.77,0.14569373305734248,73.53,-1.5,-0.10870737945811362,74.55,0.13,POS+CHROM,17.893,320.1614,-17.893,2.001,4.0025,2.001,0.383,0.1469,0.383,1.407,1.98,1.407
p07,p07_b,clip_0002,ok,150,66.93,32.86,0,75.18,55.04,1.42,0.3056253176821704,38.08,106.47,-0.59,0.009304264996412763,109.43,-1.68,0.0199020803619822,107.81,-1.14,POS+CHROM,20.145,405.8297,-20.145,31.285,978.7526,31.285,34.244,1172.6614,34.244,32.63,1064.7472,32.63
p07,p07_b,clip_0003,ok,150,74.05,25.37,1,73.95,55.15,1.52,0.27019228695937836,37.82,100.63,-1.15,0.007174945816758002,100.39,-1.29,0.02587348683572073,100.51,-1.22,POS+CHROM,18.794,353.2147,-18.794,26.685,712.09,26.685,26.446,699.4167,26.446,26.567,705.8117,26.567
p07,p07_b,clip_0004,ok,150,78.84,20.29,1,67.98,55.18,1.61,0.15685575002740412,37.54,65.37,1.33,0.09001992272609653,65.55,1.78,-0.06635363279714653,65.46,1.55,POS+CHROM,12.799,163.8104,-12.799,2.611,6.8199,-2.611,2.435,5.9271,-2.435,2.52,6.3489,-2.52
p07,p07_b,clip_0005,ok,150,71.92,25.74,1,62.94,55.2,1.64,-0.07780675984416803,37.44,128.47,-4.24,0.005779031365962886,69.0,-2.45,-0.008133801494408233,73.53,-1.68,POS+CHROM+DEEP,7.741,59.9273,-7.741,65.531,4294.3103,65.531,6.059,36.7157,6.059,10.593,112.2059,10.593
p07,p07_b,clip_0006,ok,150,75.87,21.51,1,66.73,55.25,1.89,-0.025422775586242993,35.49,119.42,2.46,0.04587229862707343,119.19,1.88,-0.012205317342137418,119.31,2.17,POS+CHROM,11.482,131.8471,-11.482,52.692,2776.495,52.692,52.465,2752.5301,52.465,52.584,2765.0819,52.584
p07,p07_b,clip_0007,ok,150,78.94,20.55,1,71.28,55.15,1.56,0.09651815208357956,35.85,71.82,1.75,0.20028953472360023,69.21,1.2,-0.15517375938451972,70.58,1.47,POS+CHROM,16.13,260.1623,-16.13,0.547,0.2993,0.547,2.062,4.253,-2.062,0.699,0.4881,-0.699
p07,p07_b,clip_0008,ok,150,72.26,22.17,1,61.79,55.14,1.56,-0.18411000790702156,37.94,54.83,-2.05,0.21356701075021553,55.89,-1.9,-0.19665203447213722,55.26,-0.8,POS+CHROM+DEEP,6.649,44.2035,-6.649,6.957,48.3949,-6.957,5.897,34.7782,-5.897,6.528,42.6194,-6.528
p07,p07_b,clip_0009,ok,150,71.41,24.98,1,63.01,55.12,1.53,-0.06899448856536006,36.49,68.21,-0.26,0.27277176953476623,67.39,-2.29,-0.2006976236076563,67.87,-1.27,POS+CHROM,7.894,62.3096,-7.894,5.196,26.9999,5.196,4.374,19.1327,4.374,4.854,23.5634,4.854
p07,p07_b,clip_0010,ok,150,73.45,23.08,1,61.47,55.23,1.58,0.27309540223760315,37.37,61.01,5.4,0.30540940943463146,59.14,2.62,-0.24484492741442787,59.05,3.2,POS+CHROM+DEEP,6.244,38.9827,-6.244,0.464,0.2157,-0.464,2.33,5.4297,-2.33,2.426,5.8852,-2.426
p07,p07_b,clip_0011,ok,150,70.27,26.82,1,61.86,55.43,1.76,-0.2530709291374475,37.0,65.91,1.14,0.15959370379950663,67.43,-1.18,-0.12269652709649745,66.53,-0.02,POS+CHROM,6.437,41.4345,-6.437,4.05,16.4063,4.05,5.565,30.9648,5.565,4.663,21.7409,4.663
p07,p07_b,clip_0012,ok,150,73.6,26.01,1,65.56,55.26,1.78,-0.11972854494625915,37.86,60.92,-2.66,0.06716032586357754,98.68,-0.89,-0.011469401481971944,57.09,-0.44,POS+DEEP,10.298,106.0402,-10.298,4.641,21.5371,-4.641,33.12,1096.9634,33.12,8.47,71.7335,-8.47
p07,p07_b,clip_0013,ok,150,78.85,20.33,1,68.58,55.18,1.51,-0.0690264461798102,37.95,68.17,-0.47,0.33110080593368096,70.16,-1.35,-0.23959114570617146,69.09,-0.91,POS+CHROM,13.392,179.3572,-13.392,0.408,0.1667,-0.408,1.584,2.5095,1.584,0.515,0.2653,0.515
p07,p07_b,clip_0014,ok,150,78.31,20.09,1,63.26,55.38,1.81,0.1643471780003644,36.96,120.03,-2.71,0.1681864228454496,69.6,-3.46,-0.15777039163644607,74.64,-1.45,POS+CHROM+DEEP,7.877,62.0534,-7.877,56.773,3223.2116,56.773,6.336,40.1417,6.336,11.378,129.4481,11.378
p07,p07_b,clip_0015,ok,150,76.7,22.45,1,69.01,55.25,1.78,0.3465562001420609,37.99,62.37,0.24,0.1286260086626572,62.92,0.95,-0.10925653135352999,59.85,0.99,POS+CHROM+DEEP,13.758,189.2878,-13.758,6.64,44.0877,-6.64,6.09,37.0893,-6.09,9.152,83.7628,-9.152
p07,p07_b,clip_0016,ok,150,71.96,24.29,1,59.7,55.19,1.56,-0.05385503940847998,37.37,58.85,4.16,0.2715537269756006,60.35,1.41,-0.16520784502679578,58.23,2.37,POS+CHROM+DEEP,4.502,20.2663,-4.502,0.846,0.7149,-0.846,0.653,0.4258,0.653,1.469,2.158,-1.469
p07,p07_b,clip_0017,ok,150,73.98,24.17,1,65.2,55.28,1.8,0.030636689580698262,38.01,62.98,2.79,0.1525417244262049,63.84,2.36,-0.11263846539303257,60.92,2.32,POS+CHROM+DEEP,9.924,98.4904,-9.924,2.218,4.9217,-2.218,1.362,1.854,-1.362,4.281,18.3279,-4.281
p07,p07_b,clip_0018,ok,150,77.4,20.99,1,67.73,55.17,1.58,0.23406887029771903,37.62,83.86,-0.2,0.007702370660599193,83.74,1.49,0.03330437684471512,83.8,0.65,POS+CHROM,12.558,157.7073,-12.558,16.133,260.2868,16.133,16.013,256.4154,16.013,16.065,258.077,16.065
p07,p07_b,clip_0019,ok,150,80.85,17.55,1,66.87,55.24,1.75,0.31802177081447175,36.57,86.05,-0.19,-0.06360695664972733,86.7,-0.37,0.09788319696303147,86.37,-0.28,POS+CHROM,11.625,135.1519,-11.625,19.181,367.9024,19.181,19.834,393.4032,19.834,19.503,380.3564,19.503
p07,p07_b,clip_0020,ok,150,81.69,18.06,1,68.51,55.33,1.78,-0.21463428541852123,37.06,114.83,-2.14,0.1766173359374203,66.88,-1.51,-0.1785592963756754,73.26,-0.62,POS+CHROM+DEEP,13.184,173.8244,-13.184,46.325,2146.0188,46.325,1.629,2.6531,-1.629,4.756,22.6153,4.756
p07,p07_b,clip_0021,ok,150,75.38,23.58,1,71.85,55.26,1.77,0.08255406209539334,38.03,119.61,-3.69,0.17267261640885845,121.07,-4.5,-0.1569526503149736,120.29,-4.1,POS+CHROM,16.595,275.3931,-16.595,47.754,2280.4662,47.754,49.215,2422.1482,49.215,48.435,2345.9753,48.435
p07,p07_b,clip_0022,ok,150,75.23,24.65,1,74.31,55.26,1.64,0.17101136797147426,36.72,74.03,4.15,0.12061959591017363,72.26,3.66,-0.10162226194258416,73.18,3.91,POS+CHROM,19.059,363.2426,-19.059,0.288,0.0827,-0.288,2.054,4.2182,-2.054,1.135,1.2875,-1.135
p07,p07_b,clip_0023,ok,150,79.62,19.88,1,65.79,55.33,1.78,-0.18746940496633602,38.01,65.23,3.98,0.09978634767542065,66.86,4.3,-0.08585827963855736,66.07,4.14,POS+CHROM,10.455,109.2993,-10.455,0.553,0.306,-0.553,1.069,1.1428,1.069,0.28,0.0784,0.28
p07,p07_b,clip_0024,ok,150,73.64,25.3,1,66.1,55.16,1.59,-0.04463371318790331,37.91,62.34,2.95,0.17872398909714327,62.46,2.94,-0.16232522495954801,60.34,2.49,POS+CHROM+DEEP,10.94,119.6901,-10.94,3.76,14.1401,-3.76,3.634,13.2054,-3.634,5.763,33.2107,-5.763
p07,p07_b,clip_0025,ok,150,68.08,28.18,1,59.68,55.19,1.52,-0.14112751726979011,36.64,59.32,6.7,0.174128877910222,59.52,5.25,-0.18210215442131505,58.6,4.49,POS+CHROM+DEEP,4.487,20.133,-4.487,0.351,0.123,-0.351,0.156,0.0244,-0.156,1.071,1.1477,-1.071
p07,p07_b,clip_0026,ok,150,66.67,30.81,0,59.8,55.31,1.77,-0.08441991077468738,38.01,77.11,0.23,0.12552752892992475,77.55,0.68,-0.11961457665937962,77.34,0.45,POS+CHROM,4.498,20.2311,-4.498,17.309,299.6139,17.309,17.742,314.764,17.742,17.534,307.4276,17.534
p07,p07_b,clip_0027,ok,150,75.93,22.67,1,65.33,55.26,1.79,0.0913320066125414,37.91,102.62,-1.72,0.18630560237973928,111.31,-0.93,-0.19270955194941897,83.55,-0.29,POS+CHROM+DEEP,10.074,101.4897,-10.074,37.287,1390.3279,37.287,45.973,2113.5298,45.973,18.214,331.7651,18.214
p07,p07_b,clip_0028,ok,150,70.15,25.72,1,60.18,55.17,1.55,-0.05968593470681323,37.97,58.6,3.3,0.13214074400998402,58.72,1.51,-0.18176236725919734,57.61,2.12,POS+CHROM+DEEP,5.008,25.0823,-5.008,1.586,2.5165,-1.586,1.465,2.1474,-1.465,2.577,6.6406,-2.577
p07,p07_b,clip_0029,ok,150,65.26,31.88,0,61.78,55.36,1.81,-0.011679202920050287,36.68,61.47,0.49,0.32205909401636396,61.43,0.71,-0.34064484583679927,59.14,1.0,POS+CHROM+DEEP,6.427,41.3042,-6.427,0.311,0.0968,-0.311,0.351,0.1233,-0.351,2.644,6.9899,-2.644
p07,p07_b,clip_0030,ok,150,76.19,22.78,1,65.53,55.33,1.78,0.320109781704085,36.91,62.51,2.69,0.36170681350173584,60.79,2.99,-0.3487732413017422,59.77,2.49,POS+CHROM+DEEP,10.193,103.8926,-10.193,3.017,9.102,-3.017,4.741,22.4803,-4.741,5.76,33.1737,-5.76
p07,p07_b,clip_0031,ok,150,69.39,23.05,1,113.28,55.19,1.54,-0.0938357269633433,36.59,58.55,1.97,0.16596331349825846,58.39,0.51,-0.12130461265809231,57.35,1.34,POS+CHROM+DEEP,58.089,3374.2882,-58.089,54.732,2995.5376,-54.732,54.896,3013.5516,-54.896,55.93,3128.2055,-55.93
p07,p07_b,clip_0032,ok,150,66.84,28.92,1,58.54,55.32,1.74,0.10192586503696793,37.01,62.65,0.58,0.012892718222959763,61.17,1.12,-0.02509616007469422,59.47,1.15,POS+CHROM+DEEP,3.218,10.3548,-3.218,4.111,16.8989,4.111,2.63,6.9176,2.63,0.933,0.871,0.933
p07,p07_b,clip_0033,ok,150,68.03,29.7,1,62.76,55.13,1.6,-0.20599099040739194,37.63,62.98,1.07,-0.03768693078102468,64.11,0.8,0.05495680448018846,60.52,1.16,POS+CHROM+DEEP,7.631,58.2293,-7.631,0.212,0.0448,0.212,1.349,1.8199,1.349,2.241,5.0233,-2.241
p07,p07_b,clip_0034,ok,150,76.0,22.04,1,63.56,55.16,1.45,-0.0006650258666784653,37.2,60.26,3.41,0.21379392328442834,57.78,3.15,-0.13737094386936108,58.0,2.67,POS+CHROM+DEEP,8.4,70.562,-8.4,3.302,10.9048,-3.302,5.782,33.432,-5.782,5.562,30.9346,-5.562
p07,p07_b,clip_0035,ok,150,74.54,22.32,1,60.52,55.1,1.52,-0.1727589110097294,38.08,64.71,0.36,0.05457086273516801,65.52,-0.56,0.004302054311861448,65.09,-0.1,POS+CHROM,5.416,29.3301,-5.416,4.194,17.5868,4.194,5.003,25.0261,5.003,4.567,20.8597,4.567
p07,p07_b,clip_0036,ok,150,68.78,29.8,1,62.94,55.12,1.62,-0.11215477256521805,37.84,63.46,-0.61,-0.01461046114999842,65.17,-1.18,0.08423397959311703,64.28,-0.89,POS+CHROM,7.82,61.16,-7.82,0.519,0.2692,0.519,2.229,4.9705,2.229,1.333,1.7779,1.333
p07,p07_b,clip_0037,ok,150,69.15,27.66,1,60.25,55.25,1.74,0.20299749428515448,36.54,60.59,1.5,0.0003506530740950066,58.88,-0.12,-0.003036049153114677,58.14,1.04,POS+CHROM+DEEP,5.002,25.0207,-5.002,0.339,0.1152,0.339,1.369,1.875,-1.369,2.108,4.4426,-2.108
p07,p07_b,clip_0038,ok,150,61.14,34.3,0,58.77,55.26,1.78,-0.14290010730223163,36.23,75.83,2.27,-0.07298049933945519,76.26,1.67,0.07900674941482735,76.03,1.97,POS+CHROM,3.505,12.2821,-3.505,17.061,291.0759,17.061,17.497,306.1367,17.497,17.268,298.1824,17.268
p07,p07_b,clip_0039,ok,150,74.99,23.37,1,66.98,55.24,1.69,-0.057318010301335764,38.07,57.61,0.43,-0.15262423536252,57.67,-0.14,0.14869091964123332,56.7,0.66,POS+CHROM+DEEP,11.743,137.9005,-11.743,9.373,87.8536,-9.373,9.318,86.8294,-9.318,10.287,105.8292,-10.287
p07,p07_b,clip_0040,ok,150,70.29,23.1,1,113.11,55.19,1.53,0.04298152124900771,38.04,62.13,5.28,0.038111832725188796,60.33,3.92,-0.005965310235503226,59.92,3.58,POS+CHROM+DEEP,57.922,3354.9897,-57.922,50.975,2598.4244,-50.975,52.773,2785.0319,-52.773,53.184,2828.5798,-53.184
p07,p07_b,clip_0041,ok,150,58.65,32.27,0,112.41,55.29,1.72,0.3140255827390993,38.07,72.47,-2.06,0.1194956847327097,58.04,-2.18,-0.13595187536976078,56.24,-0.23,CHROM+DEEP,57.121,3262.8004,-57.121,39.945,1595.5664,-39.945,54.37,2956.0946,-54.37,56.177,3155.8346,-56.177
p07,p07_b,clip_0042,ok,150,70.37,27.51,1,66.72,55.2,1.61,-0.1875659900638242,38.01,64.59,0.87,0.14092646708790318,64.15,-0.2,-0.10679511284471419,64.39,0.33,POS+CHROM,11.52,132.7099,-11.52,2.136,4.5607,-2.136,2.572,6.6162,-2.572,2.335,5.4503,-2.335
p07,p07_b,clip_0043,ok,150,75.83,22.45,1,63.34,55.27,1.77,-0.0959754560042401,37.84,56.72,2.84,0.21855324644239332,57.28,1.41,-0.22028517086687646,56.42,2.01,POS+CHROM+DEEP,8.068,65.0912,-8.068,6.617,43.7841,-6.617,6.059,36.7147,-6.059,6.912,47.7774,-6.912
p07,p07_b,clip_0044,ok,150,76.99,20.73,1,60.7,55.33,1.82,0.28341461695781756,36.92,59.81,-1.56,-0.14403162982047027,60.29,-1.11,0.13610539586246612,57.89,-0.28,POS+CHROM+DEEP,5.368,28.8171,-5.368,0.884,0.7816,-0.884,0.41,0.1678,-0.41,2.805,7.8694,-2.805
p07,p07_b,clip_0045,ok,150,69.61,27.81,1,61.58,55.12,1.54,-0.05918410046426745,35.7,67.74,0.91,-0.1750271095906066,68.76,-2.46,0.17553707975034158,68.11,-0.78,POS+CHROM,6.468,41.8327,-6.468,6.156,37.9006,6.156,7.175,51.4769,7.175,6.526,42.5878,6.526
p07,p07_b,clip_0046,ok,150,69.89,27.09,1,61.05,55.17,1.59,0.22561611232401885,37.96,72.93,-2.0,0.08049209603476236,118.94,-2.93,-0.08493896495927543,74.86,-1.12,POS+CHROM+DEEP,5.883,34.606,-5.883,11.879,141.1047,11.879,57.888,3351.0335,57.888,13.808,190.6591,13.808
p07,p07_b,clip_0047,ok,150,68.1,21.93,1,115.97,55.18,1.48,-0.21629959496103898,37.72,72.99,0.52,0.0936753647279187,74.71,-0.57,-0.10140514948620316,73.77,-0.02,POS+CHROM,60.784,3694.6922,-60.784,42.974,1846.7652,-42.974,41.255,1702.011,-41.255,42.192,1780.2017,-42.192
p07,p07_b,clip_0048,ok,150,74.28,24.32,1,65.22,55.2,1.64,-0.04827064205868351,37.88,89.42,-2.28,-0.020558568957687408,93.66,-0.92,0.06342069256524067,91.78,-1.6,POS+CHROM,10.016,100.3282,-10.016,24.208,586.0406,24.208,28.447,809.2346,28.447,26.567,705.8037,26.567
p07,p07_b,clip_0049,ok,150,70.74,25.89,1,60.53,55.2,1.5,-0.11423966652478496,36.61,61.62,2.16,-0.05822323821901664,61.69,-0.57,0.11140333311109277,59.36,1.03,POS+CHROM+DEEP,5.325,28.3514,-5.325,1.087,1.1816,1.087,1.156,1.3352,1.156,1.166,1.36,-1.166
p07,p07_b,clip_0050,ok,150,72.39,23.48,1,59.15,55.22,1.56,-0.024990663076914384,37.27,63.71,1.58,-0.12802620460585676,64.21,1.21,0.1339076492814092,63.95,1.4,POS+CHROM,3.926,15.4165,-3.926,4.566,20.8446,4.566,5.06,25.6027,5.06,4.805,23.0884,4.805
p07,p07_b,clip_0051,ok,150,74.99,23.63,1,62.81,55.26,1.89,0.33859954953066373,37.87,64.54,1.8,-0.1821173953833835,64.44,1.52,0.1608958211082183,64.49,1.66,POS+CHROM,7.549,56.9858,-7.549,1.727,2.9811,1.727,1.626,2.6436,1.626,1.677,2.8137,1.677
p07,p07_b,clip_0052,ok,150,70.38,27.19,1,61.92,55.28,1.7,0.0070661205630534,35.89,60.48,1.45,-0.13920013284700117,134.77,-5.58,0.1400769737785192,57.83,1.57,POS+DEEP,6.646,44.1743,-6.646,1.443,2.0832,-1.443,72.847,5306.713,72.847,4.099,16.7992,-4.099
p07,p07_b,clip_0053,ok,150,63.74,30.55,0,61.42,55.39,1.72,0.012128580693779175,38.17,77.11,1.31,0.16100622232731393,77.25,0.09,-0.1740642614962584,77.17,0.7,POS+CHROM,6.032,36.3802,-6.032,15.688,246.1092,15.688,15.822,250.3336,15.822,15.748,248.0017,15.748
p07,p07_b,clip_0054,ok,150,69.5,27.62,1,60.72,55.04,1.52,-0.09060999623183855,37.95,67.34,2.73,0.3786779949618969,67.78,1.88,-0.3794087161115228,67.54,2.31,POS+CHROM,5.683,32.2983,-5.683,6.614,43.7443,6.614,7.053,49.7505,7.053,6.818,46.4878,6.818
p07,p07_b,clip_0055,ok,150,72.76,26.08,1,61.51,55.16,1.58,-0.08715969906177481,37.96,65.23,4.32,0.24927172446597887,66.31,3.02,-0.23395522600264962,65.71,3.67,POS+CHROM,6.346,40.2705,-6.346,3.727,13.8928,3.727,4.804,23.0806,4.804,4.208,17.7049,4.208
p07,p07_b,clip_0056,ok,150,74.28,23.11,1,60.15,55.32,1.66,0.21094649297343476,36.33,91.13,0.25,0.02334486960144096,93.23,1.19,0.04111585029125339,92.26,0.72,POS+CHROM,4.826,23.2888,-4.826,30.977,959.5948,30.977,33.084,1094.5232,33.084,32.113,1031.2506,32.113
p07,p07_b,clip_0057,ok,150,67.9,28.82,1,60.94,55.16,1.62,-0.1425463121900365,37.91,60.16,3.25,-0.0052954339614519836,60.5,2.6,0.08493709877406355,58.84,2.49,POS+CHROM+DEEP,5.777,33.3728,-5.777,0.78,0.6079,-0.78,0.436,0.1903,-0.436,2.095,4.39,-2.095
p07,p07_b,clip_0058,ok,150,66.47,26.5,1,58.1,55.18,1.55,-0.01408252066490825,37.4,56.0,4.78,0.15712936968421173,54.03,2.68,-0.054341222827965545,55.19,3.0,POS+CHROM+DEEP,2.914,8.4931,-2.914,2.097,4.3968,-2.097,4.064,16.5129,-4.064,2.911,8.4736,-2.911
p07,p07_b,clip_0059,ok,150,64.49,30.49,0,115.89,55.27,1.77,-0.029332751479748766,36.14,60.67,2.0,0.12564485115746116,61.84,2.71,-0.11255716160744918,59.41,2.16,POS+CHROM+DEEP,60.616,3674.3211,-60.616,55.216,3048.8435,-55.216,54.053,2921.7078,-54.053,56.476,3189.5669,-56.476
p07,p07_b,clip_0060,ok,150,72.06,26.74,1,62.83,55.24,1.66,-0.30618080527245606,37.58,58.14,-2.07,0.036090733907744255,113.62,-3.05,0.005793522561905548,56.25,-0.21,POS+DEEP,7.597,57.7097,-7.597,4.696,22.0558,-4.696,50.791,2579.7456,50.791,6.584,43.3495,-6.584
p07,p07_b,clip_0061,ok,150,59.5,21.18,1,96.47,55.08,1.56,-0.19636931203967756,37.13,126.23,-8.06,0.02543198124894816,126.3,-6.57,-0.04468230253783054,126.27,-7.31,POS+CHROM,41.391,1713.1902,-41.391,29.758,885.5394,29.758,29.828,889.694,29.828,29.797,887.872,29.797
p07,p07_b,clip_0062,ok,150,55.92,28.69,1,108.11,55.3,1.78,0.004592505393487741,35.44,57.6,4.97,0.015334072260047222,58.68,4.82,-0.01790176421885867,57.48,3.85,POS+CHROM+DEEP,52.801,2787.977,-52.801,50.503,2550.5363,-50.503,49.428,2443.1289,-49.428,50.621,2562.4664,-50.621
p07,p07_b,clip_0063,ok,150,72.23,26.45,1,61.36,55.31,1.75,0.11638461291593692,36.13,123.88,-2.27,0.095401841209155,58.74,-0.12,-0.019383503356529937,56.76,0.82,CHROM+DEEP,6.051,36.6113,-6.051,62.52,3908.7598,62.52,2.612,6.8223,-2.612,4.596,21.1277,-4.596
p07,p07_b,clip_0064,ok,150,59.53,22.99,1,103.4,55.13,1.56,0.016087108704097103,37.22,58.23,3.11,-0.05224842860110083,59.12,0.97,0.049944957447640534,57.51,1.88,POS+CHROM+DEEP,48.273,2330.2488,-48.273,45.177,2040.951,-45.177,44.279,1960.5962,-44.279,45.89,2105.9092,-45.89
p07,p07_b,clip_0065,ok,150,63.61,27.96,1,117.31,55.05,1.57,-0.07137235918878095,37.91,89.57,-2.15,-0.14138346187818396,90.88,-1.61,0.13094572897103335,90.26,-1.88,POS+CHROM,62.256,3875.7482,-62.256,27.737,769.3145,-27.737,26.426,698.3312,-26.426,27.052,731.8096,-27.052
p07,p07_b,clip_0066,ok,150,71.18,27.26,1,62.57,55.6,1.8,0.18260577285029844,38.02,63.79,0.85,0.00829929868222914,65.04,1.44,0.03743290615450438,64.45,1.14,POS+CHROM,6.965,48.5081,-6.965,1.228,1.5077,1.228,2.474,6.121,2.474,1.882,3.542,1.882
p07,p07_b,clip_0067,ok,150,79.04,20.26,1,70.14,55.26,1.78,-0.15075181789576583,37.97,70.21,1.45,0.1945625467771799,70.4,2.71,-0.1825980711948566,70.32,2.08,POS+CHROM,14.881,221.4324,-14.881,0.07,0.0048,0.07,0.261,0.0682,0.261,0.175,0.0308,0.175
p07,p07_b,clip_0068,ok,150,70.97,18.59,1,58.44,55.1,1.55,-0.036559620010270584,37.84,54.42,-0.51,0.22998566473346094,57.16,-0.21,-0.18960722387526652,55.53,0.28,POS+CHROM+DEEP,3.342,11.1658,-3.342,4.019,16.1504,-4.019,1.283,1.6452,-1.283,2.912,8.4792,-2.912
p07,p07_b,clip_0069,ok,150,68.81,29.56,1,62.41,55.11,1.49,0.2974066077260753,38.13,72.44,-0.7,0.20726659214515636,70.78,-1.11,-0.2452235097810389,71.64,-0.9,POS+CHROM,7.302,53.3122,-7.302,10.026,100.5216,10.026,8.373,70.1017,8.373,9.227,85.1451,9.227
p07,p07_b,clip_0070,ok,150,71.38,25.62,1,66.63,55.11,1.6,-0.07954370034984318,37.86,62.81,3.68,0.22795979049873524,63.62,2.2,-0.26811816020887214,60.88,2.49,POS+CHROM+DEEP,11.527,132.8709,-11.527,3.827,14.645,-3.827,3.011,9.0649,-3.011,5.758,33.1523,-5.758
p07,p07_c,clip_0000,ok,150,75.06,23.07,1,66.01,55.18,1.56,-0.019724835681184053,38.03,77.36,1.23,-0.03819540328852262,74.95,1.18,0.048264469164174074,76.16,1.2,POS+CHROM,10.831,117.3007,-10.831,11.348,128.7737,11.348,8.942,79.954,8.942,10.15,103.0193,10.15
p07,p07_c,clip_0001,ok,150,77.48,22.04,1,72.88,55.19,1.52,0.03538630890674251,37.26,66.36,5.31,0.03996270388158841,67.72,4.43,-0.03266310186915864,66.99,4.87,POS+CHROM,17.689,312.8989,-17.689,6.515,42.4411,-6.515,5.161,26.6389,-5.161,5.888,34.6639,-5.888
p07,p07_c,clip_0002,ok,150,55.47,42.71,0,77.15,55.05,1.63,-0.2620118815918686,36.23,132.87,-2.81,0.11509345724721758,129.28,-2.3,-0.08056202931005803,131.0,-2.56,POS+CHROM,22.105,488.6381,-22.105,55.72,3104.735,55.72,52.127,2717.2275,52.127,53.847,2899.5027,53.847
p07,p07_c,clip_0003,ok,150,54.43,45.07,0,77.35,54.96,1.55,0.13045859506598412,38.01,69.2,-2.5,0.049597416845119396,71.99,-2.0,-0.017719642296310564,70.65,-2.25,POS+CHROM,22.393,501.444,-22.393,8.151,66.4415,-8.151,5.357,28.7026,-5.357,6.697,44.8456,-6.697
p07,p07_c,clip_0004,ok,150,82.34,17.24,1,65.85,55.2,1.61,-0.1553401474721921,35.98,108.47,-2.77,0.22749050424014752,85.11,-2.91,-0.17875997926167356,75.56,-1.36,POS+CHROM+DEEP,10.644,113.2894,-10.644,42.619,1816.3815,42.619,19.264,371.0995,19.264,9.711,94.2975,9.711
p07,p07_c,clip_0005,ok,150,68.79,22.5,1,60.7,55.11,1.61,0.15915920167953318,37.54,69.03,0.06,0.2932936940708314,69.49,-0.56,-0.26660421244965515,69.25,-0.25,POS+CHROM,5.588,31.229,-5.588,8.331,69.4074,8.331,8.799,77.4188,8.799,8.553,73.1534,8.553
p07,p07_c,clip_0006,ok,150,72.23,23.86,1,61.82,55.06,1.58,-0.12680584047132656,36.31,60.29,1.16,0.2831540857625824,60.48,4.08,-0.2728057316510043,58.86,2.27,POS+CHROM+DEEP,6.752,45.5961,-6.752,1.526,2.33,-1.526,1.336,1.7841,-1.336,2.957,8.7439,-2.957
p07,p07_c,clip_0007,ok,150,74.34,22.17,1,62.04,55.23,1.54,-0.031710276715217936,36.34,66.05,1.52,0.2496149304179693,64.31,1.31,-0.26424175240369463,65.2,1.42,POS+CHROM,6.814,46.4276,-6.814,4.009,16.0723,4.009,2.266,5.1366,2.266,3.153,9.9418,3.153
p07,p07_c,clip_0008,ok,150,79.0,19.49,1,63.97,55.39,1.73,0.27349126716654604,37.12,66.76,1.69,0.10644416158849988,67.42,0.73,-0.16792906986552497,67.06,1.21,POS+CHROM,8.571,73.456,-8.571,2.793,7.7999,2.793,3.45,11.9027,3.45,3.095,9.5804,3.095
p07,p07_c,clip_0009,ok,150,75.19,22.71,1,65.03,55.36,1.7,-0.24431620463454534,38.26,60.14,1.25,0.21438163111272962,62.08,-0.33,-0.1969247859666118,58.86,0.88,POS+CHROM+DEEP,9.671,93.5247,-9.671,4.889,23.9062,-4.889,2.949,8.6939,-2.949,6.175,38.1324,-6.175
p07,p07_c,clip_0010,ok,150,76.73,19.84,1,60.93,55.31,1.78,0.013182891395879944,37.49,62.68,-0.07,0.2541759477547732,64.49,-0.32,-0.23723484098505784,60.18,0.46,POS+CHROM+DEEP,5.622,31.6079,-5.622,1.742,3.0333,1.742,3.56,12.6745,3.56,0.753,0.5668,-0.753
p07,p07_c,clip_0011,ok,150,69.87,23.75,1,116.19,55.21,1.63,0.004056260587980616,36.18,60.35,4.98,0.23120071821473548,60.28,5.52,-0.244542092756968,59.22,4.04,POS+CHROM+DEEP,60.978,3718.3473,-60.978,55.844,3118.5432,-55.844,55.913,3126.2631,-55.913,56.973,3245.9658,-56.973
p07,p07_c,clip_0012,ok,150,69.73,24.39,1,60.04,55.4,1.78,0.06532745581718791,36.96,59.14,5.85,0.006544308490594181,58.58,4.66,-0.03660834900253059,58.13,4.1,POS+CHROM+DEEP,4.646,21.5891,-4.646,0.903,0.8146,-0.903,1.458,2.126,-1.458,1.915,3.6672,-1.915
p07,p07_c,clip_0013,ok,150,77.11,21.63,1,63.13,55.28,1.78,-0.07520617263385183,38.14,57.3,2.42,0.1456827021433908,57.45,1.51,-0.20059569403842292,56.69,1.9,POS+CHROM+DEEP,7.847,61.5676,-7.847,5.828,33.963,-5.828,5.679,32.2548,-5.679,6.439,41.4659,-6.439
p07,p07_c,clip_0014,ok,150,69.96,25.08,1,60.04,55.3,1.68,-0.06978644541450416,36.42,61.46,-0.99,0.1061295654147532,61.97,1.02,-0.18986438414952692,59.21,0.57,POS+CHROM+DEEP,4.737,22.4431,-4.737,1.417,2.0072,1.417,1.931,3.7296,1.931,0.827,0.6845,-0.827
p07,p07_c,clip_0015,ok,150,80.31,18.2,1,62.91,55.34,1.77,0.2511241488197495,38.23,66.78,-2.25,0.15273402409004505,67.33,-0.48,-0.15951437579339828,67.09,-1.36,POS+CHROM,7.564,57.22,-7.564,3.868,14.9634,3.868,4.422,19.5546,4.422,4.186,17.5212,4.186
p07,p07_c,clip_0016,ok,150,76.44,18.02,1,63.49,55.26,1.84,-0.2938993887140904,37.82,58.73,-1.07,0.09112583946264928,78.8,-1.18,-0.08660811286862215,56.58,0.39,POS+DEEP,8.224,67.6376,-8.224,4.752,22.5813,-4.752,15.311,234.439,15.311,6.901,47.6293,-6.901
p07,p07_c,clip_0017,ok,150,77.89,18.46,1,62.98,55.26,1.75,-0.1314444909540247,37.09,60.12,0.8,0.2775353344879446,57.95,0.47,-0.18198047666184608,57.63,1.01,POS+CHROM+DEEP,7.714,59.5066,-7.714,2.857,8.1598,-2.857,5.027,25.2708,-5.027,5.341,28.5301,-5.341
p07,p07_c,clip_0018,ok,150,68.49,28.62,1,60.1,55.3,1.75,0.2560844439633697,38.11,66.23,2.51,0.23928227772405397,67.55,2.22,-0.14854100645007837,66.88,2.36,POS+CHROM,4.796,22.9986,-4.796,6.131,37.5937,6.131,7.456,55.5905,7.456,6.778,45.9366,6.778
p07,p07_c,clip_0019,ok,150,73.99,22.46,1,59.78,55.25,1.66,-0.1015647952269094,37.87,101.97,-2.57,0.012052498961251039,100.8,-2.62,0.024600840037818136,101.38,-2.6,POS+CHROM,4.536,20.5772,-4.536,42.182,1779.3468,42.182,41.013,1682.0633,41.013,41.6,1730.5548,41.6
p07,p07_c,clip_0020,ok,150,74.79,22.75,1,59.81,55.13,1.62,0.2189044025619355,37.85,56.68,6.26,0.10953453383360182,56.63,4.67,-0.08825983224604943,56.34,4.18,POS+CHROM+DEEP,4.688,21.9791,-4.688,3.137,9.8378,-3.137,3.184,10.1392,-3.184,3.474,12.0687,-3.474
p07,p07_c,clip_0021,ok,150,66.99,23.63,1,110.52,55.21,1.63,-0.053909851353435026,36.07,54.4,3.06,0.11870815585507935,53.72,0.24,-0.07937789547107611,54.49,1.64,POS+CHROM+DEEP,55.31,3059.2052,-55.31,56.127,3150.2361,-56.127,56.802,3226.509,-56.802,56.035,3139.954,-56.035
p07,p07_c,clip_0022,ok,150,68.28,27.93,1,59.78,55.1,1.52,-0.07796857059368409,36.77,84.86,-2.48,0.11910997374665204,85.8,-0.74,-0.1140273857004491,85.4,-1.61,POS+CHROM,4.684,21.9369,-4.684,25.08,629.0094,25.08,26.025,677.2804,26.025,25.62,656.3946,25.62
p07,p07_c,clip_0023,ok,150,74.96,22.99,1,61.68,55.08,1.58,-0.0903593233313286,38.02,83.63,-1.63,-0.0046697013521276995,83.91,-2.15,0.05219685464609368,83.76,-1.89,POS+CHROM,6.601,43.5723,-6.601,21.951,481.8258,21.951,22.234,494.3461,22.234,22.086,487.7918,22.086
p07,p07_c,clip_0024,ok,150,74.75,23.56,1,60.52,55.28,1.79,0.12946462047639945,35.95,64.96,-4.04,-0.1749714758099159,113.64,-3.37,0.19600092398946745,71.01,-1.87,POS+CHROM+DEEP,5.243,27.4878,-5.243,4.444,19.7486,4.444,53.122,2821.9994,53.122,10.493,110.0938,10.493
p07,p07_c,clip_0025,ok,150,72.48,19.72,1,58.98,55.1,1.58,-0.07624320968471784,37.36,123.73,-3.77,-0.08841680607599489,123.01,-2.36,0.07396547288460067,123.33,-3.07,POS+CHROM,3.872,14.9892,-3.872,64.755,4193.2491,64.755,64.032,4100.1336,64.032,64.351,4141.1049,64.351
p07,p07_c,clip_0026,ok,150,80.28,17.41,1,61.19,55.2,1.61,0.14058246116117457,37.05,58.99,-1.37,-0.02120117909650719,62.16,-2.08,0.019805993870375738,58.02,-0.61,POS+CHROM+DEEP,5.994,35.9298,-5.994,2.206,4.8672,-2.206,0.969,0.9387,0.969,3.171,10.0566,-3.171
p07,p07_c,clip_0027,ok,150,72.85,24.55,1,64.16,55.15,1.57,-0.26661263450292944,35.71,63.3,-2.46,0.24581843026781128,88.45,-1.82,-0.25479648766793994,66.25,-0.91,POS+CHROM+DEEP,9.007,81.1202,-9.007,0.857,0.7344,-0.857,24.288,589.9211,24.288,2.096,4.3939,2.096
p07,p07_c,clip_0028,ok,150,77.68,20.76,1,61.34,55.13,1.54,-0.024534050783660125,37.12,61.81,3.8,0.20679689377883276,61.91,3.64,-0.20291437973634574,60.13,2.99,POS+CHROM+DEEP,6.203,38.4778,-6.203,0.477,0.2278,0.477,0.571,0.3256,0.571,1.211,1.4655,-1.211
p07,p07_c,clip_0029,ok,150,65.83,28.89,1,59.93,55.08,1.5,-0.1558052557199106,38.13,134.21,-3.19,0.04181128829631205,59.77,-2.08,-0.09160036609688775,56.74,-0.29,CHROM+DEEP,4.853,23.5525,-4.853,74.285,5518.216,74.285,0.164,0.0269,-0.164,3.188,10.1623,-3.188
p07,p07_c,clip_0030,ok,150,75.57,20.14,1,61.1,55.19,1.58,-0.08075542306312676,37.96,60.32,1.3,0.22866929331992972,59.2,3.14,-0.274480689095123,58.3,2.01,POS+CHROM+DEEP,5.911,34.9404,-5.911,0.779,0.6068,-0.779,1.898,3.6037,-1.898,2.805,7.8672,-2.805
p07,p07_c,clip_0031,ok,150,73.48,23.36,1,60.19,55.2,1.59,-0.13401577805845288,37.76,60.99,3.94,0.2817148610469037,61.13,3.65,-0.2815842438608491,59.55,3.06,POS+CHROM+DEEP,4.995,24.953,-4.995,0.793,0.6287,0.793,0.939,0.8822,0.939,0.641,0.4114,-0.641
p07,p07_c,clip_0032,ok,150,68.65,26.72,1,59.74,55.24,1.49,-0.10984313131115993,36.67,60.31,-0.14,0.1960902920384804,117.44,-1.58,-0.15726717665371376,57.43,0.67,POS+DEEP,4.504,20.2873,-4.504,0.566,0.3199,0.566,57.697,3328.9891,57.697,2.313,5.3503,-2.313
p07,p07_c,clip_0033,ok,150,73.15,21.72,1,60.23,55.22,1.62,0.3619539746790853,38.13,57.97,-2.87,-0.0507367315546825,129.6,-4.8,0.011685854223849535,56.1,-0.63,POS+DEEP,5.008,25.0794,-5.008,2.264,5.1267,-2.264,69.374,4812.7413,69.374,4.127,17.0349,-4.127
p07,p07_c,clip_0034,ok,150,76.73,18.29,1,61.23,55.16,1.55,-0.021955838141033784,36.42,74.75,-2.31,0.04577042521520364,75.66,-2.69,-0.07199838087222299,75.19,-2.5,POS+CHROM,6.073,36.8819,-6.073,13.518,182.728,13.518,14.425,208.0867,14.425,13.957,194.8042,13.957
p07,p07_c,clip_0035,ok,150,77.84,13.67,1,62.36,55.2,1.64,0.039575445934068275,37.98,92.75,-2.05,0.1767369921856273,96.61,-2.54,-0.15926464577324254,94.6,-2.29,POS+CHROM,7.155,51.1917,-7.155,30.395,923.8782,30.395,34.252,1173.2314,34.252,32.244,1039.6959,32.244
p07,p07_c,clip_0036,ok,150,76.73,19.7,1,62.11,55.24,1.54,-0.21069739929061293,35.34,67.91,-1.39,0.08854732688023272,67.05,-1.79,-0.025597897872915224,67.49,-1.59,POS+CHROM,6.874,47.248,-6.874,5.8,33.6414,5.8,4.936,24.3624,4.936,5.383,28.9718,5.383
p07,p07_c,clip_0037,ok,150,74.88,23.19,1,61.45,55.35,1.68,-0.051111967465890834,37.54,60.95,0.65,0.06601293676239282,62.64,-0.96,-0.04200101862902432,59.14,0.46,POS+CHROM+DEEP,6.096,37.16,-6.096,0.501,0.2509,-0.501,1.195,1.4285,1.195,2.312,5.3455,-2.312
p07,p07_c,clip_0038,ok,150,78.88,19.68,1,65.14,55.27,1.78,0.10518862065913134,37.45,64.6,-0.1,0.055905139536638816,64.22,-1.61,-0.07265159863419153,64.43,-0.86,POS+CHROM,9.871,97.4298,-9.871,0.543,0.2953,-0.543,0.921,0.8486,-0.921,0.709,0.5023,-0.709
p07,p07_c,clip_0039,ok,150,73.42,24.8,1,64.66,55.46,1.66,-0.19874869955105107,37.32,61.48,1.61,0.20380498311195605,61.89,3.61,-0.22012062472148208,59.87,2.29,POS+CHROM+DEEP,9.2,84.6351,-9.2,3.182,10.1259,-3.182,2.776,7.7083,-2.776,4.797,23.0138,-4.797
p07,p07_c,clip_0040,ok,150,69.63,26.86,1,59.81,55.22,1.54,-0.051999759702449834,37.11,64.16,1.56,0.10849305134470362,64.94,-0.56,-0.13729673188922145,64.48,0.5,POS+CHROM,4.59,21.0709,-4.59,4.349,18.9148,4.349,5.136,26.3792,5.136,4.674,21.8453,4.674
p07,p07_c,clip_0041,ok,150,70.51,24.61,1,59.37,55.11,1.55,-0.14666455468336106,37.72,55.63,5.08,0.12519528146477021,55.11,5.5,-0.11510082754728312,55.31,4.04,POS+CHROM+DEEP,4.26,18.1439,-4.26,3.746,14.0323,-3.746,4.259,18.1396,-4.259,4.064,16.5157,-4.064
p07,p07_c,clip_0042,ok,150,66.63,27.76,1,58.31,55.1,1.63,-0.015125340498462484,35.81,57.21,3.89,0.28411074295919636,57.66,5.61,-0.2556454374857953,56.93,3.71,POS+CHROM+DEEP,3.207,10.2855,-3.207,1.092,1.1932,-1.092,0.643,0.4132,-0.643,1.375,1.8896,-1.375
p07,p07_c,clip_0043,ok,150,65.28,27.57,1,112.02,55.12,1.5,-0.05993278441854147,36.02,56.44,1.98,0.3376944518051698,57.01,1.01,-0.20306092211800753,56.17,1.49,POS+CHROM+DEEP,56.895,3237.0847,-56.895,55.578,3088.9335,-55.578,55.006,3025.6772,-55.006,55.841,3118.2572,-55.841
p07,p07_c,clip_0044,ok,150,65.08,28.87,1,117.54,55.03,1.52,0.32999634944845363,37.3,60.38,2.9,0.20781055677731902,59.83,0.72,-0.17959935926684284,58.52,1.71,POS+CHROM+DEEP,62.507,3907.1637,-62.507,57.157,3266.9797,-57.157,57.704,3329.7188,-57.704,59.016,3482.9069,-59.016
p07,p07_c,clip_0045,ok,150,73.97,23.48,1,62.46,55.17,1.59,-0.12674379104253203,37.89,64.93,3.75,0.11270396680985177,65.26,3.81,-0.16161726339690285,65.1,3.78,POS+CHROM,7.293,53.1861,-7.293,2.469,6.0953,2.469,2.801,7.8471,2.801,2.636,6.9482,2.636
p07,p07_c,clip_0046,ok,150,72.47,20.48,1,60.02,55.2,1.63,0.03926380988108208,36.42,59.38,0.52,0.17544795278161762,59.81,-0.62,-0.18001020339025853,57.84,0.51,POS+CHROM+DEEP,4.814,23.1778,-4.814,0.639,0.4077,-0.639,0.211,0.0443,-0.211,2.18,4.7502,-2.18
p07,p07_c,clip_0047,ok,150,73.94,22.38,1,57.71,55.11,1.64,-0.09975825108471029,37.69,60.92,4.33,0.14581697695919887,61.74,3.35,-0.11760499615346448,59.71,3.11,POS+CHROM+DEEP,2.596,6.7414,-2.596,3.216,10.3454,3.216,4.036,16.2888,4.036,2.003,4.0132,2.003
p07,p07_c,clip_0048,ok,150,71.9,24.82,1,62.42,55.24,1.72,-0.027435403680902297,37.11,96.72,-0.73,0.01232976454812262,97.7,-0.93,0.026065405211295085,97.2,-0.83,POS+CHROM,7.174,51.4592,-7.174,34.307,1176.9563,34.307,35.28,1244.6642,35.28,34.785,1210.005,34.785
p07,p07_c,clip_0049,ok,150,73.61,22.61,1,60.58,55.17,1.6,-0.21846196160885956,36.05,66.18,3.73,0.13591292949296277,65.44,2.47,-0.0956864899179537,65.85,3.1,POS+CHROM,5.406,29.226,-5.406,5.606,31.4288,5.606,4.865,23.6711,4.865,5.275,27.8214,5.275
p07,p07_c,clip_0050,ok,150,68.39,23.15,1,115.04,55.1,1.55,0.020105965619437026,36.77,93.73,-2.78,0.26062553741180944,95.89,-1.86,-0.19898844335922478,94.89,-2.32,POS+CHROM,59.941,3592.914,-59.941,21.308,454.0468,-21.308,19.152,366.7977,-19.152,20.147,405.9089,-20.147
p07,p07_c,clip_0051,ok,150,71.06,26.49,1,59.57,55.25,1.88,-0.16301061251780255,36.13,123.92,-3.46,0.07866240513301417,123.05,-3.32,-0.09833624662886842,123.48,-3.39,POS+CHROM,4.328,18.7325,-4.328,64.343,4139.9587,64.343,63.472,4028.6685,63.472,63.902,4083.4804,63.902
p07,p07_c,clip_0052,ok,150,69.7,27.45,1,60.93,55.15,1.61,-0.050439548030441275,35.75,63.84,2.47,0.04416393636925571,64.65,3.54,-0.07114206379751803,64.28,3.0,POS+CHROM,5.788,33.503,-5.788,2.902,8.4217,2.902,3.713,13.7863,3.713,3.343,11.1788,3.343
p07,p07_c,clip_0053,ok,150,73.36,23.22,1,60.47,55.07,1.57,0.2102217140468214,36.3,61.69,5.23,0.07909140098032263,61.6,4.86,-0.039704499358698006,60.21,3.89,POS+CHROM+DEEP,5.397,29.1272,-5.397,1.222,1.4928,1.222,1.132,1.2805,1.132,0.26,0.0677,-0.26
p07,p07_c,clip_0054,ok,150,76.53,22.28,1,62.68,55.11,1.5,-0.1269956747052489,37.13,65.56,2.52,0.041038700811325476,67.63,1.12,0.052455668029397225,66.48,1.82,POS+CHROM,7.574,57.3622,-7.574,2.883,8.3094,2.883,4.952,24.52,4.952,3.797,14.4203,3.797
p07,p07_c,clip_0055,ok,150,79.38,19.69,1,67.26,55.13,1.6,-0.13400491278048818,37.99,111.21,-2.53,0.06857155628514236,61.57,0.19,-0.06367757448217615,57.97,0.9,CHROM+DEEP,12.135,147.2649,-12.135,43.946,1931.2698,43.946,5.688,32.3534,-5.688,9.29,86.3083,-9.29
p07,p07_c,clip_0056,ok,150,78.85,18.71,1,59.93,55.24,1.71,0.0640080453096973,38.21,62.42,1.39,0.07958478786109711,62.39,0.61,-0.10381636798767341,59.83,1.24,POS+CHROM+DEEP,4.686,21.9565,-4.686,2.495,6.2245,2.495,2.458,6.0402,2.458,0.098,0.0095,-0.098
p07,p07_c,clip_0057,ok,150,71.48,20.88,1,58.22,55.22,1.58,-0.08314099416675558,37.87,58.08,-0.36,0.20340979583305527,126.43,-2.73,-0.12788891755095386,56.42,0.61,POS+DEEP,3.001,9.0061,-3.001,0.138,0.019,-0.138,68.207,4652.2542,68.207,1.799,3.2367,-1.799
p07,p07_c,clip_0058,ok,150,74.25,23.88,1,60.89,55.14,1.63,0.26783598949886034,37.97,64.61,3.69,0.03482807767016441,66.18,3.35,0.018439627641725527,65.38,3.52,POS+CHROM,5.743,32.9855,-5.743,3.722,13.8564,3.722,5.296,28.052,5.296,4.487,20.1339,4.487
p07,p07_c,clip_0059,ok,150,73.09,21.89,1,59.89,55.35,1.66,-0.2788747745593259,36.82,128.92,-3.85,0.0760087852854264,86.96,-4.87,-0.08964763199233326,78.4,-2.36,POS+CHROM+DEEP,4.538,20.5973,-4.538,69.035,4765.8173,69.035,27.073,732.9727,27.073,18.516,342.8256,18.516
p07,p07_c,clip_0060,ok,150,73.56,25.4,1,66.93,55.52,1.66,-0.08237452276887763,37.37,94.98,-1.61,0.006309918544556181,93.48,0.37,-0.019997554968692724,94.11,-0.62,POS+CHROM,11.409,130.1748,-11.409,28.048,786.6789,28.048,26.547,704.7182,26.547,27.174,738.4332,27.174
p07,p07_c,clip_0061,ok,150,78.82,19.41,1,61.44,55.29,1.77,0.17527674058054968,37.84,60.21,2.62,-0.06809431232855517,60.46,3.55,0.05271426616726315,58.9,2.65,POS+CHROM+DEEP,6.155,37.8883,-6.155,1.237,1.5298,-1.237,0.984,0.9683,-0.984,2.545,6.4778,-2.545
p07,p07_c,clip_0062,ok,150,73.89,21.61,1,61.54,55.15,1.63,-0.09114868532668646,37.77,61.19,6.13,0.061942108093285916,62.08,4.36,-0.08695764216583099,60.2,4.04,POS+CHROM+DEEP,6.39,40.8373,-6.39,0.35,0.1226,-0.35,0.546,0.2987,0.546,1.337,1.7883,-1.337
p07,p07_c,clip_0063,ok,150,71.71,22.6,1,59.68,55.11,1.54,0.31335360855180583,37.04,60.87,-1.27,0.1933626445141985,60.22,-0.48,-0.18066441224721866,58.21,-0.07,POS+CHROM+DEEP,4.567,20.8612,-4.567,1.192,1.4215,1.192,0.545,0.2965,0.545,1.465,2.1462,-1.465
p07,p07_c,clip_0064,ok,150,66.92,25.48,1,112.51,55.18,1.61,-0.08307898135883914,35.97,56.71,4.89,0.10820789286207023,57.52,4.88,-0.1321046302310489,56.68,3.8,POS+CHROM+DEEP,57.331,3286.8046,-57.331,55.808,3114.5158,-55.808,54.993,3024.2232,-54.993,55.834,3117.4792,-55.834
p07,p07_c,clip_0065,ok,150,69.14,26.77,1,59.59,55.29,1.67,0.33531030736622996,36.94,56.16,1.1,0.16913691282258955,116.62,-5.36,-0.17013734680523074,55.7,1.38,POS+DEEP,4.302,18.5072,-4.302,3.436,11.8032,-3.436,57.029,3252.287,57.029,3.889,15.1244,-3.889
p07,p07_c,clip_0066,ok,150,72.1,26.3,1,62.44,55.24,1.82,-0.2311021752487884,37.21,104.8,0.13,0.3787034234183729,106.34,1.35,-0.34167235497729803,105.65,0.74,POS+CHROM,7.196,51.778,-7.196,42.361,1794.4131,42.361,43.901,1927.3244,43.901,43.209,1867.0536,43.209
p07,p07_c,clip_0067,ok,150,74.05,22.24,1,62.9,55.12,1.61,0.020250501720508705,35.78,85.53,-1.12,0.28670521913391656,90.14,0.14,-0.20278867942823917,88.08,-0.49,POS+CHROM,7.781,60.5502,-7.781,22.628,512.0313,22.628,27.236,741.7967,27.236,25.173,633.7042,25.173
p07,p07_c,clip_0068,ok,150,73.69,24.15,1,59.89,55.22,1.62,-0.1781121486072044,37.98,61.08,3.42,0.23879484433183976,60.14,2.39,-0.20400686786676747,59.09,2.48,POS+CHROM+DEEP,4.673,21.8359,-4.673,1.188,1.4122,1.188,0.251,0.0631,0.251,0.798,0.6368,-0.798
p07,p07_c,clip_0069,ok,150,68.61,27.5,1,117.63,55.2,1.58,0.10869334282379636,37.19,110.07,1.93,0.17987701230248943,110.49,1.6,-0.17746226075499802,110.28,1.76,POS+CHROM,62.432,3897.7405,-62.432,7.559,57.1323,-7.559,7.14,50.9725,-7.14,7.355,54.0919,-7.355
p07,p07_c,clip_0070,ok,150,72.95,22.83,1,59.3,55.15,1.57,-0.01350311531802843,37.67,61.95,-0.29,0.12625722969151146,64.9,-2.43,-0.1304732035029992,59.6,-0.38,POS+CHROM+DEEP,4.152,17.2358,-4.152,2.647,7.0085,2.647,5.601,31.3715,5.601,0.297,0.0881,0.297
p07,p07_d,clip_0000,ok,150,75.63,23.68,1,67.73,55.01,1.54,0.22514545188896137,35.47,67.1,-0.89,0.0994207126213917,67.69,0.24,-0.07060495435857167,67.42,-0.33,POS+CHROM,12.72,161.7894,-12.72,0.629,0.3962,-0.629,0.04,0.0016,-0.04,0.307,0.0943,-0.307
p07,p07_d,clip_0001,ok,150,74.49,25.16,1,67.33,55.09,1.48,-0.059075188336432556,34.76,66.41,1.01,0.13276656122491892,67.96,1.47,-0.07729074835124045,67.22,1.24,POS+CHROM,12.241,149.8326,-12.241,0.919,0.8444,-0.919,0.637,0.4053,0.637,0.112,0.0125,-0.112
p07,p07_d,clip_0002,ok,150,65.71,31.64,0,59.6,54.88,1.44,-0.042713421965213286,35.8,81.88,-1.77,0.1281892837530711,79.42,0.09,-0.12278891199047935,80.46,-0.84,POS+CHROM,4.714,22.2181,-4.714,22.281,496.436,22.281,19.826,393.0607,19.826,20.865,435.3511,20.865
p07,p07_d,clip_0003,ok,150,65.24,30.98,0,61.0,55.15,1.55,0.1931239134510184,35.15,120.62,-2.09,0.24677704127061015,84.68,-0.02,-0.2422315583547647,80.39,-0.18,POS+CHROM+DEEP,5.85,34.2261,-5.85,59.623,3554.881,59.623,23.677,560.5884,23.677,19.386,375.809,19.386
p07,p07_d,clip_0004,ok,150,65.95,26.72,1,109.2,54.84,1.65,0.1857424682436851,34.39,87.87,-3.25,0.14831489443263401,87.53,-2.81,-0.004541841225550966,87.69,-3.03,POS+CHROM,54.361,2955.1146,-54.361,21.329,454.9073,-21.329,21.674,469.7425,-21.674,21.507,462.5649,-21.507
p07,p07_d,clip_0005,ok,150,57.44,25.46,1,105.84,54.64,1.37,-0.12099573350230948,35.0,101.5,0.03,0.20700608000886167,100.97,0.11,0.037845283800269414,101.23,0.07,POS+CHROM,51.197,2621.1765,-51.197,4.343,18.8598,-4.343,4.866,23.679,-4.866,4.606,21.2177,-4.606
p07,p07_d,clip_0006,ok,150,64.13,31.66,0,58.7,54.63,1.31,0.05539457977901768,34.64,59.16,5.66,0.4107253062813799,58.59,3.83,-0.3601084945082165,57.98,3.6,POS+CHROM+DEEP,4.072,16.5787,-4.072,0.455,0.2069,0.455,0.119,0.0141,-0.119,0.723,0.523,-0.723
p07,p07_d,clip_0007,ok,150,64.91,31.69,0,58.14,54.66,1.34,-0.0756607691689145,33.86,60.1,5.81,0.3472891374155967,60.21,5.36,-0.3132207904024524,59.07,4.17,POS+CHROM+DEEP,3.481,12.1177,-3.481,1.955,3.8212,1.955,2.068,4.2754,2.068,0.924,0.8533,0.924
p07,p07_d,clip_0008,ok,150,58.66,25.86,1,106.35,54.63,1.35,-0.08777544240421808,34.6,55.4,3.33,0.23468373126819161,55.55,2.24,-0.2257381917796255,55.23,2.31,POS+CHROM+DEEP,51.72,2674.9698,-51.72,50.952,2596.1284,-50.952,50.801,2580.7563,-50.801,51.119,2613.17,-51.119
p07,p07_d,clip_0009,ok,150,57.55,32.88,0,109.18,55.0,1.37,-0.16111005055581912,34.7,112.58,-7.4,0.23175887730612885,113.5,-6.84,-0.18155478340609574,113.06,-7.12,POS+CHROM,54.175,2934.9295,-54.175,3.399,11.556,3.399,4.319,18.6523,4.319,3.881,15.0605,3.881
p07,p07_d,clip_0010,ok,150,59.89,29.93,1,57.49,55.03,1.41,0.0016532434651158152,38.24,60.55,5.01,0.23934130566903442,57.07,2.15,-0.20173330015776236,58.16,2.86,POS+CHROM+DEEP,2.464,6.0702,-2.464,3.051,9.3113,3.051,0.429,0.1837,-0.429,0.661,0.4367,0.661
p07,p07_d,clip_0011,ok,150,73.5,25.22,1,63.0,55.41,1.69,0.34127943896192314,38.0,64.71,1.26,0.2207586900542632,77.68,-1.6,-0.17140084991807608,63.99,0.45,POS+CHROM+DEEP,7.591,57.6161,-7.591,1.706,2.909,1.706,14.676,215.3847,14.676,0.989,0.9774,0.989
p07,p07_d,clip_0012,ok,150,74.19,24.73,1,64.53,55.23,1.76,0.048694657389827325,37.68,132.6,-1.55,0.09922150662447435,134.2,-2.63,-0.13912454477206163,133.33,-2.09,POS+CHROM,9.293,86.3642,-9.293,68.074,4634.1364,68.074,69.668,4853.6619,69.668,68.8,4733.375,68.8
p07,p07_d,clip_0013,ok,150,60.84,30.26,0,113.58,54.93,1.5,0.31663904147133043,37.13,63.74,3.1,0.14994224129227715,63.01,0.95,-0.1741159734425992,63.44,2.03,POS+CHROM,58.648,3439.5836,-58.648,49.84,2484.0641,-49.84,50.568,2557.1473,-50.568,50.14,2514.0006,-50.14
p07,p07_d,clip_0014,ok,150,57.59,33.87,0,112.51,55.13,1.59,-0.0551826801000699,35.71,55.94,7.39,0.27017496759357834,57.64,6.54,-0.18114020584660323,56.46,5.18,POS+CHROM+DEEP,57.38,3292.5106,-57.38,56.571,3200.2733,-56.571,54.871,3010.8736,-54.871,56.052,3141.7994,-56.052
p07,p07_d,clip_0015,ok,150,64.47,33.63,0,60.23,55.23,1.59,0.22002340314246172,36.44,60.59,5.48,0.2744828982679551,60.29,4.38,-0.17797610901933625,59.29,3.82,POS+CHROM+DEEP,5.007,25.07,-5.007,0.357,0.1276,0.357,0.055,0.003,0.055,0.94,0.8833,-0.94
p07,p07_d,clip_0016,ok,150,65.09,32.11,0,60.87,55.25,1.73,-0.13497828581454296,35.57,62.55,4.94,0.11021237393873251,62.78,4.05,-0.1033432510884242,60.88,3.57,POS+CHROM+DEEP,5.618,31.5631,-5.618,1.679,2.8201,1.679,1.913,3.6594,1.913,0.015,0.0002,0.015
p07,p07_d,clip_0017,ok,150,61.04,32.27,0,58.03,55.29,1.72,0.04118953658572491,34.74,57.16,6.52,0.0827234266622564,56.96,6.11,-0.13460448676571354,56.73,4.78,POS+CHROM+DEEP,2.737,7.4929,-2.737,0.862,0.7434,-0.862,1.063,1.1291,-1.063,1.294,1.6745,-1.294
p07,p07_d,clip_0018,ok,150,58.11,32.58,0,109.07,55.54,1.63,-0.020825368314876223,38.39,62.04,5.97,-0.1710285864984291,63.55,4.52,0.15859461449687315,61.17,4.04,POS+CHROM+DEEP,53.534,2865.938,-53.534,47.031,2211.8885,-47.031,45.525,2072.5358,-45.525,47.901,2294.4688,-47.901
p07,p07_d,clip_0019,ok,150,63.4,33.28,0,60.45,55.52,1.73,-0.251291035284367,38.25,99.89,-3.53,-0.10963403618347173,89.09,-4.81,0.14542660748709496,72.49,-2.2,POS+CHROM+DEEP,4.935,24.3584,-4.935,39.433,1554.9248,39.433,28.632,819.7876,28.632,12.034,144.8187,12.034
p07,p07_d,clip_0020,ok,150,64.19,31.85,0,59.98,55.28,1.68,-0.03617266977941115,37.63,91.86,-3.65,0.020114533049008444,136.18,-3.71,-0.07534302852208305,81.67,-1.89,POS+CHROM+DEEP,4.699,22.0814,-4.699,31.878,1016.1858,31.878,76.202,5806.7747,76.202,21.693,470.6041,21.693
p07,p07_d,clip_0021,ok,150,60.4,31.59,0,59.84,55.34,1.83,-0.09175364005550224,36.29,60.55,1.94,0.02346610314189654,66.63,0.87,-0.005823632785928308,60.54,1.54,POS+CHROM+DEEP,4.501,20.2572,-4.501,0.709,0.5021,0.709,6.787,46.0623,6.787,0.697,0.4861,0.697
p07,p07_d,clip_0022,ok,150,66.04,30.5,0,60.17,55.17,1.55,-0.04029537427775832,35.27,58.15,2.09,0.06201040147067412,57.55,1.83,-0.07290563515426152,57.0,1.82,POS+CHROM+DEEP,4.995,24.9493,-4.995,2.018,4.0717,-2.018,2.621,6.8681,-2.621,3.166,10.023,-3.166
p07,p07_d,clip_0023,ok,150,65.56,31.22,0,59.54,55.06,1.52,-0.07117060805211269,36.59,61.95,-2.29,-0.0577484531033165,104.06,-2.45,0.00507520625539516,57.45,-0.38,POS+DEEP,4.473,20.0051,-4.473,2.41,5.8062,2.41,44.521,1982.0769,44.521,2.089,4.3635,-2.089
p07,p07_d,clip_0024,ok,150,66.46,31.35,0,62.35,55.21,1.49,-0.07249334841479843,34.92,107.51,-0.89,0.017734009022824397,103.0,0.51,-0.006591687853902083,104.99,-0.19,POS+CHROM,7.144,51.0331,-7.144,45.153,2038.7554,45.153,40.645,1652.0334,40.645,42.637,1817.9278,42.637
p07,p07_d,clip_0025,ok,150,70.39,27.47,1,64.79,55.25,1.72,-0.014924047955601382,36.97,64.83,2.48,0.042017184237764384,63.34,1.88,-0.0012865106969727432,64.12,2.18,POS+CHROM,9.545,91.1076,-9.545,0.039,0.0015,0.039,1.457,2.1239,-1.457,0.672,0.4516,-0.672
p07,p07_d,clip_0026,ok,150,72.41,25.41,1,61.73,55.01,1.44,0.02255830384397601,35.62,115.22,-5.12,-0.023731441427045634,57.05,1.38,0.003347564143346857,56.03,1.41,CHROM+DEEP,6.717,45.1171,-6.717,53.487,2860.853,53.487,4.684,21.9392,-4.684,5.705,32.5492,-5.705
p07,p07_d,clip_0027,ok,150,72.33,26.21,1,61.82,55.32,2.07,-0.1418371017029806,37.35,121.51,-2.81,0.009825690440481243,122.14,-0.61,-0.03727945907845244,121.88,-1.71,POS+CHROM,6.5,42.2465,-6.5,59.694,3563.4096,59.694,60.322,3638.7131,60.322,60.065,3607.7819,60.065
p07,p07_d,clip_0028,ok,150,75.1,24.12,1,67.02,53.95,0.66,-0.054740935400740355,35.25,61.34,-2.56,0.22276047355783038,90.81,-2.82,-0.16050298954893646,56.68,-0.95,POS+DEEP,13.066,170.7225,-13.066,5.68,32.2659,-5.68,23.787,565.806,23.787,10.34,106.9068,-10.34
p07,p07_d,clip_0029,ok,150,73.73,24.91,1,65.15,55.44,0.86,0.04500583762798697,33.86,76.74,1.81,0.11501010580966757,74.73,2.72,-0.11564363387822116,75.66,2.27,POS+CHROM,9.71,94.2772,-9.71,11.591,134.3547,11.591,9.578,91.7349,9.578,10.508,110.4156,10.508
p07,p07_d,clip_0030,ok,150,76.76,22.09,1,65.61,53.66,0.38,0.11046081987198952,34.47,113.68,-1.16,0.04049177087435231,65.35,0.27,-0.016877499517995404,74.68,-0.17,POS+CHROM+DEEP,11.949,142.7875,-11.949,48.072,2310.9554,48.072,0.265,0.0702,-0.265,9.069,82.2449,9.069
p07,p07_d,clip_0031,ok,150,70.88,28.24,1,63.64,55.82,1.52,-0.10662107434136385,33.18,75.1,-1.05,0.12611027660675456,60.96,0.64,-0.08203313551814946,58.2,1.08,CHROM+DEEP,7.821,61.174,-7.821,11.461,131.3471,11.461,2.681,7.1898,-2.681,5.441,29.6059,-5.441
p07,p07_d,clip_0032,ok,150,66.55,30.73,0,63.43,56.14,2.53,0.04492166961849609,37.83,126.4,-1.09,0.13169427773826672,65.12,-0.49,-0.21568017603804313,76.52,0.32,POS+CHROM+DEEP,7.294,53.1957,-7.294,62.973,3965.5538,62.973,1.691,2.8594,1.691,13.093,171.435,13.093
p07,p07_d,clip_0033,ok,150,69.86,28.05,1,63.26,54.94,1.73,0.18645793558111715,36.33,64.45,0.07,0.3995263998422434,61.53,0.53,-0.40613669847335704,59.83,0.77,POS+CHROM+DEEP,8.322,69.2516,-8.322,1.186,1.4065,1.186,1.734,3.0053,-1.734,3.431,11.7687,-3.431
p07,p07_d,clip_0034,ok,150,71.77,27.02,1,63.79,55.07,1.58,-0.1271309038789194,36.69,64.15,3.01,0.28869284257200784,63.32,4.77,-0.24372238144055938,63.67,3.89,POS+CHROM,8.717,75.9877,-8.717,0.36,0.1294,0.36,0.472,0.2231,-0.472,0.117,0.0137,-0.117
p07,p07_d,clip_0035,ok,150,63.52,32.77,0,59.44,55.04,1.55,0.2921689156674458,36.15,60.26,5.3,0.29958551533682376,61.32,2.64,-0.2540801935146347,59.29,3.16,POS+CHROM+DEEP,4.4,19.3632,-4.4,0.819,0.6712,0.819,1.885,3.5528,1.885,0.15,0.0224,-0.15
p07,p07_d,clip_0036,ok,150,63.79,33.49,0,61.28,55.15,1.69,-0.049081867644244,37.67,61.53,1.73,0.2526695072286273,61.29,1.47,-0.23686955251916775,59.31,1.63,POS+CHROM+DEEP,6.127,37.5435,-6.127,0.25,0.0626,0.25,0.009,0.0001,0.009,1.975,3.9004,-1.975
p07,p07_d,clip_0037,ok,150,65.09,30.31,0,63.65,55.55,1.56,-0.004276932533193001,38.69,60.75,-1.78,0.2152778436760845,94.29,-1.5,-0.23145656620600094,57.44,-0.11,POS+DEEP,8.101,65.6312,-8.101,2.901,8.4161,-2.901,30.644,939.0783,30.644,6.206,38.5178,-6.206
p07,p07_d,clip_0038,ok,150,69.0,28.11,1,62.2,55.5,1.59,0.320451595177122,38.4,105.93,-4.95,0.1610350801234852,130.67,-2.42,-0.2015249947113691,85.51,-1.93,POS+CHROM+DEEP,6.693,44.7934,-6.693,43.732,1912.5096,43.732,68.474,4688.7245,68.474,23.316,543.6509,23.316
p07,p07_d,clip_0039,ok,150,67.41,29.63,1,60.97,55.66,1.69,-0.09947499501937732,38.56,83.36,-0.15,0.08617692305362312,79.41,-0.36,-0.08248722312619246,81.42,-0.26,POS+CHROM,5.31,28.2006,-5.31,22.398,501.6658,22.398,18.445,340.2351,18.445,20.455,418.4189,20.455
p07,p07_d,clip_0040,ok,150,69.02,29.79,1,63.36,55.42,1.7,0.03086452793011794,38.42,63.94,-0.05,0.17918384218421468,63.94,0.39,-0.2113377801755202,63.94,0.17,POS+CHROM,7.935,62.9575,-7.935,0.582,0.339,0.582,0.58,0.3366,0.58,0.581,0.3378,0.581
p07,p07_d,clip_0041,ok,150,70.55,28.31,1,64.03,55.47,1.67,0.21850319885975059,38.46,63.63,3.4,0.11824764943310441,63.24,5.52,-0.13048592741280246,61.53,3.53,POS+CHROM+DEEP,8.553,73.1561,-8.553,0.403,0.162,-0.403,0.792,0.6278,-0.792,2.502,6.2624,-2.502
p07,p07_d,clip_0042,ok,150,66.71,30.21,0,60.64,55.18,1.59,-0.16899857873961588,37.68,62.75,0.94,-0.035022824362351976,62.87,2.85,0.09913807421735889,60.38,1.79,POS+CHROM+DEEP,5.46,29.8113,-5.46,2.113,4.4641,2.113,2.227,4.9596,2.227,0.262,0.0688,-0.262
p07,p07_d,clip_0043,ok,150,75.74,23.19,1,67.98,55.11,1.55,-0.05601562485020214,37.57,66.36,4.9,0.23207522465666036,64.47,3.26,-0.20783650214386015,65.54,4.08,POS+CHROM,12.871,165.6687,-12.871,1.618,2.6169,-1.618,3.509,12.3108,-3.509,2.435,5.9294,-2.435
p07,p07_d,clip_0044,ok,150,78.42,20.82,1,69.34,55.02,1.58,-0.045088678168586964,35.52,74.07,-1.81,0.11797417384851959,75.99,0.37,-0.14190502489624215,75.2,-0.72,POS+CHROM,14.328,205.3055,-14.328,4.723,22.3052,4.723,6.645,44.1554,6.645,5.857,34.3068,5.857
p07,p07_d,clip_0045,ok,150,71.32,26.19,1,62.27,55.17,1.55,0.30405898762353184,35.39,55.96,4.34,0.18313881624491643,57.72,3.52,-0.14698980224965588,56.38,3.14,POS+CHROM+DEEP,7.098,50.3775,-7.098,6.305,39.7574,-6.305,4.553,20.732,-4.553,5.893,34.7265,-5.893
p07,p07_d,clip_0046,ok,150,69.22,29.56,1,63.0,54.88,1.67,-0.05851824674696491,37.75,65.99,3.74,0.2951368594864404,65.58,4.04,-0.2521940040188858,65.78,3.89,POS+CHROM,8.12,65.9399,-8.12,2.99,8.94,2.99,2.575,6.6321,2.575,2.777,7.7137,2.777
p07,p07_d,clip_0047,ok,150,65.4,32.56,0,63.67,55.13,1.61,-0.02901896934154478,35.98,62.57,5.44,0.29768792622910434,61.6,6.66,-0.2414264782537808,60.71,4.57,POS+CHROM+DEEP,8.545,73.014,-8.545,1.103,1.2165,-1.103,2.071,4.2905,-2.071,2.962,8.7752,-2.962
p07,p07_d,clip_0048,ok,150,69.14,29.46,1,63.45,54.99,1.63,0.3317544449384015,37.77,62.96,5.35,0.34930821868429635,62.8,6.24,-0.2684349254977482,61.3,4.41,POS+CHROM+DEEP,8.459,71.5605,-8.459,0.489,0.2393,-0.489,0.65,0.4224,-0.65,2.148,4.6126,-2.148
p07,p07_d,clip_0049,ok,150,69.61,27.91,1,61.44,55.12,1.58,-0.0983271324875011,36.13,58.43,0.01,0.3710540882182044,57.22,1.96,-0.3335185254583322,56.81,1.19,POS+CHROM+DEEP,6.317,39.907,-6.317,3.008,9.0475,-3.008,4.214,17.7555,-4.214,4.628,21.4214,-4.628
p07,p07_d,clip_0050,ok,150,66.01,31.46,0,60.23,55.27,1.78,0.342890840241121,35.14,63.11,3.65,0.2557305045973411,65.2,4.6,-0.2970534037841327,61.98,3.34,POS+CHROM+DEEP,4.957,24.5678,-4.957,2.884,8.3156,2.884,4.971,24.7071,4.971,1.747,3.0504,1.747
p07,p07_d,clip_0051,ok,150,61.52,31.13,0,58.87,55.22,1.53,-0.0907442118128505,35.16,121.02,-3.74,0.29393345566408086,57.43,2.54,-0.28664728959204794,56.42,2.04,CHROM+DEEP,3.646,13.2901,-3.646,62.154,3863.1288,62.154,1.444,2.0842,-1.444,2.452,6.0128,-2.452
p07,p07_d,clip_0052,ok,150,65.38,32.41,0,60.34,55.1,1.59,0.299117536183875,37.64,61.38,4.59,0.34541428590478074,61.78,5.06,-0.3593637301765724,60.12,3.75,POS+CHROM+DEEP,5.236,27.4131,-5.236,1.044,1.089,1.044,1.441,2.0778,1.441,0.213,0.0452,-0.213
p07,p07_d,clip_0053,ok,150,63.66,32.67,0,61.09,55.06,1.57,-0.05035619568552553,36.11,62.45,3.19,0.27363292903428177,61.26,4.13,-0.3349745935233756,60.05,2.96,POS+CHROM+DEEP,6.037,36.4491,-6.037,1.355,1.8371,1.355,0.171,0.0291,0.171,1.04,1.0812,-1.04
p07,p07_d,clip_0054,ok,150,63.98,31.03,0,60.08,55.09,1.57,0.15416525730248096,35.26,56.73,2.14,0.2094005479264729,59.93,-0.22,-0.2121869121679559,56.99,1.16,POS+CHROM+DEEP,4.99,24.9043,-4.99,3.351,11.2274,-3.351,0.153,0.0235,-0.153,3.093,9.5664,-3.093
p07,p07_d,clip_0055,ok,150,67.66,30.0,1,63.45,54.94,1.6,-0.12032266019235822,36.67,62.72,3.82,0.2807813060088026,60.84,3.54,-0.22407622368466273,60.01,2.99,POS+CHROM+DEEP,8.509,72.4029,-8.509,0.728,0.5293,-0.728,2.608,6.8019,-2.608,3.439,11.8269,-3.439
p07,p07_d,clip_0056,ok,150,73.2,26.08,1,64.67,55.15,1.54,-0.12562343335546947,36.0,68.14,4.26,0.2556695041907012,67.33,2.91,-0.2951304780306093,67.78,3.59,POS+CHROM,9.522,90.675,-9.522,3.462,11.9858,3.462,2.656,7.0569,2.656,3.105,9.6383,3.105
p07,p07_d,clip_0057,ok,150,61.26,31.8,0,58.02,55.05,1.61,-0.05251924622897487,37.69,117.95,-3.27,0.44495064428959424,120.0,-4.56,-0.34960887596600865,118.87,-3.91,POS+CHROM,2.968,8.8068,-2.968,59.934,3592.0923,59.934,61.978,3841.2991,61.978,60.847,3702.3846,60.847
p07,p07_d,clip_0058,ok,150,59.29,35.24,0,113.61,54.98,1.6,-0.0496434991945341,37.05,59.05,3.48,0.4516124771198657,58.06,4.08,-0.3499721189204594,57.62,3.05,POS+CHROM+DEEP,58.63,3437.531,-58.63,54.56,2976.7474,-54.56,55.551,3085.9113,-55.551,55.996,3135.522,-55.996
p07,p07_d,clip_0059,ok,150,58.88,36.33,0,59.48,54.96,1.61,-0.24269913859623946,37.74,59.7,5.19,0.414572929370827,59.05,4.26,-0.3327712475665439,58.38,3.69,POS+CHROM+DEEP,4.523,20.4597,-4.523,0.226,0.0511,0.226,0.431,0.186,-0.431,1.094,1.1968,-1.094
p07,p07_d,clip_0060,ok,150,64.4,32.24,0,59.7,55.13,1.65,-0.03446630226205518,36.35,59.09,3.96,0.36277563258047896,59.74,3.05,-0.23423860269730853,58.25,2.89,POS+CHROM+DEEP,4.565,20.8359,-4.565,0.606,0.3676,-0.606,0.041,0.0017,0.041,1.448,2.0975,-1.448
p07,p07_d,clip_0061,ok,150,62.68,34.58,0,118.98,55.04,1.57,0.0283818436398549,37.82,60.16,6.82,0.3848225302924867,59.61,5.4,-0.28838734573732455,59.0,4.6,POS+CHROM+DEEP,63.94,4088.2749,-63.94,58.816,3459.286,-58.816,59.37,3524.7627,-59.37,59.982,3597.859,-59.982
p07,p07_d,clip_0062,ok,150,57.79,35.96,0,118.65,55.14,1.59,-0.006969514638273094,35.93,58.84,6.86,0.3672912559787975,59.39,5.36,-0.269789752547873,58.34,4.6,POS+CHROM+DEEP,63.516,4034.3029,-63.516,59.807,3576.826,-59.807,59.261,3511.906,-59.261,60.315,3637.9057,-60.315
p07,p07_d,clip_0063,ok,150,59.93,36.48,0,60.14,54.99,1.54,-0.23603420037936623,36.35,60.05,6.07,0.313414940449364,59.6,4.92,-0.18556804770060345,58.86,4.18,POS+CHROM+DEEP,5.148,26.5065,-5.148,0.089,0.0078,-0.089,0.536,0.2873,-0.536,1.285,1.6506,-1.285
p07,p07_d,clip_0064,ok,150,68.17,30.65,0,62.08,55.24,1.8,-0.05122100548250733,36.77,62.18,4.91,0.29263914388322215,60.54,6.32,-0.2195444725143563,60.01,4.34,POS+CHROM+DEEP,6.839,46.7748,-6.839,0.092,0.0085,0.092,1.542,2.3779,-1.542,2.074,4.2996,-2.074
p07,p07_d,clip_0065,ok,150,68.08,30.44,0,63.24,54.87,1.61,0.1936526385485933,36.84,62.74,2.85,0.33091993412221726,63.15,4.05,-0.3767161567019201,60.8,2.83,POS+CHROM+DEEP,8.366,69.9929,-8.366,0.492,0.2421,-0.492,0.089,0.0079,-0.089,2.44,5.9539,-2.44
p07,p07_d,clip_0066,ok,150,69.32,28.57,1,64.57,55.33,1.78,-0.17674402473038367,34.18,101.98,-1.28,0.16068585400230678,99.52,-0.4,-0.2041813155432508,100.66,-0.84,POS+CHROM,9.249,85.5495,-9.249,37.402,1398.9062,37.402,34.944,1221.1011,34.944,36.083,1301.9573,36.083
p07,p07_d,clip_0067,ok,150,71.07,26.7,1,62.05,55.19,1.54,-0.05411879678702388,35.01,59.8,3.7,0.18290160651486007,60.71,6.21,-0.23253394008005598,59.23,3.82,POS+CHROM+DEEP,6.856,47.0063,-6.856,2.247,5.0499,-2.247,1.343,1.8027,-1.343,2.82,7.9539,-2.82
p07,p07_d,clip_0068,ok,150,58.09,34.26,0,58.34,55.04,1.59,-0.22789553961972872,35.89,65.72,0.34,0.17113477221777548,64.18,2.48,-0.0730916510490473,64.81,1.41,POS+CHROM,3.304,10.9142,-3.304,7.375,54.3885,7.375,5.835,34.0489,5.835,6.469,41.8495,6.469
p07,p07_d,clip_0069,ok,150,64.36,32.7,0,60.55,54.98,1.71,0.004392999608161526,36.46,53.95,-0.18,0.17134262751974727,53.71,3.37,-0.10975188816256777,54.18,1.64,POS+CHROM+DEEP,5.571,31.0338,-5.571,6.603,43.6019,-6.603,6.843,46.8237,-6.843,6.368,40.5528,-6.368
p07,p07_d,clip_0070,ok,150,70.38,27.69,1,66.82,54.95,1.61,0.15479754991718267,36.02,66.32,3.43,0.3555615660636806,68.26,3.48,-0.3523572883209612,67.29,3.46,POS+CHROM,11.871,140.9209,-11.871,0.503,0.2526,-0.503,1.447,2.0934,1.447,0.476,0.2264,0.476
p11,p11_a,clip_0000,ok,150,84.15,15.48,1,83.15,53.76,0.78,-0.13778553494913373,33.87,76.61,-0.23,-0.08921559538884337,80.28,-1.14,0.06910007292578028,78.31,-0.68,POS+CHROM,29.392,863.9165,-29.392,6.539,42.7533,-6.539,2.874,8.2615,-2.874,4.846,23.4805,-4.846
p11,p11_a,clip_0001,ok,150,91.15,8.38,1,72.83,53.8,0.77,-0.3282241362814415,33.97,72.14,-0.29,-0.05494229702371815,67.0,2.53,-0.05612166559930269,68.98,1.12,POS+CHROM,19.035,362.3255,-19.035,0.69,0.476,-0.69,5.834,34.0388,-5.834,3.854,14.8555,-3.854
p11,p11_a,clip_0002,ok,150,81.14,18.24,1,80.84,53.76,0.75,0.3680169500197501,34.71,96.61,-1.45,0.005218554884375109,120.82,-2.15,-0.07828981754546674,84.52,-0.95,POS+CHROM+DEEP,27.076,733.108,-27.076,15.773,248.7884,15.773,39.983,1598.6156,39.983,3.679,13.5381,3.679
p11,p11_a,clip_0003,ok,150,85.33,14.42,1,93.56,53.73,0.78,0.3647520713595969,34.63,92.31,0.01,-0.03394560973709614,90.01,2.5,0.014337542940900179,90.93,1.25,POS+CHROM,39.831,1586.5197,-39.831,1.256,1.5769,-1.256,3.548,12.5914,-3.548,2.636,6.9477,-2.636
p11,p11_a,clip_0004,ok,150,88.49,10.88,1,73.24,53.78,0.74,0.04995634044129202,34.71,71.02,-0.14,0.05001998024763599,78.32,-1.2,0.032802418622816396,74.35,-0.67,POS+CHROM,19.459,378.6598,-19.459,2.218,4.9174,-2.218,5.085,25.8529,5.085,1.11,1.2322,1.11
p11,p11_a,clip_0005,ok,150,94.69,4.84,1,71.55,53.8,0.78,0.21808355412086516,33.97,75.17,-1.9,-0.008151739912457209,113.57,0.03,0.07686086707660822,80.14,-0.37,POS+CHROM+DEEP,17.746,314.9293,-17.746,3.626,13.1483,3.626,42.026,1766.1574,42.026,8.588,73.7595,8.588
p11,p11_a,clip_0006,ok,150,79.03,20.42,1,87.31,53.72,0.76,-0.3409255220075107,34.3,77.68,1.8,0.14816415136665853,59.48,2.06,-0.13635872925938475,56.91,1.41,CHROM+DEEP,33.589,1128.1966,-33.589,9.629,92.7135,-9.629,27.829,774.4731,-27.829,30.4,924.1731,-30.4
p11,p11_a,clip_0007,ok,150,84.83,14.4,1,83.47,53.78,0.74,0.19811019395128948,33.95,90.72,-2.29,0.19406425087176354,95.3,-0.66,-0.10548157516583886,93.32,-1.47,POS+CHROM,29.688,881.4016,-29.688,7.252,52.5971,7.252,11.826,139.8632,11.826,9.849,96.9988,9.849
p11,p11_a,clip_0008,ok,150,94.83,4.42,1,69.04,53.87,0.75,0.03539725498824216,33.58,65.66,3.21,0.2398737834513947,64.95,3.74,-0.12351103398340933,65.29,3.47,POS+CHROM,15.168,230.0674,-15.168,3.379,11.4153,-3.379,4.083,16.6747,-4.083,3.747,14.0377,-3.747
p11,p11_a,clip_0009,ok,150,84.09,14.81,1,78.95,53.7,0.78,-0.09247435526108332,34.68,81.98,-0.23,0.3059469039050699,82.78,-0.67,-0.15094594255773783,82.36,-0.45,POS+CHROM,25.252,637.6582,-25.252,3.032,9.1953,3.032,3.829,14.6611,3.829,3.416,11.6699,3.416
p11,p11_a,clip_0010,ok,150,81.64,18.05,1,88.9,53.7,0.76,0.1404787101766197,34.34,86.41,-1.11,0.1750503519259741,86.36,-1.91,-0.06644331470960298,86.39,-1.51,POS+CHROM,35.205,1239.393,-35.205,2.498,6.2393,-2.498,2.54,6.4499,-2.54,2.517,6.3372,-2.517
p11,p11_a,clip_0011,ok,150,91.44,8.08,1,72.58,53.79,0.76,-0.00889665234412967,33.98,74.59,-1.94,0.10501479580455195,72.39,-1.76,-0.08477325249437666,73.48,-1.85,POS+CHROM,18.796,353.2951,-18.796,2.006,4.0251,2.006,0.191,0.0364,-0.191,0.891,0.794,0.891
p11,p11_a,clip_0012,ok,150,87.74,11.62,1,75.55,53.74,0.76,0.147833379854669,34.71,71.45,1.7,0.11953623010946506,71.11,2.31,-0.0728155237362435,71.27,2.0,POS+CHROM,21.809,475.6387,-21.809,4.094,16.7624,-4.094,4.44,19.7095,-4.44,4.276,18.281,-4.276
p11,p11_a,clip_0013,ok,150,72.65,26.83,1,88.67,53.72,0.78,0.0024143048237308495,34.72,88.03,0.89,0.12654605875385927,88.54,-0.65,-0.014456590058492112,88.25,0.12,POS+CHROM,34.946,1221.2007,-34.946,0.64,0.4091,-0.64,0.132,0.0173,-0.132,0.418,0.1747,-0.418
p11,p11_a,clip_0014,ok,150,86.4,13.16,1,75.81,53.78,0.74,0.07143840880624665,34.76,65.61,-3.85,0.16728029543503545,131.92,-1.69,-0.10520414576090062,80.79,-1.6,POS+CHROM+DEEP,22.034,485.4777,-22.034,10.204,104.1142,-10.204,56.106,3147.9379,56.106,4.975,24.7517,4.975
p11,p11_a,clip_0015,ok,150,91.46,8.15,1,73.01,53.76,0.75,0.21805830053926167,34.36,76.62,0.54,0.1422795657591775,77.27,0.46,-0.08748940558585688,76.94,0.5,POS+CHROM,19.247,370.4296,-19.247,3.611,13.0406,3.611,4.262,18.1647,4.262,3.934,15.479,3.934
p11,p11_a,clip_0016,ok,150,78.16,21.14,1,87.72,53.72,0.77,-0.10727426295426988,34.72,88.68,-0.38,0.07416603717536902,89.24,0.11,-0.06401313428286261,88.97,-0.13,POS+CHROM,33.995,1155.6866,-33.995,0.967,0.9348,0.967,1.526,2.3272,1.526,1.257,1.5813,1.257
p11,p11_a,clip_0017,ok,150,82.64,16.92,1,78.3,53.76,0.78,0.005917141847648511,33.99,82.7,-0.03,0.055835825354692524,82.96,-1.67,-0.08860965967419916,82.82,-0.85,POS+CHROM,24.535,601.9824,-24.535,4.405,19.4007,4.405,4.662,21.7358,4.662,4.516,20.3931,4.516
p11,p11_a,clip_0018,ok,150,91.07,8.47,1,71.56,53.75,0.76,0.22318462920331675,34.74,71.24,2.96,0.010531122187432145,70.21,-0.01,-0.04057288635823917,70.85,1.47,POS+CHROM,17.811,317.2277,-17.811,0.321,0.1031,-0.321,1.354,1.832,-1.354,0.712,0.507,-0.712
p11,p11_a,clip_0019,ok,150,78.44,21.06,1,83.64,53.73,0.79,-0.4802754931886457,34.29,88.3,0.79,0.012912491598485731,91.33,0.1,0.014075215343236592,89.73,0.44,POS+CHROM,29.915,894.9271,-29.915,4.661,21.7284,4.661,7.69,59.1411,7.69,6.089,37.0806,6.089
p11,p11_a,clip_0020,ok,150,82.03,17.46,1,83.45,53.77,0.77,-0.21037222881935422,34.72,90.01,-0.63,-0.05446287309743133,88.57,1.13,0.057547603833225165,89.19,0.25,POS+CHROM,29.677,880.7487,-29.677,6.56,43.0298,6.56,5.122,26.2314,5.122,5.736,32.9004,5.736
p11,p11_a,clip_0021,ok,150,95.36,3.37,1,68.05,53.74,0.76,-0.2413033442912833,34.0,65.73,3.18,-0.05474615452909193,67.71,3.67,0.07119605371642608,66.76,3.43,POS+CHROM,14.31,204.7805,-14.31,2.314,5.3565,-2.314,0.339,0.1152,-0.339,1.286,1.654,-1.286
p11,p11_a,clip_0022,ok,150,87.29,11.95,1,78.2,53.72,0.75,0.1993017048399304,34.59,78.08,-2.75,0.0787737522158469,77.23,-1.87,0.002015786362994837,77.62,-2.31,POS+CHROM,24.481,599.307,-24.481,0.128,0.0165,-0.128,0.976,0.9527,-0.976,0.583,0.3403,-0.583
p11,p11_a,clip_0023,ok,150,83.86,15.94,1,86.13,53.81,0.79,-0.2436786248427901,34.59,89.0,1.6,0.04717251268384871,87.49,2.63,-0.06653870348765173,88.18,2.11,POS+CHROM,32.321,1044.6539,-32.321,2.869,8.2324,2.869,1.355,1.8364,1.355,2.047,4.1918,2.047
p11,p11_a,clip_0024,ok,150,92.75,6.78,1,72.15,53.85,0.8,-0.25650373263120974,34.65,70.62,1.61,0.02765039545834986,67.62,1.95,-0.07441629423291812,69.08,1.78,POS+CHROM,18.302,334.9474,-18.302,1.531,2.343,-1.531,4.531,20.5326,-4.531,3.073,9.4414,-3.073
p11,p11_a,clip_0025,ok,150,82.38,17.45,1,79.03,53.78,0.76,0.314034797345482,34.61,80.29,3.41,-0.08316361893967551,80.68,2.53,0.062131990099723436,80.47,2.97,POS+CHROM,25.249,637.5321,-25.249,1.267,1.6063,1.267,1.65,2.7239,1.65,1.445,2.088,1.445
p11,p11_a,clip_0026,ok,150,81.65,18.07,1,88.8,53.86,0.81,-0.23777212958738783,34.22,88.13,-0.54,-0.2062247887316707,86.02,1.65,0.15127889223061888,86.89,0.56,POS+CHROM,34.942,1220.9652,-34.942,0.671,0.4504,-0.671,2.782,7.7376,-2.782,1.917,3.6739,-1.917
p11,p11_a,clip_0027,ok,150,86.38,13.43,1,78.47,53.86,0.78,0.17939835634501566,34.3,77.3,2.07,-0.10715061478729583,75.39,1.94,0.01404306719581875,76.36,2.0,POS+CHROM,24.618,606.0705,-24.618,1.171,1.371,-1.171,3.08,9.4887,-3.08,2.115,4.4744,-2.115
p11,p11_a,clip_0028,ok,150,81.58,17.64,1,78.44,53.72,0.75,-0.035038211366890344,33.95,78.05,4.04,-0.18900578750819874,79.85,0.44,0.13943905844515897,78.69,2.24,POS+CHROM,24.721,611.1258,-24.721,0.386,0.1488,-0.386,1.407,1.9794,1.407,0.249,0.0621,0.249
p11,p11_a,clip_0029,ok,150,76.19,23.67,1,89.49,53.77,0.82,0.32647298005737074,34.28,65.67,-4.36,-0.03408019029887494,63.59,-2.48,0.028400586397854623,64.47,-3.42,POS+CHROM,35.716,1275.6407,-35.716,23.822,567.4653,-23.822,25.897,670.6535,-25.897,25.021,626.0603,-25.021
p11,p11_a,clip_0030,ok,150,84.69,14.99,1,81.12,53.76,0.75,-0.016298733822937794,34.73,76.53,1.42,-0.15012021545832047,60.2,3.16,0.013560616814912016,57.62,1.95,CHROM+DEEP,27.36,748.5927,-27.36,4.593,21.0949,-4.593,20.92,437.6359,-20.92,23.501,552.2936,-23.501
p11,p11_a,clip_0031,ok,150,90.69,9.06,1,74.29,53.81,0.75,-0.13569857249629283,34.73,69.86,0.68,-0.034507650704978354,72.86,-0.29,-0.052671212634057836,71.24,0.19,POS+CHROM,20.477,419.292,-20.477,4.431,19.6307,-4.431,1.428,2.0389,-1.428,3.051,9.3075,-3.051
p11,p11_a,clip_0032,ok,150,80.34,19.35,1,84.83,53.71,0.8,0.30636863855227064,34.66,88.92,-0.14,0.004171932811795292,83.62,1.21,0.07775680508374287,85.97,0.54,POS+CHROM,31.121,968.5103,-31.121,4.089,16.7192,4.089,1.207,1.4569,-1.207,1.146,1.3132,1.146
p11,p11_a,clip_0033,ok,150,80.95,18.94,1,85.6,53.74,0.77,-0.2587233210980828,34.72,85.74,2.97,-0.2806049687280027,86.96,3.39,0.1702636838923184,86.37,3.18,POS+CHROM,31.865,1015.375,-31.865,0.137,0.0187,0.137,1.359,1.8479,1.359,0.77,0.5926,0.77
p11,p11_a,clip_0034,ok,150,86.04,13.58,1,76.93,53.82,0.76,0.023661922321629187,34.37,76.63,2.48,-0.25263211396448776,80.3,1.34,0.15676264125942896,78.29,1.91,POS+CHROM,23.103,533.7597,-23.103,0.293,0.0858,-0.293,3.371,11.3623,3.371,1.366,1.866,1.366
p11,p11_a,clip_0035,ok,150,77.06,22.87,1,85.15,53.7,0.78,-0.2385949271786762,34.74,77.55,-1.43,-0.17276289849487783,91.83,-2.06,0.1368752452104919,71.09,-0.9,POS+CHROM+DEEP,31.452,989.2384,-31.452,7.601,57.7737,-7.601,6.679,44.6067,6.679,14.068,197.9037,-14.068
p11,p11_a,clip_0036,ok,150,81.27,18.46,1,87.64,53.74,0.76,0.22432047013190015,34.72,81.06,-0.04,-0.15691949500640698,84.7,-0.9,0.1828797958403364,82.75,-0.47,POS+CHROM,33.9,1149.1934,-33.9,6.579,43.2779,-6.579,2.939,8.6401,-2.939,4.888,23.8915,-4.888
p11,p11_a,clip_0037,ok,150,93.1,6.55,1,71.21,53.79,0.77,0.08665964077293203,34.35,69.59,2.84,-0.15382654526645279,68.82,0.99,0.12987178014267967,69.26,1.92,POS+CHROM,17.419,303.431,-17.419,1.618,2.6167,-1.618,2.388,5.7044,-2.388,1.944,3.7796,-1.944
p11,p11_a,clip_0038,ok,150,84.46,14.75,1,79.16,53.73,0.76,-0.03017382573361561,34.74,115.46,-0.53,-0.20316440090906418,129.36,-1.39,0.14747812866222104,94.71,-0.38,POS+CHROM+DEEP,25.422,646.287,-25.422,36.307,1318.1657,36.307,50.2,2520.0524,50.2,15.556,241.9898,15.556
p11,p11_a,clip_0039,ok,150,79.96,19.82,1,88.61,53.71,0.75,0.4270725377549947,34.74,114.19,-0.56,-0.0019076894119786352,82.99,0.73,0.025217875329307558,81.5,0.31,POS+CHROM+DEEP,34.907,1218.5216,-34.907,25.575,654.0591,25.575,5.62,31.5832,-5.62,7.116,50.6339,-7.116
p11,p11_a,clip_0040,ok,150,89.12,10.39,1,74.84,53.76,0.79,0.2487508605100934,33.98,78.74,1.86,-0.004244456072992915,79.78,0.23,0.08367254162908021,79.19,1.04,POS+CHROM,21.087,444.6758,-21.087,3.9,15.2097,3.9,4.942,24.4185,4.942,4.35,18.9232,4.35
p11,p11_a,clip_0041,ok,150,88.71,10.5,1,77.6,53.76,0.76,-0.12081452547698916,34.73,79.4,1.27,-0.18946886730403403,74.67,1.84,0.21584082731847348,76.92,1.56,POS+CHROM,23.841,568.3983,-23.841,1.799,3.2352,1.799,2.926,8.5634,-2.926,0.677,0.458,-0.677
p11,p11_a,clip_0042,ok,150,77.18,22.56,1,89.61,53.74,0.8,0.2713852067485996,33.96,99.79,-5.1,0.013825790957189972,80.16,-3.33,-0.11157948773297172,70.0,-2.54,POS+CHROM+DEEP,35.863,1286.1526,-35.863,10.185,103.7371,10.185,9.45,89.3079,-9.45,19.61,384.5592,-19.61
p11,p11_a,clip_0043,ok,150,85.96,13.31,1,79.37,53.75,0.76,-0.04341450744154212,34.72,82.06,1.85,-0.1008035808953437,80.89,1.38,0.13113482237256766,81.5,1.62,POS+CHROM,25.62,656.366,-25.62,2.693,7.2536,2.693,1.52,2.309,1.52,2.129,4.5336,2.129
p11,p11_a,clip_0044,ok,150,91.99,7.6,1,74.24,53.74,0.75,-0.17934195353186438,34.35,74.28,1.93,-0.11896719376707762,73.22,1.84,0.1720041960878029,73.75,1.89,POS+CHROM,20.494,420.0044,-20.494,0.036,0.0013,0.036,1.023,1.0461,-1.023,0.49,0.2396,-0.49
p11,p11_a,clip_0045,ok,150,81.23,18.3,1,86.15,53.73,0.77,0.22950797500364487,34.69,85.42,0.33,-0.1094496691716941,85.44,-1.65,0.07501183275955374,85.43,-0.66,POS+CHROM,32.422,1051.1883,-32.422,0.724,0.5243,-0.724,0.704,0.4954,-0.704,0.716,0.5121,-0.716
p11,p11_a,clip_0046,ok,150,84.3,15.6,1,83.13,53.74,0.77,-0.2066391919668777,34.74,86.24,1.38,-0.22050424388176487,86.49,1.02,0.1115701550215572,86.36,1.2,POS+CHROM,29.391,863.8544,-29.391,3.109,9.663,3.109,3.365,11.3205,3.365,3.233,10.4505,3.233
p11,p11_a,clip_0047,ok,150,88.64,10.69,1,76.14,53.76,0.75,-0.008552743274001585,34.36,73.77,3.0,-0.1469975509926398,74.16,1.84,0.05202767741552762,73.94,2.42,POS+CHROM,22.374,500.5895,-22.374,2.371,5.6217,-2.371,1.976,3.9047,-1.976,2.193,4.8075,-2.193
p11,p11_a,clip_0048,ok,150,78.67,21.22,1,86.25,53.73,0.77,-0.30965488315394496,34.69,98.25,-0.66,-0.22072393440417237,101.68,-0.88,0.13830656430531993,99.93,-0.77,POS+CHROM,32.519,1057.4582,-32.519,11.999,143.9667,11.999,15.433,238.1835,15.433,13.683,187.2313,13.683
p11,p11_a,clip_0049,ok,150,84.07,15.62,1,82.23,53.77,0.77,-0.21311649542287817,34.36,69.17,3.59,-0.18026191412829115,67.74,4.0,0.05669737680060555,68.43,3.79,POS+CHROM,28.464,810.2036,-28.464,13.065,170.6873,-13.065,14.488,209.9125,-14.488,13.801,190.4572,-13.801
p11,p11_a,clip_0050,ok,150,95.49,3.98,1,68.31,53.76,0.75,-0.24561772215443334,34.75,65.38,5.16,-0.05188833547189862,70.23,0.49,-0.0033354102106323306,66.9,2.83,POS+CHROM,14.557,211.9178,-14.557,2.937,8.628,-2.937,1.916,3.6709,1.916,1.411,1.9902,-1.411
p11,p11_a,clip_0051,ok,150,85.59,14.21,1,78.6,53.78,0.78,0.3444621226806336,34.29,124.11,-1.67,0.11316122491187255,128.23,-1.79,-0.048247723628311874,126.15,-1.73,POS+CHROM,24.814,615.7302,-24.814,45.511,2071.2857,45.511,49.633,2463.4489,49.633,47.553,2261.2812,47.553
p11,p11_a,clip_0052,ok,150,80.94,18.72,1,89.73,53.75,0.78,-0.395013398795901,34.67,91.99,0.55,-0.015915191634481286,91.24,2.21,0.007621058776709108,91.57,1.38,POS+CHROM,35.977,1294.3588,-35.977,2.267,5.1412,2.267,1.515,2.295,1.515,1.839,3.3832,1.839
p11,p11_a,clip_0053,ok,150,85.56,14.2,1,78.78,53.77,0.74,0.13689183876536526,34.74,77.04,0.67,0.0981487184951358,75.17,2.15,-0.16113955893126172,75.99,1.41,POS+CHROM,25.008,625.3882,-25.008,1.735,3.0095,-1.735,3.603,12.9791,-3.603,2.783,7.7452,-2.783
p11,p11_a,clip_0054,ok,150,81.59,17.45,1,79.76,53.77,0.78,-0.16935132522363947,34.73,72.59,-0.16,0.07050101874715081,102.15,-1.09,-0.0807703820556117,73.68,-0.15,POS+CHROM+DEEP,25.981,675.0061,-25.981,7.163,51.3154,-7.163,22.398,501.6676,22.398,6.073,36.8809,-6.073
p11,p11_a,clip_0055,ok,150,84.61,15.1,1,90.47,53.77,0.79,0.32336946283036705,34.35,91.5,-0.69,0.08068560648029584,71.43,-3.07,-0.027436303187349666,70.58,-0.99,POS+CHROM+DEEP,36.697,1346.6381,-36.697,1.032,1.0649,1.032,19.044,362.683,-19.044,19.894,395.7842,-19.894
p11,p11_a,clip_0056,ok,150,88.33,11.28,1,74.95,53.68,0.77,0.19532991250249523,34.71,71.19,4.39,0.08030921538536935,72.54,3.17,0.02465280712587292,71.8,3.78,POS+CHROM,21.27,452.4291,-21.27,3.755,14.1021,-3.755,2.403,5.7765,-2.403,3.148,9.9093,-3.148
p11,p11_a,clip_0057,ok,150,90.35,9.27,1,74.8,53.71,0.77,-0.026342244877380027,34.72,75.39,2.56,0.1298601793695125,76.18,-0.6,0.04141069722043122,75.69,0.98,POS+CHROM,21.088,444.7029,-21.088,0.596,0.3548,0.596,1.384,1.9149,1.384,0.888,0.7893,0.888
p11,p11_a,clip_0058,ok,150,81.85,18.11,1,86.1,53.78,0.77,0.4323993793174328,34.3,84.69,0.09,0.06375356301213252,87.2,-2.8,-0.05142536765266487,85.65,-1.35,POS+CHROM,32.317,1044.3935,-32.317,1.403,1.9693,-1.403,1.101,1.2125,1.101,0.447,0.1994,-0.447
p11,p11_a,clip_0059,ok,150,79.7,19.95,1,81.46,53.75,0.79,-0.01983446549930784,34.36,81.96,2.08,0.011251921491004442,77.65,2.54,-0.04838810742156166,79.72,2.31,POS+CHROM,27.717,768.2409,-27.717,0.498,0.2479,0.498,3.81,14.518,-3.81,1.74,3.0273,-1.74
p11,p11_a,clip_0060,ok,150,87.47,12.39,1,78.15,53.75,0.77,-0.20199436872058502,34.35,62.49,2.64,0.17809390507325132,59.2,-0.45,-0.14936973224212388,58.9,0.99,POS+CHROM+DEEP,24.396,595.1853,-24.396,15.659,245.1949,-15.659,18.954,359.2456,-18.954,19.249,370.5346,-19.249
p11,p11_a,clip_0061,ok,150,80.94,18.97,1,88.08,53.71,0.8,-0.29087470985541475,34.28,94.72,0.59,-0.028005171206515172,133.33,-3.57,0.025358854718711535,85.59,-0.73,POS+CHROM+DEEP,34.369,1181.2525,-34.369,6.636,44.0414,6.636,45.252,2047.7771,45.252,2.491,6.2041,-2.491
p11,p11_a,clip_0062,ok,150,84.11,15.63,1,87.55,53.76,0.77,-0.2138605258990086,34.32,87.68,1.7,-0.21780250374918397,93.31,-2.21,0.12459138497976022,89.61,-0.26,POS+CHROM,33.791,1141.8526,-33.791,0.131,0.0171,0.131,5.766,33.2412,5.766,2.062,4.2501,2.062
p11,p11_a,clip_0063,ok,150,95.14,4.19,1,69.7,53.77,0.78,-0.18269811117929222,34.34,64.46,4.27,-0.1601235972027355,64.92,-0.67,0.11438726459164691,64.6,1.8,POS+CHROM,15.93,253.7735,-15.93,5.234,27.391,-5.234,4.772,22.7733,-4.772,5.093,25.9376,-5.093
p11,p11_a,clip_0064,ok,150,81.26,17.79,1,79.58,53.77,0.76,0.10337867299173291,34.74,80.85,1.35,0.11017955908209755,80.96,2.07,-0.14469121667494048,80.91,1.71,POS+CHROM,25.811,666.2094,-25.811,1.266,1.604,1.266,1.382,1.9086,1.382,1.327,1.7622,1.327
p11,p11_a,clip_0065,ok,150,80.1,19.47,1,87.46,53.73,0.77,-0.22772615035974753,34.74,89.65,3.65,0.04943471272884096,88.08,0.62,-0.05418591282763167,89.06,2.13,POS+CHROM,33.733,1137.919,-33.733,2.186,4.7802,2.186,0.616,0.3797,0.616,1.595,2.5452,1.595
p11,p11_a,clip_0066,ok,150,88.91,10.79,1,75.09,53.75,0.74,0.19270938245890146,34.74,77.95,2.2,-0.12464235311330663,79.74,0.53,0.04726896410530172,78.72,1.36,POS+CHROM,21.346,455.6609,-21.346,2.855,8.1533,2.855,4.645,21.577,4.645,3.626,13.1505,3.626
p11,p11_a,clip_0067,ok,150,83.01,16.35,1,79.4,53.74,0.76,-0.07104936001173112,34.37,53.83,-3.11,-0.17129518981692315,124.68,-0.49,0.12546626347167059,53.77,-1.17,POS+DEEP,25.657,658.3005,-25.657,25.574,654.0468,-25.574,45.277,2050.0158,45.277,25.629,656.8351,-25.629
p11,p11_a,clip_0068,ok,150,79.77,19.95,1,89.57,53.71,0.8,0.40428581828000154,34.7,87.56,4.84,0.024731971147314152,90.74,0.15,-0.03374366017343382,88.56,2.5,POS+CHROM,35.868,1286.4976,-35.868,2.012,4.0489,-2.012,1.166,1.3599,1.166,1.014,1.0286,-1.014
p11,p11_a,clip_0069,ok,150,90.72,8.75,1,73.43,53.76,0.75,0.2197832269636574,34.38,73.1,2.96,0.08805828499655927,74.77,2.49,0.01566927732846519,73.9,2.73,POS+CHROM,19.667,386.7728,-19.667,0.323,0.1042,-0.323,1.345,1.8092,1.345,0.479,0.2295,0.479
p11,p11_a,clip_0070,ok,150,85.06,14.02,1,77.89,53.77,0.78,-0.10679315368996004,34.34,78.43,-0.34,0.04479220517241743,78.11,1.42,0.11132214716024134,78.25,0.54,POS+CHROM,24.126,582.0605,-24.126,0.536,0.2876,0.536,0.215,0.046,0.215,0.352,0.1239,0.352
p11,p11_b,clip_0000,ok,150,80.09,18.82,1,83.32,53.7,0.78,0.38519576539081374,34.7,73.01,-2.41,0.12118957528690477,128.89,-2.37,-0.02329533802470586,79.32,-1.33,POS+CHROM+DEEP,29.624,877.5943,-29.624,10.313,106.3543,-10.313,45.57,2076.625,45.57,3.998,15.9873,-3.998
p11,p11_b,clip_0001,ok,150,75.53,23.03,1,81.29,53.79,0.78,-0.09168956622635469,34.29,85.37,2.37,0.1105394874988417,78.36,0.49,0.009707545613874446,82.42,1.43,POS+CHROM,27.505,756.533,-27.505,4.081,16.6544,4.081,2.934,8.6056,-2.934,1.121,1.2569,1.121
p11,p11_b,clip_0002,ok,150,78.29,21.51,1,82.49,53.8,0.76,0.17123345265662515,34.31,81.16,0.5,0.031599135843273014,82.03,0.51,0.03830938810772812,81.6,0.5,POS+CHROM,28.688,822.9837,-28.688,1.33,1.769,-1.33,0.46,0.2119,-0.46,0.895,0.8003,-0.895
p11,p11_b,clip_0003,ok,150,78.74,20.96,1,83.19,53.72,0.82,-0.029667312794623736,34.69,81.36,-1.95,0.08334836369405324,70.93,0.11,-0.11374118316955141,66.7,-0.34,POS+CHROM+DEEP,29.475,868.764,-29.475,1.837,3.3749,-1.837,12.267,150.4722,-12.267,16.49,271.9269,-16.49
p11,p11_b,clip_0004,ok,150,81.55,18.32,1,81.77,53.81,0.79,-0.19337160348372487,34.26,88.27,-0.28,-0.12552463174953535,90.19,-0.43,0.07098126511846349,89.22,-0.35,POS+CHROM,27.96,781.752,-27.96,6.495,42.1823,6.495,8.418,70.8586,8.418,7.444,55.4165,7.444
p11,p11_b,clip_0005,ok,150,76.49,23.26,1,82.69,53.68,0.75,0.1075757251786487,34.75,81.31,4.11,-0.24765031860121467,79.24,1.22,0.2243649740590581,80.52,2.66,POS+CHROM,29.004,841.2429,-29.004,1.374,1.8882,-1.374,3.443,11.8559,-3.443,2.165,4.6854,-2.165
p11,p11_b,clip_0006,ok,150,79.54,20.17,1,81.87,53.79,0.77,-0.3370047569985304,34.34,80.94,2.51,0.06718413391361114,83.59,3.03,-0.10559445458557222,82.32,2.77,POS+CHROM,28.078,788.3745,-28.078,0.937,0.8787,-0.937,1.72,2.958,1.72,0.449,0.2012,0.449
p11,p11_b,clip_0007,ok,150,73.44,25.97,1,81.2,53.86,0.77,0.37730543069771105,34.72,79.06,-0.79,0.16781021833915954,79.7,-0.63,-0.16037424182514837,79.39,-0.71,POS+CHROM,27.333,747.0948,-27.333,2.134,4.5552,-2.134,1.496,2.2375,-1.496,1.811,3.2785,-1.811
p11,p11_b,clip_0008,ok,150,76.11,23.49,1,83.49,53.69,0.76,-0.19199118898962336,34.72,87.93,2.37,0.06127452500146096,88.34,1.04,-0.08657408278795507,88.11,1.7,POS+CHROM,29.801,888.1162,-29.801,4.437,19.686,4.437,4.843,23.4538,4.843,4.617,21.3203,4.617
p11,p11_b,clip_0009,ok,150,76.18,23.09,1,81.35,53.82,0.73,0.08266381900465027,34.69,85.22,2.67,-0.17234254821558895,82.31,1.75,0.11440327519231995,83.88,2.21,POS+CHROM,27.522,757.4434,-27.522,3.876,15.0241,3.876,0.967,0.9355,0.967,2.533,6.4184,2.533
p11,p11_b,clip_0010,ok,150,78.21,21.08,1,82.06,53.82,0.84,0.0015993812203719854,34.65,83.62,1.22,-0.2502322454408977,83.08,-0.08,0.24918963366853153,83.38,0.57,POS+CHROM,28.238,797.3602,-28.238,1.559,2.4308,1.559,1.019,1.0386,1.019,1.318,1.7377,1.318
p11,p11_b,clip_0011,ok,150,77.56,22.2,1,84.07,53.71,0.81,-0.16400534561432664,34.34,70.8,-1.67,-0.016007017575861805,108.91,0.15,0.047132816817902684,77.48,-0.24,POS+CHROM+DEEP,30.356,921.4744,-30.356,13.27,176.0921,-13.27,24.843,617.1896,24.843,6.587,43.3883,-6.587
p11,p11_b,clip_0012,ok,150,80.19,19.53,1,81.13,53.63,0.77,0.23560255304611233,34.68,89.36,0.86,0.08561271481200024,95.54,0.36,-0.023453589095580606,92.32,0.61,POS+CHROM,27.502,756.3498,-27.502,8.236,67.8318,8.236,14.409,207.6312,14.409,11.193,125.2829,11.193
p11,p11_b,clip_0013,ok,150,80.69,18.79,1,82.81,53.83,0.76,-0.2999992270615773,34.28,81.05,3.52,0.06824101517047536,78.73,0.89,0.03438027667856552,80.14,2.21,POS+CHROM,28.979,839.785,-28.979,1.758,3.0914,-1.758,4.08,16.6503,-4.08,2.669,7.1233,-2.669
p11,p11_b,clip_0014,ok,150,81.06,18.53,1,80.76,53.71,0.8,0.37623622027754455,34.69,80.73,-1.02,0.026688150284433304,110.61,-2.29,-0.12477123364291898,76.81,-0.84,POS+CHROM+DEEP,27.056,732.0107,-27.056,0.037,0.0014,-0.037,29.843,890.5759,29.843,3.951,15.6115,-3.951
p11,p11_b,clip_0015,ok,150,83.57,15.97,1,80.59,53.7,0.74,-0.07245763429887464,34.72,75.68,2.4,-0.049528236164301735,80.73,-0.32,-0.048130844140781226,77.64,1.04,POS+CHROM,26.893,723.2195,-26.893,4.912,24.1256,-4.912,0.134,0.0178,0.134,2.951,8.7097,-2.951
p11,p11_b,clip_0016,ok,150,79.55,20.1,1,81.54,53.88,0.81,-0.21119375968534862,34.72,83.92,-0.99,-0.11409463766076929,76.73,-1.65,0.013541196952980913,80.52,-1.32,POS+CHROM,27.657,764.8889,-27.657,2.376,5.6456,2.376,4.811,23.1452,-4.811,1.019,1.0383,-1.019
p11,p11_b,clip_0017,ok,150,79.76,19.88,1,81.29,53.69,0.78,0.2224738618123151,34.72,86.09,2.76,-0.2016790919013281,87.57,-0.09,0.04142533391810639,86.66,1.34,POS+CHROM,27.6,761.7501,-27.6,4.797,23.0081,4.797,6.277,39.3975,6.277,5.364,28.7773,5.364
p11,p11_b,clip_0018,ok,150,81.4,17.92,1,81.33,53.7,0.75,-0.29522917118822656,34.76,79.9,0.5,-0.1517058477052896,70.54,-1.51,0.01923370966897682,67.56,-0.09,POS+CHROM+DEEP,27.633,763.5574,-27.633,1.432,2.0513,-1.432,10.795,116.5395,-10.795,13.769,189.5975,-13.769
p11,p11_b,clip_0019,ok,150,79.03,20.73,1,81.39,53.89,0.81,0.31904268878971,34.27,81.81,1.55,-0.07619831748644143,89.98,-0.86,0.03279107059488608,74.29,0.5,POS+CHROM+DEEP,27.495,755.9921,-27.495,0.424,0.1802,0.424,8.588,73.7579,8.588,7.102,50.4449,-7.102
p11,p11_b,clip_0020,ok,150,80.35,19.22,1,81.06,53.65,0.8,-0.031753938977711345,34.33,81.81,-2.26,-0.049315236627731365,81.62,-1.91,0.12168971585143465,81.71,-2.08,POS+CHROM,27.414,751.5198,-27.414,0.752,0.5656,0.752,0.556,0.3096,0.556,0.651,0.4243,0.651
p11,p11_b,clip_0021,ok,150,79.84,19.66,1,81.91,53.76,0.77,-0.19153608366078764,34.31,82.22,2.7,-0.08426607193970496,82.23,-2.52,0.13632552802994335,82.22,0.09,POS+CHROM,28.143,792.0088,-28.143,0.313,0.0978,0.313,0.329,0.1082,0.329,0.318,0.1008,0.318
p11,p11_b,clip_0022,ok,150,78.73,20.88,1,82.98,53.68,0.75,0.1557588137671889,33.94,84.84,-2.52,-0.11664200525306671,85.26,1.85,0.07478471788401675,85.13,-0.34,POS+CHROM,29.309,858.997,-29.309,1.856,3.4452,1.856,2.279,5.1961,2.279,2.142,4.587,2.142
p11,p11_b,clip_0023,ok,150,79.33,20.34,1,83.25,53.74,0.8,-0.3390800412187416,34.37,79.41,-0.77,-0.18828627604638082,118.06,-4.64,0.15328790927362265,74.79,-1.54,POS+CHROM+DEEP,29.519,871.3539,-29.519,3.84,14.7429,-3.84,34.804,1211.3379,34.804,8.465,71.6507,-8.465
p11,p11_b,clip_0024,ok,150,71.13,25.68,1,83.32,53.66,0.83,0.3046216191076446,33.55,82.85,-0.8,-0.20157704556889935,76.62,1.44,0.0930054727569775,79.16,0.32,POS+CHROM,29.663,879.8841,-29.663,0.47,0.2212,-0.47,6.702,44.9214,-6.702,4.162,17.3182,-4.162
p11,p11_b,clip_0025,ok,150,78.74,20.46,1,79.04,53.75,0.75,-0.10419901352085979,34.74,76.23,2.86,-0.12013522435952338,81.84,1.31,0.1890282592250881,78.67,2.08,POS+CHROM,25.287,639.4495,-25.287,2.811,7.9032,-2.811,2.799,7.8349,2.799,0.367,0.1346,-0.367
p11,p11_b,clip_0026,ok,150,80.98,18.83,1,84.64,53.65,0.81,0.39059525258318645,33.99,84.41,-1.46,-0.10300819802807595,105.87,-1.49,0.16035358662742852,77.59,-0.72,POS+CHROM+DEEP,30.996,960.7443,-30.996,0.232,0.0536,-0.232,21.231,450.743,21.231,7.05,49.6968,-7.05
p11,p11_b,clip_0027,ok,150,81.13,18.46,1,86.06,53.62,0.74,-0.38682660416616554,34.75,89.68,-1.15,-0.20703377275953225,92.06,-2.53,0.14620299768061118,90.73,-1.84,POS+CHROM,32.441,1052.4426,-32.441,3.615,13.0686,3.615,5.995,35.9401,5.995,4.669,21.795,4.669
p11,p11_b,clip_0028,ok,150,82.2,17.34,1,83.73,53.85,0.79,0.3211541192546817,33.56,85.42,2.87,-0.3661282887716084,84.15,2.8,0.279159597775469,84.79,2.84,POS+CHROM,29.877,892.6642,-29.877,1.687,2.8446,1.687,0.414,0.1717,0.414,1.054,1.1111,1.054
p11,p11_b,clip_0029,ok,150,76.1,23.56,1,85.04,53.72,0.77,-0.3250453585086027,34.35,83.93,-0.19,-0.27103180411966576,86.49,-2.96,0.20203901948810088,84.92,-1.58,POS+CHROM,31.326,981.321,-31.326,1.115,1.2437,-1.115,1.447,2.0937,1.447,0.125,0.0156,-0.125
p11,p11_b,clip_0030,ok,150,72.31,25.21,1,83.41,53.84,0.74,0.3237351839364295,33.98,122.92,1.73,-0.21410516384170003,87.14,-2.07,0.17479565872699082,90.3,0.13,POS+CHROM+DEEP,29.571,874.4543,-29.571,39.513,1561.3157,39.513,3.733,13.9386,3.733,6.893,47.5169,6.893
p11,p11_b,clip_0031,ok,150,77.12,22.23,1,82.0,53.67,0.79,-0.19196616095805732,34.71,77.64,-1.82,-0.24823353097184178,74.82,-1.64,0.25803895553475653,76.21,-1.73,POS+CHROM,28.33,802.5843,-28.33,4.361,19.0144,-4.361,7.172,51.4425,-7.172,5.787,33.4878,-5.787
p11,p11_b,clip_0032,ok,150,80.53,19.25,1,82.84,53.72,0.73,0.3209740911741935,34.39,132.53,-1.36,-0.12193731624913698,136.29,0.81,0.16430660186810722,134.75,-0.28,POS+CHROM,29.118,847.8849,-29.118,49.696,2469.6887,49.696,53.455,2857.384,53.455,51.912,2694.8124,51.912
p11,p11_b,clip_0033,ok,150,78.83,20.41,1,83.29,53.82,0.76,-0.0586772470991597,34.34,68.24,-1.01,-0.10204055270154881,85.97,-2.86,0.028873496384327065,66.18,-1.04,POS+CHROM+DEEP,29.468,868.3712,-29.468,15.047,226.4243,-15.047,2.683,7.1992,2.683,17.113,292.8599,-17.113
p11,p11_b,clip_0034,ok,150,76.7,23.07,1,82.15,53.83,0.77,-0.03422162791049178,34.0,81.2,0.59,0.02527282866328415,91.98,-2.07,0.07221366114811921,73.23,-0.23,POS+CHROM+DEEP,28.312,801.5887,-28.312,0.947,0.8976,-0.947,9.829,96.6071,9.829,8.916,79.4998,-8.916
p11,p11_b,clip_0035,ok,150,76.0,23.51,1,81.8,53.63,0.76,0.1594819248852045,34.4,92.26,0.6,-0.06431990482732397,61.55,-1.69,0.08827919202882628,56.8,-0.46,CHROM+DEEP,28.172,793.6432,-28.172,10.459,109.3923,10.459,20.25,410.0606,-20.25,25.009,625.4524,-25.009
p11,p11_b,clip_0036,ok,150,78.86,19.92,1,79.92,53.73,0.74,-0.3218059404213338,33.61,62.2,-1.83,0.03899354686844441,89.55,-4.25,-0.08966233552422462,63.85,-1.78,POS+CHROM+DEEP,26.188,685.8277,-26.188,17.72,313.9995,-17.72,9.627,92.6755,9.627,16.067,258.1493,-16.067
p11,p11_b,clip_0037,ok,150,79.57,19.97,1,82.65,53.79,0.79,0.3922510661362563,34.4,83.15,1.45,0.24146344347975993,80.24,3.76,-0.2732015059449566,81.42,2.61,POS+CHROM,28.854,832.5262,-28.854,0.507,0.2574,0.507,2.41,5.8096,-2.41,1.229,1.5108,-1.229
p11,p11_b,clip_0038,ok,150,78.71,20.81,1,80.73,53.68,0.75,0.004351090183153914,33.63,85.21,0.09,0.10394861790410988,84.58,0.97,-0.16305534640015784,84.88,0.53,POS+CHROM,27.056,732.0235,-27.056,4.479,20.0604,4.479,3.85,14.8204,3.85,4.141,17.1501,4.141
p11,p11_b,clip_0039,ok,150,81.62,17.53,1,79.74,53.74,0.79,-0.28566686689718235,33.62,120.79,0.05,0.0411269868500158,126.73,0.29,-0.0977011389016315,123.82,0.17,POS+CHROM,25.999,675.939,-25.999,41.049,1685.0309,41.049,46.991,2208.1386,46.991,44.08,1943.0214,44.08
p11,p11_b,clip_0040,ok,150,80.77,18.74,1,81.79,53.71,0.69,0.3545001532971259,34.77,107.55,-2.71,0.04552086170646599,79.86,-2.65,-0.22697650640065548,74.98,-1.56,POS+CHROM+DEEP,28.074,788.1259,-28.074,25.761,663.6177,25.761,1.927,3.7143,-1.927,6.803,46.2761,-6.803
p11,p11_b,clip_0041,ok,150,77.26,22.34,1,81.85,53.73,0.78,-0.12975233889154766,34.38,90.56,0.71,0.017015703220738195,89.26,3.56,-0.17424133185038937,89.76,2.14,POS+CHROM,28.126,791.0806,-28.126,8.709,75.8501,8.709,7.409,54.8996,7.409,7.908,62.5347,7.908
p11,p11_b,clip_0042,ok,150,81.11,18.68,1,80.2,53.69,0.76,-0.05156984789059426,33.65,78.38,0.41,0.10289826235673288,80.23,2.39,-0.004373378688513795,79.46,1.4,POS+CHROM,26.509,702.7326,-26.509,1.817,3.301,-1.817,0.031,0.001,0.031,0.742,0.5503,-0.742
p11,p11_b,clip_0043,ok,150,76.45,21.4,1,81.75,53.85,0.84,0.07834091082585798,33.8,90.98,-0.48,-0.05346591071733027,75.09,-1.39,-0.06445373429650286,71.68,-0.35,POS+CHROM+DEEP,27.907,778.7782,-27.907,9.225,85.0975,9.225,6.661,44.3657,-6.661,10.072,101.4394,-10.072
p11,p11_b,clip_0044,ok,150,77.94,21.75,1,83.35,53.72,0.79,-0.25477037421908966,34.75,79.21,-0.43,-0.07596310430385797,87.62,-1.03,-0.03752795418283059,71.66,-0.22,POS+CHROM+DEEP,29.626,877.7202,-29.626,4.135,17.0994,-4.135,4.277,18.2908,4.277,11.682,136.4733,-11.682
p11,p11_b,clip_0045,ok,150,76.95,21.23,1,81.44,53.76,0.74,0.3287131046481083,34.74,82.1,0.69,-0.002625524730537607,87.03,0.27,0.05363503299876543,84.48,0.48,POS+CHROM,27.671,765.6848,-27.671,0.664,0.4405,0.664,5.599,31.3435,5.599,3.044,9.2646,3.044
p11,p11_b,clip_0046,ok,150,81.08,18.52,1,80.94,53.79,0.77,-0.3009755687060899,33.96,112.95,-5.52,-0.1206494997338742,72.18,-0.8,0.02551821064337329,70.25,-1.85,POS+CHROM+DEEP,27.153,737.2964,-27.153,32.011,1024.6867,32.011,8.761,76.758,-8.761,10.69,114.2698,-10.69
p11,p11_b,clip_0047,ok,150,77.87,21.96,1,82.25,53.64,0.81,0.25868246146484364,34.36,65.47,3.29,0.08861588298839274,60.14,1.76,-0.20505781590076658,60.56,1.95,POS+CHROM+DEEP,28.614,818.7446,-28.614,16.775,281.4114,-16.775,22.105,488.6278,-22.105,21.685,470.222,-21.685
p11,p11_b,clip_0048,ok,150,79.78,19.55,1,80.78,53.74,0.74,0.04491170824838983,33.97,133.13,-6.98,0.06358435950391075,86.37,-2.54,-0.0995303464721719,75.74,-2.93,POS+CHROM+DEEP,27.042,731.2526,-27.042,52.348,2740.3037,52.348,5.591,31.2542,5.591,5.036,25.3585,-5.036
p11,p11_b,clip_0049,ok,150,81.54,17.71,1,78.62,53.72,0.76,-0.19707098750523794,33.96,77.41,1.33,0.022358214209661106,77.08,1.51,-0.01464821140770667,77.24,1.42,POS+CHROM,24.891,619.5566,-24.891,1.209,1.4627,-1.209,1.537,2.3621,-1.537,1.376,1.8925,-1.376
p11,p11_b,clip_0050,ok,150,80.13,19.43,1,80.44,53.78,0.81,0.19256539516446042,34.31,85.55,-0.79,0.06613755436345735,80.11,-2.0,-0.014581274536754745,83.1,-1.39,POS+CHROM,26.66,710.7354,-26.66,5.109,26.1068,5.109,0.323,0.1045,-0.323,2.666,7.1086,2.666
p11,p11_b,clip_0051,ok,150,78.33,21.06,1,81.09,53.75,0.75,0.018911253156082337,34.37,78.58,2.37,0.004846982472294541,75.51,2.11,0.006406838162375316,77.08,2.24,POS+CHROM,27.337,747.3205,-27.337,2.509,6.2964,-2.509,5.576,31.0874,-5.576,4.01,16.0802,-4.01
p11,p11_b,clip_0052,ok,150,80.5,19.23,1,83.23,53.82,0.75,-0.2529414134243148,34.34,86.27,0.71,-0.06917862342712218,101.01,0.16,-0.030382937730742018,79.69,0.54,POS+CHROM+DEEP,29.411,865.0092,-29.411,3.038,9.2305,3.038,17.784,316.271,17.784,3.541,12.5391,-3.541
p11,p11_b,clip_0053,ok,150,79.4,19.98,1,78.67,53.71,0.78,0.2565556017702883,34.33,76.86,1.99,-0.14293679129559633,76.71,1.45,0.0021681427244150567,76.79,1.72,POS+CHROM,24.952,622.5949,-24.952,1.806,3.2611,-1.806,1.957,3.8295,-1.957,1.878,3.5266,-1.878
p11,p11_b,clip_0054,ok,150,85.52,13.05,1,78.33,53.61,0.75,0.0116748209468509,34.76,95.94,-2.68,-0.011963374425889415,123.64,-0.71,-0.08504612419666159,87.16,-0.88,POS+CHROM+DEEP,24.716,610.864,-24.716,17.611,310.1443,17.611,45.314,2053.3639,45.314,8.83,77.9714,8.83
p11,p11_b,clip_0055,ok,150,80.99,17.44,1,78.39,53.84,0.83,-0.30611568921999244,33.8,77.41,-2.24,0.03047515151153737,75.95,-0.86,-0.08992240656530072,76.6,-1.55,POS+CHROM,24.546,602.5198,-24.546,0.974,0.9489,-0.974,2.433,5.9189,-2.433,1.787,3.1923,-1.787
p11,p11_b,clip_0056,ok,150,84.62,15.06,1,83.99,53.67,0.76,0.32702927044540825,34.7,87.2,1.14,-0.06565205997181794,125.77,-4.54,0.05941862832921611,80.1,-0.88,POS+CHROM+DEEP,30.319,919.2643,-30.319,3.217,10.3472,3.217,41.783,1745.7941,41.783,3.883,15.08,-3.883
p11,p11_b,clip_0057,ok,150,75.23,24.08,1,83.19,53.75,0.8,-0.19556639917582638,34.73,77.03,-0.19,-0.053709494072138736,81.87,-0.01,0.1480608028076832,79.49,-0.1,POS+CHROM,29.437,866.5448,-29.437,6.158,37.9169,-6.158,1.319,1.7404,-1.319,3.703,13.7122,-3.703
p11,p11_b,clip_0058,ok,150,84.59,15.23,1,80.3,53.87,0.77,0.23213507719534765,34.7,63.06,0.57,-0.02472622238870202,128.89,-4.1,0.07425093320821222,71.37,-0.92,POS+CHROM+DEEP,26.433,698.7293,-26.433,17.24,297.2139,-17.24,48.587,2360.6807,48.587,8.929,79.7308,-8.929
p11,p11_b,clip_0059,ok,150,78.6,21.05,1,81.71,53.79,0.76,0.08236536573920228,34.31,79.93,-1.17,-0.12306551613561262,80.28,-1.51,0.1741192101055598,80.1,-1.34,POS+CHROM,27.915,779.2222,-27.915,1.78,3.1681,-1.78,1.431,2.0465,-1.431,1.61,2.5924,-1.61
p11,p11_b,clip_0060,ok,150,84.48,14.74,1,81.41,53.78,0.82,-0.3673836550616271,34.34,80.56,2.21,0.026655268640657977,78.36,-0.76,0.009108712396261058,79.73,0.73,POS+CHROM,27.623,763.046,-27.623,0.846,0.7162,-0.846,3.048,9.292,-3.048,1.68,2.8216,-1.68
p11,p11_b,clip_0061,ok,150,78.97,19.15,1,79.85,53.77,0.79,0.35016155234044105,34.68,78.97,1.61,0.16243515013592347,74.95,-1.29,-0.11718982460892767,77.44,0.16,POS+CHROM,26.08,680.1751,-26.08,0.887,0.7876,-0.887,4.904,24.0446,-4.904,2.418,5.8491,-2.418
p11,p11_b,clip_0062,ok,150,80.01,18.98,1,80.53,53.89,0.76,-0.04011986704202649,34.25,78.85,0.46,0.18445256842511853,68.87,-0.32,-0.11864885644216544,66.9,0.3,POS+CHROM+DEEP,26.639,709.6229,-26.639,1.682,2.8275,-1.682,11.662,135.9939,-11.662,13.632,185.8347,-13.632
p11,p11_b,clip_0063,ok,150,81.13,18.21,1,79.67,53.72,0.8,-0.2990408711786714,34.74,84.23,-3.05,0.11842927170278932,81.96,-2.76,-0.11505633766358218,83.06,-2.91,POS+CHROM,25.944,673.0978,-25.944,4.561,20.8017,4.561,2.293,5.2562,2.293,3.399,11.5546,3.399
p11,p11_b,clip_0064,ok,150,78.92,20.41,1,79.28,53.78,0.72,0.35051174144324243,34.67,70.74,0.3,0.20644974369993216,75.66,-1.7,-0.11476313651470936,72.8,-0.7,POS+CHROM,25.494,649.9415,-25.494,8.533,72.8063,-8.533,3.613,13.0542,-3.613,6.478,41.97,-6.478
p11,p11_b,clip_0065,ok,150,79.66,19.84,1,82.06,53.69,0.78,-0.053853176883872055,34.64,79.75,3.51,0.2569223929799111,77.43,0.26,-0.2041019507849331,78.9,1.88,POS+CHROM,28.362,804.396,-28.362,2.305,5.3124,-2.305,4.63,21.4328,-4.63,3.16,9.9861,-3.16
p11,p11_b,clip_0066,ok,150,78.8,19.99,1,81.33,53.7,0.78,-0.19432326388024568,34.71,103.98,-1.83,0.17174510447835337,80.62,2.11,-0.2582614582149572,76.55,0.35,POS+CHROM+DEEP,27.629,763.3415,-27.629,22.65,513.0202,22.65,0.703,0.4949,-0.703,4.776,22.8068,-4.776
p11,p11_b,clip_0067,ok,150,79.53,19.66,1,82.15,53.8,0.82,0.11519674604928311,34.72,86.65,0.19,0.09759387527511039,85.17,1.52,-0.2322297213524998,85.82,0.86,POS+CHROM,28.351,803.7933,-28.351,4.498,20.2279,4.498,3.02,9.1191,3.02,3.677,13.5192,3.677
p11,p11_b,clip_0068,ok,150,81.32,18.56,1,83.07,53.7,0.74,-0.3166809667408707,34.67,79.39,-1.53,0.019466851200533253,82.93,-1.39,-0.06874916277860131,81.18,-1.46,POS+CHROM,29.367,862.4112,-29.367,3.679,13.5378,-3.679,0.145,0.021,-0.145,1.892,3.5783,-1.892
p11,p11_b,clip_0069,ok,150,85.7,13.01,1,77.8,53.78,0.83,0.06687427628137706,34.72,129.27,-3.36,0.020421821438770155,128.29,-1.64,-0.03211155816924126,128.71,-2.5,POS+CHROM,24.022,577.0631,-24.022,51.465,2648.6033,51.465,50.489,2549.1277,50.489,50.907,2591.5671,50.907
p11,p11_b,clip_0070,ok,150,83.65,15.21,1,77.42,53.85,0.81,0.04222545347116319,34.35,71.93,2.3,0.09827044108694342,77.82,0.67,-0.05159610239994659,74.48,1.48,POS+CHROM,23.571,555.5976,-23.571,5.488,30.1141,-5.488,0.406,0.1652,0.406,2.938,8.6335,-2.938
p11,p11_c,clip_0000,ok,150,78.75,21.11,1,82.5,53.59,0.77,-0.3488598153793112,34.85,80.47,2.85,-0.23060755629231663,83.3,0.82,0.22102155860457962,81.65,1.84,POS+CHROM,28.908,835.6778,-28.908,2.024,4.0947,-2.024,0.802,0.6438,0.802,0.846,0.7165,-0.846
p11,p11_c,clip_0001,ok,150,79.41,19.96,1,83.19,53.74,0.69,0.35865767392979586,34.1,86.1,-1.36,-0.21102135090896273,110.9,-0.8,0.1925926290101245,80.87,-0.49,POS+CHROM+DEEP,29.455,867.5919,-29.455,2.908,8.4561,2.908,27.706,767.6298,27.706,2.317,5.3703,-2.317
p11,p11_c,clip_0002,ok,150,80.99,18.26,1,84.75,53.88,0.83,-0.29201572358836453,33.63,125.43,-3.24,-0.09131736103123997,77.06,-2.06,0.10108833640118194,77.72,-1.49,POS+CHROM+DEEP,30.875,953.2842,-30.875,40.678,1654.6971,40.678,7.691,59.1582,-7.691,7.034,49.4723,-7.034
p11,p11_c,clip_0003,ok,150,78.3,21.08,1,85.66,53.56,0.83,0.29597117205924706,34.39,122.41,-1.0,0.07756767576472609,123.2,-4.39,-0.06973724630547651,122.7,-2.69,POS+CHROM,32.095,1030.0879,-32.095,36.757,1351.0446,36.757,37.545,1409.5976,37.545,37.042,1372.1355,37.042
p11,p11_c,clip_0004,ok,150,92.9,6.56,1,86.66,53.85,0.81,0.037656341128513356,34.64,89.82,-4.31,0.24181435175751945,138.8,-3.79,-0.25124148564310333,82.82,-2.43,POS+CHROM+DEEP,32.809,1076.4021,-32.809,3.154,9.9504,3.154,52.143,2718.9005,52.143,3.837,14.7209,-3.837
p11,p11_c,clip_0005,ok,150,82.22,16.4,1,86.73,53.8,0.76,-0.01659974218451856,34.72,63.45,-1.71,0.2236784240582668,63.4,-2.84,-0.20691170631475536,63.43,-2.28,POS+CHROM,32.931,1084.432,-32.931,23.28,541.937,-23.28,23.326,544.1005,-23.326,23.301,542.9173,-23.301
p11,p11_c,clip_0006,ok,150,85.81,14.14,1,79.02,53.54,0.76,-0.2365313020614239,34.7,76.97,3.62,0.1761403420552977,74.0,2.51,-0.10637290895724205,75.63,3.06,POS+CHROM,25.483,649.3909,-25.483,2.047,4.1904,-2.047,5.015,25.1536,-5.015,3.393,11.515,-3.393
p11,p11_c,clip_0007,ok,150,84.36,13.9,1,78.55,53.58,0.84,0.26404009837493003,34.7,79.64,0.08,0.18768540928894523,80.06,0.64,-0.12285295021316399,79.86,0.36,POS+CHROM,24.97,623.4996,-24.97,1.084,1.1747,1.084,1.506,2.2684,1.506,1.305,1.7026,1.305
p11,p11_c,clip_0008,ok,150,74.35,25.35,1,85.49,53.8,0.76,-0.4567858328500788,34.77,58.76,2.13,0.05763906801209614,58.79,0.49,-0.10052412983434321,57.22,1.13,POS+CHROM+DEEP,31.692,1004.4041,-31.692,26.729,714.4623,-26.729,26.698,712.8066,-26.698,28.265,798.8906,-28.265
p11,p11_c,clip_0009,ok,150,77.89,19.27,1,86.21,53.71,0.79,0.190817742992532,34.03,124.59,-3.78,0.04475744636948291,122.92,-1.69,-0.08042664582373553,123.61,-2.74,POS+CHROM,32.496,1055.9594,-32.496,38.379,1472.9265,38.379,36.714,1347.9288,36.714,37.403,1398.9753,37.403
p11,p11_c,clip_0010,ok,150,77.37,21.81,1,83.35,53.72,0.81,-0.33358672085090907,34.7,72.04,-2.56,0.013550486784447103,128.21,-3.63,0.003753082230663689,76.19,-1.79,POS+CHROM+DEEP,29.626,877.6724,-29.626,11.309,127.8864,-11.309,44.866,2012.9983,44.866,7.163,51.3068,-7.163
p11,p11_c,clip_0011,ok,150,84.95,14.44,1,80.25,53.8,0.69,0.3743457249710456,34.76,80.13,-2.03,0.16682344863901083,66.28,-1.8,-0.16421340007791255,64.67,-1.05,POS+CHROM+DEEP,26.453,699.7661,-26.453,0.119,0.014,-0.119,13.974,195.2744,-13.974,15.578,242.6788,-15.578
p11,p11_c,clip_0012,ok,150,74.08,25.64,1,81.06,53.72,0.8,0.02015805433979435,34.39,71.3,-0.45,0.16859464919502237,87.12,-2.71,-0.20268578453986447,67.6,-0.78,POS+CHROM+DEEP,27.343,747.6572,-27.343,9.768,95.4105,-9.768,6.06,36.7217,6.06,13.463,181.2553,-13.463
p11,p11_c,clip_0013,ok,150,72.8,26.63,1,85.75,53.69,0.73,0.20113997669122677,34.04,120.91,-4.01,0.08615445894750523,124.84,-4.0,-0.06355531111337001,122.88,-4.0,POS+CHROM,32.06,1027.837,-32.06,35.158,1236.0823,35.158,39.087,1527.8301,39.087,37.125,1378.2498,37.125
p11,p11_c,clip_0014,ok,150,62.98,36.79,0,95.93,53.75,0.75,0.31897704395553705,34.73,135.09,-6.4,0.04652188913046204,133.34,-5.61,-0.059855980291352855,134.16,-6.01,POS+CHROM,42.175,1778.7002,-42.175,39.162,1533.6628,39.162,37.412,1399.6772,37.412,38.23,1461.5201,38.23
p11,p11_c,clip_0015,ok,150,67.19,30.47,0,86.53,53.73,0.73,-0.2547771758986516,34.03,135.23,-1.39,-0.014698101758765727,136.39,-2.38,-0.10107423180832492,135.76,-1.88,POS+CHROM,32.802,1075.9491,-32.802,48.697,2371.4041,48.697,49.86,2486.057,49.86,49.231,2423.6588,49.231
p11,p11_c,clip_0016,ok,150,82.72,17.11,1,79.62,53.77,0.76,0.0342647785045259,34.84,76.58,3.53,0.018391870013797065,75.28,2.04,-0.05719209602150748,76.01,2.79,POS+CHROM,25.856,668.5378,-25.856,3.047,9.2829,-3.047,4.341,18.8415,-4.341,3.614,13.0591,-3.614
p11,p11_c,clip_0017,ok,150,82.47,16.53,1,80.6,53.6,0.72,0.12714310551767874,34.78,77.68,3.57,0.23470470575406907,96.97,-0.99,-0.1450498225583493,74.83,1.1,POS+CHROM+DEEP,27.003,729.1555,-27.003,2.923,8.542,-2.923,16.367,267.8765,16.367,5.767,33.256,-5.767
p11,p11_c,clip_0018,ok,150,71.4,25.81,1,82.57,53.84,0.76,-0.43137480780987725,34.41,89.56,0.96,0.09529410321514839,91.63,1.61,-0.06485948858120652,90.65,1.28,POS+CHROM,28.737,825.8043,-28.737,6.99,48.8587,6.99,9.053,81.9583,9.053,8.077,65.2426,8.077
p11,p11_c,clip_0019,ok,150,78.37,21.13,1,82.54,53.75,0.78,0.3075845597331205,34.07,136.61,-2.58,0.008253552392654418,86.27,-0.83,0.026132432894680858,84.65,-0.88,POS+CHROM+DEEP,28.789,828.8108,-28.789,54.071,2923.7028,54.071,3.73,13.9144,3.73,2.107,4.4397,2.107
p11,p11_c,clip_0020,ok,150,76.03,23.15,1,83.42,53.64,0.75,-0.4085136201944747,34.84,86.19,0.01,0.004360612370296952,77.02,-0.36,0.014943632663903621,71.4,0.13,POS+CHROM+DEEP,29.772,886.3786,-29.772,2.777,7.7131,2.777,6.399,40.9457,-6.399,12.017,144.4022,-12.017
p11,p11_c,clip_0021,ok,150,82.12,17.56,1,81.32,53.67,0.75,-0.09244507433323369,34.87,100.73,-1.3,0.015851422468285817,90.23,-1.3,-0.025954267485879305,78.22,-0.62,POS+CHROM+DEEP,27.649,764.4522,-27.649,19.412,376.8222,19.412,8.904,79.2809,8.904,3.104,9.6329,-3.104
p11,p11_c,clip_0022,ok,150,88.56,9.6,1,76.35,53.77,0.75,0.1729405972455281,34.08,74.45,-1.42,0.08521510456317943,70.58,0.41,-0.10930802609662504,72.22,-0.5,POS+CHROM,22.588,510.2158,-22.588,1.909,3.6434,-1.909,5.778,33.3839,-5.778,4.136,17.103,-4.136
p11,p11_c,clip_0023,ok,150,76.87,20.27,1,81.63,53.87,0.77,-0.34145638461893046,34.04,85.47,-0.84,-0.023087150781873192,83.35,0.52,-0.1448599399520796,84.29,-0.16,POS+CHROM,27.759,770.5357,-27.759,3.837,14.7216,3.837,1.719,2.9564,1.719,2.659,7.0682,2.659
p11,p11_c,clip_0024,ok,150,79.08,20.34,1,84.74,53.73,0.73,0.3571035042354541,34.86,83.22,1.02,-0.007724830807816701,79.22,-1.17,-0.06507022161291026,81.58,-0.07,POS+CHROM,31.009,961.5317,-31.009,1.514,2.293,-1.514,5.515,30.4197,-5.515,3.153,9.9436,-3.153
p11,p11_c,clip_0025,ok,150,80.99,18.35,1,82.72,53.71,0.75,-0.20874172181136932,34.33,81.56,1.4,0.07562682409217175,81.84,-2.11,-0.08620686663153113,81.66,-0.36,POS+CHROM,29.002,841.1001,-29.002,1.155,1.3346,-1.155,0.874,0.7642,-0.874,1.055,1.1126,-1.055
p11,p11_c,clip_0026,ok,150,67.33,31.91,0,84.07,53.66,0.69,0.3444479924466405,34.54,84.43,-2.37,0.05835495433350008,56.75,1.21,-0.03487067042900223,55.27,0.95,CHROM+DEEP,30.406,924.5104,-30.406,0.367,0.1346,0.367,27.315,746.0911,-27.315,28.794,829.0664,-28.794
p11,p11_c,clip_0027,ok,150,77.28,22.21,1,80.97,53.99,0.91,-0.17722951146388868,33.99,130.58,-3.53,-0.03716404225258846,132.34,-1.77,0.04333682716320091,131.59,-2.65,POS+CHROM,26.983,728.0665,-26.983,49.607,2460.8521,49.607,51.367,2638.6129,51.367,50.616,2561.9495,50.616
p11,p11_c,clip_0028,ok,150,78.78,20.7,1,83.66,53.67,0.76,0.2861649254360227,34.77,87.0,2.18,-0.15447154069410632,89.35,1.4,0.0347075517269082,88.09,1.79,POS+CHROM,29.995,899.6986,-29.995,3.334,11.1179,3.334,5.682,32.289,5.682,4.432,19.6429,4.432
p11,p11_c,clip_0029,ok,150,64.92,32.13,0,85.83,53.68,0.68,-0.34093961275157997,34.74,87.7,-0.55,0.014297816763786473,87.86,-2.77,0.044200556641587924,87.77,-1.66,POS+CHROM,32.147,1033.4334,-32.147,1.874,3.5135,1.874,2.032,4.1301,2.032,1.939,3.7595,1.939
p11,p11_c,clip_0030,ok,150,80.08,19.67,1,82.47,53.8,0.76,0.27234141243298493,34.41,83.72,0.04,-0.03380265331796908,85.92,-1.3,0.11223280154093121,84.7,-0.63,POS+CHROM,28.667,821.7747,-28.667,1.249,1.5594,1.249,3.448,11.8918,3.448,2.227,4.96,2.227
p11,p11_c,clip_0031,ok,150,75.87,21.39,1,85.41,53.58,0.76,-0.3469719697218128,34.81,84.26,1.01,-0.06383225846949275,76.43,-1.53,0.05345346377308126,81.16,-0.26,POS+CHROM,31.835,1013.4838,-31.835,1.154,1.331,-1.154,8.979,80.6209,-8.979,4.251,18.0678,-4.251
p11,p11_c,clip_0032,ok,150,80.68,11.78,1,88.21,53.83,0.75,0.22746307972161653,34.05,89.41,-1.48,-0.025197289469212004,91.91,-1.97,-0.12334004833632396,90.61,-1.72,POS+CHROM,34.38,1181.9984,-34.38,1.2,1.4403,1.2,3.698,13.675,3.698,2.398,5.7517,2.398
p11,p11_c,clip_0033,ok,150,78.9,20.56,1,80.55,53.65,0.72,-0.19379777064196899,34.83,56.03,-4.51,-0.08403382288671453,127.03,-5.88,0.06589283323767335,54.35,-1.9,POS+DEEP,26.9,723.6092,-26.9,24.519,601.1882,-24.519,46.475,2159.9632,46.475,26.198,686.3488,-26.198
p11,p11_c,clip_0034,ok,150,60.21,36.98,0,82.23,53.7,0.76,0.3349533199238536,34.06,87.47,1.0,-0.09161451061833713,90.25,-0.67,0.14467630585095761,88.67,0.17,POS+CHROM,28.529,813.919,-28.529,5.24,27.4601,5.24,8.022,64.3516,8.022,6.438,41.4527,6.438
p11,p11_c,clip_0035,ok,150,76.32,23.0,1,85.6,53.73,0.77,-0.1700191187410175,34.45,109.15,-3.19,-0.15201681748690762,95.19,-1.25,0.1790168348517514,79.84,-1.22,POS+CHROM+DEEP,31.871,1015.7345,-31.871,23.554,554.7947,23.554,9.594,92.0503,9.594,5.755,33.1183,-5.755
p11,p11_c,clip_0036,ok,150,76.67,21.18,1,82.55,53.7,0.71,0.3576608948918128,34.81,75.42,-1.74,-0.20839617061634466,74.85,-1.49,0.23293066811482804,75.13,-1.61,POS+CHROM,28.846,832.1047,-28.846,7.133,50.8822,-7.133,7.704,59.3503,-7.704,7.425,55.1241,-7.425
p11,p11_c,clip_0037,ok,150,81.08,18.6,1,82.14,53.64,0.74,-0.08255954676641898,34.85,77.89,0.32,-0.0954589217903865,78.25,0.17,0.19666464121192478,78.06,0.25,POS+CHROM,28.497,812.0686,-28.497,4.249,18.0546,-4.249,3.889,15.1249,-3.889,4.071,16.5756,-4.071
p11,p11_c,clip_0038,ok,150,77.9,19.22,1,84.54,53.72,0.77,0.3025118133513701,34.72,72.05,-0.99,-0.06578559229701533,119.87,-2.72,0.05473808363100805,75.68,-0.98,POS+CHROM+DEEP,30.823,950.0595,-30.823,12.49,156.0095,-12.49,35.327,1247.9777,35.327,8.858,78.4706,-8.858
p11,p11_c,clip_0039,ok,150,75.08,22.87,1,87.47,53.91,0.7,-0.34715381913433047,34.38,67.3,-0.04,-0.04278070626391324,109.01,-3.24,-0.10214553711436244,70.73,-0.86,POS+CHROM+DEEP,33.564,1126.5486,-33.564,20.166,406.6762,-20.166,21.537,463.849,21.537,16.739,280.2064,-16.739
p11,p11_c,clip_0040,ok,150,77.52,19.55,1,89.21,53.71,0.75,0.21463504316339715,34.83,87.39,4.46,0.009415955317042144,88.63,3.25,-0.09676956945821638,87.95,3.86,POS+CHROM,35.492,1259.6952,-35.492,1.814,3.2924,-1.814,0.575,0.3308,-0.575,1.257,1.581,-1.257
p11,p11_c,clip_0041,ok,150,85.62,5.98,1,74.5,53.76,0.75,-0.27769056688340155,34.06,128.67,0.46,-0.062463889582710104,128.75,-0.93,0.009126798452418263,128.71,-0.24,POS+CHROM,20.744,430.3214,-20.744,54.171,2934.5257,54.171,54.251,2943.1916,54.251,54.207,2938.3575,54.207
p11,p11_c,clip_0042,ok,150,77.37,21.04,1,84.61,53.74,0.7,0.16765605775770773,33.65,83.49,0.03,-0.21189357290815633,103.64,-2.1,0.23664568198548833,76.71,-0.46,POS+CHROM+DEEP,30.869,952.9138,-30.869,1.12,1.254,-1.12,19.029,362.0871,19.029,7.902,62.4408,-7.902
p11,p11_c,clip_0043,ok,150,69.87,29.18,1,90.75,53.87,0.79,-0.27613139359137945,34.39,93.66,-1.38,-0.1848893711600982,68.21,-0.34,0.14346293137524238,69.55,-0.31,POS+CHROM+DEEP,36.881,1360.2014,-36.881,2.91,8.4672,2.91,22.544,508.229,-22.544,21.201,449.4823,-21.201
p11,p11_c,clip_0044,ok,150,74.62,25.18,1,85.67,53.69,0.73,0.09357493485503064,34.39,88.74,0.71,-0.19545514869235786,67.11,-3.38,0.10501554638868599,70.36,-0.65,POS+CHROM+DEEP,31.974,1022.3682,-31.974,3.071,9.4331,3.071,18.56,344.4617,-18.56,15.31,234.3876,-15.31
p11,p11_c,clip_0045,ok,150,79.76,19.7,1,81.44,53.9,0.78,-0.29032083130531366,34.32,78.8,0.84,-0.2772699341177133,83.47,-2.61,0.09946213599045417,80.49,-0.88,POS+CHROM,27.548,758.8869,-27.548,2.64,6.9677,-2.64,2.03,4.1202,2.03,0.959,0.9193,-0.959
p11,p11_c,clip_0046,ok,150,81.1,17.93,1,88.15,53.68,0.77,-0.0413205747261059,34.74,89.23,1.96,-0.20160982746928707,102.11,0.03,0.16939997736293455,81.45,0.92,POS+CHROM+DEEP,34.469,1188.1287,-34.469,1.08,1.1665,1.08,13.965,195.0342,13.965,6.697,44.856,-6.697
p11,p11_c,clip_0047,ok,150,84.73,10.43,1,88.02,53.65,0.77,0.27008085445717156,34.78,85.37,-2.42,0.15232166709929856,107.09,1.29,-0.02971561988650027,82.37,-0.12,POS+CHROM+DEEP,34.373,1181.5197,-34.373,2.659,7.0679,-2.659,19.062,363.376,19.062,5.652,31.9506,-5.652
p11,p11_c,clip_0048,ok,150,80.35,17.65,1,84.55,53.72,0.76,-0.28207219429038577,34.81,75.25,2.38,0.16781197316004215,75.76,-1.42,-0.02720266801326748,75.43,0.48,POS+CHROM,30.827,950.2842,-30.827,9.293,86.3562,-9.293,8.783,77.1345,-8.783,9.116,83.1027,-9.116
p11,p11_c,clip_0049,ok,150,84.08,14.92,1,86.39,53.75,0.69,0.18228032201764294,34.75,83.92,0.45,-0.11643769611328476,78.03,-1.45,0.05748866871697182,81.44,-0.5,POS+CHROM,32.64,1065.3543,-32.64,2.472,6.1106,-2.472,8.365,69.9728,-8.365,4.957,24.5714,-4.957
p11,p11_c,clip_0050,ok,150,78.56,19.98,1,84.88,53.91,0.78,-0.29109552239646674,34.79,83.03,0.04,-0.14619132925839246,82.43,0.32,-0.14980967079435967,82.72,0.18,POS+CHROM,30.974,959.3689,-30.974,1.853,3.4352,-1.853,2.457,6.0381,-2.457,2.163,4.6767,-2.163
p11,p11_c,clip_0051,ok,150,79.47,17.73,1,82.62,53.62,0.77,0.24759676060774274,34.73,80.63,-3.32,-0.03285395291863367,137.01,-3.35,-0.14610819390240293,81.3,-1.97,POS+CHROM+DEEP,28.996,840.7749,-28.996,1.99,3.9585,-1.99,54.397,2959.0223,54.397,1.321,1.7444,-1.321
p11,p11_c,clip_0052,ok,150,80.62,17.4,1,84.12,53.79,0.74,-0.3695027745547997,34.35,85.53,-0.44,0.14141120813313804,110.82,-2.52,-0.1701864695724418,78.43,-0.74,POS+CHROM+DEEP,30.329,919.8654,-30.329,1.411,1.9909,1.411,26.696,712.6579,26.696,5.689,32.3608,-5.689
p11,p11_c,clip_0053,ok,150,88.29,6.58,1,89.56,53.74,0.73,-0.007634381551288415,34.83,62.45,-2.84,0.18836926532323525,87.61,-1.09,-0.12185155827481302,66.75,-1.06,POS+CHROM+DEEP,35.82,1283.0599,-35.82,27.109,734.9017,-27.109,1.955,3.8232,-1.955,22.807,520.1663,-22.807
p11,p11_c,clip_0054,ok,150,80.73,18.89,1,86.14,53.79,0.8,0.3549755135474393,34.41,90.27,-0.71,0.07051728074093812,88.56,-0.45,-0.05956564394814161,89.4,-0.58,POS+CHROM,32.347,1046.3379,-32.347,4.13,17.0594,4.13,2.417,5.8414,2.417,3.255,10.5936,3.255
p11,p11_c,clip_0055,ok,150,81.01,18.82,1,85.21,53.75,0.75,-0.1207767895680116,34.43,83.54,2.82,-0.07486596436262846,81.25,1.59,-0.014533253171784178,82.51,2.2,POS+CHROM,31.454,989.3628,-31.454,1.671,2.7936,-1.671,3.962,15.6977,-3.962,2.7,7.2925,-2.7
p11,p11_c,clip_0056,ok,150,75.74,23.99,1,82.15,53.79,0.76,0.2569163562779068,34.75,79.48,3.02,-0.0064499633800595485,82.11,4.05,-0.010833041386601064,80.91,3.54,POS+CHROM,28.353,803.9201,-28.353,2.662,7.086,-2.662,0.036,0.0013,-0.036,1.236,1.5267,-1.236
p11,p11_c,clip_0057,ok,150,72.43,26.89,1,91.29,53.77,0.73,-0.09513763014898638,34.74,93.67,2.91,-0.04575502084121317,90.14,-1.67,-0.05360609610598649,92.55,0.62,POS+CHROM,37.519,1407.6605,-37.519,2.382,5.6752,2.382,1.153,1.3293,-1.153,1.258,1.5815,1.258
p11,p11_c,clip_0058,ok,150,77.27,20.86,1,86.02,53.67,0.81,0.07545131046046892,34.23,86.69,0.69,-0.009067483019074469,93.42,-1.67,-0.1049614188376564,89.4,-0.49,POS+CHROM,32.347,1046.3097,-32.347,0.675,0.455,0.675,7.398,54.7234,7.398,3.383,11.4447,3.383
p11,p11_c,clip_0059,ok,150,88.67,10.2,1,82.32,53.87,0.74,-0.25075166916916547,34.37,82.85,1.86,0.165633597684607,87.62,-2.2,-0.1535293826651904,84.46,-0.17,POS+CHROM,28.448,809.3069,-28.448,0.536,0.287,0.536,5.302,28.1153,5.302,2.142,4.5898,2.142
p11,p11_c,clip_0060,ok,150,83.03,16.06,1,78.95,53.72,0.76,0.2762878965411364,34.76,79.19,3.47,0.03738662919959984,55.95,-0.91,0.02846382726149065,54.68,-0.08,CHROM+DEEP,25.228,636.4445,-25.228,0.242,0.0585,0.242,22.997,528.8467,-22.997,24.266,588.8375,-24.266
p11,p11_c,clip_0061,ok,150,79.95,18.93,1,85.36,53.81,0.8,-0.21800080348007972,34.36,77.52,-0.34,0.14396964217119534,80.15,0.55,-0.1418470572535443,78.93,0.1,POS+CHROM,31.548,995.2891,-31.548,7.842,61.503,-7.842,5.209,27.1372,-5.209,6.429,41.3278,-6.429
p11,p11_c,clip_0062,ok,150,82.69,16.92,1,87.25,53.74,0.78,0.10710799979277802,34.75,78.58,-1.39,0.16210015946679548,88.25,0.13,-0.2576286031356438,72.35,-0.16,POS+CHROM+DEEP,33.513,1123.0958,-33.513,8.673,75.2221,-8.673,0.995,0.9906,0.995,14.902,222.0703,-14.902
p11,p11_c,clip_0063,ok,150,79.18,20.28,1,80.58,53.75,0.78,-0.3537689890736813,34.74,83.11,4.36,0.10465751978910379,85.4,3.58,-0.22527740139420507,84.18,3.97,POS+CHROM,26.829,719.8003,-26.829,2.534,6.4224,2.534,4.821,23.2454,4.821,3.604,12.9893,3.604
p11,p11_c,clip_0064,ok,150,76.04,23.55,1,85.25,53.91,0.76,0.19636308742637973,34.69,87.16,5.05,0.047058974514496935,86.99,3.67,-0.12460438068143165,87.08,4.36,POS+CHROM,31.343,982.3834,-31.343,1.912,3.6551,1.912,1.736,3.0141,1.736,1.834,3.3638,1.834
p11,p11_c,clip_0065,ok,150,74.47,24.58,1,81.85,53.76,0.79,-0.28876627007430244,33.62,80.85,5.06,-0.10279982564323879,84.37,3.55,0.12656731909996624,82.39,4.31,POS+CHROM,28.096,789.374,-28.096,1.004,1.0085,-1.004,2.521,6.3531,2.521,0.538,0.2895,0.538
p11,p11_c,clip_0066,ok,150,80.75,19.15,1,83.3,53.71,0.7,0.33159253802643357,34.77,82.41,1.74,-0.010746676849831912,79.7,1.49,0.15718511579517894,81.08,1.61,POS+CHROM,29.596,875.9255,-29.596,0.893,0.7973,-0.893,3.602,12.9716,-3.602,2.218,4.9197,-2.218
p11,p11_c,clip_0067,ok,150,78.66,21.11,1,80.73,53.74,0.73,-0.11260957739112389,34.74,82.0,0.93,-0.030142772545459984,83.73,0.46,0.09614140786452904,82.83,0.69,POS+CHROM,26.989,728.4029,-26.989,1.267,1.6059,1.267,3.001,9.0036,3.001,2.1,4.4081,2.1
p11,p11_c,clip_0068,ok,150,81.28,17.36,1,82.08,53.62,0.77,0.29260260741475064,34.85,84.85,1.03,-0.0927634039018006,87.37,1.02,0.22288183933224542,86.11,1.03,POS+CHROM,28.462,810.1042,-28.462,2.77,7.675,2.77,5.296,28.0521,5.296,4.033,16.2625,4.033
p11,p11_c,clip_0069,ok,150,75.38,21.88,1,84.71,53.76,0.76,-0.17279451204733437,33.61,76.83,1.53,0.08211254155582283,75.45,3.11,-0.01543873282764243,76.05,2.32,POS+CHROM,30.948,957.7505,-30.948,7.879,62.0728,-7.879,9.257,85.6897,-9.257,8.658,74.9637,-8.658
p11,p11_c,clip_0070,ok,150,55.77,38.06,0,81.43,53.73,0.72,0.11894941963157933,34.41,90.05,-0.59,0.05167650141116094,89.19,1.64,-0.10127338115165072,89.54,0.52,POS+CHROM,27.698,767.2018,-27.698,8.616,74.2361,8.616,7.761,60.2304,7.761,8.11,65.7663,8.11
p11,p11_d,clip_0000,ok,150,78.42,21.21,1,82.51,53.76,0.82,-0.04559515690100137,33.64,108.05,-4.07,-0.037218621728628866,105.02,-1.74,-0.07885574182424501,106.24,-2.91,POS+CHROM,28.751,826.603,-28.751,25.537,652.1352,25.537,22.512,506.8052,22.512,23.735,563.3273,23.735
p11,p11_d,clip_0001,ok,150,81.93,17.8,1,78.13,53.76,0.82,0.31921173672159125,34.4,78.8,-0.79,-0.23441187797835403,92.42,-3.07,0.07640922870101581,70.97,-1.01,POS+CHROM+DEEP,24.365,593.662,-24.365,0.673,0.4528,0.673,14.291,204.2335,14.291,7.156,51.2133,-7.156
p11,p11_d,clip_0002,ok,150,85.51,13.83,1,76.73,53.86,0.84,0.021401730837396098,34.37,72.61,-0.44,-0.22177561902364143,70.51,2.16,0.11770827586419659,71.34,0.86,POS+CHROM,22.867,522.9207,-22.867,4.113,16.919,-4.113,6.217,38.6547,-6.217,5.39,29.0492,-5.39
p11,p11_d,clip_0003,ok,150,82.33,17.62,1,78.57,53.76,0.89,-0.24735216789544567,33.97,101.49,-0.04,-0.05130310712933333,55.59,-2.09,0.0033141063048727788,54.45,-0.6,CHROM+DEEP,24.807,615.3689,-24.807,22.926,525.5978,22.926,22.971,527.6822,-22.971,24.112,581.4035,-24.112
p11,p11_d,clip_0004,ok,150,81.96,17.75,1,79.2,53.69,0.84,0.2261227556842596,34.36,119.87,-2.72,-0.06357307014426589,123.04,-2.06,0.05512790677102532,121.54,-2.39,POS+CHROM,25.504,650.4542,-25.504,40.674,1654.3639,40.674,43.843,1922.1852,43.843,42.345,1793.083,42.345
p11,p11_d,clip_0005,ok,150,79.29,20.5,1,81.8,53.61,0.82,0.021236700692278784,34.37,91.56,-0.79,-0.12213854913016409,105.76,-0.52,-0.04212635093967104,81.18,-0.16,POS+CHROM+DEEP,28.188,794.5539,-28.188,9.765,95.3647,9.765,23.965,574.3255,23.965,0.617,0.3802,-0.617
p11,p11_d,clip_0006,ok,150,80.25,19.56,1,81.68,53.72,0.83,-0.3341078343337761,33.62,122.65,0.26,-0.03406543239908395,121.13,-2.21,0.03491721417730295,122.04,-0.97,POS+CHROM,27.961,781.8264,-27.961,40.969,1678.4318,40.969,39.453,1556.5298,39.453,40.365,1629.3498,40.365
p11,p11_d,clip_0007,ok,150,79.94,19.72,1,81.32,53.72,0.86,0.3267384189175808,34.36,65.63,-1.83,-0.10933400123850147,89.47,-3.04,0.19171893033118625,65.88,-1.34,POS+CHROM+DEEP,27.602,761.8758,-27.602,15.69,246.1849,-15.69,8.152,66.4554,8.152,15.44,238.398,-15.44
p11,p11_d,clip_0008,ok,150,77.51,22.23,1,82.09,53.47,0.69,-0.26392370682682487,34.68,132.76,-4.03,-0.04471111708893194,73.3,0.54,0.14307853653081967,76.29,-0.93,POS+CHROM+DEEP,28.624,819.3158,-28.624,50.664,2566.8731,50.664,8.79,77.2628,-8.79,5.803,33.6791,-5.803
p11,p11_d,clip_0009,ok,150,80.77,19.15,1,81.35,53.62,0.83,0.22963805941078694,33.81,82.32,3.85,0.013771174953307154,80.81,1.71,0.07915698074345037,81.7,2.78,POS+CHROM,27.731,769.0278,-27.731,0.975,0.9504,0.975,0.535,0.2867,-0.535,0.353,0.1249,0.353
p11,p11_d,clip_0010,ok,150,83.59,16.24,1,79.44,53.63,0.88,0.10075496919061434,33.82,86.29,0.91,-0.060021279219321516,81.97,0.25,0.1380495428560964,84.25,0.58,POS+CHROM,25.809,666.1215,-25.809,6.853,46.9689,6.853,2.531,6.4083,2.531,4.811,23.1482,4.811
p11,p11_d,clip_0011,ok,150,82.03,17.81,1,79.74,53.62,0.86,-0.29194156129792687,33.75,106.36,-0.64,0.007241824863694845,114.92,0.86,-0.04882558877769899,90.47,0.36,POS+CHROM+DEEP,26.124,682.4883,-26.124,26.622,708.7209,26.622,35.178,1237.4778,35.178,10.729,115.1011,10.729
p11,p11_d,clip_0012,ok,150,81.93,17.86,1,81.22,53.57,0.87,0.39258504822203094,34.55,82.07,1.63,-0.03647211317887601,87.35,2.79,-0.029417685975649536,84.96,2.21,POS+CHROM,27.647,764.3831,-27.647,0.848,0.7187,0.848,6.124,37.4997,6.124,3.739,13.9838,3.739
p11,p11_d,clip_0013,ok,150,82.74,16.93,1,81.42,53.63,0.88,-0.02454149142894531,33.77,80.37,3.41,-0.0810343063544129,79.86,-0.01,0.007769221502215501,80.19,1.7,POS+CHROM,27.792,772.3747,-27.792,1.046,1.0934,-1.046,1.561,2.4373,-1.561,1.232,1.5176,-1.232
p11,p11_d,clip_0014,ok,150,82.95,16.86,1,79.42,53.89,0.82,-0.240225223077351,33.65,108.12,-1.85,-0.08270238162094394,80.61,0.67,-0.0015977502746128925,77.14,-0.12,POS+CHROM+DEEP,25.521,651.3042,-25.521,28.703,823.886,28.703,1.197,1.432,1.197,2.274,5.1698,-2.274
p11,p11_d,clip_0015,ok,150,75.48,23.13,1,79.31,54.2,0.91,0.04544934936068208,33.23,101.61,-0.67,-0.13912652499049152,93.02,-0.15,0.06544636907074923,80.66,0.03,POS+CHROM+DEEP,25.115,630.751,-25.115,22.294,497.0339,22.294,13.705,187.8391,13.705,1.347,1.814,1.347
p11,p11_d,clip_0016,ok,150,85.69,14.04,1,77.3,54.13,0.98,0.2905009911228563,33.62,118.96,-1.56,-0.08033142498254145,120.6,-2.04,-0.08491702821243716,119.75,-1.8,POS+CHROM,23.174,537.0434,-23.174,41.655,1735.1802,41.655,43.303,1875.1176,43.303,42.446,1801.6409,42.446
p11,p11_d,clip_0017,ok,150,84.04,15.45,1,78.2,54.04,0.98,-0.047477697018593584,34.73,59.98,-0.55,-0.15516579501372987,60.86,0.23,-0.06233786445119622,58.04,0.22,POS+CHROM+DEEP,24.157,583.5812,-24.157,18.222,332.0421,-18.222,17.341,300.693,-17.341,20.163,406.5616,-20.163
p11,p11_d,clip_0018,ok,150,83.98,15.82,1,78.37,54.07,1.0,-0.3308110159364006,33.97,75.46,2.91,-0.278559677383435,76.46,-1.46,0.1382730649515978,75.79,0.72,POS+CHROM,24.307,590.8348,-24.307,2.914,8.4908,-2.914,1.916,3.6719,-1.916,2.589,6.7044,-2.589
p11,p11_d,clip_0019,ok,150,81.48,18.1,1,79.43,54.14,1.01,0.3207541396275952,33.97,87.27,-0.76,-0.19795525868404176,86.64,0.38,0.07115760099164543,86.93,-0.19,POS+CHROM,25.291,639.6435,-25.291,7.838,61.4359,7.838,7.209,51.9659,7.209,7.494,56.1526,7.494
p11,p11_d,clip_0020,ok,150,86.41,13.11,1,75.4,53.99,1.03,0.252946070800898,33.96,135.58,-2.96,-0.059965970098851996,132.88,-1.37,0.06287295768234584,134.05,-2.17,POS+CHROM,21.403,458.0822,-21.403,60.183,3621.9708,60.183,57.484,3304.3534,57.484,58.655,3440.4241,58.655
p11,p11_d,clip_0021,ok,150,83.5,15.69,1,77.42,54.05,0.96,0.009086317033799841,34.65,74.74,0.72,-0.01933181354431121,72.8,-1.32,0.03196585830389325,73.93,-0.3,POS+CHROM,23.368,546.0801,-23.368,2.677,7.168,-2.677,4.617,21.3187,-4.617,3.484,12.1394,-3.484
p11,p11_d,clip_0022,ok,150,82.31,17.14,1,78.49,53.74,0.82,-0.34724265489896844,34.31,84.65,1.3,-0.049887556267492264,85.01,0.17,0.06561787128110214,84.81,0.73,POS+CHROM,24.752,612.6846,-24.752,6.16,37.9409,6.16,6.52,42.513,6.52,6.323,39.9804,6.323
p11,p11_d,clip_0023,ok,150,79.39,20.2,1,80.76,54.07,1.0,0.350040396076089,33.84,76.21,0.4,-0.1167174815095163,85.08,-0.06,0.07121980818056008,70.84,0.45,POS+CHROM+DEEP,26.692,712.485,-26.692,4.554,20.7358,-4.554,4.315,18.6164,4.315,9.922,98.4497,-9.922
p11,p11_d,clip_0024,ok,150,82.56,16.92,1,80.01,53.81,0.9,-0.08586779358180917,33.38,81.35,2.2,-0.14521820690462503,70.93,0.55,0.11547475427142508,69.62,1.22,POS+CHROM+DEEP,26.2,686.4356,-26.2,1.338,1.7901,1.338,9.082,82.4835,-9.082,10.395,108.0646,-10.395
p11,p11_d,clip_0025,ok,150,81.3,18.49,1,80.81,54.11,0.83,-0.1301469296925852,33.29,79.36,-0.95,-0.15540059630968,81.14,-0.84,0.09059912543073566,80.26,-0.9,POS+CHROM,26.697,712.7185,-26.697,1.448,2.0966,-1.448,0.332,0.1103,0.332,0.55,0.3025,-0.55
p11,p11_d,clip_0026,ok,150,81.34,18.31,1,81.78,54.08,0.87,0.2790757533006129,33.33,59.01,-2.81,-0.05461806621250999,93.37,-0.55,-0.009212038369668628,55.81,-0.97,POS+DEEP,27.695,767.0243,-27.695,22.77,518.4594,-22.77,11.592,134.3747,11.592,25.965,674.1979,-25.965
p11,p11_d,clip_0027,ok,150,82.47,16.93,1,77.36,53.74,0.83,-0.018827057422738252,34.08,106.14,0.04,-0.10220108431079018,113.58,-0.34,0.10167763166384597,109.74,-0.15,POS+CHROM,23.621,557.9752,-23.621,28.775,828.0007,28.775,36.222,1312.0293,36.222,32.381,1048.4977,32.381
p11,p11_d,clip_0028,ok,150,79.13,19.34,1,78.33,54.21,0.55,-0.2855980093803216,35.06,73.02,1.6,0.10395367126784286,71.28,2.0,-0.09438853510561544,72.12,1.8,POS+CHROM,24.121,581.8219,-24.121,5.315,28.2467,-5.315,7.056,49.7871,-7.056,6.214,38.6197,-6.214
p11,p11_d,clip_0029,ok,150,77.89,21.73,1,82.07,54.3,1.0,0.4014105558994188,33.74,89.06,2.52,-0.03817197028911701,88.34,3.71,-0.019531513945005415,88.66,3.12,POS+CHROM,27.773,771.3496,-27.773,6.984,48.7704,6.984,6.265,39.2563,6.265,6.589,43.4171,6.589
p11,p11_d,clip_0030,ok,150,76.57,23.35,1,83.46,54.07,0.84,-0.26648249184970885,34.74,82.78,-0.94,-0.12048882079133805,74.31,-1.73,0.05355893912952411,68.48,-0.61,POS+CHROM+DEEP,29.391,863.8274,-29.391,0.681,0.4635,-0.681,9.143,83.5951,-9.143,14.973,224.2032,-14.973
p11,p11_d,clip_0031,ok,150,80.93,18.67,1,79.32,54.66,1.19,-0.17981336903001435,33.65,114.63,-2.61,-0.00615323684479724,79.5,-3.81,-0.06940538381469055,76.35,-1.74,POS+CHROM+DEEP,24.654,607.7974,-24.654,35.311,1246.8408,35.311,0.189,0.0356,0.189,2.971,8.8242,-2.971
p11,p11_d,clip_0032,ok,150,87.53,12.14,1,75.24,54.32,0.98,0.151989887079966,34.01,82.09,-1.48,-0.13936259761717962,136.51,-5.77,0.08942704143449397,77.01,-2.09,POS+CHROM+DEEP,20.927,437.9196,-20.927,6.848,46.9005,6.848,61.263,3753.1403,61.263,1.762,3.1032,1.762
p11,p11_d,clip_0033,ok,150,85.86,13.76,1,75.11,54.23,1.03,0.2924180851535106,34.03,68.02,2.68,-0.14488212876112422,65.32,2.44,0.0018464007210040347,66.7,2.56,POS+CHROM,20.882,436.0417,-20.882,7.086,50.2118,-7.086,9.791,95.8611,-9.791,8.412,70.7551,-8.412
p11,p11_d,clip_0034,ok,150,85.15,14.03,1,77.93,53.8,0.73,0.06271422454429483,34.86,105.85,-1.63,-0.04205477177007607,114.08,-2.61,0.03916758402602688,84.8,-1.17,POS+CHROM+DEEP,24.128,582.1777,-24.128,27.92,779.5464,27.92,36.153,1307.0528,36.153,6.867,47.1489,6.867
p11,p11_d,clip_0035,ok,150,80.34,18.9,1,79.91,54.3,1.11,-0.3569738902432857,34.11,82.44,0.86,-0.12974872655180902,78.35,-0.8,0.17663348655459948,80.67,0.03,POS+CHROM,25.605,655.6357,-25.605,2.531,6.4078,2.531,1.556,2.4212,-1.556,0.768,0.5905,0.768
p11,p11_d,clip_0036,ok,150,79.65,20.09,1,80.18,54.0,1.02,0.33037173133100195,34.05,78.84,0.15,-0.05912417428990346,80.71,-0.11,0.03094286799064071,79.76,0.02,POS+CHROM,26.181,685.4478,-26.181,1.335,1.7815,-1.335,0.532,0.2826,0.532,0.422,0.1779,-0.422
p11,p11_d,clip_0037,ok,150,81.16,18.25,1,79.73,53.84,0.84,-0.04723421774704154,34.03,80.03,0.72,0.010608200780295458,79.43,3.32,-0.008924824706008498,79.67,2.02,POS+CHROM,25.894,670.4882,-25.894,0.293,0.0861,0.293,0.299,0.0892,-0.299,0.066,0.0043,-0.066
p11,p11_d,clip_0038,ok,150,80.18,19.67,1,80.62,53.8,0.82,-0.3378038240831329,34.4,78.79,-1.68,-0.1091851136312642,102.28,-0.21,0.059970372248066214,76.71,-0.36,POS+CHROM+DEEP,26.82,719.3062,-26.82,1.828,3.3405,-1.828,21.666,469.4188,21.666,3.908,15.2728,-3.908
p11,p11_d,clip_0039,ok,150,80.42,19.31,1,80.41,53.86,0.86,0.3679740259622304,34.38,73.4,0.33,0.06938164348152254,72.68,-0.76,-0.07404404114477788,73.07,-0.21,POS+CHROM,26.547,704.7629,-26.547,7.003,49.045,-7.003,7.729,59.7324,-7.729,7.333,53.7763,-7.333
p11,p11_d,clip_0040,ok,150,83.12,16.27,1,78.1,53.79,0.83,0.06525129090941763,34.36,81.56,0.49,0.27358271392608413,81.43,-0.34,-0.1835082227673429,81.5,0.08,POS+CHROM,24.308,590.9028,-24.308,3.461,11.9773,3.461,3.335,11.1194,3.335,3.402,11.5743,3.402
p11,p11_d,clip_0041,ok,150,86.57,12.81,1,77.56,54.13,1.08,-0.29623277115962715,33.91,58.73,-0.02,0.10043683169326556,79.76,-1.47,-0.129527231959052,56.22,0.53,POS+DEEP,23.427,548.8024,-23.427,18.829,354.5304,-18.829,2.203,4.8548,2.203,21.338,455.3136,-21.338
p11,p11_d,clip_0042,ok,150,81.01,18.22,1,78.76,53.88,0.71,-0.14611142145390588,34.35,79.64,-1.45,-0.02428179694797796,81.57,-3.36,-0.10795527004197852,80.45,-2.41,POS+CHROM,24.883,619.1641,-24.883,0.877,0.77,0.877,2.807,7.8768,2.807,1.69,2.8575,1.69
p11,p11_d,clip_0043,ok,150,82.5,17.27,1,77.9,54.01,0.93,0.32390873228614153,34.7,81.04,-0.91,-0.01784522461432262,81.36,0.58,0.06945026510762198,81.22,-0.17,POS+CHROM,23.886,570.5487,-23.886,3.147,9.9067,3.147,3.465,12.0071,3.465,3.326,11.0611,3.326
p11,p11_d,clip_0044,ok,150,83.66,15.54,1,77.85,53.95,0.92,0.0037196961859261705,34.71,113.61,-5.53,-0.06871354304360261,73.84,-2.71,0.11026181439213453,70.5,-2.44,POS+CHROM+DEEP,23.902,571.2927,-23.902,35.763,1279.0012,35.763,4.01,16.084,-4.01,7.352,54.0548,-7.352
p11,p11_d,clip_0045,ok,150,83.07,16.78,1,77.82,54.01,0.93,-0.2292844355751025,33.91,76.87,0.64,-0.09027245992713477,77.59,-0.49,0.09497656277933836,77.2,0.07,POS+CHROM,23.814,567.0987,-23.814,0.953,0.9087,-0.953,0.235,0.0553,-0.235,0.628,0.3942,-0.628
p11,p11_d,clip_0046,ok,150,83.97,15.54,1,76.24,53.74,0.82,-0.2847678923595479,34.76,95.38,1.75,0.05439055146284836,93.18,2.19,-0.014280040990766539,94.24,1.97,POS+CHROM,22.502,506.3412,-22.502,19.146,366.5652,19.146,16.944,287.0891,16.944,18.004,324.1613,18.004
p11,p11_d,clip_0047,ok,150,87.6,12.25,1,77.48,53.53,0.88,0.3427121257949336,34.75,81.79,0.27,0.1651523579719199,56.9,-0.43,-0.16115913897094367,55.03,0.23,CHROM+DEEP,23.947,573.4461,-23.947,4.315,18.6182,4.315,20.579,423.4836,-20.579,22.445,503.7655,-22.445
p11,p11_d,clip_0048,ok,150,79.22,20.31,1,81.49,53.79,0.79,-0.24229267155234666,33.31,85.33,-1.3,0.0684590345008919,88.1,-2.55,-0.10131547397522934,86.57,-1.92,POS+CHROM,27.699,767.2602,-27.699,3.837,14.7204,3.837,6.603,43.6006,6.603,5.076,25.7684,5.076
p11,p11_d,clip_0049,ok,150,69.57,29.72,1,86.95,53.92,0.9,0.18083368942671643,34.41,78.66,-4.21,-0.0703217209857007,74.77,0.25,-0.013463511297282826,76.02,-1.98,POS+CHROM,33.029,1090.9226,-33.029,8.287,68.6794,-8.287,12.176,148.2506,-12.176,10.924,119.3301,-10.924
p11,p11_d,clip_0050,ok,150,78.32,21.55,1,87.21,53.83,0.84,-0.28456491173183984,33.68,84.16,-1.44,-0.1602693038721977,81.39,-1.43,0.09247420233840055,82.77,-1.43,POS+CHROM,33.378,1114.124,-33.378,3.047,9.282,-3.047,5.82,33.8671,-5.82,4.434,19.6613,-4.434
p11,p11_d,clip_0051,ok,150,81.12,18.7,1,80.24,53.71,0.87,0.3268223433859979,33.7,77.88,0.88,-0.1790467950033511,76.39,1.1,0.2016167382528119,77.13,0.99,POS+CHROM,26.535,704.088,-26.535,2.358,5.5589,-2.358,3.847,14.797,-3.847,3.116,9.7086,-3.116
p11,p11_d,clip_0052,ok,150,78.26,21.12,1,81.79,53.57,0.68,-0.17883804302212136,33.89,99.4,1.7,-0.11654824456351821,99.78,2.09,0.09719603203355803,99.59,1.9,POS+CHROM,28.215,796.0697,-28.215,17.608,310.0478,17.608,17.99,323.6429,17.99,17.805,317.0311,17.805
p11,p11_d,clip_0053,ok,150,78.94,20.81,1,81.73,53.62,0.86,-0.1929740715152142,33.56,114.75,-2.89,-0.05366156067825988,115.24,-1.89,0.07462875537183511,115.02,-2.39,POS+CHROM,28.107,790.0265,-28.107,33.021,1090.4182,33.021,33.509,1122.846,33.509,33.285,1107.9201,33.285
p11,p11_d,clip_0054,ok,150,88.97,10.77,1,75.48,54.06,0.89,0.25697334021491425,33.95,91.62,-2.23,0.0003692079375265444,62.55,0.61,-0.05532210121294783,66.0,-0.24,POS+CHROM+DEEP,21.42,458.8047,-21.42,16.133,260.2798,16.133,12.937,167.356,-12.937,9.484,89.9477,-9.484
p11,p11_d,clip_0055,ok,150,85.52,13.58,1,77.02,53.9,0.83,0.06446177821768947,34.37,82.02,-2.73,-0.015094295338643218,83.66,-0.04,0.024229533545076388,83.02,-1.39,POS+CHROM,23.12,534.5441,-23.12,4.994,24.9438,4.994,6.641,44.0998,6.641,5.999,35.9925,5.999
p11,p11_d,clip_0056,ok,150,80.76,18.97,1,78.63,53.89,0.82,-0.30776703859756266,33.97,77.26,4.49,-0.08749006323525606,72.75,-1.47,0.08115408818405893,76.04,1.51,POS+CHROM,24.742,612.1658,-24.742,1.368,1.8716,-1.368,5.884,34.6237,-5.884,2.589,6.7029,-2.589
p11,p11_d,clip_0057,ok,150,75.68,24.01,1,81.89,54.03,1.01,0.26306596351814027,33.95,82.91,-0.11,-0.09516168676265076,83.25,-0.3,0.015943648098228673,83.08,-0.2,POS+CHROM,27.859,776.1123,-27.859,1.019,1.0376,1.019,1.354,1.8345,1.354,1.184,1.4015,1.184
p11,p11_d,clip_0058,ok,150,79.54,20.09,1,79.81,53.97,1.03,0.1875456504684452,33.7,127.94,-2.11,-0.02439426355650087,117.67,-2.07,0.06057339311030905,91.36,-1.05,POS+CHROM+DEEP,25.842,667.833,-25.842,48.123,2315.8683,48.123,37.857,1433.1895,37.857,11.547,133.3223,11.547
p11,p11_d,clip_0059,ok,150,86.95,11.47,1,79.47,54.3,0.96,-0.14563319181649007,32.96,130.85,-2.99,0.12516603942591759,131.53,-2.67,-0.14658425474355025,131.2,-2.83,POS+CHROM,25.168,633.4252,-25.168,51.381,2640.0037,51.381,52.057,2709.8888,52.057,51.728,2675.7782,51.728
p11,p11_d,clip_0060,ok,150,84.16,15.34,1,78.6,54.25,0.94,-0.16194409600638768,33.4,131.85,0.59,-0.11658738500862414,132.29,0.29,0.07251645669871083,132.07,0.44,POS+CHROM,24.355,593.175,-24.355,53.251,2835.7028,53.251,53.69,2882.6646,53.69,53.465,2858.5583,53.465
p11,p11_d,clip_0061,ok,150,83.77,16.03,1,79.85,53.98,0.99,0.21090076813272554,34.35,73.96,1.04,-0.09621845195152325,73.09,1.34,0.10588312463426068,73.51,1.19,POS+CHROM,25.877,669.6412,-25.877,5.896,34.7605,-5.896,6.767,45.7872,-6.767,6.342,40.2225,-6.342
p11,p11_d,clip_0062,ok,150,79.99,19.81,1,80.53,53.57,0.92,-0.1655229447206544,35.06,115.74,-0.77,0.15546582731302747,120.22,0.95,-0.1440743519404927,118.3,0.09,POS+CHROM,26.96,726.8685,-26.96,35.215,1240.1026,35.215,39.695,1575.6538,39.695,37.772,1426.7602,37.772
p11,p11_d,clip_0063,ok,150,85.28,14.32,1,76.44,53.82,0.82,-0.2761809893810501,34.71,79.11,0.06,0.15308932582902945,78.07,-1.09,-0.14768359545105875,78.64,-0.51,POS+CHROM,22.629,512.0789,-22.629,2.667,7.1106,2.667,1.63,2.6573,1.63,2.198,4.8305,2.198
p11,p11_d,clip_0064,ok,150,81.48,18.05,1,77.09,53.73,0.77,0.16515560463976842,34.68,75.52,1.0,0.1158271481162206,80.44,-1.19,-0.11388488954261053,77.53,-0.09,POS+CHROM,23.362,545.7991,-23.362,1.574,2.4783,-1.574,3.35,11.2251,3.35,0.444,0.1971,0.444
p11,p11_d,clip_0065,ok,150,82.17,17.46,1,78.32,53.81,0.85,0.18191279735880675,33.45,76.98,-0.04,0.1662230167130046,74.87,1.04,-0.06419621801545639,75.83,0.5,POS+CHROM,24.504,600.4377,-24.504,1.336,1.7862,-1.336,3.45,11.902,-3.45,2.488,6.191,-2.488
p11,p11_d,clip_0066,ok,150,80.32,19.57,1,81.64,53.78,0.74,-0.28148061106745775,34.6,81.07,0.22,0.0810551301239534,119.06,-1.12,-0.056033879508440264,81.28,-0.05,POS+CHROM+DEEP,27.862,776.305,-27.862,0.574,0.3296,-0.574,37.412,1399.6429,37.412,0.361,0.1302,-0.361
p11,p11_d,clip_0067,ok,150,84.41,15.42,1,77.22,53.73,0.75,-0.2049274372775041,34.65,79.58,1.96,0.1386930442354547,78.41,4.29,-0.08473328056780895,78.88,3.12,POS+CHROM,23.485,551.5283,-23.485,2.36,5.5683,2.36,1.197,1.4336,1.197,1.667,2.7796,1.667
p11,p11_d,clip_0068,ok,150,89.47,10.18,1,74.78,53.88,0.9,0.2620732909427364,33.11,100.82,-2.97,-0.040520450409852825,56.6,-0.95,0.06202790340937876,55.03,-0.02,CHROM+DEEP,20.896,436.6474,-20.896,26.045,678.3246,26.045,18.183,330.6124,-18.183,19.747,389.9325,-19.747
p11,p11_d,clip_0069,ok,150,81.48,17.93,1,79.63,53.54,0.94,0.04154932565383904,34.28,77.6,-0.57,-0.018712587265677073,77.72,0.5,0.0735908806173185,77.67,-0.04,POS+CHROM,26.091,680.7364,-26.091,2.025,4.0999,-2.025,1.907,3.6369,-1.907,1.961,3.8443,-1.961
p11,p11_d,clip_0070,ok,150,84.63,14.48,1,75.14,53.59,0.91,-0.09574536759886311,33.53,97.18,-1.95,0.030284019442113803,77.09,-0.99,-0.003347869473648829,72.39,-0.68,POS+CHROM+DEEP,21.553,464.5348,-21.553,22.042,485.8323,22.042,1.947,3.79,1.947,2.747,7.5466,-2.747
p12,p12_a,clip_0000,ok,150,89.31,7.16,1,65.95,53.97,1.23,0.3406725931505648,33.01,65.21,1.39,-0.16318240267250297,63.06,1.86,0.1689419059152096,64.1,1.62,POS+CHROM,11.979,143.5027,-11.979,0.74,0.5481,-0.74,2.89,8.3546,-2.89,1.857,3.4502,-1.857
p12,p12_a,clip_0001,ok,150,83.75,15.83,1,82.12,54.02,1.24,-0.39721057310509267,33.0,73.17,0.45,-0.21679470093219622,72.24,0.9,0.10201358699842816,72.68,0.68,POS+CHROM,28.104,789.8282,-28.104,8.956,80.2135,-8.956,9.886,97.7332,-9.886,9.439,89.0877,-9.439
p12,p12_a,clip_0002,ok,150,81.23,18.33,1,84.48,54.01,1.25,0.07541764325184126,32.62,59.87,0.39,-0.1061014473207795,76.4,-0.16,0.06286471202717739,56.73,0.82,POS+DEEP,30.469,928.3502,-30.469,24.61,605.6595,-24.61,8.086,65.3848,-8.086,27.749,770.0249,-27.749
p12,p12_a,clip_0003,ok,150,70.97,5.62,1,81.1,54.09,1.25,-0.004935575513304893,32.99,52.48,1.17,-0.025140306601679444,76.63,-1.67,0.010385775866622999,53.29,1.21,POS+DEEP,27.01,729.55,-27.01,28.621,819.1809,-28.621,4.466,19.9469,-4.466,27.811,773.4446,-27.811
p12,p12_a,clip_0004,ok,150,93.64,4.75,1,66.27,54.01,1.26,0.15500354183425372,32.97,68.75,4.58,-0.14171755494013408,72.55,2.01,0.07941224433509711,70.25,3.29,POS+CHROM,12.263,150.3856,-12.263,2.477,6.1331,2.477,6.282,39.4619,6.282,3.978,15.822,3.978
p12,p12_a,clip_0005,ok,150,81.96,17.51,1,90.18,54.01,1.24,-0.45673940933926643,33.74,84.85,-0.26,-0.19279429147803934,82.09,0.24,0.18131453726154986,83.41,-0.01,POS+CHROM,36.165,1307.9306,-36.165,5.327,28.3779,-5.327,8.084,65.3486,-8.084,6.763,45.7341,-6.763
p12,p12_a,clip_0006,ok,150,84.21,12.13,1,68.25,54.08,1.27,0.048431415286725434,33.35,59.21,4.25,-0.12981112713794235,65.31,2.51,0.11458137264300917,59.82,2.67,POS+CHROM+DEEP,14.17,200.7758,-14.17,9.039,81.7062,-9.039,2.937,8.6279,-2.937,8.426,71.0048,-8.426
p12,p12_a,clip_0007,ok,150,87.88,5.97,1,61.16,54.05,1.23,0.2655579548988761,32.99,62.12,0.51,-0.06376439750404841,73.66,0.59,0.03524268037504965,62.95,0.78,POS+CHROM+DEEP,7.108,50.5287,-7.108,0.963,0.927,0.963,12.499,156.2246,12.499,1.79,3.203,1.79
p12,p12_a,clip_0008,ok,150,87.21,12.29,1,82.8,54.01,1.28,-0.5395907436281099,33.0,85.18,0.17,-0.19241138097770505,83.39,-0.23,0.10692733228347258,84.31,-0.03,POS+CHROM,28.787,828.7036,-28.787,2.381,5.671,2.381,0.59,0.3486,0.59,1.516,2.2977,1.516
p12,p12_a,clip_0009,ok,150,86.55,12.84,1,86.18,54.03,1.22,-0.04848269064696236,33.01,75.22,0.63,-0.12300906153493887,78.35,-0.78,0.10239426437892307,76.6,-0.07,POS+CHROM,32.149,1033.5319,-32.149,10.959,120.0966,-10.959,7.828,61.2754,-7.828,9.576,91.6974,-9.576
p12,p12_a,clip_0010,ok,150,89.88,5.44,1,63.87,54.0,1.25,-0.07494049717837838,32.99,66.7,2.64,-0.07044099086603943,65.13,1.36,0.03969203283164529,65.99,2.0,POS+CHROM,9.867,97.3546,-9.867,2.828,7.9965,2.828,1.257,1.5788,1.257,2.126,4.5201,2.126
p12,p12_a,clip_0011,ok,150,83.42,14.21,1,82.2,54.02,1.2,0.4762074349314707,33.02,71.49,0.29,-0.06472624909702117,128.54,-1.78,-0.0477175497964209,78.48,-0.1,POS+CHROM+DEEP,28.18,794.1363,-28.18,10.713,114.7607,-10.713,46.339,2147.2921,46.339,3.722,13.8507,-3.722
p12,p12_a,clip_0012,ok,150,87.73,11.89,1,92.54,54.02,1.23,-0.17346360322242835,33.02,90.87,-0.7,-0.2050126286997328,92.38,0.86,0.07364476469168257,91.72,0.08,POS+CHROM,38.524,1484.0911,-38.524,1.672,2.7971,-1.672,0.155,0.0241,-0.155,0.816,0.666,-0.816
p12,p12_a,clip_0013,ok,150,89.09,6.98,1,63.31,54.11,1.24,0.1681214422895765,32.98,60.13,-1.31,-0.18669554216113796,65.53,2.36,0.18944263235663708,60.3,0.76,POS+CHROM+DEEP,9.199,84.6173,-9.199,3.179,10.1063,-3.179,2.22,4.9281,2.22,3.006,9.0359,-3.006
p12,p12_a,clip_0014,ok,150,92.18,6.59,1,72.49,54.11,1.25,-0.1545273487181578,32.98,77.1,-0.08,-0.11308057507828857,64.41,3.13,0.24511826354635413,64.37,1.43,POS+CHROM+DEEP,18.384,337.9805,-18.384,4.609,21.2384,4.609,8.088,65.4192,-8.088,8.127,66.0518,-8.127
p12,p12_a,clip_0015,ok,150,84.68,14.68,1,93.08,53.89,1.08,0.05013300471556856,33.75,95.18,-1.07,-0.23496078850140203,94.69,-1.6,0.20747526827818888,94.95,-1.33,POS+CHROM,39.194,1536.1941,-39.194,2.1,4.4081,2.1,1.61,2.5906,1.61,1.865,3.4798,1.865
p12,p12_a,clip_0016,ok,150,89.31,8.37,1,68.49,54.02,1.27,0.25229738055667666,32.99,74.25,-0.16,-0.2465919047658243,117.11,-1.79,0.21014786491866033,76.55,-0.23,POS+CHROM+DEEP,14.468,209.3227,-14.468,5.765,33.2387,5.765,48.621,2364.0478,48.621,8.061,64.9791,8.061
p12,p12_a,clip_0017,ok,150,91.43,7.83,1,73.16,54.05,1.26,-0.12868715754775048,32.97,61.63,3.52,-0.2199222702559739,64.47,-1.83,0.23744249647135274,59.7,0.98,POS+CHROM+DEEP,19.114,365.3561,-19.114,11.534,133.0261,-11.534,8.692,75.556,-8.692,13.458,181.1306,-13.458
p12,p12_a,clip_0018,ok,150,83.87,14.93,1,92.74,53.96,1.22,-0.01071666459037492,33.01,81.12,-1.28,-0.12414847201599565,97.42,-0.3,0.22216993210546354,75.15,-0.12,POS+CHROM+DEEP,38.781,1503.9557,-38.781,11.623,135.0914,-11.623,4.678,21.8831,4.678,17.586,309.2624,-17.586
p12,p12_a,clip_0019,ok,150,86.93,12.63,1,76.91,54.02,1.28,-0.10291228381928608,33.01,75.94,0.49,-0.2046018945364265,74.19,-0.17,0.21355849839936428,75.11,0.16,POS+CHROM,22.892,524.0638,-22.892,0.974,0.9494,-0.974,2.72,7.3999,-2.72,1.8,3.2384,-1.8
p12,p12_a,clip_0020,ok,150,88.7,10.63,1,77.05,54.01,1.2,0.161636009477798,32.98,78.49,3.0,-0.2065974147936234,78.69,-2.18,0.19588378479344234,78.55,0.41,POS+CHROM,23.037,530.7148,-23.037,1.44,2.073,1.44,1.642,2.6971,1.642,1.5,2.2495,1.5
p12,p12_a,clip_0021,ok,150,84.05,15.01,1,96.07,53.97,1.25,0.14902168659364337,33.72,97.83,0.74,-0.34568026108380195,98.25,1.82,0.2788683545922088,98.06,1.28,POS+CHROM,42.1,1772.4504,-42.1,1.762,3.1052,1.762,2.175,4.7304,2.175,1.987,3.9483,1.987
p12,p12_a,clip_0022,ok,150,86.83,12.93,1,76.91,54.01,1.25,0.3308781381977804,33.01,76.26,4.63,-0.18654538101189058,77.14,2.8,0.13922837428669832,76.63,3.72,POS+CHROM,22.9,524.3955,-22.9,0.649,0.4216,-0.649,0.231,0.0534,0.231,0.276,0.0761,-0.276
p12,p12_a,clip_0023,ok,150,88.67,10.81,1,76.09,54.07,1.24,-0.034074629313627994,32.98,76.62,1.05,-0.07520287277505851,78.16,-2.73,0.028253600800356837,77.15,-0.84,POS+CHROM,22.018,484.8024,-22.018,0.528,0.2784,0.528,2.066,4.2691,2.066,1.062,1.1275,1.062
p12,p12_a,clip_0024,ok,150,83.07,16.32,1,94.04,54.0,1.25,-0.1216810546066159,33.0,99.8,-2.22,-0.14758071076128373,96.82,0.05,0.20586778293519506,98.03,-1.08,POS+CHROM,40.037,1602.9285,-40.037,5.755,33.1208,5.755,2.775,7.7011,2.775,3.986,15.8875,3.986
p12,p12_a,clip_0025,ok,150,87.81,11.68,1,89.54,53.99,1.23,-0.21128007209055416,33.01,80.1,-2.43,-0.22965151490033484,94.47,0.94,0.2955262318887742,75.12,-0.09,POS+CHROM+DEEP,35.546,1263.4847,-35.546,9.439,89.0945,-9.439,4.931,24.316,4.931,14.416,207.8185,-14.416
p12,p12_a,clip_0026,ok,150,93.65,5.68,1,70.66,54.05,1.27,-0.0593535570722833,32.97,72.68,-0.65,-0.27486415813373694,132.08,-2.03,0.2554750158746741,79.47,-0.47,POS+CHROM+DEEP,16.614,276.0174,-16.614,2.018,4.0705,2.018,61.426,3773.1031,61.426,8.815,77.702,8.815
p12,p12_a,clip_0027,ok,150,82.51,17.24,1,90.02,53.96,1.28,-0.2911256735200578,32.98,83.61,1.28,-0.25202258807355377,86.51,1.85,0.21522836403193712,85.13,1.57,POS+CHROM,36.061,1300.3604,-36.061,6.408,41.0571,-6.408,3.509,12.3143,-3.509,4.889,23.9009,-4.889
p12,p12_a,clip_0028,ok,150,88.22,11.29,1,92.69,54.0,1.25,0.06237828000363441,33.0,89.26,0.58,-0.27564930710400287,95.72,1.89,0.14570347997611455,92.84,1.23,POS+CHROM,38.696,1497.3992,-38.696,3.432,11.7781,-3.432,3.024,9.1428,3.024,0.147,0.0216,0.147
p12,p12_a,clip_0029,ok,150,92.08,7.31,1,72.91,54.03,1.27,-0.027188186995759863,32.6,76.56,1.74,-0.3755762986840243,76.39,0.12,0.30187126875363895,76.49,0.93,POS+CHROM,18.872,356.156,-18.872,3.658,13.3833,3.658,3.488,12.1631,3.488,3.584,12.8481,3.584
p12,p12_a,clip_0030,ok,150,81.18,18.59,1,88.96,54.02,1.26,-0.17926534812699169,33.0,91.11,0.56,-0.3608191170112786,120.8,-1.78,0.3584222320619491,83.4,0.02,POS+CHROM+DEEP,34.936,1220.547,-34.936,2.152,4.6316,2.152,31.843,1013.9787,31.843,5.556,30.8681,-5.556
p12,p12_a,clip_0031,ok,150,91.63,8.02,1,102.82,53.95,1.23,0.17153787949584479,33.01,100.96,2.12,-0.2179794043241896,99.98,-0.19,0.13415591436537072,100.56,0.97,POS+CHROM,48.869,2388.1798,-48.869,1.861,3.4617,-1.861,2.844,8.0905,-2.844,2.259,5.1027,-2.259
p12,p12_a,clip_0032,ok,150,92.64,4.61,1,68.3,53.98,1.22,0.2376087336524428,32.99,64.28,-1.92,-0.13041999623279588,117.96,-2.59,0.06592347645295306,72.83,-1.1,POS+CHROM+DEEP,14.319,205.0237,-14.319,4.023,16.183,-4.023,49.663,2466.4143,49.663,4.531,20.5268,4.531
p12,p12_a,clip_0033,ok,150,89.77,9.92,1,76.86,53.99,1.25,-0.34379797076105695,32.99,77.58,-0.77,-0.10368588607574958,79.89,1.76,0.07178862346057635,78.98,0.49,POS+CHROM,22.869,522.9986,-22.869,0.72,0.5183,0.72,3.032,9.1934,3.032,2.116,4.4772,2.116
p12,p12_a,clip_0034,ok,150,87.66,12.14,1,98.53,54.0,1.26,-0.21585395864259405,32.62,97.07,2.56,-0.1291728458125121,96.98,3.08,0.2402019664260718,97.02,2.82,POS+CHROM,44.534,1983.2825,-44.534,1.464,2.1439,-1.464,1.548,2.3978,-1.548,1.508,2.2746,-1.508
p12,p12_a,clip_0035,ok,150,91.02,7.82,1,72.81,54.0,1.21,-0.09345689298442902,33.0,76.34,1.23,-0.20915344129806412,74.35,-1.46,0.24153101661753884,75.57,-0.12,POS+CHROM,18.808,353.7392,-18.808,3.538,12.5209,3.538,1.545,2.3879,1.545,2.762,7.627,2.762
p12,p12_a,clip_0036,ok,150,93.43,5.9,1,70.81,54.06,1.24,-0.14351189941145528,33.0,67.54,0.07,-0.18159661101989497,73.85,-0.66,0.20720029092693992,70.5,-0.3,POS+CHROM,16.751,280.5903,-16.751,3.271,10.6971,-3.271,3.037,9.2234,3.037,0.308,0.0949,-0.308
p12,p12_a,clip_0037,ok,150,82.6,16.59,1,92.86,53.97,1.21,-0.5264120255774426,33.01,91.58,3.99,-0.15348592562748722,90.07,2.27,0.11828182065921644,90.93,3.13,POS+CHROM,38.888,1512.2771,-38.888,1.276,1.6271,-1.276,2.791,7.7882,-2.791,1.925,3.7064,-1.925
p12,p12_a,clip_0038,ok,150,87.23,10.23,1,70.48,54.01,1.27,-0.10056247006421412,32.98,81.58,-0.45,-0.12134175201182557,57.6,-0.46,0.07172954200200231,55.55,0.4,CHROM+DEEP,16.472,271.341,-16.472,11.099,123.191,11.099,12.885,166.0114,-12.885,14.935,223.0578,-14.935
p12,p12_a,clip_0039,ok,150,93.71,5.4,1,67.94,54.07,1.26,-0.22256821859625384,32.97,67.38,1.21,-0.0016197084802296474,67.79,3.36,-0.0018180058212277075,67.62,2.29,POS+CHROM,13.864,192.2191,-13.864,0.564,0.3176,-0.564,0.147,0.0216,-0.147,0.318,0.1014,-0.318
p12,p12_a,clip_0040,ok,150,83.45,15.53,1,92.95,54.05,1.26,-0.49540665427431935,33.01,61.02,-1.09,-0.33163070946396667,58.02,0.31,0.2540590714544653,57.25,0.16,POS+CHROM+DEEP,38.905,1513.6068,-38.905,31.928,1019.4217,-31.928,34.932,1220.2352,-34.932,35.7,1274.5253,-35.7
p12,p12_a,clip_0041,ok,150,88.6,10.98,1,88.93,54.05,1.21,-0.15560029407022652,33.0,95.02,0.31,-0.08250745783368607,92.29,-2.25,0.12087899213639533,93.94,-0.97,POS+CHROM,34.885,1216.9737,-34.885,6.086,37.0337,6.086,3.361,11.2935,3.361,5.01,25.0958,5.01
p12,p12_a,clip_0042,ok,150,91.09,5.69,1,64.24,53.98,1.25,-0.16207024082113944,32.97,75.5,2.66,-0.09446720201121159,69.41,3.01,0.1421918761536039,72.37,2.84,POS+CHROM,10.259,105.2411,-10.259,11.263,126.848,11.263,5.173,26.7609,5.173,8.129,66.0785,8.129
p12,p12_a,clip_0043,ok,150,88.19,10.59,1,75.79,54.02,1.25,0.24208976830666348,33.01,98.12,-2.01,-0.03695681655567382,73.11,-1.12,0.09136762649822978,71.09,-0.63,POS+CHROM+DEEP,21.771,473.9867,-21.771,22.326,498.4394,22.326,2.68,7.1822,-2.68,4.701,22.1038,-4.701
p12,p12_a,clip_0044,ok,150,86.61,13.1,1,93.92,54.02,1.25,0.3345412480303235,33.0,96.02,3.56,-0.038340635955672955,94.25,3.19,-0.05215837465231666,95.16,3.38,POS+CHROM,39.906,1592.517,-39.906,2.092,4.3769,2.092,0.324,0.1047,0.324,1.235,1.5245,1.235
p12,p12_a,clip_0045,ok,150,90.67,8.4,1,72.68,54.05,1.28,0.15721335190842678,32.61,69.43,1.98,-0.013318445193336269,73.78,2.09,-0.09618636098753837,71.63,2.04,POS+CHROM,18.634,347.2334,-18.634,3.247,10.5438,-3.247,1.103,1.2165,1.103,1.053,1.1087,-1.053
p12,p12_a,clip_0046,ok,150,86.6,12.48,1,79.5,54.0,1.2,-0.283066289583996,33.01,133.68,-0.6,0.04115098912881135,75.19,0.28,-0.09105810157262041,83.71,0.29,POS+CHROM+DEEP,25.498,650.1238,-25.498,54.174,2934.8132,54.174,4.311,18.586,-4.311,4.209,17.7164,4.209
p12,p12_a,clip_0047,ok,150,86.2,13.17,1,96.6,54.04,1.24,-0.551011346793641,32.97,104.65,-2.93,-0.1915538232757137,103.38,-1.05,0.10600294598491787,103.92,-1.99,POS+CHROM,42.557,1811.0798,-42.557,8.053,64.8541,8.053,6.784,46.0195,6.784,7.32,53.5754,7.32
p12,p12_a,clip_0048,ok,150,88.03,11.41,1,76.99,54.0,1.26,-0.26352025131741796,33.01,82.56,0.39,-0.19729959265797323,86.59,0.51,0.15923324617641063,84.59,0.45,POS+CHROM,22.993,528.6756,-22.993,5.567,30.9901,5.567,9.596,92.0746,9.596,7.601,57.7759,7.601
p12,p12_a,clip_0049,ok,150,90.9,8.58,1,74.49,54.04,1.25,0.16836422194881917,32.98,102.14,1.01,-0.08744156479049763,105.57,-1.99,0.07025639091500277,103.43,-0.49,POS+CHROM,20.456,418.4337,-20.456,27.645,764.2331,27.645,31.074,965.6244,31.074,28.939,837.4888,28.939
p12,p12_a,clip_0050,ok,150,84.23,15.47,1,97.02,54.05,1.22,0.19328755475909512,33.39,95.12,-1.15,-0.1434445725949414,99.53,-1.73,0.10339486947218489,97.22,-1.44,POS+CHROM,42.964,1845.914,-42.964,1.903,3.6211,-1.903,2.509,6.2936,2.509,0.198,0.0391,0.198
p12,p12_a,clip_0051,ok,150,86.88,12.8,1,85.92,54.04,1.21,-0.24011376143497462,32.99,85.96,-1.5,-0.2267360499730947,90.79,1.29,0.12243781449680395,88.93,-0.11,POS+CHROM,31.882,1016.4587,-31.882,0.036,0.0013,0.036,4.865,23.6653,4.865,3.002,9.0143,3.002
p12,p12_a,clip_0052,ok,150,86.58,13.02,1,77.17,54.06,1.28,0.236572034395552,32.6,76.44,-0.38,-0.19242822433441703,117.39,-0.34,0.05726578548844516,79.96,0.19,POS+CHROM+DEEP,23.112,534.1445,-23.112,0.731,0.5349,-0.731,40.22,1617.6381,40.22,2.796,7.8158,2.796
p12,p12_a,clip_0053,ok,150,82.42,17.2,1,91.05,54.01,1.23,0.114495543520762,32.98,93.42,1.8,-0.10504801618260426,92.14,2.59,0.031670803289371385,92.74,2.19,POS+CHROM,37.041,1372.0355,-37.041,2.372,5.6258,2.372,1.095,1.1998,1.095,1.692,2.8622,1.692
p12,p12_a,clip_0054,ok,150,87.07,12.88,1,92.11,53.98,1.24,-0.18907311935105542,32.61,98.51,1.33,-0.17041907226596775,97.1,-1.09,0.16708379351372799,97.94,0.12,POS+CHROM,38.131,1453.9613,-38.131,6.394,40.8854,6.394,4.991,24.9054,4.991,5.832,34.0175,5.832
p12,p12_a,clip_0055,ok,150,86.16,13.7,1,78.34,53.98,1.25,-0.01014164151880081,32.98,97.4,-3.79,-0.1266111881100901,76.4,-1.96,0.15975602484123333,69.78,-1.5,POS+CHROM+DEEP,24.36,593.4064,-24.36,19.061,363.3254,19.061,1.943,3.7763,-1.943,8.561,73.292,-8.561
p12,p12_a,clip_0056,ok,150,82.63,16.87,1,89.35,54.01,1.28,-0.1696592730092843,32.97,91.71,0.23,-0.23056208998806288,91.32,1.22,0.2058921561869004,91.5,0.72,POS+CHROM,35.344,1249.2181,-35.344,2.354,5.5409,2.354,1.967,3.8678,1.967,2.144,4.5983,2.144
p12,p12_a,clip_0057,ok,150,89.57,10.33,1,96.28,53.98,1.26,-0.3746953689007506,33.77,94.64,2.89,-0.27354791062632977,95.65,3.87,0.2683915669534092,95.19,3.38,POS+CHROM,42.296,1788.9201,-42.296,1.638,2.6816,-1.638,0.625,0.3903,-0.625,1.09,1.1878,-1.09
p12,p12_a,clip_0058,ok,150,83.31,16.57,1,79.68,53.96,1.26,-0.009110758025847128,32.99,77.22,5.21,-0.20030326426587963,77.09,4.6,0.2011346398029789,77.16,4.9,POS+CHROM,25.716,661.3096,-25.716,2.455,6.027,-2.455,2.585,6.683,-2.585,2.517,6.3342,-2.517
p12,p12_a,clip_0059,ok,150,83.57,16.13,1,82.82,54.0,1.25,-0.2945335858455871,32.61,77.74,1.5,-0.046996262678064546,76.57,2.64,0.04683750918430051,77.1,2.07,POS+CHROM,28.816,830.381,-28.816,5.079,25.7947,-5.079,6.245,39.0039,-6.245,5.717,32.6896,-5.717
p12,p12_a,clip_0060,ok,150,84.83,14.51,1,93.5,53.93,1.22,-0.07313911262317041,33.06,94.59,2.98,-0.10009035455187636,93.88,2.28,0.07402272661441259,94.25,2.63,POS+CHROM,39.563,1565.2648,-39.563,1.089,1.1865,1.089,0.379,0.1433,0.379,0.755,0.5696,0.755
p12,p12_a,clip_0061,ok,150,84.63,15.29,1,84.39,53.89,1.07,-0.19662573514227788,32.99,85.63,4.28,-0.2170001611939732,84.67,2.49,0.15777493396453648,85.22,3.39,POS+CHROM,30.504,930.4898,-30.504,1.241,1.54,1.241,0.275,0.0755,0.275,0.829,0.6879,0.829
p12,p12_a,clip_0062,ok,150,81.07,18.72,1,85.39,54.02,1.22,-0.22622803781549078,32.96,83.52,0.48,-0.2081300143860135,81.9,-0.18,0.09859285140387211,82.75,0.15,POS+CHROM,31.373,984.2439,-31.373,1.874,3.5128,-1.874,3.499,12.24,-3.499,2.642,6.9818,-2.642
p12,p12_a,clip_0063,ok,150,85.51,13.68,1,94.73,53.9,1.08,-0.2590330271147257,33.73,95.4,1.44,-0.045625399167738404,100.26,2.59,0.010591525724674637,98.06,2.01,POS+CHROM,40.822,1666.4416,-40.822,0.68,0.4621,0.68,5.532,30.6014,5.532,3.338,11.1398,3.338
p12,p12_a,clip_0064,ok,150,84.46,15.32,1,84.15,54.02,1.23,-0.22113652092422542,33.01,88.88,2.84,-0.03171198203713896,88.94,3.38,0.026623817312247645,88.91,3.11,POS+CHROM,30.135,908.1152,-30.135,4.727,22.3463,4.727,4.789,22.9359,4.789,4.76,22.6535,4.76
p12,p12_a,clip_0065,ok,150,84.53,15.33,1,79.46,53.97,1.32,0.03330691490284345,32.99,76.41,3.81,0.006282034270757547,76.71,1.95,0.0014782449660143719,76.53,2.88,POS+CHROM,25.486,649.5509,-25.486,3.052,9.3175,-3.052,2.753,7.5779,-2.753,2.926,8.5598,-2.926
p12,p12_a,clip_0066,ok,150,85.75,13.57,1,95.94,54.04,1.26,-0.16608073871232037,32.61,121.4,-0.97,0.09426831833162005,125.18,-0.73,-0.08109867150584096,123.33,-0.85,POS+CHROM,41.905,1756.008,-41.905,25.462,648.328,25.462,29.24,854.9817,29.24,27.388,750.0994,27.388
p12,p12_a,clip_0067,ok,150,87.04,12.33,1,90.73,54.07,1.2,-0.28812181401410353,33.77,106.59,-3.07,-0.06265350308066892,103.23,-2.56,0.04729808389476109,104.84,-2.82,POS+CHROM,36.664,1344.2467,-36.664,15.86,251.527,15.86,12.499,156.232,12.499,14.107,199.0112,14.107
p12,p12_a,clip_0068,ok,150,89.78,9.67,1,73.54,53.97,1.3,0.12165019637926909,32.58,71.06,4.5,-0.16671121723758403,66.29,1.74,0.06020183018247004,69.21,3.12,POS+CHROM,19.572,383.0549,-19.572,2.481,6.1543,-2.481,7.246,52.502,-7.246,4.325,18.7047,-4.325
p12,p12_a,clip_0069,ok,150,80.31,19.13,1,87.23,54.13,1.09,-0.49449066111540074,33.84,86.29,0.52,-0.09332596605606791,89.84,-0.9,-0.022749441228967274,87.86,-0.19,POS+CHROM,33.101,1095.6828,-33.101,0.941,0.8848,-0.941,2.611,6.8187,2.611,0.626,0.3916,0.626
p12,p12_a,clip_0070,ok,150,87.32,12.32,1,85.7,55.11,1.36,0.24168951097696512,33.94,66.13,-0.5,-0.14438020431000262,66.09,0.78,0.052249551757125784,66.11,0.14,POS+CHROM,30.589,935.7173,-30.589,19.566,382.8266,-19.566,19.603,384.2626,-19.603,19.586,383.6209,-19.586
p12,p12_b,clip_0000,ok,150,80.5,17.63,1,83.49,54.27,1.07,0.3155701508621926,33.06,86.01,-0.4,-0.036962779561485706,84.44,0.64,-0.08551691539902626,85.16,0.12,POS+CHROM,29.217,853.6121,-29.217,2.523,6.3659,2.523,0.946,0.8948,0.946,1.666,2.7761,1.666
p12,p12_b,clip_0001,ok,150,86.4,13.33,1,84.01,53.88,1.02,-0.39620940921158637,32.98,86.34,-0.4,-0.1371738054294446,88.95,-1.99,0.03341062697213871,87.47,-1.19,POS+CHROM,30.132,907.9328,-30.132,2.324,5.399,2.324,4.935,24.3514,4.935,3.457,11.9498,3.457
p12,p12_b,clip_0002,ok,150,86.44,13.42,1,84.7,53.9,1.06,0.33004843595296,33.85,81.59,0.89,-0.022901160241873234,114.38,-3.0,-0.02253669377288792,77.14,-0.35,POS+CHROM+DEEP,30.799,948.5532,-30.799,3.105,9.6436,-3.105,29.684,881.1239,29.684,7.552,57.0345,-7.552
p12,p12_b,clip_0003,ok,150,84.77,15.16,1,87.54,54.17,1.16,-0.013615806144403803,32.63,88.78,0.92,0.006942001849134427,90.91,1.28,-0.018909622360610234,89.88,1.1,POS+CHROM,33.373,1113.76,-33.373,1.242,1.5432,1.242,3.372,11.3729,3.372,2.34,5.475,2.34
p12,p12_b,clip_0004,ok,150,86.24,13.56,1,88.33,54.02,1.24,-0.22606696772122287,33.75,63.57,0.89,-0.06424976373743972,65.75,-1.18,0.1506947294935064,64.48,-0.15,POS+CHROM,34.303,1176.7287,-34.303,24.754,612.7386,-24.754,22.579,509.8173,-22.579,23.852,568.912,-23.852
p12,p12_b,clip_0005,ok,150,87.0,12.83,1,83.75,54.01,1.1,0.31046259149819144,33.86,79.02,0.8,-0.11250917197995823,76.93,2.1,0.07526241663685769,77.86,1.45,POS+CHROM,29.741,884.5419,-29.741,4.729,22.3589,-4.729,6.816,46.4526,-6.816,5.885,34.6289,-5.885
p12,p12_b,clip_0006,ok,150,85.44,14.52,1,84.81,54.25,1.23,-0.24199077899485089,32.64,83.75,-0.33,-0.11355475241728737,83.33,1.36,0.12300301972945937,83.51,0.52,POS+CHROM,30.565,934.2145,-30.565,1.069,1.1419,-1.069,1.487,2.2098,-1.487,1.307,1.7077,-1.307
p12,p12_b,clip_0007,ok,150,84.05,15.55,1,88.38,54.08,1.22,0.099514818171211,33.41,87.01,2.86,-0.02781299316157704,90.2,2.32,0.11168862562326798,88.53,2.59,POS+CHROM,34.298,1176.3244,-34.298,1.371,1.8802,-1.371,1.819,3.3073,1.819,0.152,0.023,0.152
p12,p12_b,clip_0008,ok,150,86.95,12.55,1,87.0,53.92,0.85,0.015168689778646932,34.03,87.38,-3.61,0.05814321668693508,82.61,-0.3,-0.02351651429556539,84.36,-1.95,POS+CHROM,33.083,1094.4829,-33.083,0.384,0.1476,0.384,4.385,19.2273,-4.385,2.641,6.9763,-2.641
p12,p12_b,clip_0009,ok,150,86.17,13.79,1,86.68,53.99,1.26,-0.28400713264700883,33.06,88.19,3.52,0.021198502560773887,57.45,0.93,0.043173657802255155,55.67,1.1,CHROM+DEEP,32.689,1068.5923,-32.689,1.511,2.2841,1.511,29.231,854.4628,-29.231,31.008,961.5104,-31.008
p12,p12_b,clip_0010,ok,150,85.35,14.36,1,90.71,53.91,1.05,0.044409656904847654,33.06,119.85,0.53,-0.007849539222121966,88.78,1.12,0.15496033992965513,86.59,0.9,POS+CHROM+DEEP,36.8,1354.2362,-36.8,29.136,848.9309,29.136,1.935,3.7457,-1.935,4.125,17.0185,-4.125
p12,p12_b,clip_0011,ok,150,86.78,13.16,1,91.37,54.02,1.13,0.20121915824575065,33.14,80.96,-2.82,-0.02327011309605686,82.5,-3.38,0.08306428735820977,81.7,-3.1,POS+CHROM,37.353,1395.2419,-37.353,10.406,108.2779,-10.406,8.864,78.578,-8.864,9.67,93.5181,-9.67
p12,p12_b,clip_0012,ok,150,85.63,13.88,1,84.91,53.65,1.0,-0.46775625544942234,33.09,90.86,-1.45,0.017432614153304094,93.94,-0.32,0.09634954059153181,92.54,-0.89,POS+CHROM,31.256,976.9502,-31.256,5.95,35.4025,5.95,9.031,81.5577,9.031,7.635,58.288,7.635
p12,p12_b,clip_0013,ok,150,85.99,13.57,1,87.17,54.09,1.17,0.13762232569499977,33.05,87.53,3.15,0.059438469725953236,84.91,1.88,0.18640593863832275,86.36,2.52,POS+CHROM,33.082,1094.3982,-33.082,0.365,0.1332,0.365,2.259,5.1047,-2.259,0.809,0.6542,-0.809
p12,p12_b,clip_0014,ok,150,87.92,12.06,1,90.79,53.84,0.93,0.26408918193496095,34.01,93.85,-1.0,-0.10799895568614626,90.09,0.44,0.029345710387869036,91.74,-0.28,POS+CHROM,36.943,1364.7621,-36.943,3.065,9.3969,3.065,0.699,0.4887,-0.699,0.959,0.919,0.959
p12,p12_b,clip_0015,ok,150,84.71,14.83,1,87.18,53.97,1.21,-0.2682495161089691,33.11,86.16,-0.72,-0.03967960922009816,85.99,1.14,-0.027555860255034894,86.06,0.21,POS+CHROM,33.211,1103.0011,-33.211,1.022,1.0449,-1.022,1.188,1.411,-1.188,1.118,1.2494,-1.118
p12,p12_b,clip_0016,ok,150,84.17,15.15,1,87.45,54.15,1.17,0.141293531026432,32.7,92.51,-1.42,0.09515421668496292,128.36,-4.0,0.058301062389672094,81.29,-1.42,POS+CHROM+DEEP,33.302,1109.0444,-33.302,5.062,25.6221,5.062,40.909,1673.5433,40.909,6.16,37.9451,-6.16
p12,p12_b,clip_0017,ok,150,86.05,13.83,1,85.96,53.93,1.15,-0.1106056817716106,33.14,77.58,-1.95,-0.046038594830335705,90.13,-1.62,0.1260011829643717,70.51,-0.81,POS+CHROM+DEEP,32.035,1026.216,-32.035,8.382,70.2634,-8.382,4.168,17.3729,4.168,15.451,238.7416,-15.451
p12,p12_b,clip_0018,ok,150,86.41,13.38,1,85.3,54.1,1.22,-0.150321772465982,32.64,89.61,0.72,-0.12240788972529817,85.0,1.8,0.1745749229845505,87.1,1.26,POS+CHROM,31.2,973.4408,-31.2,4.303,18.5159,4.303,0.3,0.09,-0.3,1.795,3.2225,1.795
p12,p12_b,clip_0019,ok,150,85.71,14.14,1,88.92,53.98,1.22,0.21072081794898254,33.03,86.08,-1.72,-0.09660962128297278,89.45,-0.96,0.2003915395568713,87.87,-1.34,POS+CHROM,34.934,1220.355,-34.934,2.84,8.067,-2.84,0.528,0.279,0.528,1.05,1.1017,-1.05
p12,p12_b,clip_0020,ok,150,83.13,16.66,1,83.99,53.81,1.05,-0.48508828124056874,33.18,86.89,-1.38,0.03217418089875764,84.13,-0.14,0.12123356692680945,85.37,-0.76,POS+CHROM,30.186,911.1792,-30.186,2.895,8.3824,2.895,0.134,0.018,0.134,1.372,1.8822,1.372
p12,p12_b,clip_0021,ok,150,87.34,12.48,1,82.3,54.02,0.95,0.4689339187907414,32.81,85.79,0.51,-0.04027916161190887,82.38,0.63,0.06263747575866878,84.07,0.57,POS+CHROM,28.286,800.1136,-28.286,3.482,12.1244,3.482,0.079,0.0063,0.079,1.764,3.1115,1.764
p12,p12_b,clip_0022,ok,150,84.84,15.04,1,82.1,54.09,1.2,-0.09931299727909026,32.74,80.81,1.82,-0.14688425561915847,84.15,1.27,0.12996009142053605,82.4,1.55,POS+CHROM,28.001,784.076,-28.001,1.284,1.649,-1.284,2.054,4.2201,2.054,0.308,0.0949,0.308
p12,p12_b,clip_0023,ok,150,84.69,15.13,1,80.09,53.72,0.98,-0.23321921954562752,33.78,79.51,2.65,-0.11410184804662894,79.74,-0.34,0.18539264027703298,79.59,1.16,POS+CHROM,26.37,695.3856,-26.37,0.584,0.3415,-0.584,0.353,0.1245,-0.353,0.497,0.247,-0.497
p12,p12_b,clip_0024,ok,150,87.2,12.69,1,81.38,54.12,1.22,0.35339328032898115,32.69,80.1,0.81,-0.04486429355802423,67.95,-1.02,0.01583708033024921,67.01,0.34,POS+CHROM+DEEP,27.251,742.6343,-27.251,1.27,1.613,-1.27,13.425,180.2278,-13.425,14.366,206.3926,-14.366
p12,p12_b,clip_0025,ok,150,85.08,14.74,1,82.3,53.95,1.14,-0.348280319316946,33.1,77.34,0.76,0.07165508746796721,118.78,-3.48,-0.11216032293100432,75.59,-0.53,POS+CHROM+DEEP,28.358,804.1736,-28.358,4.965,24.6504,-4.965,36.479,1330.7494,36.479,6.711,45.0421,-6.711
p12,p12_b,clip_0026,ok,150,82.47,17.47,1,83.38,53.69,1.06,0.2719057356278068,33.48,84.58,2.37,0.19372776013213722,86.71,-1.16,-0.11785725912933759,85.34,0.61,POS+CHROM,29.689,881.4272,-29.689,1.208,1.4581,1.208,3.337,11.1389,3.337,1.968,3.8729,1.968
p12,p12_b,clip_0027,ok,150,84.6,15.27,1,84.54,54.06,1.23,-0.3635931841910503,33.05,95.35,0.5,-0.017253530214477807,92.74,-0.85,0.1003964958498112,94.19,-0.18,POS+CHROM,30.479,928.9923,-30.479,10.812,116.8952,10.812,8.201,67.2513,8.201,9.652,93.1586,9.652
p12,p12_b,clip_0028,ok,150,87.07,12.69,1,90.3,54.01,1.14,-0.19587790077587078,33.08,87.02,3.25,-0.3770922361646056,85.97,0.56,0.2570802901584024,86.61,1.9,POS+CHROM,36.292,1317.1063,-36.292,3.278,10.747,-3.278,4.331,18.7599,-4.331,3.689,13.6083,-3.689
p12,p12_b,clip_0029,ok,150,87.11,12.84,1,86.16,54.05,1.23,0.3437047463893965,32.74,84.3,0.92,-0.2946209448234239,84.72,-3.63,0.2484720555273742,84.44,-1.36,POS+CHROM,32.114,1031.319,-32.114,1.861,3.4649,-1.861,1.446,2.0913,-1.446,1.729,2.9891,-1.729
p12,p12_b,clip_0030,ok,150,85.18,14.71,1,85.44,53.72,1.04,-0.34062866519490254,33.81,89.03,-0.48,-0.1778721285946376,89.52,0.65,0.22015606825643624,89.3,0.09,POS+CHROM,31.724,1006.391,-31.724,3.582,12.8318,3.582,4.079,16.6373,4.079,3.854,14.8524,3.854
p12,p12_b,clip_0031,ok,150,86.36,13.43,1,91.28,54.11,1.18,-0.015246832807672955,32.67,132.73,-4.04,-0.04362535641872763,98.99,-3.14,0.13181486642646909,82.85,-2.0,POS+CHROM+DEEP,37.173,1381.8352,-37.173,41.449,1718.0169,41.449,7.712,59.4752,7.712,8.43,71.0678,-8.43
p12,p12_b,clip_0032,ok,150,84.45,15.19,1,84.54,54.02,1.24,-0.09961854095706715,32.76,85.88,1.14,-0.06298441094545436,86.81,0.68,0.1797164869922244,86.33,0.91,POS+CHROM,30.512,930.9635,-30.512,1.349,1.8188,1.349,2.275,5.1748,2.275,1.794,3.2194,1.794
p12,p12_b,clip_0033,ok,150,86.5,13.34,1,80.56,54.02,1.25,0.127698783933835,33.72,75.78,-0.32,-0.05409159627877606,75.23,1.24,0.1324316256359372,75.47,0.46,POS+CHROM,26.538,704.2433,-26.538,4.784,22.8902,-4.784,5.33,28.4044,-5.33,5.092,25.9295,-5.092
p12,p12_b,clip_0034,ok,150,87.36,12.43,1,92.23,54.01,1.24,0.20810145519026915,33.78,111.52,0.29,0.03735534797556908,116.81,1.1,-0.012130635374688952,114.34,0.7,POS+CHROM,38.219,1460.6602,-38.219,19.294,372.277,19.294,24.578,604.0732,24.578,22.115,489.0824,22.115
p12,p12_b,clip_0035,ok,150,85.97,13.73,1,86.53,53.93,1.13,-0.1319874018547938,33.08,91.97,-0.24,0.04638733735793888,84.55,1.47,0.01742016078623978,87.73,0.62,POS+CHROM,32.6,1062.7877,-32.6,5.437,29.5559,5.437,1.974,3.8969,-1.974,1.205,1.4524,1.205
p12,p12_b,clip_0036,ok,150,86.92,12.2,1,79.56,53.96,1.27,0.3180027550294399,33.01,74.24,4.19,0.0588287735891734,77.28,4.87,0.02824676226232503,75.85,4.53,POS+CHROM,25.597,655.2212,-25.597,5.32,28.3001,-5.32,2.274,5.1717,-2.274,3.712,13.7752,-3.712
p12,p12_b,clip_0037,ok,150,85.37,14.43,1,85.76,53.93,1.24,-0.275207477684722,33.04,91.02,1.5,-0.12864571185631113,89.1,2.55,0.07196848435440688,89.97,2.02,POS+CHROM,31.827,1012.9338,-31.827,5.257,27.6401,5.257,3.34,11.1548,3.34,4.215,17.766,4.215
p12,p12_b,clip_0038,ok,150,86.14,13.81,1,82.88,53.94,1.25,0.08512316050254141,33.11,105.27,-2.55,-0.0862703728781978,107.0,0.44,0.05676422948473179,106.34,-1.05,POS+CHROM,28.938,837.3995,-28.938,22.384,501.0425,22.384,24.116,581.5686,24.116,23.462,550.4541,23.462
p12,p12_b,clip_0039,ok,150,86.27,13.63,1,80.97,53.87,1.08,-0.07377449003263734,32.98,80.91,0.23,-0.04871566555853399,72.15,-1.25,-0.0007016917522941541,67.95,0.02,POS+CHROM+DEEP,27.098,734.2824,-27.098,0.055,0.003,-0.055,8.816,77.7304,-8.816,13.015,169.396,-13.015
p12,p12_b,clip_0040,ok,150,86.86,12.97,1,86.09,53.96,1.25,0.4933580577897785,33.01,123.64,-0.48,-0.12769753223586913,120.4,0.05,0.06555892062149525,121.95,-0.22,POS+CHROM,32.136,1032.7507,-32.136,37.55,1409.9727,37.55,34.31,1177.2015,34.31,35.859,1285.881,35.859
p12,p12_b,clip_0041,ok,150,86.05,13.72,1,81.14,53.84,1.09,0.025796799911412295,33.09,81.42,1.94,-0.13553330349981227,82.25,1.44,0.04895109997941403,81.82,1.69,POS+CHROM,27.309,745.7846,-27.309,0.277,0.0769,0.277,1.11,1.2328,1.11,0.677,0.4577,0.677
p12,p12_b,clip_0042,ok,150,89.21,10.75,1,77.13,53.96,1.28,-0.24021549333239142,32.55,75.4,0.4,-0.1581680592186391,66.54,1.68,0.05991062392010267,64.85,1.12,POS+CHROM+DEEP,23.174,537.0142,-23.174,1.733,3.0047,-1.733,10.591,112.1794,-10.591,12.277,150.7268,-12.277
p12,p12_b,clip_0043,ok,150,84.06,15.67,1,86.38,53.93,1.23,0.13911370982370713,33.75,85.11,0.3,-0.01943862291389295,84.18,-2.07,-0.0070201088913761575,84.73,-0.89,POS+CHROM,32.448,1052.8621,-32.448,1.275,1.6247,-1.275,2.202,4.849,-2.202,1.648,2.7161,-1.648
p12,p12_b,clip_0044,ok,150,85.96,14.0,1,81.48,53.97,1.29,-0.39276554303672834,33.1,64.52,0.2,0.10591696989060295,67.77,0.94,-0.06609174670013471,66.24,0.57,POS+CHROM,27.51,756.7754,-27.51,16.955,287.4882,-16.955,13.71,187.9545,-13.71,15.233,232.0473,-15.233
p12,p12_b,clip_0045,ok,150,90.43,9.29,1,76.57,53.68,1.03,-0.15179467133256896,33.0,80.59,1.41,0.11714242775795512,80.48,-0.82,-0.01329071767958896,80.54,0.3,POS+CHROM,22.884,523.692,-22.884,4.025,16.1988,4.025,3.913,15.3111,3.913,3.979,15.8337,3.979
p12,p12_b,clip_0046,ok,150,85.29,14.46,1,83.43,54.01,1.22,-0.06866699319836946,32.99,83.85,1.46,0.07686842478963264,82.35,-1.02,0.007417636833523932,83.25,0.22,POS+CHROM,29.419,865.4514,-29.419,0.415,0.1725,0.415,1.081,1.1695,-1.081,0.18,0.0326,-0.18
p12,p12_b,clip_0047,ok,150,84.6,15.11,1,88.37,54.0,1.26,0.2199365063159611,33.1,94.92,0.52,-0.07458501227168636,91.9,1.58,0.04639585351300085,93.28,1.05,POS+CHROM,34.367,1181.0623,-34.367,6.551,42.9091,6.551,3.537,12.512,3.537,4.912,24.1241,4.912
p12,p12_b,clip_0048,ok,150,85.21,13.98,1,81.06,53.9,0.94,-0.037766032127753035,32.68,76.97,-1.7,-0.10300664796297307,77.91,-0.1,0.17928715757050662,77.5,-0.9,POS+CHROM,27.155,737.393,-27.155,4.083,16.6672,-4.083,3.144,9.8839,-3.144,3.551,12.6077,-3.551
p12,p12_b,clip_0049,ok,150,86.56,13.37,1,85.96,54.0,1.26,0.4192699918279817,33.03,84.14,2.54,0.014503562748016958,80.54,1.67,0.05236219272297058,82.47,2.11,POS+CHROM,31.96,1021.4111,-31.96,1.813,3.2881,-1.813,5.414,29.3159,-5.414,3.484,12.1359,-3.484
p12,p12_b,clip_0050,ok,150,87.38,12.46,1,86.77,53.92,1.2,-0.2459681476625357,33.07,91.27,2.01,0.028116939562457883,92.26,-0.7,-0.02285668609417984,91.66,0.65,POS+CHROM,32.85,1079.1158,-32.85,4.5,20.2528,4.5,5.494,30.1869,5.494,4.887,23.8816,4.887
p12,p12_b,clip_0051,ok,150,86.11,13.85,1,84.49,54.03,1.18,0.18514833854590124,33.04,63.55,-3.38,-0.006334909731558754,99.25,2.4,0.0291759883363787,76.25,0.07,POS+CHROM+DEEP,30.455,927.5328,-30.455,20.94,438.4932,-20.94,14.762,217.9122,14.762,8.24,67.8957,-8.24
p12,p12_b,clip_0052,ok,150,86.42,13.31,1,84.9,53.93,1.25,-0.48036638551941885,33.04,86.24,0.12,-0.25851590414483966,85.86,-0.16,0.1748059700749606,86.05,-0.02,POS+CHROM,30.964,958.7819,-30.964,1.344,1.807,1.344,0.962,0.9263,0.962,1.158,1.3403,1.158
p12,p12_b,clip_0053,ok,150,87.23,12.59,1,79.96,53.98,1.3,0.3041431562253448,32.68,80.3,3.62,-0.3126175006463803,80.38,4.36,0.19094001490558207,80.34,3.99,POS+CHROM,25.98,674.9784,-25.98,0.347,0.1206,0.347,0.419,0.1759,0.419,0.386,0.1487,0.386
p12,p12_b,clip_0054,ok,150,86.35,13.3,1,79.8,53.85,1.07,0.04570789672365712,32.65,75.87,1.76,-0.2089283601087104,73.58,-1.13,0.10933272086957922,75.0,0.32,POS+CHROM,25.948,673.2917,-25.948,3.93,15.4484,-3.93,6.22,38.6909,-6.22,4.805,23.0852,-4.805
p12,p12_b,clip_0055,ok,150,85.79,14.06,1,84.63,53.81,1.1,-0.010556046311323643,32.61,81.59,-2.46,-0.056936340516271826,96.38,-1.18,-0.021264210754978315,73.7,-0.85,POS+CHROM+DEEP,30.814,949.4954,-30.814,3.037,9.2243,-3.037,11.757,138.2341,11.757,10.929,119.4504,-10.929
p12,p12_b,clip_0056,ok,150,84.44,14.93,1,81.83,53.91,1.08,0.2104500004967962,33.06,83.67,-1.37,0.010469647600055282,84.1,0.79,-0.06310765848041842,83.93,-0.29,POS+CHROM,27.918,779.3883,-27.918,1.844,3.4019,1.844,2.274,5.1709,2.274,2.097,4.3993,2.097
p12,p12_b,clip_0057,ok,150,90.71,8.56,1,78.81,53.87,1.17,-0.3649169950428537,32.96,57.57,0.66,-0.04291980322677233,61.71,1.27,0.06243666624978253,57.75,1.03,POS+CHROM+DEEP,24.942,622.0952,-24.942,21.24,451.1375,-21.24,17.108,292.6905,-17.108,21.07,443.9336,-21.07
p12,p12_b,clip_0058,ok,150,87.11,12.75,1,89.85,53.93,1.28,0.169623269069471,32.63,89.91,-0.59,-0.007803513849984932,87.16,0.95,0.09035678855056392,88.36,0.18,POS+CHROM,35.912,1289.6724,-35.912,0.064,0.0041,0.064,2.682,7.1946,-2.682,1.485,2.2043,-1.485
p12,p12_b,clip_0059,ok,150,85.7,14.26,1,84.78,53.78,1.1,-0.12494617787674053,33.05,88.6,-1.23,-0.17962521449983662,87.28,0.57,0.17101177227594325,87.84,-0.33,POS+CHROM,31.006,961.3658,-31.006,3.82,14.5895,3.82,2.494,6.2223,2.494,3.058,9.3516,3.058
p12,p12_b,clip_0060,ok,150,85.95,12.72,1,78.31,53.85,1.0,0.4027136828387252,33.01,71.81,2.69,-0.22432176213671084,69.79,2.27,0.20733143358647946,70.84,2.48,POS+CHROM,24.456,598.0861,-24.456,6.496,42.1956,-6.496,8.518,72.5632,-8.518,7.471,55.8226,-7.471
p12,p12_b,clip_0061,ok,150,89.31,9.91,1,91.8,54.0,1.24,-0.3260432695343263,33.04,97.58,-0.78,-0.15184294773770457,114.7,-0.38,0.11243351540875551,85.26,0.03,POS+CHROM+DEEP,37.807,1429.3586,-37.807,5.772,33.3172,5.772,22.901,524.4382,22.901,6.539,42.7609,-6.539
p12,p12_b,clip_0062,ok,150,85.68,14.07,1,82.63,53.95,1.23,0.27672149367248866,33.07,73.58,3.82,0.04119760656573357,77.79,3.49,0.05703039856984742,75.63,3.66,POS+CHROM,28.681,822.6112,-28.681,9.056,82.019,-9.056,4.839,23.4188,-4.839,7.006,49.0815,-7.006
p12,p12_b,clip_0063,ok,150,87.5,12.05,1,76.32,54.11,1.25,-0.011808388963709057,33.06,84.75,-2.8,0.1385241892245755,82.11,-2.92,0.0002315123343542882,83.44,-2.86,POS+CHROM,22.201,492.8655,-22.201,8.431,71.0884,8.431,5.794,33.5719,5.794,7.126,50.7781,7.126
p12,p12_b,clip_0064,ok,150,85.77,12.92,1,80.93,54.01,1.19,-0.5213960767148613,33.02,77.79,0.85,-0.0761108403840075,76.35,-1.15,0.12106708936408968,77.19,-0.15,POS+CHROM,26.923,724.8245,-26.923,3.139,9.8535,-3.139,4.582,20.9981,-4.582,3.741,13.9988,-3.741
p12,p12_b,clip_0065,ok,150,89.65,10.13,1,77.92,53.81,1.07,0.23932116780392543,33.07,78.57,2.55,0.10780806449027606,82.05,-0.37,0.09236825231598378,79.89,1.09,POS+CHROM,24.116,581.5808,-24.116,0.646,0.4176,0.646,4.122,16.9917,4.122,1.97,3.8824,1.97
p12,p12_b,clip_0066,ok,150,89.47,10.25,1,77.22,54.09,1.25,0.05594775657192754,32.61,75.53,3.58,0.1281004866749587,74.64,4.7,0.12167304351686714,75.05,4.14,POS+CHROM,23.137,535.3316,-23.137,1.692,2.8645,-1.692,2.579,6.6494,-2.579,2.177,4.7385,-2.177
p12,p12_b,clip_0067,ok,150,84.24,15.17,1,83.69,53.95,1.21,-0.23177797945322495,33.04,87.57,1.6,0.06795816124721467,84.1,0.22,-0.009567794579528112,86.03,0.91,POS+CHROM,29.738,884.3255,-29.738,3.881,15.0654,3.881,0.406,0.1649,0.406,2.342,5.4872,2.342
p12,p12_b,clip_0068,ok,150,86.62,12.9,1,79.0,53.86,1.06,0.46849306077198966,33.09,75.8,1.08,0.01877645143989626,71.61,-2.04,-0.0676707558933608,74.24,-0.48,POS+CHROM,25.141,632.062,-25.141,3.2,10.2411,-3.2,7.393,54.6497,-7.393,4.763,22.683,-4.763
p12,p12_b,clip_0069,ok,150,89.17,10.31,1,77.63,53.91,1.01,0.05505876497826221,33.03,78.8,2.38,-0.06431619944790506,98.18,-2.94,0.07111856267588426,73.44,0.15,POS+CHROM+DEEP,23.72,562.6352,-23.72,1.172,1.3731,1.172,20.548,422.206,20.548,4.187,17.528,-4.187
p12,p12_b,clip_0070,ok,150,85.49,14.3,1,82.69,53.99,1.26,-0.1194236546895303,33.0,79.88,2.06,-0.07234895570257446,76.06,-2.65,0.06554511752682021,78.68,-0.29,POS+CHROM,28.707,824.0848,-28.707,2.816,7.9289,-2.816,6.636,44.0406,-6.636,4.012,16.0952,-4.012
p12,p12_c,clip_0000,ok,150,86.16,13.49,1,85.38,53.75,0.85,-0.05759916034593309,34.22,86.5,1.13,0.01236303258182205,59.94,-1.12,-0.0022618082033945153,56.34,-0.13,CHROM+DEEP,31.626,1000.1946,-31.626,1.124,1.2623,1.124,25.437,647.0173,-25.437,29.035,843.0419,-29.035
p12,p12_c,clip_0001,ok,150,85.24,14.61,1,83.4,54.29,1.07,-0.06445470745757127,32.71,81.71,-0.51,-0.042846574857863244,78.94,0.11,0.017818156289456138,80.25,-0.2,POS+CHROM,29.112,847.4824,-29.112,1.698,2.882,-1.698,4.462,19.9088,-4.462,3.151,9.9281,-3.151
p12,p12_c,clip_0002,ok,150,83.0,15.94,1,82.92,54.31,1.29,0.09159311019003533,32.55,82.17,-0.49,-0.2473472020323443,78.2,0.7,-0.04267126641721523,79.99,0.1,POS+CHROM,28.607,818.3608,-28.607,0.742,0.55,-0.742,4.713,22.2166,-4.713,2.923,8.5449,-2.923
p12,p12_c,clip_0003,ok,150,84.88,13.9,1,83.46,53.79,1.04,-0.3424355640055372,33.9,86.18,-0.66,-0.28867757892687146,86.27,-2.62,0.22830698901567525,86.22,-1.64,POS+CHROM,29.677,880.7286,-29.677,2.714,7.3653,2.714,2.807,7.8788,2.807,2.753,7.5785,2.753
p12,p12_c,clip_0004,ok,150,86.19,13.57,1,83.68,53.96,1.28,0.17358588733685956,33.37,82.13,3.47,-0.2858530965713561,78.49,1.0,0.2829629212761324,80.68,2.23,POS+CHROM,29.711,882.7662,-29.711,1.546,2.3899,-1.546,5.183,26.8651,-5.183,2.994,8.9667,-2.994
p12,p12_c,clip_0005,ok,150,84.96,14.91,1,83.16,53.95,1.29,-0.09148683592233241,32.57,84.09,4.62,-0.2661309527488149,87.19,2.63,0.1475670703007828,85.39,3.63,POS+CHROM,29.203,852.7962,-29.203,0.935,0.8749,0.935,4.038,16.3081,4.038,2.232,4.98,2.232
p12,p12_c,clip_0006,ok,150,85.73,13.65,1,93.58,54.05,1.26,-0.23007311836697847,33.83,93.8,-0.4,-0.19998935146943594,95.38,-1.87,0.24802060000054324,94.5,-1.13,POS+CHROM,39.532,1562.7424,-39.532,0.217,0.0469,0.217,1.799,3.2354,1.799,0.911,0.8308,0.911
p12,p12_c,clip_0007,ok,150,84.9,14.14,1,87.61,53.89,1.03,0.023093546485870028,33.06,86.18,-0.0,-0.03518497646138455,85.3,-0.16,0.017442289640640152,85.75,-0.08,POS+CHROM,33.713,1136.5974,-33.713,1.425,2.0303,-1.425,2.305,5.313,-2.305,1.859,3.4563,-1.859
p12,p12_c,clip_0008,ok,150,85.29,14.46,1,79.2,54.07,1.14,-0.2513027910156072,33.19,81.51,-3.33,-0.09190658963937794,84.31,-2.41,0.03438849337064357,83.02,-2.87,POS+CHROM,25.126,631.3152,-25.126,2.314,5.3566,2.314,5.117,26.1875,5.117,3.823,14.6122,3.823
p12,p12_c,clip_0009,ok,150,84.2,15.19,1,81.28,54.32,1.3,0.2570282970487164,32.61,81.62,-0.37,-0.07946355308034292,83.21,-1.79,0.06380404045850051,82.32,-1.08,POS+CHROM,26.966,727.1602,-26.966,0.335,0.1123,0.335,1.929,3.7204,1.929,1.038,1.0772,1.038
p12,p12_c,clip_0010,ok,150,84.12,15.72,1,84.05,53.95,1.21,-0.32269354148577234,33.76,87.33,-1.73,0.025429089029103253,85.73,3.99,0.1657648236743174,86.18,1.13,POS+CHROM,30.097,905.8167,-30.097,3.289,10.8155,3.289,1.688,2.8498,1.688,2.134,4.5533,2.134
p12,p12_c,clip_0011,ok,150,87.78,11.94,1,79.41,54.08,1.14,-0.21701468161806833,33.03,80.86,-0.21,-0.09024754093091389,76.97,-0.97,0.13254124757125282,79.04,-0.59,POS+CHROM,25.333,641.7396,-25.333,1.455,2.1177,1.455,2.438,5.9447,-2.438,0.367,0.1349,-0.367
p12,p12_c,clip_0012,ok,150,87.24,12.63,1,76.63,53.89,0.98,0.23352969001848223,33.8,77.72,-0.5,-0.18152112534353715,80.09,-2.29,0.18487274191356073,78.73,-1.39,POS+CHROM,22.742,517.2175,-22.742,1.087,1.1823,1.087,3.463,11.9913,3.463,2.099,4.4065,2.099
p12,p12_c,clip_0013,ok,150,85.47,13.85,1,84.06,54.05,1.25,-0.49268763928817155,32.98,84.28,2.67,-0.16064742924479147,80.92,1.05,0.19143740887080032,82.82,1.86,POS+CHROM,30.011,900.6832,-30.011,0.214,0.046,0.214,3.143,9.8778,-3.143,1.238,1.5327,-1.238
p12,p12_c,clip_0014,ok,150,86.42,13.53,1,84.91,54.07,1.21,0.4653148220722998,33.75,81.3,2.82,-0.10150883712617932,83.29,1.16,0.10779761655408693,82.16,1.99,POS+CHROM,30.836,950.861,-30.836,3.611,13.0377,-3.611,1.619,2.6226,-1.619,2.752,7.575,-2.752
p12,p12_c,clip_0015,ok,150,87.52,12.19,1,79.35,54.15,1.26,-0.15763588401371373,32.6,84.65,0.81,-0.18236200911401965,109.8,-1.84,0.15550401714863252,78.51,0.08,POS+CHROM+DEEP,25.204,635.2312,-25.204,5.303,28.1173,5.303,30.45,927.2282,30.45,0.838,0.7029,-0.838
p12,p12_c,clip_0016,ok,150,85.15,14.68,1,85.38,53.82,1.07,0.23731480083520576,33.02,79.9,5.16,-0.23041989819966652,82.04,1.68,0.204426268741114,80.67,3.42,POS+CHROM,31.56,996.0054,-31.56,5.478,30.0121,-5.478,3.338,11.1453,-3.338,4.71,22.1848,-4.71
p12,p12_c,clip_0017,ok,150,85.42,14.12,1,80.27,54.05,1.35,-0.040684722568003893,32.99,80.5,-0.43,0.0020533915546121786,83.09,2.32,0.0672022851579659,82.09,0.95,POS+CHROM,26.218,687.358,-26.218,0.232,0.0538,0.232,2.824,7.9744,2.824,1.82,3.3106,1.82
p12,p12_c,clip_0018,ok,150,86.78,13.05,1,84.55,53.94,1.24,-0.25092694746676647,33.83,85.58,-0.83,-0.14098952706659001,84.53,1.38,0.13340765619344563,84.96,0.27,POS+CHROM,30.606,936.7567,-30.606,1.033,1.068,1.033,0.024,0.0006,-0.024,0.409,0.1669,0.409
p12,p12_c,clip_0019,ok,150,86.73,13.06,1,78.06,53.79,0.96,0.24604107234904826,33.4,77.68,2.49,-0.22276801993991444,77.54,1.47,0.2692189861606569,77.62,1.98,POS+CHROM,24.274,589.2195,-24.274,0.383,0.1468,-0.383,0.527,0.2776,-0.527,0.449,0.2015,-0.449
p12,p12_c,clip_0020,ok,150,78.81,18.76,1,84.76,54.04,1.16,-0.16160429792711292,33.19,66.94,1.68,-0.07025183691123396,102.91,-0.33,0.05457944607585724,72.22,0.84,POS+CHROM+DEEP,30.727,944.1225,-30.727,17.827,317.7886,-17.827,18.148,329.3438,18.148,12.546,157.3985,-12.546
p12,p12_c,clip_0021,ok,150,85.47,13.84,1,89.9,54.17,1.31,-0.07726272707790531,32.62,112.48,-1.23,0.053003202157527005,112.79,4.16,-0.03609343683046821,112.7,1.47,POS+CHROM,35.728,1276.4552,-35.728,22.58,509.8616,22.58,22.89,523.9317,22.89,22.8,519.8419,22.8
p12,p12_c,clip_0022,ok,150,85.02,14.79,1,80.49,53.76,0.92,-0.2753728642207415,33.87,106.07,-0.43,-0.0056241599938885774,74.42,-2.86,-0.041289649975341514,76.39,-0.79,POS+CHROM+DEEP,26.726,714.2614,-26.726,25.579,654.3041,25.579,6.071,36.8606,-6.071,4.1,16.8137,-4.1
p12,p12_c,clip_0023,ok,150,87.06,12.24,1,79.01,54.13,1.17,0.33545133702010155,32.71,85.76,3.68,-0.09798371243681069,83.07,2.5,0.053973635449730724,84.55,3.09,POS+CHROM,24.882,619.1093,-24.882,6.749,45.5472,6.749,4.054,16.4342,4.054,5.534,30.6277,5.534
p12,p12_c,clip_0024,ok,150,85.34,14.28,1,82.7,53.95,1.18,-0.1615349710148862,33.87,78.55,0.58,-0.18322527701627042,80.1,0.7,0.13048088324990473,79.33,0.64,POS+CHROM,28.745,826.2704,-28.745,4.149,17.2118,-4.149,2.598,6.7479,-2.598,3.365,11.3263,-3.365
p12,p12_c,clip_0025,ok,150,89.12,10.66,1,78.4,53.86,1.02,-0.17774250847322018,33.13,84.47,3.48,-0.21182660013682122,85.15,2.71,0.23822106347537447,84.78,3.09,POS+CHROM,24.541,602.2364,-24.541,6.065,36.788,6.065,6.744,45.488,6.744,6.383,40.746,6.383
p12,p12_c,clip_0026,ok,150,85.26,14.23,1,83.88,54.16,1.08,0.021257415798288375,33.15,81.42,1.31,-0.29690484489449365,80.62,2.52,0.33578079149391615,80.98,1.91,POS+CHROM,29.719,883.2337,-29.719,2.461,6.055,-2.461,3.264,10.6545,-3.264,2.903,8.4259,-2.903
p12,p12_c,clip_0027,ok,150,83.87,15.73,1,82.7,54.1,1.44,-0.3032729004438679,33.07,79.46,0.68,-0.1597504179792021,83.8,-0.69,0.2602819811178594,81.38,-0.01,POS+CHROM,28.608,818.4285,-28.608,3.244,10.5259,-3.244,1.098,1.2067,1.098,1.32,1.743,-1.32
p12,p12_c,clip_0028,ok,150,83.75,15.67,1,78.31,54.25,1.15,0.12385643990090141,32.72,75.61,3.21,-0.18970639052471955,76.28,3.56,0.2166811790883441,75.96,3.38,POS+CHROM,24.063,579.0458,-24.063,2.7,7.2882,-2.7,2.029,4.1181,-2.029,2.355,5.5447,-2.355
p12,p12_c,clip_0029,ok,150,88.82,10.58,1,76.31,54.12,1.05,0.3508969738184547,33.19,80.42,0.69,-0.12124400985189643,112.82,-2.49,0.08007860423450766,77.08,-0.25,POS+CHROM+DEEP,22.186,492.234,-22.186,4.11,16.8911,4.11,36.51,1332.9649,36.51,0.765,0.5851,0.765
p12,p12_c,clip_0030,ok,150,88.03,11.7,1,84.25,54.32,1.35,-0.4013047002770095,32.67,80.58,-0.68,-0.06079309283338023,80.91,0.6,0.08804856190812416,80.76,-0.04,POS+CHROM,29.929,895.7229,-29.929,3.664,13.4253,-3.664,3.337,11.1338,-3.337,3.483,12.132,-3.483
p12,p12_c,clip_0031,ok,150,84.95,14.96,1,82.48,53.9,1.02,0.2931581571060546,33.08,128.02,-3.97,-0.13309573647887368,75.7,-2.16,0.09826220091356357,76.18,-1.7,POS+CHROM+DEEP,28.581,816.8805,-28.581,45.536,2073.5012,45.536,6.786,46.0508,-6.786,6.3,39.693,-6.3
p12,p12_c,clip_0032,ok,150,85.35,13.97,1,77.7,53.89,1.0,-0.009030208744534354,33.15,74.13,-1.26,-0.09438225007784606,84.7,0.56,0.04750152512892549,70.15,0.1,POS+CHROM+DEEP,23.808,566.844,-23.808,3.57,12.7435,-3.57,7.004,49.0495,7.004,7.554,57.0691,-7.554
p12,p12_c,clip_0033,ok,150,86.43,13.31,1,78.11,53.84,0.98,-0.46270764378010376,33.08,82.64,1.74,-0.027870143516906993,80.68,0.24,0.02241786380744935,81.78,0.99,POS+CHROM,24.269,588.961,-24.269,4.526,20.4879,4.526,2.57,6.6074,2.57,3.669,13.4651,3.669
p12,p12_c,clip_0034,ok,150,86.06,13.62,1,82.47,54.08,1.37,0.4736682250942243,33.04,81.58,1.18,-0.1240745856255291,103.36,1.58,0.08529466962442984,79.94,1.38,POS+CHROM+DEEP,28.383,805.5896,-28.383,0.89,0.7927,-0.89,20.889,436.3434,20.889,2.531,6.404,-2.531
p12,p12_c,clip_0035,ok,150,85.04,14.52,1,83.02,53.44,0.9,-0.1569513979751243,33.77,81.99,-1.87,-0.15250609856710337,78.92,-2.83,0.09525497200137896,80.58,-2.35,POS+CHROM,29.578,874.8739,-29.578,1.032,1.0657,-1.032,4.103,16.8373,-4.103,2.445,5.9793,-2.445
p12,p12_c,clip_0036,ok,150,84.3,15.39,1,81.23,54.06,1.19,-0.0345118047342087,33.41,80.89,0.31,-0.08795753643528387,123.9,-4.4,-0.00861840427884233,76.51,-0.97,POS+CHROM+DEEP,27.164,737.8565,-27.164,0.336,0.1131,-0.336,42.67,1820.7662,42.67,4.719,22.2662,-4.719
p12,p12_c,clip_0037,ok,150,87.86,12.05,1,77.82,54.06,1.28,0.40919629456037027,32.94,83.94,-1.89,-0.07752120952092147,90.56,-2.56,0.014920256229642723,87.06,-2.23,POS+CHROM,23.757,564.4172,-23.757,6.126,37.5268,6.126,12.738,162.2585,12.738,9.248,85.5163,9.248
p12,p12_c,clip_0038,ok,150,85.7,14.2,1,83.27,53.81,0.96,-0.4228395217955747,33.83,78.54,1.87,-0.11508008413365826,79.54,-2.88,0.1061051198098505,78.85,-0.51,POS+CHROM,29.461,867.9562,-29.461,4.737,22.4382,-4.737,3.728,13.9015,-3.728,4.423,19.5588,-4.423
p12,p12_c,clip_0039,ok,150,85.03,14.91,1,82.79,54.0,1.18,0.2298671752371986,33.09,81.57,-0.8,-0.07602574054723708,81.8,1.86,0.09098861795897908,81.71,0.53,POS+CHROM,28.79,828.8889,-28.79,1.227,1.5054,-1.227,0.989,0.9788,-0.989,1.082,1.1713,-1.082
p12,p12_c,clip_0040,ok,150,82.25,16.81,1,81.0,54.04,1.22,-0.08130695540623757,33.05,81.01,1.68,-0.0867260237581523,80.2,1.36,0.0578102514030115,80.62,1.52,POS+CHROM,26.964,727.0352,-26.964,0.011,0.0001,0.011,0.802,0.6433,-0.802,0.385,0.1479,-0.385
p12,p12_c,clip_0041,ok,150,86.02,13.71,1,84.23,53.83,1.04,0.44537178774266656,33.13,87.27,0.7,-0.12953163079174304,87.13,-0.88,0.12069395948218445,87.21,-0.09,POS+CHROM,30.394,923.8246,-30.394,3.038,9.2302,3.038,2.904,8.4343,2.904,2.98,8.8799,2.98
p12,p12_c,clip_0042,ok,150,88.17,11.47,1,92.01,54.21,1.1,-0.24834561985519743,32.66,90.36,2.97,-0.16656771335798892,91.66,2.99,0.20534441213112864,91.01,2.98,POS+CHROM,37.793,1428.3177,-37.793,1.653,2.7319,-1.653,0.348,0.1209,-0.348,0.999,0.9988,-0.999
p12,p12_c,clip_0043,ok,150,85.19,14.78,1,81.87,53.96,1.19,0.2010413512920154,33.04,86.01,1.36,-0.14805985259497062,79.19,0.85,0.16389404335786123,82.74,1.1,POS+CHROM,27.909,778.9057,-27.909,4.136,17.1079,4.136,2.686,7.2155,-2.686,0.871,0.7587,0.871
p12,p12_c,clip_0044,ok,150,80.9,18.17,1,81.48,54.15,1.16,-0.2854047571505502,32.74,77.24,-0.9,-0.14386716958517143,82.26,0.05,0.08678261616862128,79.95,-0.42,POS+CHROM,27.329,746.8807,-27.329,4.243,18.0055,-4.243,0.779,0.6064,0.779,1.533,2.3494,-1.533
p12,p12_c,clip_0045,ok,150,84.95,14.88,1,83.47,53.74,1.12,0.478980725371177,33.06,77.78,2.33,0.09833356857337593,77.35,0.34,-0.042553486340447484,77.6,1.34,POS+CHROM,29.729,883.8001,-29.729,5.696,32.4415,-5.696,6.119,37.4413,-6.119,5.872,34.486,-5.872
p12,p12_c,clip_0046,ok,150,85.13,14.62,1,80.71,54.12,1.28,-0.03734298769028686,32.74,83.72,0.19,0.14954806822085662,82.28,0.59,-0.18293334025087307,82.98,0.39,POS+CHROM,26.596,707.3373,-26.596,3.008,9.0485,3.008,1.57,2.4658,1.57,2.265,5.1314,2.265
p12,p12_c,clip_0047,ok,150,85.57,14.36,1,79.95,53.96,1.17,-0.21492438236142175,33.05,79.56,1.67,0.08010875571982383,80.36,1.25,-0.1434651720800729,79.95,1.46,POS+CHROM,25.998,675.8768,-25.998,0.392,0.1538,-0.392,0.41,0.1684,0.41,0.005,0.0,-0.005
p12,p12_c,clip_0048,ok,150,83.75,15.64,1,81.29,54.03,1.26,0.30978386174342937,33.38,81.42,0.96,0.07805387977688577,81.11,-1.16,-0.05388313368189725,81.3,-0.1,POS+CHROM,27.257,742.9551,-27.257,0.132,0.0174,0.132,0.178,0.0318,-0.178,0.004,0.0,0.004
p12,p12_c,clip_0049,ok,150,83.55,16.14,1,81.73,54.08,1.23,-0.28183408800432574,33.03,77.97,1.55,0.1561054967921042,79.37,-1.36,-0.09586141405013672,78.51,0.1,POS+CHROM,27.644,764.1789,-27.644,3.755,14.0982,-3.755,2.352,5.5332,-2.352,3.22,10.3702,-3.22
p12,p12_c,clip_0050,ok,150,84.51,15.25,1,81.97,54.01,1.23,0.30213909496291075,33.02,84.77,1.5,0.10696383608785368,86.81,-1.99,-0.022694419725641124,85.5,-0.25,POS+CHROM,27.962,781.9006,-27.962,2.798,7.8281,2.798,4.837,23.3945,4.837,3.529,12.4522,3.529
p12,p12_c,clip_0051,ok,150,86.26,13.63,1,87.06,54.07,1.26,-0.3274131567937223,33.03,87.74,1.46,0.039557306377501426,86.13,1.01,-0.017935171852272162,86.96,1.24,POS+CHROM,32.998,1088.8884,-32.998,0.676,0.4569,0.676,0.937,0.8774,-0.937,0.1,0.0101,-0.1
p12,p12_c,clip_0052,ok,150,84.19,15.76,1,82.21,54.03,1.27,0.27009567593811845,33.03,83.04,3.58,0.025159423730554745,80.46,1.5,-0.05393314409007768,81.97,2.54,POS+CHROM,28.185,794.3919,-28.185,0.832,0.6919,0.832,1.751,3.0651,-1.751,0.238,0.0566,-0.238
p12,p12_c,clip_0053,ok,150,84.55,14.62,1,78.46,53.82,0.98,0.1539241209246975,33.05,76.92,-0.1,0.044314082711600276,82.88,-0.53,-0.10054509212429628,79.79,-0.32,POS+CHROM,24.642,607.2136,-24.642,1.536,2.3601,-1.536,4.421,19.5433,4.421,1.335,1.7815,1.335
p12,p12_c,clip_0054,ok,150,85.19,14.54,1,82.54,54.22,1.05,-0.35378118704003414,32.75,83.64,-1.7,-0.028215862997757083,83.13,0.28,-0.03458702218736579,83.34,-0.71,POS+CHROM,28.329,802.5053,-28.329,1.093,1.1936,1.093,0.581,0.3372,0.581,0.795,0.6317,0.795
p12,p12_c,clip_0055,ok,150,85.19,14.63,1,83.26,54.05,1.31,0.3190171047109748,32.96,58.79,-2.55,-0.11638288038150373,86.03,-1.22,0.02058946324874313,55.68,-0.62,POS+DEEP,29.215,853.4951,-29.215,24.479,599.2163,-24.479,2.766,7.6481,2.766,27.583,760.8457,-27.583
p12,p12_c,clip_0056,ok,150,86.81,12.72,1,77.99,53.85,1.0,-0.06691815209964669,33.8,75.44,-0.95,-0.005513063088189096,101.75,-1.41,0.036326502953686765,73.78,-0.45,POS+CHROM+DEEP,24.134,582.4458,-24.134,2.545,6.4755,-2.545,23.762,564.6184,23.762,4.213,17.7478,-4.213
p12,p12_c,clip_0057,ok,150,84.64,15.1,1,81.9,54.12,1.22,0.0400976859066956,32.63,79.7,3.08,0.0979975408226207,82.16,4.46,-0.06981075433727485,81.07,3.77,POS+CHROM,27.775,771.442,-27.775,2.198,4.8304,-2.198,0.26,0.0677,0.26,0.828,0.686,-0.828
p12,p12_c,clip_0058,ok,150,85.88,13.86,1,82.23,53.97,1.23,0.1064777467257343,33.0,84.48,1.65,0.04788527774738104,83.68,3.08,0.026753352324239043,84.03,2.37,POS+CHROM,28.259,798.5951,-28.259,2.248,5.0529,2.248,1.448,2.0976,1.448,1.801,3.2418,1.801
p12,p12_c,clip_0059,ok,150,85.44,14.46,1,86.19,53.92,1.25,-0.0044528408370663125,33.06,83.62,2.83,0.07985375160838624,81.29,-0.7,-0.007172738567261283,82.78,1.07,POS+CHROM,32.269,1041.2732,-32.269,2.574,6.6249,-2.574,4.904,24.0535,-4.904,3.406,11.6005,-3.406
p12,p12_c,clip_0060,ok,150,82.67,17.09,1,82.37,54.17,1.16,0.06684373443494375,32.62,84.98,-1.12,0.07475037562011655,85.55,-0.42,-0.013016268842647687,85.28,-0.77,POS+CHROM,28.194,794.929,-28.194,2.613,6.8274,2.613,3.182,10.1255,3.182,2.914,8.4927,2.914
p12,p12_c,clip_0061,ok,150,86.63,13.1,1,78.81,54.0,1.27,-0.45621765259458186,32.98,80.45,-2.51,-0.17397090510904598,80.2,-0.52,0.22248938956457215,80.3,-1.51,POS+CHROM,24.807,615.4004,-24.807,1.646,2.7104,1.646,1.39,1.9331,1.39,1.497,2.242,1.497
p12,p12_c,clip_0062,ok,150,87.55,12.3,1,84.31,53.89,1.04,0.40485278058980917,33.07,85.13,2.94,-0.203274115054327,83.44,-1.67,0.11481973497207133,84.6,0.63,POS+CHROM,30.426,925.7505,-30.426,0.818,0.6699,0.818,0.877,0.7695,-0.877,0.281,0.0791,0.281
p12,p12_c,clip_0063,ok,150,86.3,13.59,1,86.09,53.7,1.01,-0.29490500428259303,33.03,86.72,2.28,-0.09401344736906522,88.6,0.94,0.04456640201818041,87.56,1.61,POS+CHROM,32.392,1049.2205,-32.392,0.635,0.4026,0.635,2.516,6.3298,2.516,1.471,2.163,1.471
p12,p12_c,clip_0064,ok,150,83.28,16.68,1,81.62,54.2,1.26,0.28368089214751485,32.67,76.45,2.68,0.04268440831142209,78.69,0.63,-0.008590165880569186,77.38,1.65,POS+CHROM,27.415,751.5943,-27.415,5.171,26.7402,-5.171,2.925,8.5579,-2.925,4.239,17.965,-4.239
p12,p12_c,clip_0065,ok,150,84.51,14.58,1,80.72,54.05,1.24,-0.14362385381074097,32.69,84.62,3.4,-0.0015527387264309609,82.42,2.85,0.15220349373066377,83.57,3.12,POS+CHROM,26.669,711.217,-26.669,3.898,15.196,3.898,1.699,2.8864,1.699,2.849,8.1163,2.849
p12,p12_c,clip_0066,ok,150,86.09,13.72,1,84.35,54.22,1.35,0.32633279170166035,32.65,76.96,0.12,0.10784213016542495,82.82,-2.43,-0.009410525124398678,79.28,-1.16,POS+CHROM,30.127,907.6425,-30.127,7.391,54.6218,-7.391,1.527,2.3318,-1.527,5.072,25.7201,-5.072
p12,p12_c,clip_0067,ok,150,84.03,15.82,1,83.1,53.77,0.94,-0.05998424613189011,33.12,96.93,2.65,0.015444182993784751,94.96,0.86,0.03418835214713389,96.09,1.75,POS+CHROM,29.328,860.1066,-29.328,13.831,191.2909,13.831,11.857,140.5877,11.857,12.99,168.7346,12.99
p12,p12_c,clip_0068,ok,150,84.06,15.81,1,81.03,54.13,1.26,-0.040695131545357664,33.01,73.32,-0.73,-0.1639930610770546,71.69,0.77,0.14057541301725507,72.4,0.02,POS+CHROM,26.897,723.4405,-26.897,7.703,59.3402,-7.703,9.339,87.2212,-9.339,8.623,74.351,-8.623
p12,p12_c,clip_0069,ok,150,84.27,15.22,1,85.15,54.0,1.28,-0.02892314011509112,32.98,86.71,1.26,-0.1037937493830504,90.59,-3.16,0.11606516446890654,87.96,-0.95,POS+CHROM,31.151,970.4015,-31.151,1.558,2.4275,1.558,5.439,29.5841,5.439,2.814,7.9207,2.814
p12,p12_c,clip_0070,ok,150,84.76,14.84,1,84.52,54.12,1.26,0.1647101768868708,32.99,81.47,2.83,-0.023018066272189587,78.44,2.53,0.012142458410967148,79.99,2.68,POS+CHROM,30.4,924.1569,-30.4,3.047,9.286,-3.047,6.072,36.873,-6.072,4.522,20.4489,-4.522
p12,p12_d,clip_0000,ok,150,81.93,16.33,1,82.6,53.73,1.02,0.2802723008490787,34.0,58.53,1.11,-0.05758577080801017,59.07,-0.62,0.01164471926914501,56.95,0.5,POS+CHROM+DEEP,28.867,833.3129,-28.867,24.064,579.056,-24.064,23.525,553.446,-23.525,25.646,657.7397,-25.646
p12,p12_d,clip_0001,ok,150,81.88,17.2,1,80.91,53.78,0.98,-0.17237735537512877,33.98,76.81,1.39,-0.02603575646110178,81.69,-1.2,0.061979825524667326,78.73,0.1,POS+CHROM,27.134,736.2448,-27.134,4.103,16.8329,-4.103,0.781,0.6094,0.781,2.179,4.7483,-2.179
p12,p12_d,clip_0002,ok,150,85.56,14.11,1,80.76,53.87,1.04,0.030207035439767372,32.99,83.86,-0.43,-0.20841517001871404,83.27,2.86,0.23619036726783774,83.49,1.22,POS+CHROM,26.888,722.964,-26.888,3.101,9.6138,3.101,2.51,6.3016,2.51,2.727,7.4345,2.727
p12,p12_d,clip_0003,ok,150,86.09,13.51,1,82.54,54.03,1.13,0.021267286177635323,33.07,77.56,2.46,-0.19755793816769943,84.4,1.68,0.21008592806922977,80.76,2.07,POS+CHROM,28.507,812.6434,-28.507,4.982,24.816,-4.982,1.864,3.4732,1.864,1.781,3.1727,-1.781
p12,p12_d,clip_0004,ok,150,84.9,14.94,1,84.89,54.03,1.16,0.07231890411485352,33.2,86.48,-0.22,-0.10127614152138548,75.24,0.94,0.1416675472444934,70.78,0.63,POS+CHROM+DEEP,30.864,952.5874,-30.864,1.583,2.5047,1.583,9.658,93.2733,-9.658,14.111,199.1175,-14.111
p12,p12_d,clip_0005,ok,150,83.41,15.75,1,84.63,54.32,1.13,-0.015153324511637957,32.91,111.73,-1.38,-0.17580260024678845,109.47,-0.08,0.18717265754356782,110.48,-0.73,POS+CHROM,30.311,918.7472,-30.311,27.102,734.5444,27.102,24.844,617.2363,24.844,25.851,668.293,25.851
p12,p12_d,clip_0006,ok,150,80.53,19.0,1,82.46,53.76,0.93,-0.32164667697612465,33.98,79.54,-1.89,-0.15237697540481532,87.63,-0.7,0.18214426253603458,71.32,-0.55,POS+CHROM+DEEP,28.698,823.5685,-28.698,2.916,8.5012,-2.916,5.17,26.7323,5.17,11.138,124.055,-11.138
p12,p12_d,clip_0007,ok,150,87.21,12.58,1,78.31,53.91,0.94,0.4745374339223703,34.01,73.38,2.22,-0.04356355802125907,72.96,-0.04,0.07882071114165322,73.2,1.09,POS+CHROM,24.402,595.4411,-24.402,4.939,24.3924,-4.939,5.359,28.7198,-5.359,5.11,26.11,-5.11
p12,p12_d,clip_0008,ok,150,85.2,14.51,1,82.17,53.89,0.98,-0.24228395303669284,33.21,78.29,1.45,-0.06800967375787224,80.82,1.77,0.052870772591547925,79.59,1.61,POS+CHROM,28.281,799.8014,-28.281,3.88,15.057,-3.88,1.353,1.8307,-1.353,2.583,6.6729,-2.583
p12,p12_d,clip_0009,ok,150,83.95,15.99,1,83.28,53.86,1.14,0.254760065584293,32.71,86.37,1.73,-0.164315135443279,85.27,1.62,0.13437807298191576,85.82,1.67,POS+CHROM,29.421,865.5813,-29.421,3.089,9.5441,3.089,1.984,3.9344,1.984,2.542,6.4595,2.542
p12,p12_d,clip_0010,ok,150,84.52,15.16,1,80.76,54.03,1.15,0.041812581508259755,33.01,83.54,-1.64,-0.16188965285414386,111.56,-1.74,0.13767363881250766,78.1,-0.74,POS+CHROM+DEEP,26.73,714.4967,-26.73,2.78,7.73,2.78,30.799,948.6039,30.799,2.652,7.0329,-2.652
p12,p12_d,clip_0011,ok,150,82.27,17.28,1,81.3,54.0,1.31,-0.4550436155282706,32.67,71.51,1.05,-0.1365299157835526,79.91,3.26,0.1668798103076151,69.75,1.87,POS+CHROM+DEEP,27.305,745.5419,-27.305,9.794,95.9258,-9.794,1.387,1.9226,-1.387,11.55,133.411,-11.55
p12,p12_d,clip_0012,ok,150,85.11,14.85,1,83.93,53.63,1.09,0.3168781897382032,33.12,104.07,-1.18,-0.18075327161137522,105.31,-1.07,0.19721108000321252,104.69,-1.13,POS+CHROM,30.298,917.9824,-30.298,20.137,405.4899,20.137,21.372,456.778,21.372,20.76,430.9822,20.76
p12,p12_d,clip_0013,ok,150,85.53,14.09,1,79.05,53.82,1.03,-0.08971734433116316,33.14,74.61,0.17,-0.1978842872500678,74.45,-1.14,0.12945877032313022,74.54,-0.49,POS+CHROM,25.232,636.6421,-25.232,4.444,19.7466,-4.444,4.598,21.141,-4.598,4.512,20.3617,-4.512
p12,p12_d,clip_0014,ok,150,86.76,13.01,1,78.16,53.95,1.2,-0.2423259552650075,32.76,77.08,0.02,-0.1636261153799043,79.88,0.36,0.08210833524676113,78.52,0.19,POS+CHROM,24.211,586.1588,-24.211,1.074,1.1545,-1.074,1.72,2.9574,1.72,0.363,0.1317,0.363
p12,p12_d,clip_0015,ok,150,83.16,16.22,1,84.44,54.05,1.08,0.20805251640825348,33.14,103.67,0.36,-0.02534895051327748,79.64,0.01,0.16515182987247642,78.06,0.48,POS+CHROM+DEEP,30.397,923.9499,-30.397,19.225,369.5938,19.225,4.805,23.0882,-4.805,6.379,40.6935,-6.379
p12,p12_d,clip_0016,ok,150,86.53,12.54,1,85.89,53.78,1.05,-0.004044811299812713,33.42,127.46,-1.32,-0.08681773199346136,77.71,-1.89,0.06046912807927754,81.89,-0.72,POS+CHROM+DEEP,32.112,1031.1982,-32.112,41.562,1727.434,41.562,8.188,67.0364,-8.188,4.003,16.0246,-4.003
p12,p12_d,clip_0017,ok,150,82.3,17.18,1,85.82,54.08,1.07,-0.05740157249608184,33.48,78.26,3.03,-0.09645633995275384,68.08,0.45,0.0472155072726591,68.12,1.52,POS+CHROM+DEEP,31.736,1007.1428,-31.736,7.554,57.0688,-7.554,17.736,314.575,-17.736,17.699,313.2631,-17.699
p12,p12_d,clip_0018,ok,150,82.24,17.61,1,85.29,54.19,1.16,0.23917704609081417,32.65,64.67,1.28,-0.12578733991338287,62.88,4.34,0.11061316493737706,63.55,2.81,POS+CHROM,31.103,967.4214,-31.103,20.628,425.4974,-20.628,22.413,502.3508,-22.413,21.743,472.7681,-21.743
p12,p12_d,clip_0019,ok,150,83.83,15.82,1,87.43,54.11,1.27,-0.471345019387592,32.98,100.97,0.02,-0.23555414544927755,88.59,-1.72,0.20696850640859749,78.49,-0.14,POS+CHROM+DEEP,33.313,1109.7796,-33.313,13.54,183.3247,13.54,1.162,1.3497,1.162,8.933,79.8064,-8.933
p12,p12_d,clip_0020,ok,150,86.4,13.19,1,89.94,54.06,1.13,-0.048526445215619635,33.52,78.12,1.75,-0.07792385274990313,99.61,-0.14,0.13618390126973648,75.85,0.91,POS+CHROM+DEEP,35.879,1287.2989,-35.879,11.812,139.5136,-11.812,9.675,93.6044,9.675,14.089,198.4971,-14.089
p12,p12_d,clip_0021,ok,150,85.0,14.94,1,87.78,54.07,1.06,0.2843373465451703,32.76,89.03,-3.15,-0.10729054877471106,84.12,-1.61,0.14801807703021513,86.26,-2.38,POS+CHROM,33.708,1136.2246,-33.708,1.253,1.571,1.253,3.659,13.3916,-3.659,1.517,2.301,-1.517
p12,p12_d,clip_0022,ok,150,83.41,16.26,1,86.89,54.03,1.11,-0.22816651604988533,32.74,83.69,3.45,-0.19152902021619753,85.33,4.22,0.21919067516346513,84.56,3.84,POS+CHROM,32.862,1079.9126,-32.862,3.203,10.2586,-3.203,1.564,2.4474,-1.564,2.331,5.4329,-2.331
p12,p12_d,clip_0023,ok,150,82.11,17.71,1,84.59,54.0,1.12,0.36867673441091114,33.51,86.95,-1.24,-0.23048584347023143,85.2,3.02,0.2775568437575133,85.78,0.89,POS+CHROM,30.586,935.5024,-30.586,2.362,5.5787,2.362,0.611,0.3734,0.611,1.188,1.4113,1.188
p12,p12_d,clip_0024,ok,150,85.25,14.57,1,88.21,53.95,1.1,0.0041040713373492604,32.74,85.4,3.88,-0.23865407964188873,87.55,1.53,0.29699419592294085,86.27,2.71,POS+CHROM,34.262,1173.8972,-34.262,2.814,7.9188,-2.814,0.66,0.4361,-0.66,1.945,3.7837,-1.945
p12,p12_d,clip_0025,ok,150,83.83,16.11,1,87.35,54.11,1.11,-0.26070290633076143,32.68,92.2,2.78,-0.2916989767888508,87.66,-0.95,0.23859040608448454,90.61,0.92,POS+CHROM,33.235,1104.5419,-33.235,4.851,23.5345,4.851,0.314,0.0986,0.314,3.266,10.6667,3.266
p12,p12_d,clip_0026,ok,150,84.44,15.1,1,90.82,54.04,1.24,0.050362760338849365,33.02,89.71,2.63,-0.2979794985985203,88.54,2.91,0.18284323387011453,89.11,2.77,POS+CHROM,36.783,1352.9786,-36.783,1.109,1.2299,-1.109,2.282,5.2075,-2.282,1.709,2.9211,-1.709
p12,p12_d,clip_0027,ok,150,85.15,14.09,1,86.22,54.2,1.27,0.1776701965866528,33.04,81.42,2.76,-0.21757548976546287,84.79,4.15,0.31957638116119313,83.3,3.45,POS+CHROM,32.021,1025.3419,-32.021,4.804,23.0756,-4.804,1.43,2.0441,-1.43,2.923,8.5418,-2.923
p12,p12_d,clip_0028,ok,150,85.85,13.96,1,89.43,54.0,1.23,-0.4383699982682559,32.66,65.63,-0.73,-0.2665603891151895,89.61,0.75,0.2820094418897468,69.61,0.42,POS+CHROM+DEEP,35.434,1255.5382,-35.434,23.802,566.531,-23.802,0.179,0.0321,0.179,19.822,392.907,-19.822
p12,p12_d,clip_0029,ok,150,85.47,14.27,1,91.35,53.94,1.26,-0.1026113360654147,33.03,92.35,1.01,-0.25065127825165234,90.64,2.29,0.19063207699533788,91.4,1.65,POS+CHROM,37.408,1399.3327,-37.408,1.001,1.001,1.001,0.712,0.5065,-0.712,0.053,0.0029,0.053
p12,p12_d,clip_0030,ok,150,82.85,16.86,1,89.67,53.77,1.02,0.18335155903462869,34.12,112.83,-0.83,-0.1847951339587545,119.17,1.95,0.1141422559398526,116.72,0.56,POS+CHROM,35.903,1289.0473,-35.903,23.161,536.4549,23.161,29.499,870.2008,29.499,27.053,731.8505,27.053
p12,p12_d,clip_0031,ok,150,82.44,16.93,1,88.65,53.88,1.09,0.09840105820016544,33.09,90.84,3.08,-0.23287357338152578,87.77,0.23,0.2751033011346818,89.66,1.66,POS+CHROM,34.763,1208.4526,-34.763,2.196,4.8205,2.196,0.881,0.7768,-0.881,1.016,1.0317,1.016
p12,p12_d,clip_0032,ok,150,85.15,14.7,1,90.21,53.97,1.26,-0.36988434892902194,33.05,88.77,2.5,-0.22092357411772898,82.07,1.38,0.24027764204557336,85.74,1.94,POS+CHROM,36.247,1313.8314,-36.247,1.44,2.0727,-1.44,8.138,66.2207,-8.138,4.476,20.0359,-4.476
p12,p12_d,clip_0033,ok,150,84.29,15.49,1,89.68,54.17,1.16,0.014882345524947476,33.02,88.52,0.74,-0.19713513680235692,96.43,-0.38,0.20779131495861575,92.11,0.18,POS+CHROM,35.514,1261.2624,-35.514,1.159,1.3437,-1.159,6.744,45.4845,6.744,2.426,5.8864,2.426
p12,p12_d,clip_0034,ok,150,82.64,17.12,1,86.66,54.16,1.21,0.2017168742071497,33.01,80.68,0.4,-0.25573635815585455,80.3,1.54,0.26836835544472065,80.47,0.97,POS+CHROM,32.499,1056.2077,-32.499,5.983,35.8012,-5.983,6.364,40.497,-6.364,6.192,38.335,-6.192
p12,p12_d,clip_0035,ok,150,85.64,14.15,1,87.43,53.94,1.18,-0.5260594496919154,32.58,72.21,1.72,-0.1871344910050244,110.41,0.54,0.007434764088010559,77.57,1.15,POS+CHROM+DEEP,33.487,1121.4115,-33.487,15.217,231.5459,-15.217,22.98,528.0689,22.98,9.855,97.1206,-9.855
p12,p12_d,clip_0036,ok,150,84.99,14.84,1,89.0,54.05,1.32,0.08436931956111396,33.72,85.73,4.13,-0.19111774079105867,88.22,2.43,0.007914873854945452,86.8,3.28,POS+CHROM,34.954,1221.799,-34.954,3.272,10.7086,-3.272,0.778,0.6052,-0.778,2.2,4.8421,-2.2
p12,p12_d,clip_0037,ok,150,82.21,17.67,1,86.45,54.09,1.28,-0.019612825406197125,32.18,89.73,1.66,-0.21683265934005824,88.16,1.58,0.11773357122413261,88.95,1.62,POS+CHROM,32.359,1047.0963,-32.359,3.279,10.749,3.279,1.713,2.9344,1.713,2.501,6.2561,2.501
p12,p12_d,clip_0038,ok,150,82.27,17.42,1,85.46,54.03,1.23,-0.17175821936318228,32.59,82.89,-0.02,-0.2293069005005518,83.35,0.04,0.11574284090585389,83.12,0.01,POS+CHROM,31.435,988.1526,-31.435,2.575,6.6297,-2.575,2.115,4.4742,-2.115,2.344,5.4934,-2.344
p12,p12_d,clip_0039,ok,150,84.86,15.11,1,88.32,54.11,1.21,0.36826130453965367,33.72,92.5,3.55,-0.20298956350620173,91.8,-0.17,0.19425186544877193,92.26,1.69,POS+CHROM,34.203,1169.8718,-34.203,4.184,17.5076,4.184,3.489,12.1718,3.489,3.941,15.5319,3.941
p12,p12_d,clip_0040,ok,150,83.15,16.61,1,88.04,54.03,1.27,-0.2609592726275525,33.42,88.42,3.26,-0.1362645272490357,88.95,3.12,0.12211294134792038,88.68,3.19,POS+CHROM,34.013,1156.9074,-34.013,0.375,0.1404,0.375,0.907,0.8224,0.907,0.638,0.4066,0.638
p12,p12_d,clip_0041,ok,150,81.39,18.53,1,82.67,54.05,1.26,0.18365410138227573,33.75,80.53,-1.49,-0.09003904841114986,105.61,-0.25,0.0315282255233663,77.63,-0.16,POS+CHROM+DEEP,28.619,819.0195,-28.619,2.14,4.5814,-2.14,22.946,526.541,22.946,5.032,25.3174,-5.032
p12,p12_d,clip_0042,ok,150,82.66,16.86,1,85.27,53.98,1.21,-0.3377719191314132,33.06,91.08,2.17,-0.3427101169603135,91.13,2.02,0.260911356692751,91.1,2.09,POS+CHROM,31.291,979.12,-31.291,5.803,33.677,5.803,5.86,34.3406,5.86,5.831,34.0039,5.831
p12,p12_d,clip_0043,ok,150,85.29,14.33,1,87.28,53.51,1.01,-0.059467666875518466,33.5,66.48,-2.23,-0.22770905950983275,71.76,-0.41,0.19166520091742587,69.51,-1.32,POS+CHROM,33.774,1140.6588,-33.774,20.809,433.0118,-20.809,15.529,241.141,-15.529,17.771,315.8191,-17.771
p12,p12_d,clip_0044,ok,150,83.11,16.7,1,85.74,53.79,1.02,0.1941038185588359,33.1,79.69,-0.94,0.0057991179132248685,97.22,-1.95,0.07782535158982308,73.16,-0.62,POS+CHROM+DEEP,31.95,1020.7931,-31.95,6.057,36.6832,-6.057,11.476,131.7032,11.476,12.585,158.3822,-12.585
p12,p12_d,clip_0045,ok,150,82.29,17.12,1,86.17,53.89,1.04,-0.2901444291868037,33.1,81.99,-0.22,-0.19102642953017607,66.33,-0.09,0.18316976894806422,66.42,0.24,POS+CHROM+DEEP,32.278,1041.8516,-32.278,4.175,17.4325,-4.175,19.836,393.4526,-19.836,19.745,389.8686,-19.745
p12,p12_d,clip_0046,ok,150,84.77,14.8,1,87.39,53.98,1.21,0.22344242364885908,33.11,57.94,0.12,-0.1626061037395936,62.49,-2.19,0.11697011204466476,57.37,-0.29,POS+CHROM+DEEP,33.411,1116.2825,-33.411,29.453,867.4961,-29.453,24.901,620.0508,-24.901,30.024,901.4556,-30.024
p12,p12_d,clip_0047,ok,150,85.17,14.72,1,90.27,53.92,1.02,0.3143632253525469,33.11,81.6,2.26,-0.0951248973445223,88.82,-0.25,0.13260801865530317,84.47,1.0,POS+CHROM,36.356,1321.752,-36.356,8.673,75.2173,-8.673,1.449,2.0989,-1.449,5.807,33.7249,-5.807
p12,p12_d,clip_0048,ok,150,83.33,16.36,1,87.8,54.15,1.16,-0.19321583931210976,33.03,89.73,2.28,-0.1362278023553993,89.9,2.05,0.2110439972356362,89.81,2.17,POS+CHROM,33.65,1132.3351,-33.65,1.928,3.7177,1.928,2.1,4.4109,2.1,2.013,4.0505,2.013
p12,p12_d,clip_0049,ok,150,80.62,18.82,1,85.98,53.88,1.05,0.22875222701247397,33.01,85.24,-2.38,-0.20034479816790324,82.19,0.21,0.22042008171469543,83.4,-1.09,POS+CHROM,32.104,1030.666,-32.104,0.739,0.5462,-0.739,3.791,14.3732,-3.791,2.588,6.6996,-2.588
p12,p12_d,clip_0050,ok,150,85.01,14.77,1,89.48,54.05,1.21,0.41001345944451145,32.66,95.19,-0.43,-0.20432181754903775,94.03,1.14,0.21015154077121845,94.53,0.36,POS+CHROM,35.426,1255.0116,-35.426,5.707,32.5701,5.707,4.549,20.6901,4.549,5.053,25.5278,5.053
p12,p12_d,clip_0051,ok,150,85.26,14.54,1,88.81,54.04,1.17,-0.33492019589611594,32.66,78.88,-1.23,-0.15526902939967097,89.43,1.89,0.2509143123325947,74.26,0.61,POS+CHROM+DEEP,34.775,1209.2759,-34.775,9.938,98.7581,-9.938,0.621,0.3851,0.621,14.556,211.8678,-14.556
p12,p12_d,clip_0052,ok,150,81.69,18.08,1,87.54,54.19,1.26,0.059205904358851,32.59,85.54,-1.58,-0.13318745460831755,65.25,-3.08,0.18075227231478352,66.0,-1.13,POS+CHROM+DEEP,33.356,1112.6188,-33.356,1.999,3.9948,-1.999,22.289,496.7793,-22.289,21.545,464.1677,-21.545
p12,p12_d,clip_0053,ok,150,82.43,17.27,1,87.07,53.9,0.93,0.2523580952570069,33.6,138.5,-2.86,-0.1575200393191479,104.98,-0.14,0.16259017809801277,90.93,-0.69,POS+CHROM+DEEP,33.169,1100.1593,-33.169,51.429,2644.933,51.429,17.911,320.8,17.911,3.859,14.8938,3.859
p12,p12_d,clip_0054,ok,150,84.83,15.07,1,86.71,54.09,1.27,-0.3304758171605044,33.14,78.49,1.09,-0.12087468048058514,84.88,-2.68,0.14450166240503584,80.71,-0.8,POS+CHROM,32.614,1063.6685,-32.614,8.218,67.5411,-8.218,1.825,3.3322,-1.825,5.994,35.9322,-5.994
p12,p12_d,clip_0055,ok,150,82.54,17.36,1,87.38,53.91,1.01,0.21431940153102969,33.1,116.88,-2.0,-0.07612551611657872,85.72,-0.99,0.13597965992901043,80.15,-0.66,POS+CHROM+DEEP,33.476,1120.6275,-33.476,29.496,869.9907,29.496,1.662,2.762,-1.662,7.235,52.3474,-7.235
p12,p12_d,clip_0056,ok,150,81.87,18.08,1,88.67,53.96,1.21,0.07959902744051363,33.09,105.19,1.25,-0.12763026139018105,84.19,-4.2,0.12414342051844249,80.43,-0.58,POS+CHROM+DEEP,34.712,1204.9101,-34.712,16.515,272.7425,16.515,4.487,20.1319,-4.487,8.246,68.0041,-8.246
p12,p12_d,clip_0057,ok,150,83.39,16.47,1,87.24,53.91,0.98,-0.21498467930312581,33.1,88.69,1.56,-0.29040388817830864,83.73,0.47,0.1613980878984803,86.44,1.01,POS+CHROM,33.324,1110.4768,-33.324,1.455,2.1157,1.455,3.505,12.2822,-3.505,0.8,0.6408,-0.8
p12,p12_d,clip_0058,ok,150,83.2,16.76,1,86.58,53.91,0.98,0.34565300281690303,33.1,82.64,-1.0,-0.34273752815936637,66.61,-1.27,0.2327624769670068,66.12,-0.43,POS+CHROM+DEEP,32.67,1067.2966,-32.67,3.945,15.5667,-3.945,19.974,398.9524,-19.974,20.462,418.7068,-20.462
p12,p12_d,clip_0059,ok,150,83.6,16.18,1,87.8,54.08,1.16,-0.2049966500142192,32.99,82.34,2.55,-0.061915130418548785,84.62,0.43,0.11904097250916712,83.28,1.49,POS+CHROM,33.721,1137.0945,-33.721,5.454,29.7501,-5.454,3.178,10.0992,-3.178,4.515,20.3871,-4.515
p12,p12_d,clip_0060,ok,150,83.74,16.19,1,88.2,54.03,1.15,-0.2685223939385303,33.74,89.25,-0.23,-0.08188948313546209,89.19,-2.69,0.09552258832179406,89.23,-1.46,POS+CHROM,34.166,1167.3286,-34.166,1.051,1.1056,1.051,0.993,0.9856,0.993,1.028,1.0569,1.028
p12,p12_d,clip_0061,ok,150,84.63,15.06,1,91.79,54.12,1.27,0.02703492048641594,33.01,96.16,-2.13,-0.27809008715457195,89.93,0.95,0.20389327903067253,92.26,-0.59,POS+CHROM,37.667,1418.8285,-37.667,4.368,19.0836,4.368,1.865,3.4765,-1.865,0.47,0.2213,0.47
p12,p12_d,clip_0062,ok,150,81.69,18.26,1,89.77,54.08,1.24,0.3920510127206298,33.32,85.12,-2.4,-0.18350837703152653,90.18,-1.37,-0.026835636454602994,87.86,-1.89,POS+CHROM,35.695,1274.1245,-35.695,4.659,21.7072,-4.659,0.407,0.1653,0.407,1.91,3.6472,-1.91
p12,p12_d,clip_0063,ok,150,83.85,15.73,1,88.72,54.0,1.21,-0.33609090959215826,33.34,59.44,-0.87,-0.21488136622059012,90.27,0.6,-0.021845711136295465,56.25,0.17,POS+DEEP,34.712,1204.899,-34.712,29.275,857.0126,-29.275,1.549,2.4001,1.549,32.461,1053.7258,-32.461
p12,p12_d,clip_0064,ok,150,83.9,15.98,1,88.15,54.25,1.26,-0.08118726562096505,32.94,86.56,0.69,-0.26320447183652806,92.4,2.05,0.25307625480569107,89.81,1.37,POS+CHROM,33.905,1149.5703,-33.905,1.59,2.5274,-1.59,4.249,18.0556,4.249,1.66,2.7566,1.66
p12,p12_d,clip_0065,ok,150,81.82,17.81,1,86.31,54.07,1.21,0.15561663374493176,33.34,111.65,-2.51,-0.2840514506343421,111.68,-0.22,0.33016352656555803,111.67,-1.37,POS+CHROM,32.242,1039.5428,-32.242,25.339,642.0435,25.339,25.369,643.6024,25.369,25.357,642.9698,25.357
p12,p12_d,clip_0066,ok,150,81.58,17.65,1,84.64,54.07,1.22,-0.3442902942248184,33.37,84.29,0.05,-0.3700084864197538,83.4,-1.82,0.3851519055513874,83.92,-0.88,POS+CHROM,30.571,934.588,-30.571,0.348,0.1208,-0.348,1.239,1.5341,-1.239,0.724,0.5242,-0.724
p12,p12_d,clip_0067,ok,150,84.77,15.08,1,87.99,54.11,1.14,0.29120669121325937,33.4,85.83,0.91,-0.23143872152363745,87.72,2.07,0.2565642814269525,86.87,1.49,POS+CHROM,33.879,1147.7622,-33.879,2.163,4.6791,-2.163,0.267,0.0713,-0.267,1.124,1.2632,-1.124
p12,p12_d,clip_0068,ok,150,83.71,16.18,1,88.3,54.18,1.25,-0.04647764303612393,32.24,62.47,0.09,-0.06446760118971892,83.97,0.93,0.11680503453473758,66.84,0.76,POS+CHROM+DEEP,34.12,1164.1445,-34.12,25.834,667.4049,-25.834,4.336,18.805,-4.336,21.466,460.7877,-21.466
p12,p12_d,clip_0069,ok,150,79.14,20.35,1,85.38,54.16,1.16,0.02587333367545878,33.42,82.51,0.24,0.06293792227625383,85.65,2.52,0.0028843154469652492,84.38,1.38,POS+CHROM,31.228,975.2095,-31.228,2.874,8.259,-2.874,0.267,0.0713,0.267,1.009,1.0175,-1.009
p12,p12_d,clip_0070,ok,150,82.86,16.54,1,84.66,53.64,0.98,0.3129028451881871,35.1,70.22,-0.31,-0.11319525230313124,100.64,0.47,0.11291330451332726,74.38,0.38,POS+CHROM+DEEP,31.022,962.3491,-31.022,14.438,208.4636,-14.438,15.984,255.4751,15.984,10.282,105.7119,-10.282
p14,p14_a,clip_0000,ok,150,62.55,37.18,0,89.86,54.87,1.44,0.07690631174831178,35.08,115.32,-3.33,-0.02884021405477635,113.67,-4.1,-0.027861158995926658,114.55,-3.72,POS+CHROM,34.989,1224.2545,-34.989,25.461,648.2603,25.461,23.816,567.2187,23.816,24.691,609.6669,24.691
p14,p14_a,clip_0001,ok,150,61.12,38.52,0,95.41,54.93,1.53,0.09509024825725251,34.46,72.27,-0.65,-0.04758961041414866,108.95,-5.23,0.09131234081495906,69.56,-1.45,POS+CHROM+DEEP,40.475,1638.2275,-40.475,23.14,535.4631,-23.14,13.547,183.5089,13.547,25.842,667.8022,-25.842
p14,p14_a,clip_0002,ok,150,73.84,25.79,1,77.61,54.82,1.55,-0.0012111644201352905,34.39,71.38,0.88,0.10467359892908618,68.63,0.86,-0.02128176584232684,70.01,0.87,POS+CHROM,22.798,519.7609,-22.798,6.232,38.8422,-6.232,8.982,80.6853,-8.982,7.605,57.84,-7.605
p14,p14_a,clip_0003,ok,150,81.52,18.35,1,74.55,54.92,1.49,-0.18887631793610024,34.4,71.38,0.71,0.04780150584786757,132.14,-2.85,-0.03670994361096976,76.89,-0.22,POS+CHROM+DEEP,19.628,385.2529,-19.628,3.165,10.0187,-3.165,57.586,3316.1337,57.586,2.336,5.4578,2.336
p14,p14_a,clip_0004,ok,150,60.13,39.63,0,86.51,54.85,1.52,0.08508354976962132,34.4,86.97,4.58,0.03427442855117261,90.57,2.74,-0.0260525223230155,88.5,3.66,POS+CHROM,31.652,1001.8262,-31.652,0.465,0.216,0.465,4.065,16.5203,4.065,1.991,3.9639,1.991
p14,p14_a,clip_0005,ok,150,68.87,30.8,0,81.31,54.93,1.52,-0.06741199950615753,34.42,84.7,-1.89,0.07323675341442756,88.12,-0.98,6.759559618975692e-06,86.54,-1.43,POS+CHROM,26.382,696.0007,-26.382,3.387,11.4704,3.387,6.803,46.2819,6.803,5.224,27.2936,5.224
p14,p14_a,clip_0006,ok,150,88.12,11.24,1,68.08,54.81,1.54,0.025374777611210233,34.41,63.81,1.28,0.21930133462472942,63.13,2.77,-0.15720743398354886,63.43,2.03,POS+CHROM,13.264,175.9308,-13.264,4.265,18.194,-4.265,4.95,24.4999,-4.95,4.65,21.6205,-4.65
p14,p14_a,clip_0007,ok,150,78.81,20.6,1,76.54,54.86,1.48,-0.3332346150878302,35.21,82.37,1.84,0.19938845084505974,82.38,-1.27,-0.16420188010666403,82.38,0.29,POS+CHROM,21.675,469.7926,-21.675,5.836,34.0581,5.836,5.846,34.1759,5.846,5.84,34.1021,5.84
p14,p14_a,clip_0008,ok,150,64.67,35.15,0,82.88,54.91,1.51,0.19131841871975758,35.22,79.4,-1.22,0.24514695880584217,78.86,1.18,-0.25406138254827365,79.08,-0.02,POS+CHROM,27.971,782.3922,-27.971,3.485,12.1425,-3.485,4.021,16.1677,-4.021,3.806,14.4834,-3.806
p14,p14_a,clip_0009,ok,150,88.2,11.53,1,71.01,54.87,1.47,0.19993305234764452,35.45,65.43,-1.15,0.12172098942547802,65.04,0.51,-0.11438641411124521,65.2,-0.32,POS+CHROM,16.141,260.5251,-16.141,5.58,31.1361,-5.58,5.97,35.6443,-5.97,5.802,33.6638,-5.802
p14,p14_a,clip_0010,ok,150,78.02,21.57,1,77.2,54.85,1.54,0.04712365698084838,35.19,84.9,0.48,0.20945459827680865,79.71,-0.63,-0.1465926260537618,82.54,-0.07,POS+CHROM,22.345,499.2914,-22.345,7.7,59.2833,7.7,2.507,6.2853,2.507,5.342,28.5414,5.342
p14,p14_a,clip_0011,ok,150,60.7,39.17,0,86.58,54.94,1.51,-0.3354138254059968,34.47,84.26,-1.57,0.2239087671063573,143.41,-3.8,-0.1876484479136857,81.81,-1.29,POS+CHROM+DEEP,31.649,1001.6386,-31.649,2.322,5.3932,-2.322,56.822,3228.7501,56.822,4.77,22.7535,-4.77
p14,p14_a,clip_0012,ok,150,88.16,11.03,1,70.21,54.86,1.49,-0.344399212852047,34.72,66.66,-1.1,0.24567508863216528,89.94,-1.8,-0.23276479836059236,67.4,-0.47,POS+CHROM+DEEP,15.355,235.785,-15.355,3.557,12.6546,-3.557,19.724,389.0532,19.724,2.819,7.9493,-2.819
p14,p14_a,clip_0013,ok,150,85.42,14.44,1,73.32,54.74,1.35,0.07094438575904478,35.43,78.28,0.1,0.2256993752510531,78.01,1.75,-0.23766380255053812,78.12,0.92,POS+CHROM,18.584,345.3606,-18.584,4.956,24.5594,4.956,4.683,21.9281,4.683,4.801,23.0459,4.801
p14,p14_a,clip_0014,ok,150,62.02,37.72,0,86.31,54.93,1.48,-0.020476877864830406,34.49,86.22,2.4,0.25873592750934155,89.99,2.05,-0.21691750903532042,88.05,2.22,POS+CHROM,31.373,984.2587,-31.373,0.088,0.0078,-0.088,3.683,13.5673,3.683,1.743,3.0379,1.743
p14,p14_a,clip_0015,ok,150,80.2,19.66,1,74.98,54.81,1.62,-0.02630985856040725,35.4,81.79,1.7,0.043259841954004216,78.71,-1.03,-0.06573544385438387,80.59,0.34,POS+CHROM,20.166,406.6679,-20.166,6.808,46.3462,6.808,3.733,13.9383,3.733,5.614,31.5121,5.614
p14,p14_a,clip_0016,ok,150,83.14,16.28,1,74.03,54.9,1.54,-0.4100359539479847,35.15,70.01,-1.62,-0.06451528503601522,126.27,-2.66,0.0754171527045493,76.15,-0.91,POS+CHROM+DEEP,19.128,365.88,-19.128,4.022,16.1795,-4.022,52.238,2728.7955,52.238,2.123,4.5069,2.123
p14,p14_a,clip_0017,ok,150,61.74,37.94,0,85.34,54.9,1.45,0.07828583426129647,34.46,86.14,-0.8,0.15794431208238385,87.99,-0.53,-0.06805195506145485,87.08,-0.67,POS+CHROM,30.442,926.6965,-30.442,0.799,0.6386,0.799,2.654,7.0448,2.654,1.747,3.0517,1.747
p14,p14_a,clip_0018,ok,150,70.11,29.75,1,79.37,54.93,1.51,-0.10229582354835315,34.41,81.43,-0.3,0.21324803873955805,83.15,-3.0,-0.1639204780604886,82.1,-1.65,POS+CHROM,24.441,597.3604,-24.441,2.06,4.2455,2.06,3.78,14.2914,3.78,2.73,7.4556,2.73
p14,p14_a,clip_0019,ok,150,73.42,26.26,1,79.16,54.91,1.53,0.1476771776527213,34.42,78.97,1.09,0.21794854957830276,74.38,-1.75,-0.17691119550109513,77.21,-0.33,POS+CHROM,24.255,588.3253,-24.255,0.187,0.0348,-0.187,4.78,22.8504,-4.78,1.949,3.798,-1.949
p14,p14_a,clip_0020,ok,150,58.89,40.91,0,89.37,54.89,1.51,-0.36169662830943744,35.21,86.91,0.24,0.0908944093613795,89.29,0.19,-0.05880792075847959,88.09,0.21,POS+CHROM,34.488,1189.402,-34.488,2.466,6.0834,-2.466,0.086,0.0075,-0.086,1.281,1.6397,-1.281
p14,p14_a,clip_0021,ok,150,70.1,29.78,1,81.1,54.91,1.52,0.17502860096910347,34.73,75.73,0.78,0.10003113285556703,67.43,1.08,-0.07826191510246602,65.59,1.13,POS+CHROM+DEEP,26.185,685.6668,-26.185,5.369,28.8309,-5.369,13.667,186.7737,-13.667,15.51,240.5627,-15.51
p14,p14_a,clip_0022,ok,150,80.88,18.94,1,76.12,54.93,1.52,0.19690190477317016,34.41,74.52,0.17,0.16152883299809112,71.52,1.44,-0.15018912976818694,72.86,0.81,POS+CHROM,21.184,448.76,-21.184,1.599,2.5578,-1.599,4.595,21.1183,-4.595,3.255,10.5975,-3.255
p14,p14_a,clip_0023,ok,150,63.48,36.44,0,85.26,54.88,1.52,0.020838126553014587,35.19,72.85,-2.72,0.145794932970463,83.27,-1.7,-0.17394933355908818,67.14,-0.97,POS+CHROM+DEEP,30.386,923.3079,-30.386,12.411,154.025,-12.411,1.995,3.9781,-1.995,18.125,328.5106,-18.125
p14,p14_a,clip_0024,ok,150,65.38,34.58,0,83.84,54.92,1.55,0.19037678324362667,34.44,106.96,-0.36,-0.02854417635587328,104.56,0.74,-0.03761970618029446,105.65,0.19,POS+CHROM,28.913,835.9714,-28.913,23.128,534.9185,23.128,20.728,429.6614,20.728,21.818,476.0308,21.818
p14,p14_a,clip_0025,ok,150,77.17,22.65,1,77.74,55.03,1.56,-0.08109204015624655,35.18,109.31,-1.37,0.016814380099446243,106.54,-0.27,-0.017796088919879105,107.8,-0.82,POS+CHROM,22.713,515.8818,-22.713,31.569,996.6157,31.569,28.801,829.4891,28.801,30.059,903.55,30.059
p14,p14_a,clip_0026,ok,150,63.87,35.96,0,82.24,54.96,1.55,0.2485200153200168,34.42,59.79,-2.4,0.1099902801477231,118.79,-3.19,-0.010134016496212242,56.61,-0.42,POS+DEEP,27.283,744.3519,-27.283,22.444,503.7514,-22.444,36.552,1336.0477,36.552,25.633,657.0297,-25.633
p14,p14_a,clip_0027,ok,150,62.34,37.54,0,86.14,54.93,1.48,-0.05125786220862172,34.46,110.17,-1.87,0.023519325472926674,113.19,0.88,0.03999796874367913,112.02,-0.5,POS+CHROM,31.215,974.3482,-31.215,24.025,577.2242,24.025,27.046,731.487,27.046,25.876,669.5629,25.876
p14,p14_a,clip_0028,ok,150,76.97,22.92,1,77.75,55.02,1.58,-0.33904030586520156,35.18,61.65,-0.03,0.06658641881022515,59.96,1.12,-0.05304914942899552,58.6,0.89,POS+CHROM+DEEP,22.732,516.727,-22.732,16.093,258.9873,-16.093,17.784,316.2746,-17.784,19.143,366.4464,-19.143
p14,p14_a,clip_0029,ok,150,61.74,37.99,0,83.42,54.79,1.36,0.09946911142796773,34.71,82.59,1.52,0.21385538650180283,83.18,-1.57,-0.17385556941925134,82.81,-0.03,POS+CHROM,28.633,819.8483,-28.633,0.832,0.6915,-0.832,0.244,0.0594,-0.244,0.612,0.3741,-0.612
p14,p14_a,clip_0030,ok,150,60.86,39.06,0,89.77,54.93,1.51,0.29550144701712705,34.47,87.41,1.68,0.17397586378492375,86.58,3.73,-0.22087884753866838,86.92,2.71,POS+CHROM,34.844,1214.0726,-34.844,2.359,5.5635,-2.359,3.192,10.1901,-3.192,2.846,8.1003,-2.846
p14,p14_a,clip_0031,ok,150,69.45,30.3,0,81.45,54.87,1.49,0.0500128672991397,34.46,84.82,1.55,0.12430399969706675,86.49,-0.26,-0.13941691071185236,85.53,0.65,POS+CHROM,26.574,706.1562,-26.574,3.37,11.3549,3.37,5.041,25.4151,5.041,4.08,16.6461,4.08
p14,p14_a,clip_0032,ok,150,70.29,29.58,1,80.02,54.87,1.51,-0.3699581314094628,34.45,105.36,-0.35,0.08867713028323346,104.88,0.97,-0.0463511559553058,105.09,0.31,POS+CHROM,25.149,632.4965,-25.149,25.345,642.3502,25.345,24.867,618.3679,24.867,25.08,628.9937,25.08
p14,p14_a,clip_0033,ok,150,63.58,36.14,0,87.17,54.82,1.49,0.03741303249146225,35.22,89.0,4.57,0.07212603772836164,89.07,-0.27,-0.034967843620314056,89.02,2.15,POS+CHROM,32.346,1046.2517,-32.346,1.831,3.3538,1.831,1.905,3.6298,1.905,1.854,3.4378,1.854
p14,p14_a,clip_0034,ok,150,72.27,27.65,1,78.64,54.97,1.53,-0.13727719844582076,34.44,80.63,-1.16,0.03433997628031803,78.27,-0.92,-0.04006946241418373,79.43,-1.04,POS+CHROM,23.662,559.9038,-23.662,1.998,3.9906,1.998,0.366,0.1336,-0.366,0.792,0.6268,0.792
p14,p14_a,clip_0035,ok,150,79.47,20.02,1,76.21,54.9,1.54,-0.2683613649023292,34.73,77.33,3.46,0.09921284760934536,76.96,1.53,-0.0689872158244954,77.17,2.49,POS+CHROM,21.314,454.3006,-21.314,1.119,1.2521,1.119,0.75,0.5621,0.75,0.964,0.9287,0.964
p14,p14_a,clip_0036,ok,150,63.53,36.41,0,84.49,54.86,1.5,-0.09203258556885371,35.48,78.88,2.28,0.08290029480998712,78.66,0.49,-0.07526700860507413,78.79,1.39,POS+CHROM,29.628,877.8153,-29.628,5.607,31.4424,-5.607,5.834,34.0313,-5.834,5.704,32.5323,-5.704
p14,p14_a,clip_0037,ok,150,65.43,34.42,0,84.08,54.94,1.53,-0.33424545126141203,34.46,68.99,-0.05,0.12738324822703018,112.5,-0.91,-0.08158347370117573,75.12,0.19,POS+CHROM+DEEP,29.135,848.8494,-29.135,15.081,227.4326,-15.081,28.429,808.2177,28.429,8.957,80.2201,-8.957
p14,p14_a,clip_0038,ok,150,84.64,15.27,1,75.07,54.88,1.44,0.2708064601001516,35.19,70.72,-0.46,0.32047688951856623,68.2,1.09,-0.23589733580841718,69.3,0.31,POS+CHROM,20.192,407.728,-20.192,4.349,18.9164,-4.349,6.871,47.2053,-6.871,5.772,33.3213,-5.772
p14,p14_a,clip_0039,ok,150,70.1,29.47,1,80.05,55.07,1.55,0.06069036488445514,34.46,79.48,3.6,0.38095797007541043,81.78,1.32,-0.28198504951162745,80.41,2.46,POS+CHROM,24.981,624.04,-24.981,0.57,0.3252,-0.57,1.726,2.9805,1.726,0.362,0.1311,0.362
p14,p14_a,clip_0040,ok,150,62.67,37.24,0,86.9,54.87,1.49,0.28333365736632665,35.25,60.75,1.0,0.1327911590245038,89.64,-1.29,-0.09784177304137519,57.69,1.24,POS+DEEP,32.032,1026.0782,-32.032,26.148,683.7105,-26.148,2.739,7.5036,2.739,29.211,853.2717,-29.211
p14,p14_a,clip_0041,ok,150,75.42,24.41,1,78.01,54.91,1.57,0.23809885551836166,34.47,60.18,-1.19,0.22084839935839923,59.15,0.22,-0.16493901619101953,57.67,0.2,POS+CHROM+DEEP,23.106,533.8762,-23.106,17.833,318.0107,-17.833,18.861,355.7541,-18.861,20.342,413.7906,-20.342
p14,p14_a,clip_0042,ok,150,71.86,28.01,1,80.31,54.91,1.51,-0.3621856761758902,34.46,89.95,1.36,0.34572948857397295,93.62,-0.59,-0.19179599000056485,91.49,0.39,POS+CHROM,25.403,645.2969,-25.403,9.644,92.9981,9.644,13.308,177.1039,13.308,11.179,124.9789,11.179
p14,p14_a,clip_0043,ok,150,60.99,38.96,0,87.75,54.87,1.51,0.18319138504423946,35.58,82.93,0.4,0.24334937372486395,81.95,0.87,-0.18191034713925586,82.42,0.63,POS+CHROM,32.874,1080.7264,-32.874,4.82,23.2318,-4.82,5.797,33.6027,-5.797,5.328,28.3852,-5.328
p14,p14_a,clip_0044,ok,150,73.93,25.9,1,79.47,54.87,1.48,-0.2682388818366356,35.2,80.41,-0.41,0.18995151396383522,79.02,-0.7,-0.22704223460279369,79.73,-0.56,POS+CHROM,24.606,605.4698,-24.606,0.932,0.869,0.932,0.454,0.2064,-0.454,0.256,0.0653,0.256
p14,p14_a,clip_0045,ok,150,60.5,39.43,0,84.83,54.89,1.55,0.2581408711154484,34.44,82.81,-1.01,0.22919653416941274,84.63,-2.99,-0.24118733445481788,83.57,-2.0,POS+CHROM,29.943,896.6069,-29.943,2.023,4.0915,-2.023,0.206,0.0423,-0.206,1.262,1.5939,-1.262
p14,p14_a,clip_0046,ok,150,61.42,38.49,0,87.66,54.96,1.44,-0.31141436065165545,34.49,89.19,-1.69,0.08607417323852545,89.31,-2.15,-0.07285901890243165,89.25,-1.92,POS+CHROM,32.693,1068.8357,-32.693,1.534,2.3524,1.534,1.654,2.7367,1.654,1.592,2.5336,1.592
p14,p14_a,clip_0047,ok,150,69.03,30.96,0,81.34,55.07,1.63,0.29455103686123707,34.46,76.36,0.41,0.12051174049050228,73.98,0.97,-0.1150444789731087,75.11,0.69,POS+CHROM,26.265,689.8377,-26.265,4.978,24.7756,-4.978,7.358,54.1381,-7.358,6.223,38.7215,-6.223
p14,p14_a,clip_0048,ok,150,65.48,34.29,0,83.15,54.99,1.52,-0.3157264258282105,34.45,80.39,2.53,0.1670886993087954,82.26,2.11,-0.17700568238661157,81.29,2.32,POS+CHROM,28.168,793.4219,-28.168,2.768,7.664,-2.768,0.897,0.8047,-0.897,1.865,3.48,-1.865
p14,p14_a,clip_0049,ok,150,65.2,34.75,0,85.18,54.94,1.52,0.1937584749181845,34.47,58.61,2.41,0.04820231932023599,60.01,1.39,-0.0929553073879251,57.88,1.77,POS+CHROM+DEEP,30.236,914.197,-30.236,26.565,705.6844,-26.565,25.171,633.5931,-25.171,27.3,745.2763,-27.3
p14,p14_a,clip_0050,ok,150,68.14,31.63,0,80.78,54.97,1.6,-0.05511026146915516,34.47,75.37,0.07,0.04243785046851307,74.26,-0.64,-0.03753154323116511,74.85,-0.28,POS+CHROM,25.809,666.1294,-25.809,5.419,29.3632,-5.419,6.521,42.5178,-6.521,5.937,35.2452,-5.937
p14,p14_a,clip_0051,ok,150,67.36,32.37,0,80.84,54.84,1.49,0.0029976135678078854,35.18,83.81,2.29,0.05283060894656913,83.98,-1.4,-0.028132361108543356,83.87,0.45,POS+CHROM,26.005,676.2614,-26.005,2.961,8.7704,2.961,3.14,9.8602,3.14,3.024,9.1455,3.024
p14,p14_a,clip_0052,ok,150,63.93,35.99,0,83.82,54.98,1.55,-0.045675211719629266,34.41,109.45,-1.95,0.11397367415210083,136.28,-3.45,-0.12950610342967153,87.97,-1.28,POS+CHROM+DEEP,28.837,831.5612,-28.837,25.64,657.3938,25.64,52.46,2752.0649,52.46,4.159,17.295,4.159
p14,p14_a,clip_0053,ok,150,64.75,35.17,0,83.61,55.04,1.5,-0.12347813765987681,34.52,85.1,3.58,0.19740142351517428,87.11,3.22,-0.2004313548723642,86.07,3.4,POS+CHROM,28.568,816.1166,-28.568,1.487,2.2114,1.487,3.495,12.2185,3.495,2.461,6.0564,2.461
p14,p14_a,clip_0054,ok,150,70.88,28.96,1,80.42,54.74,1.4,0.11326198710173767,36.13,105.08,-1.38,0.0344013148413846,104.93,1.04,-0.1309013583871421,104.99,-0.17,POS+CHROM,25.685,659.7283,-25.685,24.655,607.851,24.655,24.509,600.6768,24.509,24.567,603.5434,24.567
p14,p14_a,clip_0055,ok,150,61.75,38.17,0,86.67,54.94,1.42,0.04911761325308899,34.47,82.26,-2.85,0.04062360981163713,79.19,-2.78,-0.10970144253590798,80.72,-2.81,POS+CHROM,31.729,1006.7305,-31.729,4.413,19.4722,-4.413,7.485,56.03,-7.485,5.957,35.4858,-5.957
p14,p14_a,clip_0056,ok,150,66.13,33.56,0,85.45,54.95,1.58,0.0267062892222204,34.77,73.04,-1.69,0.12492017416302763,90.62,-3.24,-0.13488851371423868,68.0,-1.11,POS+CHROM+DEEP,30.495,929.9186,-30.495,12.411,154.0283,-12.411,5.168,26.7069,5.168,17.445,304.3225,-17.445
p14,p14_a,clip_0057,ok,150,73.76,26.14,1,80.49,54.99,1.49,-0.29057512954025977,35.22,85.74,0.04,0.11977347632264553,80.29,-0.62,-0.16020474060236015,83.16,-0.29,POS+CHROM,25.502,650.3348,-25.502,5.246,27.5175,5.246,0.207,0.0429,-0.207,2.669,7.1214,2.669
p14,p14_a,clip_0058,ok,150,64.95,34.76,0,82.1,54.93,1.56,0.19309816421716458,35.17,82.33,1.43,0.03513280679796943,81.83,1.49,-0.13343062538680267,82.08,1.46,POS+CHROM,27.167,738.0581,-27.167,0.232,0.0536,0.232,0.274,0.0748,-0.274,0.022,0.0005,-0.022
p14,p14_a,clip_0059,ok,150,62.63,37.22,0,85.87,54.97,1.48,-0.29830654515958316,34.5,118.75,-0.82,0.0947546913396858,118.01,0.3,-0.16485090465623867,118.35,-0.26,POS+CHROM,30.907,955.2433,-30.907,32.877,1080.8772,32.877,32.139,1032.9442,32.139,32.474,1054.5433,32.474
p14,p14_a,clip_0060,ok,150,66.02,33.87,0,83.11,54.83,1.53,0.13014395411934893,35.45,84.78,3.42,0.1643958852077508,83.09,0.92,-0.12271233553143364,84.11,2.17,POS+CHROM,28.277,799.587,-28.277,1.668,2.7813,1.668,0.022,0.0005,-0.022,0.996,0.9925,0.996
p14,p14_a,clip_0061,ok,150,61.18,38.71,0,86.57,54.85,1.53,-0.07206182173829431,34.68,86.34,1.79,0.18177340607171813,57.3,-1.93,-0.17101322536206415,55.73,-0.2,CHROM+DEEP,31.717,1005.9878,-31.717,0.231,0.0536,-0.231,29.265,856.4201,-29.265,30.835,950.8189,-30.835
p14,p14_a,clip_0062,ok,150,63.37,36.42,0,86.87,54.93,1.53,-0.03590220794929525,34.76,91.12,0.72,0.26059279810737535,93.36,0.36,-0.17362724635829271,92.21,0.54,POS+CHROM,31.939,1020.1156,-31.939,4.249,18.0542,4.249,6.491,42.1337,6.491,5.336,28.4779,5.336
p14,p14_a,clip_0063,ok,150,68.58,31.38,0,82.11,54.82,1.52,-0.03190652432602681,34.73,86.91,2.71,0.2171900002817417,87.24,2.56,-0.12584917890842545,87.07,2.64,POS+CHROM,27.295,745.0429,-27.295,4.794,22.9811,4.794,5.127,26.2862,5.127,4.958,24.5841,4.958
p14,p14_a,clip_0064,ok,150,61.62,38.27,0,85.62,54.98,1.61,-0.06333956754418622,34.45,63.54,-4.25,-0.08553914187278974,90.3,-3.35,0.13238555480766576,65.28,-2.0,POS+CHROM+DEEP,30.641,938.8811,-30.641,22.078,487.454,-22.078,4.682,21.9179,4.682,20.338,413.6268,-20.338
p14,p14_a,clip_0065,ok,150,63.97,36.01,0,85.64,54.82,1.42,0.281474318094891,35.27,62.38,0.31,-0.06408943753177013,66.96,-2.1,0.10427769714644672,60.28,-0.13,POS+CHROM+DEEP,30.818,949.7468,-30.818,23.261,541.0906,-23.261,18.68,348.9325,-18.68,25.359,643.06,-25.359
p14,p14_a,clip_0066,ok,150,64.81,35.01,0,86.67,54.99,1.53,-0.21685547045506717,34.48,92.2,0.02,0.040968262380057345,83.17,-0.35,-0.11715496073509082,74.74,0.4,POS+CHROM+DEEP,31.68,1003.6084,-31.68,5.535,30.6351,5.535,3.496,12.2243,-3.496,11.93,142.3361,-11.93
p14,p14_a,clip_0067,ok,150,76.53,23.41,1,79.62,54.9,1.5,0.24377080408115506,34.75,100.63,-1.82,-0.16783229949379352,101.41,-2.12,0.06759140071039726,101.01,-1.97,POS+CHROM,24.723,611.2238,-24.723,21.008,441.3393,21.008,21.784,474.5253,21.784,21.386,457.3626,21.386
p14,p14_a,clip_0068,ok,150,70.39,29.35,1,81.07,54.97,1.54,0.05413197187001361,35.25,105.74,-3.14,-0.06232399758187717,106.9,-2.25,-0.0039195902910926115,106.36,-2.7,POS+CHROM,26.096,681.0001,-26.096,24.671,608.6386,24.671,25.838,667.6061,25.838,25.297,639.9496,25.297
p14,p14_a,clip_0069,ok,150,62.9,37.0,0,84.26,54.9,1.5,-0.08060365127569855,35.24,84.45,1.3,0.095950856621643,61.09,1.49,-0.08837724594527833,57.99,1.5,CHROM+DEEP,29.359,861.9598,-29.359,0.195,0.038,0.195,23.167,536.7104,-23.167,26.267,689.9426,-26.267
p14,p14_a,clip_0070,ok,150,62.71,35.96,0,85.89,54.91,1.56,0.03414385640141082,34.39,96.52,0.3,-0.045362259727609225,91.03,-0.55,0.059224048206993146,93.97,-0.12,POS+CHROM,30.975,959.4313,-30.975,10.635,113.1055,10.635,5.147,26.4867,5.147,8.085,65.3704,8.085
p14,p14_b,clip_0000,ok,150,69.49,30.33,0,90.81,55.17,1.59,-0.06909487419354181,34.9,68.39,-1.07,-0.17162220371059111,127.15,-1.45,0.17948728638206968,78.27,-0.31,POS+CHROM+DEEP,35.64,1270.2214,-35.64,22.42,502.6396,-22.42,36.34,1320.5769,36.34,12.541,157.2745,-12.541
p14,p14_b,clip_0001,ok,150,68.42,31.42,0,88.33,54.99,1.53,0.2976602146978771,34.5,67.13,-0.18,0.0149560254692441,131.5,-1.72,0.010672771148079704,77.98,-0.12,POS+CHROM+DEEP,33.346,1111.9867,-33.346,21.203,449.5581,-21.203,43.164,1863.1523,43.164,10.352,107.1685,-10.352
p14,p14_b,clip_0002,ok,150,68.51,31.34,0,84.51,54.92,1.5,-0.3987091466883051,34.44,95.47,0.28,0.0880215870161171,98.87,0.11,0.0031776973485069474,97.14,0.19,POS+CHROM,29.588,875.4244,-29.588,10.963,120.1912,10.963,14.36,206.223,14.36,12.639,159.7323,12.639
p14,p14_b,clip_0003,ok,150,67.56,32.22,0,84.84,54.92,1.48,0.3192058297037695,34.77,85.29,4.5,0.07678609478001527,82.89,3.24,-0.026911798769552006,84.21,3.87,POS+CHROM,29.921,895.2834,-29.921,0.448,0.2004,0.448,1.949,3.7982,-1.949,0.625,0.3905,-0.625
p14,p14_b,clip_0004,ok,150,74.31,25.45,1,81.22,54.95,1.54,-0.15150024837750906,34.45,58.58,-0.11,-0.08921296793387229,60.56,2.17,0.04630178167906605,58.08,1.2,POS+CHROM+DEEP,26.266,689.9261,-26.266,22.632,512.2118,-22.632,20.655,426.62,-20.655,23.133,535.145,-23.133
p14,p14_b,clip_0005,ok,150,71.78,28.17,1,81.81,54.92,1.52,0.19420839333039966,34.76,76.18,2.0,0.070989412828349,70.86,0.21,-0.12711268896481118,73.91,1.11,POS+CHROM,26.895,723.3347,-26.895,5.635,31.7575,-5.635,10.955,120.0077,-10.955,7.9,62.4045,-7.9
p14,p14_b,clip_0006,ok,150,70.23,29.2,1,82.28,54.91,1.52,0.09433406049258176,35.5,57.0,-2.1,0.16023441308495687,60.01,0.34,-0.1260256041717422,57.16,-0.08,POS+CHROM+DEEP,27.375,749.4067,-27.375,25.286,639.3903,-25.286,22.277,496.267,-22.277,25.123,631.1789,-25.123
p14,p14_b,clip_0007,ok,150,77.52,22.05,1,80.16,54.94,1.5,-0.3103571399270214,34.49,81.49,-0.39,0.07717293886451766,56.86,0.48,0.021399556652957636,55.82,0.99,CHROM+DEEP,25.22,636.0477,-25.22,1.326,1.7575,1.326,23.3,542.8966,-23.3,24.342,592.5304,-24.342
p14,p14_b,clip_0008,ok,150,85.09,14.71,1,76.51,54.99,1.5,0.018098794817455834,35.26,81.77,2.53,-0.0066131197064931875,79.84,3.35,0.02746229205048292,80.74,2.94,POS+CHROM,21.524,463.2887,-21.524,5.258,27.6457,5.258,3.33,11.0891,3.33,4.229,17.8811,4.229
p14,p14_b,clip_0009,ok,150,73.78,25.8,1,81.58,54.95,1.53,0.13588568826861375,35.53,72.83,-1.68,-0.09683281471807896,72.26,-0.3,-0.02625705806770084,72.51,-0.99,POS+CHROM,26.635,709.415,-26.635,8.756,76.6758,-8.756,9.325,86.9564,-9.325,9.073,82.3252,-9.073
p14,p14_b,clip_0010,ok,150,76.34,23.42,1,83.69,54.98,1.53,-0.39090599086770966,35.2,70.81,-2.02,-0.11865132248818258,64.52,-3.68,0.008985454707343502,68.1,-2.85,POS+CHROM,28.715,824.5686,-28.715,12.885,166.0215,-12.885,19.171,367.5085,-19.171,15.596,243.2486,-15.596
p14,p14_b,clip_0011,ok,150,84.78,14.99,1,75.9,54.99,1.54,0.11963751393229584,34.45,73.57,1.35,-0.09907513653170119,72.29,2.32,0.0835463637754814,72.88,1.83,POS+CHROM,20.91,437.2225,-20.91,2.33,5.4284,-2.33,3.609,13.0274,-3.609,3.021,9.1293,-3.021
p14,p14_b,clip_0012,ok,150,73.62,25.64,1,80.79,54.99,1.55,0.16335123435347743,34.49,98.87,-0.89,-0.06370018031539146,77.35,-3.25,0.0021911625880915568,73.55,-0.86,POS+CHROM+DEEP,25.808,666.0437,-25.808,18.073,326.6233,18.073,3.446,11.8745,-3.446,7.24,52.4145,-7.24
p14,p14_b,clip_0013,ok,150,82.68,17.1,1,77.72,54.9,1.45,-0.044613108648864024,34.78,84.22,1.83,-0.11905436482483314,85.14,-0.78,0.09754573993981512,84.58,0.52,POS+CHROM,22.815,520.5106,-22.815,6.502,42.271,6.502,7.421,55.0763,7.421,6.863,47.102,6.863
p14,p14_b,clip_0014,ok,150,77.32,22.46,1,82.24,54.97,1.5,0.27869385969248317,35.18,82.12,-3.31,-0.22078048612934575,88.68,0.0,0.2751978877501939,86.28,-1.65,POS+CHROM,27.275,743.921,-27.275,0.125,0.0157,-0.125,6.441,41.4874,6.441,4.042,16.3344,4.042
p14,p14_b,clip_0015,ok,150,76.48,23.37,1,83.11,54.99,1.53,-0.1567112502197402,34.81,84.78,0.51,-0.1775480477297083,111.76,1.18,0.23564931944845915,83.22,1.07,POS+CHROM+DEEP,28.123,790.8905,-28.123,1.668,2.7818,1.668,28.647,820.6418,28.647,0.113,0.0127,0.113
p14,p14_b,clip_0016,ok,150,80.02,19.77,1,79.34,55.05,1.54,-0.3583449134121347,35.25,72.7,1.63,-0.1717763184468502,75.58,0.1,0.2782321898785838,73.95,0.86,POS+CHROM,24.293,590.1389,-24.293,6.643,44.1232,-6.643,3.758,14.1196,-3.758,5.383,28.9782,-5.383
p14,p14_b,clip_0017,ok,150,88.93,10.96,1,75.28,54.94,1.49,0.2309106983506759,35.22,59.8,-1.51,-0.07181958869394468,138.34,-2.75,0.13210755469925337,56.77,-0.01,POS+DEEP,20.343,413.8248,-20.343,15.482,239.687,-15.482,63.06,3976.5637,63.06,18.508,342.5546,-18.508
p14,p14_b,clip_0018,ok,150,77.73,21.78,1,81.32,54.97,1.56,0.10265256561274166,35.22,85.9,-0.33,-0.15376345607550526,87.27,0.58,0.14971304816854933,86.64,0.13,POS+CHROM,26.353,694.4895,-26.353,4.581,20.9856,4.581,5.952,35.4214,5.952,5.318,28.2844,5.318
p14,p14_b,clip_0019,ok,150,79.7,19.88,1,81.2,54.96,1.51,-0.3624888396402746,35.47,68.9,3.72,-0.03997593023967155,63.51,4.2,0.13522796372224544,66.09,3.96,POS+CHROM,26.237,688.3554,-26.237,12.293,151.126,-12.293,17.689,312.9088,-17.689,15.101,228.0375,-15.101
p14,p14_b,clip_0020,ok,150,86.0,13.78,1,76.91,55.0,1.47,0.16483881581811202,34.48,78.93,0.84,0.1266255808571879,131.76,-4.62,0.0007279997142204712,76.8,-0.77,POS+CHROM+DEEP,21.914,480.2261,-21.914,2.018,4.0708,2.018,54.847,3008.1538,54.847,0.11,0.012,-0.11
p14,p14_b,clip_0021,ok,150,77.93,21.54,1,79.98,54.95,1.54,0.17345612737806645,35.53,80.74,1.19,0.12708071702311252,86.93,-2.0,-0.0468252192424868,83.03,-0.4,POS+CHROM,25.03,626.5002,-25.03,0.757,0.5737,0.757,6.944,48.2179,6.944,3.047,9.2813,3.047
p14,p14_b,clip_0022,ok,150,83.45,16.21,1,77.51,55.02,1.5,-0.023937699628908786,34.49,62.44,-3.15,-0.007368100650573255,125.32,-3.57,-0.0024831363097974173,57.36,-0.83,POS+DEEP,22.494,505.9885,-22.494,15.075,227.2685,-15.075,47.808,2285.6064,47.808,20.154,406.1886,-20.154
p14,p14_b,clip_0023,ok,150,78.2,21.56,1,83.55,54.86,1.5,0.29551455473316557,34.75,63.98,3.75,-0.05576644840911382,61.54,-0.65,0.0632178866695565,60.55,1.53,POS+CHROM+DEEP,28.699,823.651,-28.699,19.577,383.2695,-19.577,22.018,484.8016,-22.018,23.009,529.4267,-23.009
p14,p14_b,clip_0024,ok,150,81.51,18.24,1,79.62,54.97,1.53,0.09550842319151324,35.54,69.12,2.51,-0.01099951141461142,103.89,-2.78,0.06260404480432843,70.17,0.42,POS+CHROM+DEEP,24.654,607.842,-24.654,10.497,110.193,-10.497,24.269,588.9949,24.269,9.449,89.2808,-9.449
p14,p14_b,clip_0025,ok,150,80.49,19.36,1,78.3,54.87,1.48,-0.11955213364527066,35.49,114.87,-4.22,0.08377174152428798,89.72,-5.36,-0.08040477474164917,74.99,-2.7,POS+CHROM+DEEP,23.431,549.0051,-23.431,36.566,1337.0486,36.566,11.415,130.2958,11.415,3.311,10.9603,-3.311
p14,p14_b,clip_0026,ok,150,82.57,17.08,1,78.68,54.95,1.51,0.1732304954245268,35.21,92.89,-4.39,0.08380004096583907,91.64,-1.14,-0.042377418335305214,92.1,-2.76,POS+CHROM,23.728,563.0009,-23.728,14.217,202.1202,14.217,12.961,167.9772,12.961,13.423,180.1667,13.423
p14,p14_b,clip_0027,ok,150,75.39,24.3,1,84.05,54.94,1.54,0.05016324455715952,34.44,78.25,0.08,0.04564100475686189,77.16,0.36,0.008342869473102815,77.69,0.22,POS+CHROM,29.105,847.1203,-29.105,5.802,33.6583,-5.802,6.883,47.382,-6.883,6.355,40.3889,-6.355
p14,p14_b,clip_0028,ok,150,87.73,12.18,1,76.27,54.96,1.5,-0.2905657051914979,34.45,127.48,-1.48,0.026421582020239313,126.19,-2.14,-0.009337230957103423,126.87,-1.81,POS+CHROM,21.303,453.8058,-21.303,51.218,2623.2474,51.218,49.925,2492.5145,49.925,50.606,2561.0131,50.606
p14,p14_b,clip_0029,ok,150,77.01,22.23,1,80.39,54.83,1.5,-0.2866587592756754,34.45,77.24,0.06,0.11914032844597634,77.34,0.01,-0.08695290583184123,77.29,0.04,POS+CHROM,25.562,653.4322,-25.562,3.153,9.9439,-3.153,3.051,9.3106,-3.051,3.103,9.6261,-3.103
p14,p14_b,clip_0030,ok,150,86.51,12.84,1,75.44,54.95,1.5,0.21288466090954314,34.46,76.97,3.89,0.105961808249701,75.31,4.7,-0.1292359929408595,76.09,4.3,POS+CHROM,20.494,420.0209,-20.494,1.531,2.3426,1.531,0.128,0.0164,-0.128,0.645,0.4163,0.645
p14,p14_b,clip_0031,ok,150,87.94,11.85,1,74.74,54.95,1.53,0.32933750753897045,35.2,85.39,-0.82,-0.10328455742555573,90.13,-0.48,0.12391423577147727,87.83,-0.65,POS+CHROM,19.791,391.6765,-19.791,10.655,113.5226,10.655,15.39,236.8535,15.39,13.09,171.3411,13.09
p14,p14_b,clip_0032,ok,150,85.17,14.4,1,75.55,54.96,1.47,0.12432187874228033,34.76,68.34,-0.04,-0.09286854594116117,67.07,2.08,0.18698001153550275,67.6,1.02,POS+CHROM,20.59,423.9441,-20.59,7.204,51.903,-7.204,8.473,71.7861,-8.473,7.949,63.1933,-7.949
p14,p14_b,clip_0033,ok,150,73.48,26.04,1,82.74,55.0,1.56,-0.37074740269427175,34.43,83.62,1.38,-0.08996220640623111,55.06,-0.98,0.0919803231299871,55.02,0.29,CHROM+DEEP,27.739,769.4497,-27.739,0.881,0.7762,0.881,27.686,766.5209,-27.686,27.718,768.2903,-27.718
p14,p14_b,clip_0034,ok,150,82.89,16.86,1,80.02,55.0,1.53,0.2655793543932159,34.46,125.91,0.41,-0.083036451088417,123.16,-1.28,0.06737545192057702,124.72,-0.44,POS+CHROM,25.022,626.0825,-25.022,45.884,2105.3441,45.884,43.133,1860.453,43.133,44.701,1998.19,44.701
p14,p14_b,clip_0035,ok,150,82.74,16.6,1,76.95,54.92,1.53,0.12953032304932333,35.15,69.72,-0.26,0.05007729210277044,70.75,-0.55,-0.01867925143710334,70.22,-0.41,POS+CHROM,22.033,485.4623,-22.033,7.226,52.2092,-7.226,6.203,38.4723,-6.203,6.727,45.2486,-6.727
p14,p14_b,clip_0036,ok,150,81.06,18.39,1,78.47,55.06,1.54,-0.24153821581444024,34.45,86.07,-1.64,0.02503073390478672,134.6,-0.64,-0.004328730638750288,87.27,-0.24,POS+CHROM+DEEP,23.412,548.1359,-23.412,7.597,57.7139,7.597,56.126,3150.1692,56.126,8.799,77.4302,8.799
p14,p14_b,clip_0037,ok,150,78.73,20.98,1,83.45,54.89,1.49,0.3687922857896486,34.75,100.18,-0.99,0.03744183216332114,80.72,-2.21,-0.0714236432156599,74.83,-0.57,POS+CHROM+DEEP,28.551,815.1837,-28.551,16.731,279.9286,16.731,2.728,7.4437,-2.728,8.613,74.176,-8.613
p14,p14_b,clip_0038,ok,150,82.48,17.22,1,78.44,54.89,1.53,0.09335460602726002,34.39,118.06,-1.1,0.06882103304535071,116.63,0.2,-0.07720535408967355,117.27,-0.45,POS+CHROM,23.549,554.5531,-23.549,39.621,1569.8538,39.621,38.194,1458.8126,38.194,38.831,1507.8224,38.831
p14,p14_b,clip_0039,ok,150,79.5,19.86,1,79.02,54.98,1.5,-0.34130259229405036,34.42,65.75,-0.48,0.053354777334498386,105.64,-3.1,-0.08607219536588218,69.31,-0.7,POS+CHROM+DEEP,24.04,577.9045,-24.04,13.27,176.0836,-13.27,26.626,708.9363,26.626,9.713,94.3448,-9.713
p14,p14_b,clip_0040,ok,150,80.99,18.49,1,79.57,54.88,1.52,0.2971207521434118,35.43,82.36,-1.64,-0.10636470445619851,134.74,-3.22,-0.04920431651399624,80.55,-1.11,POS+CHROM+DEEP,24.69,609.5874,-24.69,2.79,7.7867,2.79,55.17,3043.7413,55.17,0.975,0.9511,0.975
p14,p14_b,clip_0041,ok,150,73.91,25.6,1,82.2,54.9,1.53,0.02049316995917353,35.15,117.94,-1.58,-0.04537909797490809,120.23,-0.81,0.03858200697316183,119.16,-1.2,POS+CHROM,27.295,745.044,-27.295,35.743,1277.5807,35.743,38.029,1446.2206,38.029,36.96,1366.0083,36.96
p14,p14_b,clip_0042,ok,150,78.08,21.38,1,80.74,54.93,1.5,-0.32736605446927597,34.72,82.45,2.14,0.04849750548091384,82.11,-0.59,0.003328163595862386,82.32,0.77,POS+CHROM,25.81,666.1538,-25.81,1.717,2.9475,1.717,1.373,1.8842,1.373,1.583,2.5067,1.583
p14,p14_b,clip_0043,ok,150,80.87,18.89,1,79.79,55.03,1.52,0.21690575282391467,34.43,88.77,-0.45,0.02618011325964519,80.86,-2.92,-0.06387112130731284,85.62,-1.69,POS+CHROM,24.76,613.0762,-24.76,8.977,80.5932,8.977,1.067,1.1391,1.067,5.825,33.9356,5.825
p14,p14_b,clip_0044,ok,150,77.92,21.66,1,81.43,54.94,1.58,-0.08143246707491562,34.37,76.22,-1.47,0.13560516735431902,105.87,-1.45,-0.17100148925955383,74.68,-0.45,POS+CHROM+DEEP,26.492,701.8492,-26.492,5.211,27.1565,-5.211,24.447,597.6619,24.447,6.748,45.5394,-6.748
p14,p14_b,clip_0045,ok,150,82.05,16.67,1,77.63,55.0,1.51,-0.38161005414695576,34.71,106.03,-1.6,0.12934583866127367,112.37,1.22,-0.08230925361169224,109.93,-0.19,POS+CHROM,22.63,512.1287,-22.63,28.404,806.8022,28.404,34.747,1207.3212,34.747,32.307,1043.7134,32.307
p14,p14_b,clip_0046,ok,150,83.28,16.52,1,77.73,54.94,1.49,0.2736883577432561,34.41,76.84,1.06,0.08744515390878631,130.24,-0.07,0.01076701952774752,83.97,0.82,POS+CHROM+DEEP,22.787,519.261,-22.787,0.89,0.7921,-0.89,52.508,2757.0845,52.508,6.242,38.9583,6.242
p14,p14_b,clip_0047,ok,150,71.9,28.0,1,86.38,55.03,1.52,-0.36095135823906715,34.4,81.11,-2.58,0.14968656830998162,56.84,-3.64,-0.20019451215661144,55.57,-1.06,CHROM+DEEP,31.352,982.9238,-31.352,5.265,27.7252,-5.265,29.542,872.7279,-29.542,30.813,949.4602,-30.813
p14,p14_b,clip_0048,ok,150,79.53,20.35,1,81.15,54.95,1.48,0.33618099084637787,34.78,93.72,0.27,0.16892478739924682,83.78,0.78,-0.26101238381224673,76.14,0.85,POS+CHROM+DEEP,26.196,686.2112,-26.196,12.568,157.9532,12.568,2.631,6.9206,2.631,5.011,25.107,-5.011
p14,p14_b,clip_0049,ok,150,79.74,19.95,1,80.16,55.05,1.51,0.09644292165275518,34.51,85.39,-0.88,0.05746377505206886,87.15,-2.64,-0.037772892284573166,86.14,-1.76,POS+CHROM,25.114,630.699,-25.114,5.228,27.3319,5.228,6.992,48.884,6.992,5.982,35.7851,5.982
p14,p14_b,clip_0050,ok,150,77.73,22.18,1,82.24,54.94,1.55,-0.01820703661508554,35.14,122.62,-2.03,0.1484647202725774,125.73,-4.38,-0.09445967293544595,123.87,-3.2,POS+CHROM,27.3,745.3026,-27.3,40.377,1630.265,40.377,43.49,1891.3712,43.49,41.632,1733.1861,41.632
p14,p14_b,clip_0051,ok,150,75.02,24.67,1,83.69,55.01,1.55,0.13507555835838184,34.46,126.84,-4.43,0.139947998599438,128.44,-2.08,-0.13194626415453808,127.79,-3.25,POS+CHROM,28.678,822.4395,-28.678,43.152,1862.074,43.152,44.744,2002.0388,44.744,44.102,1944.9981,44.102
p14,p14_b,clip_0052,ok,150,76.7,23.03,1,83.66,55.0,1.57,-0.37845507023018393,35.47,84.08,-1.63,0.06344400401898526,116.75,-3.54,-0.04828186220788179,76.56,-1.2,POS+CHROM+DEEP,28.666,821.7154,-28.666,0.419,0.1752,0.419,33.085,1094.6245,33.085,7.103,50.4528,-7.103
p14,p14_b,clip_0053,ok,150,90.48,9.13,1,74.18,54.9,1.49,-0.09377781517535039,35.18,75.55,-0.98,0.03070785794854795,75.03,0.58,-0.026334564325123405,75.26,-0.2,POS+CHROM,19.285,371.9026,-19.285,1.37,1.8766,1.37,0.846,0.7154,0.846,1.074,1.1536,1.074
p14,p14_b,clip_0054,ok,150,79.25,20.47,1,78.52,55.02,1.5,0.30994369471601063,34.67,77.69,2.3,0.012433410691568118,77.99,3.14,-0.010971085930736545,77.85,2.72,POS+CHROM,23.497,552.1239,-23.497,0.827,0.6845,-0.827,0.529,0.2794,-0.529,0.667,0.4455,-0.667
p14,p14_b,clip_0055,ok,150,79.77,19.93,1,79.2,55.01,1.56,-0.1736311250253326,34.41,75.22,-0.56,0.1511870043587148,73.51,0.22,-0.12178536823298479,74.31,-0.17,POS+CHROM,24.196,585.4585,-24.196,3.983,15.8644,-3.983,5.697,32.4555,-5.697,4.896,23.9682,-4.896
p14,p14_b,clip_0056,ok,150,69.58,30.26,0,84.73,54.89,1.51,0.08768316697302511,34.68,91.11,-1.22,0.102928282663083,94.75,-0.45,0.007134472325341068,93.05,-0.83,POS+CHROM,29.838,890.3196,-29.838,6.383,40.737,6.383,10.015,100.3012,10.015,8.316,69.1559,8.316
p14,p14_b,clip_0057,ok,150,84.56,15.32,1,76.72,55.01,1.47,0.20781166695687706,35.5,117.77,-2.29,0.0766431836775844,76.4,-1.9,0.14291089882855731,76.73,-0.91,POS+CHROM+DEEP,21.714,471.4972,-21.714,41.052,1685.2322,41.052,0.32,0.1027,-0.32,0.006,0.0,0.006
p14,p14_b,clip_0058,ok,150,76.27,23.57,1,80.77,54.91,1.47,-0.24665972607788106,35.48,89.77,2.37,-0.05402796617037444,90.73,0.39,0.13646338291726567,90.17,1.38,POS+CHROM,25.855,668.4778,-25.855,9.004,81.0681,9.004,9.959,99.1798,9.959,9.403,88.4232,9.403
p14,p14_b,clip_0059,ok,150,73.83,26.09,1,83.67,54.9,1.52,0.37604447563421883,35.13,82.27,1.42,-0.23724115663420395,85.2,-1.74,0.24149049194037608,83.36,-0.16,POS+CHROM,28.771,827.7625,-28.771,1.397,1.9507,-1.397,1.53,2.3402,1.53,0.31,0.0959,-0.31
p14,p14_b,clip_0060,ok,150,80.69,18.9,1,79.92,54.9,1.53,0.023755777301691403,34.37,73.03,3.6,-0.07568992760882158,71.57,-1.88,0.08321575001976166,72.61,0.86,POS+CHROM,25.017,625.8379,-25.017,6.895,47.5366,-6.895,8.354,69.7948,-8.354,7.313,53.4744,-7.313
p14,p14_b,clip_0061,ok,150,81.6,18.33,1,77.03,54.87,1.48,-0.2072013200265152,34.7,83.62,2.02,-0.02274145599958895,87.28,-0.69,0.056707251815545485,85.04,0.67,POS+CHROM,22.165,491.2859,-22.165,6.591,43.4478,6.591,10.246,104.9867,10.246,8.013,64.2101,8.013
p14,p14_b,clip_0062,ok,150,77.61,21.82,1,79.31,54.83,1.48,0.23385597860436735,35.15,78.37,1.67,-0.14078376606546303,76.8,1.47,0.08417805711542281,77.6,1.57,POS+CHROM,24.471,598.8275,-24.471,0.933,0.8696,-0.933,2.505,6.2732,-2.505,1.706,2.9098,-1.706
p14,p14_b,clip_0063,ok,150,71.61,28.09,1,85.2,54.91,1.52,-0.057782594437715745,34.35,86.41,2.9,-0.17318793847055533,87.13,3.42,0.08472708332920696,86.78,3.16,POS+CHROM,30.287,917.2787,-30.287,1.21,1.4637,1.21,1.926,3.7095,1.926,1.583,2.5068,1.583
p14,p14_b,clip_0064,ok,150,81.21,18.67,1,80.86,54.87,1.5,-0.030130815008418826,34.34,79.91,0.65,-0.17254638960223173,80.99,0.62,0.1352295166414737,80.45,0.64,POS+CHROM,25.987,675.3111,-25.987,0.949,0.9009,-0.949,0.133,0.0178,0.133,0.409,0.1677,-0.409
p14,p14_b,clip_0065,ok,150,83.98,15.62,1,76.55,54.91,1.48,0.30111049758459474,34.38,75.64,-0.14,-0.1440004573661501,78.78,-1.74,0.22567626009076833,77.0,-0.94,POS+CHROM,21.639,468.2611,-21.639,0.906,0.8207,-0.906,2.227,4.9594,2.227,0.452,0.2046,0.452
p14,p14_b,clip_0066,ok,150,76.87,22.06,1,80.24,54.99,1.54,0.025839390570239016,34.0,81.58,-0.93,-0.1506863885757896,79.06,-3.42,0.21875771338242397,80.58,-2.18,POS+CHROM,25.254,637.7728,-25.254,1.337,1.7875,1.337,1.185,1.4045,-1.185,0.334,0.1114,0.334
p14,p14_b,clip_0067,ok,150,77.02,22.94,1,85.91,54.93,1.51,0.24848533622713215,35.16,84.48,-0.56,-0.0782764489621891,78.16,-2.78,0.03781074484859791,81.9,-1.67,POS+CHROM,30.982,959.8978,-30.982,1.438,2.0667,-1.438,7.753,60.1138,-7.753,4.018,16.1479,-4.018
p14,p14_b,clip_0068,ok,150,73.15,26.28,1,88.47,54.94,1.51,-0.40584445037165306,34.4,79.38,-1.77,0.048490739495377334,75.0,-0.38,-0.1277616992679706,76.94,-1.07,POS+CHROM,33.526,1124.0157,-33.526,9.083,82.5068,-9.083,13.472,181.4955,-13.472,11.531,132.9552,-11.531
p14,p14_b,clip_0069,ok,150,75.98,23.65,1,82.59,54.95,1.51,0.22913142688167307,34.79,84.14,-0.22,0.08876735730684336,86.11,0.43,-0.1307921856641409,85.18,0.11,POS+CHROM,27.645,764.2574,-27.645,1.544,2.3829,1.544,3.52,12.3911,3.52,2.585,6.6844,2.585
p14,p14_b,clip_0070,ok,150,73.39,26.12,1,81.88,55.01,1.53,-0.05352127884745496,35.21,58.1,-0.46,0.014071719635866547,122.13,-4.37,-0.10230108482454071,56.3,0.54,POS+DEEP,26.869,721.9551,-26.869,23.774,565.2165,-23.774,40.256,1620.5541,40.256,25.576,654.1497,-25.576
