method,group,n_clips,n_valid,n_failed,mae_mean,mae_std,mae_median,rmse,bias,loa_low,loa_high,pearson_r,ccc,within_5bpm_pct,within_10bpm_pct,mean_snr_db
POS,POS_1020,6,6,0,26.333,8.463,23.959,27.66,-17.869,-63.201,27.463,-0.706,-0.2077,0.0,0.0,1.76
POS,POS_1024,6,6,0,21.147,17.902,21.41,27.706,-17.778,-63.405,27.848,0.5154,0.3849,33.3,50.0,1.45
POS,POS_1035,6,6,0,25.479,12.313,21.809,28.299,-25.479,-51.917,0.958,0.2693,0.0429,0.0,0.0,1.56
POS,POS_1091,6,6,0,25.393,15.064,29.142,29.525,-4.583,-67.206,58.041,0.2041,0.1917,16.7,33.3,3.1
POS,POS_1097,6,6,0,29.017,11.575,28.928,31.24,-15.519,-73.733,42.696,-0.2053,-0.1139,0.0,0.0,-1.06
POS,POS_1099,6,6,0,18.99,4.656,18.016,19.553,-3.674,-44.907,37.56,-0.1188,-0.099,0.0,0.0,2.56
POS,POS_1107,6,6,0,25.887,18.902,15.559,32.053,-9.03,-75.063,57.003,-0.1134,-0.0969,0.0,16.7,-0.09
POS,POS_1113,6,6,0,24.764,19.24,20.321,31.359,-17.403,-73.415,38.608,-0.1912,-0.1188,16.7,33.3,0.82
POS,POS_1115,6,6,0,22.084,16.479,16.309,27.554,-22.084,-57.465,13.298,0.5086,0.2139,0.0,50.0,0.96
POS,POS_1149,6,6,0,17.364,17.55,10.025,24.688,-16.124,-56.264,24.017,-0.5822,-0.1283,50.0,50.0,2.14
POS,POS_1156,6,6,0,17.118,15.636,10.976,23.184,-13.693,-53.86,26.474,0.2063,0.0709,16.7,33.3,0.98
POS,POS_1176,6,6,0,17.941,8.693,21.055,19.936,17.941,-0.725,36.606,0.4377,0.0669,16.7,16.7,2.0
POS,POS_1180,6,6,0,17.205,12.336,17.544,21.17,-10.461,-49.978,29.056,0.2434,0.1944,16.7,33.3,0.04
POS,POS_1181,6,6,0,31.297,19.663,31.909,36.962,-30.322,-75.703,15.059,-0.6258,-0.1412,16.7,16.7,1.31
POS,POS_1213,6,6,0,26.465,5.866,25.965,27.108,-16.855,-62.438,28.727,0.117,0.0407,0.0,0.0,1.94
POS,POS_1217,6,6,0,37.841,27.043,46.363,46.511,-36.741,-97.973,24.49,0.0098,0.0003,33.3,33.3,1.38
POS,POS_1234,6,6,0,13.674,5.399,13.201,14.701,-0.765,-32.287,30.757,0.1743,0.1605,16.7,16.7,-0.4
POS,POS_1259,6,6,0,19.571,9.66,16.008,21.825,-5.009,-50.618,40.601,0.3777,0.3298,0.0,0.0,-1.34
POS,POS_1266,6,6,0,34.404,7.97,32.474,35.315,-21.143,-81.876,39.59,-0.4295,-0.2331,0.0,0.0,2.4
POS,POS_1275,6,6,0,27.137,13.976,23.782,30.525,-7.961,-71.232,55.31,-0.4705,-0.4248,0.0,0.0,-1.24
POS,POS_1285,6,6,0,17.736,8.355,19.049,19.606,3.771,-37.538,45.08,-0.231,-0.1992,16.7,16.7,-0.62
POS,POS_1287,6,6,0,25.788,21.595,12.483,33.636,4.719,-66.785,76.223,-0.5242,-0.5057,0.0,16.7,-1.5
POS,POS_1292,6,6,0,14.158,11.543,9.63,18.267,9.097,-24.914,43.109,0.544,0.4658,33.3,50.0,-1.23
POS,POS_1298,6,6,0,17.904,10.135,15.921,20.573,-10.901,-48.363,26.56,0.8797,0.642,16.7,16.7,-1.45
POS,POS_1305,6,6,0,17.861,12.815,22.068,21.983,-17.698,-45.694,10.297,0.5671,0.2648,33.3,33.3,-0.16
POS,POS_1314,6,6,0,24.028,9.365,24.636,25.789,24.028,3.921,44.136,0.1452,0.0193,0.0,16.7,3.81
POS,POS_1360,6,6,0,9.902,4.73,9.367,10.974,-2.73,-25.551,20.09,-0.2885,-0.1262,16.7,50.0,3.34
POS,POS_1362,6,6,0,14.344,13.742,11.963,19.865,-3.036,-45.185,39.114,-0.3507,-0.2725,33.3,50.0,0.47
POS,POS_1386,6,6,0,21.061,16.91,21.437,27.009,-6.738,-62.896,49.42,-0.3239,-0.2715,33.3,33.3,-1.2
POS,POS_1399,6,6,0,32.018,21.537,26.258,38.587,-32.018,-78.259,14.223,0.5653,0.2846,0.0,16.7,2.16
POS,POS_1414,6,6,0,25.716,16.884,22.283,30.764,-17.658,-71.746,36.43,-0.4387,-0.1319,16.7,16.7,0.61
POS,POS_1442,6,6,0,23.157,13.264,18.306,26.687,4.765,-51.612,61.143,0.1157,0.0748,0.0,16.7,1.13
POS,POS_1474,6,6,0,8.725,10.26,5.002,13.469,3.109,-25.027,31.246,-0.1688,-0.1507,50.0,83.3,1.95
POS,POS_1477,6,6,0,14.591,7.586,17.224,16.445,-8.254,-38.794,22.285,0.6526,0.558,16.7,33.3,0.75
POS,POS_1513,6,6,0,24.669,12.699,22.825,27.746,-11.719,-65.717,42.28,0.2503,0.203,0.0,16.7,-1.02
POS,POS_1531,6,6,0,26.554,16.179,22.403,31.095,14.213,-45.168,73.594,-0.3227,-0.2375,0.0,16.7,0.01
POS,POS_1541,6,6,0,27.55,15.274,28.382,31.501,-26.35,-63.413,10.713,0.8268,0.1425,16.7,16.7,4.09
POS,POS_1543,6,6,0,34.19,23.886,29.976,41.707,-29.934,-92.289,32.42,-0.038,-0.0175,0.0,16.7,2.3
POS,POS_1563,6,6,0,17.605,9.275,17.901,19.898,-7.084,-47.008,32.841,0.1237,0.1044,16.7,16.7,-0.9
POS,POS_1581,6,6,0,24.762,16.775,15.072,29.909,19.782,-28.383,67.947,0.1609,0.0901,0.0,0.0,-1.05
POS,POS_1589,6,6,0,27.759,15.49,27.192,31.788,-18.358,-74.078,37.361,0.0926,0.0629,16.7,16.7,-0.15
POS,POS_1601,6,6,0,32.482,16.276,33.718,36.331,-32.482,-67.427,2.463,0.3735,0.0882,0.0,0.0,-0.23
POS,POS_1609,6,6,0,11.216,7.489,12.197,13.486,8.633,-13.614,30.879,0.9874,0.7347,33.3,50.0,0.58
POS,POS_1610,6,6,0,29.888,14.129,34.385,33.06,28.892,-5.609,63.393,-0.3132,-0.0388,16.7,16.7,-0.87
POS,POS_1649,6,6,0,25.664,7.09,23.666,26.625,11.288,-40.486,63.062,-0.0774,-0.059,0.0,0.0,1.19
POS,POS_1672,6,6,0,44.468,21.017,55.977,49.185,-44.236,-90.401,1.929,-0.69,-0.06,16.7,16.7,4.04
POS,POS_1715,6,6,0,29.359,14.821,22.669,32.887,-23.455,-72.952,26.043,0.0527,0.0223,0.0,0.0,1.87
POS,POS_1745,6,6,0,20.388,15.468,15.309,25.591,-8.427,-60.309,43.455,-0.667,-0.1096,16.7,33.3,2.58
POS,POS_1749,6,6,0,27.423,15.224,27.872,31.365,-23.551,-68.028,20.926,-0.0233,-0.009,0.0,16.7,0.9
POS,POS_1760,6,6,0,26.055,16.515,27.611,30.848,-24.98,-63.842,13.883,0.3013,0.0746,16.7,33.3,-0.43
POS,POS_1765,6,6,0,34.614,9.593,33.413,35.919,-34.614,-55.211,-14.016,0.4466,0.0461,0.0,0.0,3.16
POS,POS_1785,6,6,0,19.155,12.905,17.259,23.096,-18.596,-48.006,10.814,0.4948,0.1432,16.7,33.3,0.98
POS,POS_1790,6,6,0,18.474,12.579,19.596,22.35,-5.41,-51.97,41.149,0.4207,0.3244,16.7,33.3,0.83
POS,POS_1838,6,6,0,26.896,16.693,22.521,31.655,-26.896,-62.736,8.944,0.4275,0.1701,16.7,16.7,0.14
POS,POS_1859,6,6,0,18.513,8.036,17.665,20.182,-6.736,-47.583,34.11,0.004,0.0035,0.0,16.7,-0.11
POS,POS_1922,6,6,0,15.132,8.485,12.71,17.349,1.307,-35.836,38.449,0.2521,0.251,0.0,33.3,1.16
POS,POS_1932,6,6,0,22.443,13.913,21.486,26.405,19.189,-19.756,58.134,0.6297,0.2377,0.0,50.0,0.19
POS,POS_1943,6,6,0,15.111,11.609,11.659,19.056,-6.895,-45.038,31.249,0.2862,0.2582,16.7,50.0,1.54
POS,POS_1973,6,6,0,22.312,18.229,18.165,28.812,-22.155,-61.703,17.394,0.6081,0.3121,16.7,50.0,2.07
POS,POS_1981,6,6,0,17.04,8.297,17.066,18.953,-8.822,-44.838,27.193,0.4808,0.4203,16.7,16.7,0.25
POS,POS_2003,6,6,0,14.702,8.256,16.964,16.862,-7.621,-39.915,24.673,0.8573,0.7774,16.7,33.3,0.74
POS,POS_2022,6,6,0,16.329,14.936,12.264,22.13,-6.831,-52.025,38.364,0.5737,0.3003,33.3,50.0,0.88
POS,POS_2091,6,6,0,28.061,12.616,26.675,30.767,1.25,-64.754,67.254,-0.218,-0.2153,0.0,0.0,-0.26
POS,POS_2110,6,6,0,24.128,20.446,21.513,31.626,11.761,-51.273,74.795,0.1452,0.127,16.7,50.0,-3.43
POS,POS_2120,6,6,0,36.771,19.194,31.066,41.479,16.06,-66.052,98.172,-0.5554,-0.4356,0.0,0.0,-0.58
POS,POS_2147,6,6,0,28.317,18.221,24.411,33.673,1.628,-70.585,73.841,-0.3172,-0.2786,0.0,0.0,2.37
POS,POS_2149,6,6,0,20.596,18.133,13.982,27.441,-16.064,-63.832,31.704,0.1215,0.0384,16.7,33.3,1.04
POS,POS_2153,6,6,0,28.122,15.231,28.562,31.982,-3.81,-71.989,64.369,-0.4246,-0.414,16.7,16.7,-0.74
POS,POS_2161,6,6,0,16.858,15.716,11.364,23.047,2.566,-46.611,51.743,-0.2031,-0.1999,50.0,50.0,1.78
POS,POS_2183,6,6,0,17.675,10.165,15.972,20.389,-9.479,-48.238,29.28,-0.4467,-0.1826,16.7,33.3,3.42
POS,POS_2187,6,6,0,18.076,20.51,6.303,27.339,16.194,-31.098,63.487,0.3469,0.2363,50.0,66.7,-1.36
POS,POS_2194,6,6,0,32.915,17.697,24.644,37.371,-1.972,-82.098,78.154,-0.6936,-0.6665,0.0,0.0,2.08
POS,POS_2221,6,6,0,16.69,12.946,12.168,21.122,-2.044,-47.182,43.093,-0.7241,-0.6848,33.3,33.3,0.04
POS,POS_2233,6,6,0,15.15,13.202,9.168,20.095,11.742,-23.271,46.755,0.7951,0.6792,16.7,50.0,0.28
POS,POS_2242,6,6,0,31.277,11.861,32.248,33.45,-27.675,-68.015,12.665,-0.8449,-0.0877,0.0,0.0,1.3
POS,POS_2245,6,6,0,18.524,18.551,9.931,26.216,18.524,-21.307,58.355,0.4819,0.3135,33.3,50.0,-0.46
POS,POS_2246,6,6,0,12.211,9.677,13.189,15.58,3.018,-29.8,35.836,0.2459,0.2359,33.3,50.0,0.42
POS,POS_2247,6,6,0,42.988,13.653,47.159,45.104,-42.988,-72.301,-13.675,0.536,0.0292,0.0,0.0,2.47
POS,POS_2253,6,6,0,29.768,14.581,26.712,33.147,-5.137,-75.446,65.173,-0.8186,-0.7745,0.0,0.0,-0.32
POS,POS_2284,6,6,0,31.085,18.024,27.379,35.932,-14.294,-85.076,56.488,-0.2665,-0.2116,16.7,16.7,-1.11
POS,POS_2285,6,6,0,22.803,10.916,19.747,25.281,-20.892,-51.456,9.672,0.7518,0.4103,0.0,16.7,0.6
POS,POS_2291,6,6,0,24.098,12.971,23.739,27.367,-21.433,-57.969,15.103,0.8853,0.4257,0.0,33.3,2.37
POS,POS_2323,6,6,0,27.177,14.873,29.252,30.981,-19.381,-71.275,32.513,-0.8142,-0.3746,0.0,16.7,-1.76
POS,POS_2339,6,6,0,22.03,20.447,15.937,30.057,-20.516,-67.678,26.646,-0.2456,-0.1132,33.3,33.3,0.85
POS,POS_2375,6,6,0,24.056,18.502,17.404,30.349,6.144,-57.668,69.955,-0.1918,-0.162,16.7,33.3,-0.56
POS,POS_2414,6,6,0,38.003,23.247,49.984,44.549,-38.003,-87.917,11.911,-0.8978,-0.1155,16.7,16.7,3.57
POS,POS_2439,6,6,0,32.601,20.981,36.178,38.769,2.435,-80.64,85.51,-0.5877,-0.5428,0.0,16.7,1.41
POS,POS_2445,6,6,0,27.303,15.714,22.074,31.502,-2.487,-69.914,64.94,0.0182,0.0173,0.0,0.0,0.17
POS,POS_2446,6,6,0,20.609,5.999,21.558,21.464,-0.789,-46.844,45.265,0.3452,0.2513,0.0,0.0,0.65
POS,POS_2459,6,6,0,16.571,8.597,16.219,18.668,1.884,-37.994,41.761,-0.3761,-0.3315,16.7,16.7,1.05
POS,POS_2462,6,6,0,27.561,15.383,32.272,31.563,27.561,-5.468,60.59,0.3806,0.1205,16.7,16.7,-0.25
POS,POS_2463,6,6,0,28.135,9.164,24.041,29.59,-21.387,-65.291,22.516,0.0905,0.0186,0.0,0.0,-0.07
POS,POS_2508,6,6,0,28.485,19.937,26.905,34.769,-6.029,-79.549,67.491,-0.5385,-0.3782,16.7,16.7,1.42
POS,POS_2527,6,6,0,17.474,8.893,17.552,19.606,-14.934,-42.209,12.34,0.6252,0.3994,0.0,33.3,1.13
POS,POS_2558,6,6,0,21.839,25.937,6.944,33.907,-20.687,-78.368,36.994,0.2092,0.1365,50.0,50.0,-1.2
POS,POS_2619,6,6,0,15.997,6.774,14.755,17.373,-10.077,-40.462,20.308,0.7924,0.62,0.0,16.7,-1.3
POS,POS_2625,6,6,0,19.83,11.88,16.988,23.116,-3.758,-52.73,45.213,-0.7298,-0.5908,0.0,33.3,2.04
POS,POS_2638,6,6,0,26.781,20.134,18.599,33.505,-12.672,-79.266,53.922,-0.3518,-0.2278,0.0,16.7,-0.23
POS,POS_2646,6,6,0,24.21,3.274,25.258,24.431,9.142,-39.502,57.786,-0.2493,-0.1696,0.0,0.0,1.13
POS,POS_2651,6,6,0,24.376,15.771,22.755,29.034,21.785,-19.423,62.993,0.1638,0.0776,16.7,33.3,-0.44
POS,POS_2659,6,6,0,30.02,21.336,26.913,36.83,-13.63,-87.091,59.831,-0.0007,-0.0006,16.7,16.7,0.07
POS,POS_2672,6,6,0,27.539,9.087,31.837,28.999,-16.359,-67.77,35.053,-0.8517,-0.4049,0.0,16.7,3.34
POS,POS_2676,6,6,0,45.207,8.838,42.81,46.063,-45.207,-64.184,-26.23,0.2601,0.0128,0.0,0.0,0.78
POS,POS_2704,6,6,0,28.843,12.89,30.2,31.592,-26.688,-62.987,9.61,0.7157,0.2452,0.0,16.7,-0.29
POS,POS_2732,6,6,0,24.77,10.502,26.106,26.904,-11.218,-63.722,41.286,0.29,0.243,0.0,16.7,1.56
POS,POS_2751,6,6,0,24.24,10.729,21.821,26.509,-15.04,-61.908,31.828,0.0121,0.0064,0.0,0.0,0.06
POS,POS_2755,6,6,0,21.045,21.694,9.521,30.224,-18.938,-69.513,31.637,-0.2918,-0.0861,33.3,66.7,4.34
POS,POS_2778,6,6,0,22.731,14.275,27.519,26.842,4.385,-52.472,61.242,-0.6047,-0.579,16.7,33.3,0.22
POS,POS_2801,6,6,0,26.004,11.659,21.26,28.498,-17.957,-65.468,29.554,0.4741,0.3492,0.0,0.0,1.16
POS,POS_2802,6,6,0,38.078,21.822,36.861,43.888,-28.142,-100.45,44.167,-0.3466,-0.1507,16.7,16.7,0.12
POS,POS_2818,6,6,0,19.453,10.613,24.218,22.159,-7.832,-52.339,36.676,-0.264,-0.1129,16.7,33.3,1.52
POS,POS_2823,6,6,0,26.263,14.036,22.601,29.778,-24.016,-61.817,13.785,0.3793,0.1691,0.0,16.7,-0.64
POS,POS_2842,6,6,0,13.066,10.062,13.796,16.492,-4.635,-38.616,29.347,0.544,0.4319,33.3,50.0,1.18
POS,POS_2851,6,6,0,23.509,15.235,22.872,28.014,-17.992,-64.094,28.109,-0.8849,-0.3135,16.7,16.7,3.9
POS,POS_2852,6,6,0,22.195,13.627,19.421,26.044,-16.333,-59.889,27.223,0.0648,0.0281,0.0,16.7,0.84
POS,POS_2857,6,6,0,20.244,15.796,17.139,25.677,-8.818,-60.596,42.96,0.237,0.1251,16.7,50.0,1.5
POS,POS_2874,6,6,0,28.44,18.254,24.909,33.794,-17.338,-79.619,44.942,-0.5543,-0.0985,0.0,33.3,3.4
POS,POS_2875,6,6,0,26.329,17.297,31.565,31.503,-14.72,-74.52,45.08,0.2954,0.2343,33.3,33.3,-1.28
POS,POS_2895,6,6,0,17.101,14.472,12.131,22.403,-11.862,-52.667,28.942,0.2993,0.1829,33.3,33.3,-0.49
POS,POS_2907,6,6,0,27.046,10.587,29.192,29.045,-17.527,-67.255,32.201,-0.2811,-0.0946,0.0,16.7,4.48
POS,POS_2916,6,6,0,18.95,12.469,12.816,22.684,3.25,-44.952,51.452,0.3916,0.3783,0.0,16.7,0.87
POS,POS_2928,6,6,0,25.327,7.886,29.748,26.526,-15.527,-61.704,30.651,0.6309,0.3611,0.0,0.0,-0.23
POS,POS_2948,6,6,0,22.907,15.983,17.867,27.932,6.329,-52.083,64.741,-0.0203,-0.0192,16.7,16.7,-1.42
POS,POS_2962,6,6,0,20.833,8.585,21.893,22.533,-11.533,-53.095,30.029,0.4852,0.3227,0.0,16.7,-3.66
POS,POS_2964,6,6,0,24.583,14.503,23.456,28.542,-19.149,-64.593,26.295,0.781,0.4095,16.7,16.7,-0.52
POS,POS_2967,6,6,0,32.289,15.968,26.943,36.021,-19.893,-84.37,44.583,-0.4897,-0.114,0.0,0.0,2.28
POS,POS_2968,6,6,0,31.381,21.739,24.965,38.176,-31.381,-78.057,15.295,0.3063,0.1217,0.0,16.7,-1.87
POS,POS_3000,6,6,0,20.254,14.807,18.196,25.089,8.471,-42.235,59.176,0.139,0.1075,16.7,50.0,0.7
POS,POS_3006,6,6,0,28.718,12.936,31.425,31.497,-12.683,-74.585,49.219,-0.2636,-0.1548,0.0,16.7,0.15
POS,POS_3016,6,6,0,10.362,4.175,10.92,11.172,0.975,-22.92,24.87,0.7539,0.7117,16.7,50.0,1.64
POS,POS_3059,6,6,0,22.909,21.253,15.69,31.249,1.167,-65.879,68.214,-0.201,-0.194,16.7,50.0,0.48
POS,POS_3066,6,6,0,21.697,11.31,23.304,24.468,-21.04,-47.856,5.776,0.2287,0.0715,16.7,16.7,-0.02
POS,POS_3077,6,6,0,23.487,12.153,28.421,26.445,8.076,-45.99,62.142,0.2282,0.1742,16.7,16.7,-0.38
POS,POS_3096,6,6,0,23.298,13.464,23.742,26.909,-12.364,-63.679,38.95,0.4787,0.4198,16.7,33.3,-0.81
POS,POS_3133,6,6,0,22.017,12.61,21.251,25.372,-22.017,-49.092,5.059,0.6218,0.2204,16.7,16.7,0.98
POS,POS_3142,6,6,0,25.425,25.757,18.915,36.192,-25.352,-80.81,30.107,0.1488,0.0808,50.0,50.0,-2.12
POS,POS_3150,6,6,0,20.574,16.128,16.806,26.142,-2.48,-58.356,53.395,-0.0401,-0.0387,0.0,33.3,-0.6
POS,POS_3153,6,6,0,49.165,25.5,54.533,55.384,9.886,-107.119,126.891,-0.8736,-0.8226,16.7,16.7,-0.68
POS,POS_3155,6,6,0,23.46,12.369,21.428,26.521,-22.055,-53.68,9.57,-0.3844,-0.0883,16.7,16.7,-0.07
POS,POS_3180,6,6,0,25.221,5.299,25.424,25.772,-19.493,-55.689,16.703,0.306,0.1401,0.0,0.0,1.53
POS,POS_3192,6,6,0,17.27,8.152,16.867,19.097,4.23,-35.754,44.214,0.422,0.38,0.0,16.7,-1.0
POS,POS_3194,6,6,0,31.802,12.264,33.553,34.085,-10.2,-80.03,59.629,-0.6607,-0.5495,0.0,0.0,-1.15
POS,POS_3196,6,6,0,20.369,15.743,20.969,25.743,-7.127,-60.239,45.985,-0.0352,-0.0284,33.3,33.3,4.29
POS,POS_3220,6,6,0,13.533,10.151,11.163,16.917,-4.37,-39.459,30.72,0.0539,0.0405,33.3,50.0,1.42
POS,POS_3232,6,6,0,21.312,20.823,10.2,29.796,-18.449,-68.685,31.787,-0.0557,-0.02,16.7,50.0,1.54
POS,POS_3235,6,6,0,24.041,9.263,26.593,25.764,-15.208,-59.859,29.443,0.3431,0.2332,0.0,16.7,0.14
POS,POS_3245,6,6,0,30.609,17.276,36.651,35.148,-30.609,-67.701,6.483,-0.4466,-0.0572,16.7,16.7,3.86
POS,POS_3254,6,6,0,27.364,15.941,25.069,31.669,12.123,-50.693,74.94,-0.0485,-0.0381,0.0,16.7,-0.61
POS,POS_3315,6,6,0,15.458,6.325,15.733,16.702,0.151,-35.708,36.009,0.5715,0.5356,0.0,33.3,0.28
POS,POS_3326,6,6,0,16.048,4.949,14.13,16.794,5.785,-28.067,39.636,0.5691,0.1202,0.0,0.0,3.09
POS,POS_3342,6,6,0,21.358,11.009,26.455,24.028,-9.837,-56.906,37.233,0.6383,0.4843,16.7,33.3,-1.49
POS,POS_3345,6,6,0,22.7,14.577,22.184,26.978,6.76,-49.315,62.835,-0.4214,-0.3757,0.0,33.3,-0.61
POS,POS_3348,6,6,0,28.473,17.1,31.859,33.213,26.205,-17.608,70.019,0.2249,0.0929,0.0,33.3,0.86
POS,POS_3351,6,6,0,29.505,22.928,28.711,37.366,-29.367,-78.973,20.239,-0.5285,-0.1449,16.7,33.3,1.7
POS,POS_3363,6,6,0,27.1,20.239,22.498,33.823,-26.738,-71.214,17.739,0.2599,0.0489,16.7,33.3,4.02
POS,POS_3364,6,6,0,17.76,11.705,15.142,21.27,-13.133,-49.058,22.793,0.1841,0.1224,16.7,50.0,1.17
POS,POS_3375,6,6,0,20.175,19.371,9.922,27.969,0.392,-59.653,60.438,-0.1784,-0.1783,16.7,50.0,-2.68
POS,POS_3385,6,6,0,20.507,12.696,19.331,24.119,-2.007,-53.612,49.599,0.2587,0.2573,16.7,16.7,-0.67
POS,POS_3394,6,6,0,22.309,17.419,15.029,28.304,-22.309,-59.71,15.092,0.4555,0.2379,16.7,16.7,0.17
POS,POS_3401,6,6,0,17.856,9.567,17.97,20.258,17.801,-2.961,38.562,0.7828,0.421,16.7,16.7,-1.5
POS,POS_3406,6,6,0,25.944,14.151,19.776,29.553,-21.354,-65.217,22.508,-0.2907,-0.1069,0.0,0.0,0.99
POS,POS_3418,6,6,0,22.343,17.405,15.916,28.322,5.989,-53.447,65.424,-0.3542,-0.2989,16.7,16.7,3.34
POS,POS_3420,6,6,0,25.303,16.836,17.911,30.392,20.654,-27.217,68.525,-0.1577,-0.0761,0.0,0.0,-1.29
POS,POS_3448,6,6,0,18.681,12.861,15.945,22.68,-12.627,-53.076,27.822,0.2849,0.1078,16.7,33.3,-1.91
POS,POS_3465,6,6,0,20.804,11.253,19.291,23.653,-20.804,-44.965,3.357,0.8322,0.4652,16.7,16.7,1.97
POS,POS_3494,6,6,0,32.514,27.573,18.273,42.631,-27.985,-97.035,41.066,-0.7668,-0.3131,16.7,16.7,-0.41
POS,POS_3508,6,6,0,17.612,14.435,13.651,22.772,6.655,-40.103,53.413,-0.0286,-0.0204,16.7,50.0,1.4
POS,POS_3520,6,6,0,21.43,14.862,19.238,26.08,-7.087,-60.974,46.799,-0.0343,-0.0317,16.7,33.3,-0.79
POS,POS_3523,6,6,0,29.576,12.985,37.566,32.301,-29.576,-57.455,-1.696,0.706,0.1091,0.0,16.7,1.67
POS,POS_3524,6,6,0,27.817,14.438,20.726,31.341,-9.199,-73.526,55.128,0.0179,0.0164,0.0,0.0,-1.43
POS,POS_3526,6,6,0,21.163,13.09,22.404,24.884,-5.937,-57.822,45.947,-0.3091,-0.2597,16.7,33.3,-0.46
POS,POS_3529,6,6,0,11.808,7.774,10.611,14.137,-5.337,-33.445,22.771,-0.1585,-0.0816,16.7,50.0,2.42
POS,POS_3533,6,6,0,16.108,6.684,15.587,17.44,-9.096,-41.043,22.851,-0.0742,-0.0197,0.0,33.3,3.19
POS,POS_3554,6,6,0,23.603,11.119,22.298,26.091,14.058,-33.134,61.25,-0.3628,-0.2238,0.0,16.7,1.43
POS,POS_3557,6,6,0,37.151,21.38,38.572,42.863,-21.808,-101.036,57.42,-0.2102,-0.1464,16.7,16.7,-1.01
POS,POS_3571,6,6,0,27.77,12.203,30.027,30.333,-12.984,-71.843,45.875,0.2332,0.1983,0.0,16.7,-0.88
POS,POS_3581,6,6,0,31.137,10.54,35.129,32.873,8.59,-59.54,76.719,-0.2858,-0.1606,0.0,0.0,-0.7
POS,POS_3593,6,6,0,19.5,13.433,22.619,23.679,-8.888,-56.011,38.236,-0.2387,-0.1796,33.3,33.3,0.85
POS,POS_3600,6,6,0,27.395,15.57,27.333,31.51,-5.307,-71.996,61.382,-0.3703,-0.3013,0.0,16.7,-1.32
POS,POS_3625,6,6,0,27.635,23.086,20.587,36.009,12.059,-60.791,84.909,-0.2693,-0.2316,0.0,16.7,-0.16
POS,POS_3636,6,6,0,8.173,4.322,6.957,9.246,-1.466,-21.066,18.134,0.9115,0.8971,16.7,66.7,-0.0
POS,POS_3656,6,6,0,12.583,10.896,8.743,16.645,-6.754,-39.418,25.909,0.2818,0.1734,33.3,50.0,-0.08
POS,POS_3658,6,6,0,36.952,24.41,47.462,44.287,-36.952,-89.363,15.458,-0.1733,-0.0279,33.3,33.3,-0.11
POS,POS_3682,6,6,0,26.256,12.308,31.639,28.998,-22.112,-62.392,18.169,0.3153,0.1616,0.0,16.7,-0.18
POS,POS_3683,6,6,0,31.892,15.579,38.828,35.493,-26.869,-76.662,22.923,0.0948,0.0409,0.0,16.7,0.64
POS,POS_3699,6,6,0,18.071,7.157,15.237,19.436,-14.196,-42.7,14.308,-0.4459,-0.153,0.0,0.0,1.42
POS,POS_3700,6,6,0,44.04,22.742,48.531,49.565,-43.58,-94.277,7.117,-0.4125,-0.0564,16.7,16.7,-0.45
POS,POS_3701,6,6,0,33.181,14.307,36.492,36.135,-31.522,-69.45,6.406,0.5866,0.1546,16.7,16.7,1.27
POS,POS_3732,6,6,0,34.248,14.182,33.349,37.069,-34.248,-64.699,-3.797,-0.5794,-0.0338,0.0,0.0,3.38
POS,POS_3735,6,6,0,24.677,19.327,20.803,31.344,-24.677,-66.172,16.819,0.0265,0.0057,16.7,33.3,-1.63
POS,POS_3738,6,6,0,28.525,11.373,27.026,30.709,-24.763,-63.757,14.23,0.5436,0.1358,0.0,0.0,2.42
POS,POS_3754,6,6,0,28.742,19.442,31.505,34.7,-28.742,-70.486,13.003,-0.6053,-0.1295,16.7,33.3,1.73
POS,POS_3763,6,6,0,17.838,13.303,18.95,22.252,9.461,-33.782,52.704,-0.092,-0.0729,33.3,33.3,-0.61
POS,POS_3778,6,6,0,17.379,9.896,20.305,19.999,8.621,-30.123,47.366,0.546,0.1209,16.7,33.3,2.88
POS,POS_3780,6,6,0,8.572,5.932,7.359,10.424,-3.226,-24.508,18.056,0.2487,0.1017,50.0,50.0,1.62
POS,POS_3783,6,6,0,26.111,15.041,31.8,30.134,-15.997,-70.827,38.834,-0.2364,-0.1585,16.7,33.3,0.94
POS,POS_3784,6,6,0,24.54,14.135,25.898,28.319,-24.54,-54.888,5.809,-0.2577,-0.0486,16.7,16.7,-0.58
POS,POS_3797,6,6,0,25.449,16.83,24.625,30.511,-25.449,-61.584,10.685,0.5496,0.2707,16.7,33.3,1.88
POS,POS_3833,6,6,0,20.957,17.359,19.11,27.213,10.657,-43.104,64.419,-0.0831,-0.0687,33.3,33.3,1.27
POS,POS_3889,6,6,0,22.275,13.222,23.553,25.904,-9.471,-61.238,42.296,-0.3178,-0.2511,0.0,33.3,-1.49
POS,POS_3906,6,6,0,26.425,21.279,19.203,33.927,-6.2,-77.818,65.418,0.1121,0.1041,0.0,50.0,0.4
POS,POS_3930,6,6,0,22.581,9.645,20.334,24.555,-9.308,-58.095,39.478,0.4198,0.0819,0.0,16.7,3.5
POS,POS_3957,6,6,0,19.256,11.497,23.371,22.428,19.256,-5.429,43.942,0.7846,0.2347,16.7,33.3,0.91
POS,POS_3962,6,6,0,36.333,11.228,40.008,38.028,17.255,-55.506,90.015,-0.7821,-0.5012,0.0,0.0,1.8
POS,POS_4016,6,6,0,14.823,8.674,17.351,17.175,4.307,-31.389,40.004,0.5197,0.4941,16.7,33.3,0.76
POS,POS_4055,6,6,0,24.538,19.161,27.8,31.133,18.532,-35.181,72.244,0.3876,0.2705,33.3,33.3,-0.67
POS,POS_4073,6,6,0,21.495,5.976,20.505,22.31,8.601,-35.598,52.801,0.0048,0.0041,0.0,0.0,1.31
POS,POS_4074,6,6,0,18.594,12.612,15.154,22.467,-18.594,-45.673,8.486,0.4102,0.0599,16.7,50.0,2.38
POS,POS_4087,6,6,0,29.494,16.425,30.788,33.759,-26.852,-70.782,17.078,-0.614,-0.0639,0.0,33.3,3.61
POS,POS_4119,6,6,0,33.868,8.79,34.727,34.99,-33.868,-52.742,-14.995,0.87,0.1672,0.0,0.0,1.72
POS,POS_4172,6,6,0,24.282,15.825,21.62,28.984,-10.657,-68.528,47.214,0.3218,0.2593,16.7,16.7,-1.2
POS,POS_4173,6,6,0,20.387,9.569,20.647,22.521,-2.421,-50.495,45.654,0.2582,0.2555,16.7,16.7,-0.91
POS,POS_4179,6,6,0,26.457,17.112,27.837,31.509,-19.716,-72.487,33.056,0.2363,0.1575,16.7,16.7,2.35
POS,POS_4182,6,6,0,26.959,12.571,24.319,29.746,-24.295,-61.145,12.555,-0.1123,-0.018,0.0,16.7,3.23
POS,POS_4187,6,6,0,11.268,9.276,10.833,14.595,-4.046,-34.155,26.062,0.639,0.5514,33.3,33.3,0.26
POS,POS_4211,6,6,0,36.488,13.577,38.011,38.933,0.832,-82.74,84.405,-0.5182,-0.4937,0.0,0.0,-0.67
POS,POS_4225,6,6,0,40.842,23.101,43.15,46.923,2.312,-98.312,102.937,-0.9467,-0.9402,0.0,16.7,-1.08
POS,POS_4249,6,6,0,24.193,12.045,26.956,27.026,-7.206,-63.131,48.719,0.0289,0.0238,0.0,16.7,-0.78
POS,POS_4256,6,6,0,18.111,12.784,11.056,22.168,-9.369,-52.506,33.768,0.6818,0.1914,16.7,16.7,3.44
POS,POS_4264,6,6,0,26.267,13.664,32.552,29.608,-4.566,-67.377,58.246,-0.3181,-0.3082,16.7,16.7,0.26
POS,POS_4295,6,6,0,27.17,6.369,26.762,27.907,-4.423,-63.584,54.737,-0.9463,-0.8965,0.0,0.0,-0.64
POS,POS_4307,6,6,0,28.17,17.551,23.743,33.19,20.611,-35.244,76.466,-0.3575,-0.1921,0.0,16.7,0.03
POS,POS_4311,6,6,0,29.936,16.668,35.607,34.264,-29.936,-65.724,5.852,-0.1612,-0.0288,16.7,16.7,2.63
POS,POS_4312,6,6,0,24.637,14.07,27.956,28.372,-24.301,-55.74,7.138,0.325,0.1136,16.7,16.7,3.13
POS,POS_4321,6,6,0,26.055,12.227,25.572,28.781,-26.055,-52.306,0.197,0.5224,0.1587,0.0,16.7,1.54
POS,POS_4322,6,6,0,23.82,16.324,27.024,28.877,-23.82,-58.869,11.229,-0.855,-0.1688,16.7,33.3,3.34
POS,POS_4332,6,6,0,19.83,6.963,18.213,21.017,0.408,-44.708,45.525,-0.1545,-0.1342,0.0,0.0,0.07
POS,POS_4354,6,6,0,19.727,13.723,22.355,24.03,-19.477,-49.698,10.745,0.7771,0.45,16.7,33.3,-0.79
POS,POS_4356,6,6,0,21.744,17.211,17.294,27.732,0.001,-59.541,59.542,-0.7108,-0.7001,0.0,33.3,-0.38
POS,POS_4397,6,6,0,15.14,7.987,12.157,17.117,7.302,-25.938,40.542,-0.4812,-0.3615,0.0,33.3,0.34
POS,POS_4404,6,6,0,13.955,13.441,7.214,19.375,4.177,-36.445,44.799,-0.4986,-0.4551,50.0,66.7,-0.53
POS,POS_4430,6,6,0,12.354,4.005,10.986,12.987,-2.163,-29.658,25.331,0.6189,0.3599,0.0,33.3,0.38
POS,POS_4434,6,6,0,35.288,19.759,38.569,40.443,-13.847,-95.433,67.739,-0.5969,-0.409,16.7,16.7,0.69
POS,POS_4440,6,6,0,29.822,17.266,30.337,34.46,-18.084,-81.065,44.896,-0.7235,-0.3422,16.7,16.7,-0.5
POS,POS_4448,6,6,0,35.008,20.543,44.281,40.591,-33.257,-83.223,16.709,-0.4027,-0.0206,0.0,33.3,4.64
POS,POS_4479,6,6,0,34.075,19.747,34.276,39.384,-11.225,-92.278,69.828,-0.1914,-0.1601,16.7,16.7,-1.46
POS,POS_4482,6,6,0,21.81,16.247,19.123,27.196,-18.721,-61.077,23.636,0.1337,0.0306,16.7,50.0,0.6
POS,POS_4488,6,6,0,21.373,11.546,23.316,24.293,11.508,-34.426,57.442,0.7681,0.132,16.7,16.7,0.21
POS,POS_4493,6,6,0,13.586,12.486,9.688,18.452,-7.489,-43.696,28.718,0.328,0.2818,16.7,66.7,-0.33
POS,POS_4504,6,6,0,22.084,8.602,24.309,23.7,-10.976,-56.075,34.123,0.3191,0.267,0.0,16.7,0.65
POS,POS_4519,6,6,0,22.164,18.009,11.849,28.558,-14.264,-67.384,38.855,0.569,0.1849,0.0,33.3,0.35
POS,POS_4532,6,6,0,27.066,18.74,28.621,32.921,-7.985,-76.557,60.587,-0.0734,-0.0687,16.7,16.7,-2.14
POS,POS_4546,6,6,0,19.56,11.31,18.248,22.594,0.024,-48.488,48.537,0.2506,0.2488,16.7,33.3,1.89
POS,POS_4551,6,6,0,35.326,12.428,33.214,37.448,-35.326,-62.01,-8.642,0.431,0.0738,0.0,0.0,1.36
POS,POS_4557,6,6,0,35.258,16.469,30.06,38.915,-13.853,-91.934,64.227,-0.84,-0.6615,0.0,0.0,0.41
POS,POS_4571,6,6,0,28.578,19.009,24.402,34.323,15.697,-49.837,81.232,-0.3718,-0.2679,0.0,0.0,-0.97
POS,POS_4577,6,6,0,21.052,12.475,16.508,24.471,9.133,-39.612,57.878,-0.2827,-0.2026,0.0,16.7,0.81
POS,POS_4610,6,6,0,22.302,8.613,19.983,23.907,2.896,-48.056,53.849,-0.2598,-0.0972,0.0,16.7,0.77
POS,POS_4617,6,6,0,19.557,18.205,12.169,26.719,-1.151,-58.465,56.163,-0.7925,-0.5542,33.3,50.0,2.24
POS,POS_4639,6,6,0,15.269,7.901,14.175,17.192,0.45,-36.45,37.349,0.351,0.3497,0.0,33.3,-0.83
POS,POS_4646,6,6,0,37.247,22.535,40.338,43.533,-25.089,-101.475,51.296,-0.6162,-0.337,16.7,16.7,0.28
POS,POS_4685,6,6,0,28.718,16.455,23.456,33.098,-7.975,-76.944,60.995,-0.1664,-0.1544,0.0,16.7,0.08
POS,POS_4691,6,6,0,30.99,24.289,26.279,39.374,4.719,-79.212,88.65,-0.4783,-0.4546,16.7,33.3,-0.51
POS,POS_4698,6,6,0,24.069,22.949,11.581,33.256,-23.909,-73.538,25.719,-0.1461,-0.056,16.7,50.0,0.9
POS,POS_4704,6,6,0,21.127,7.742,20.918,22.501,-16.769,-48.982,15.444,-0.37,-0.0718,0.0,0.0,2.6
POS,POS_4718,6,6,0,25.405,11.244,24.974,27.782,-8.756,-65.365,47.854,-0.1069,-0.0923,0.0,16.7,2.68
POS,POS_4724,6,6,0,18.296,8.899,16.583,20.345,-12.503,-46.963,21.957,0.5375,0.2434,16.7,16.7,-0.34
POS,POS_4731,6,6,0,28.942,20.137,23.623,35.258,-26.847,-75.919,22.226,0.1507,0.0197,0.0,16.7,2.81
POS,POS_4754,6,6,0,23.36,16.872,16.383,28.816,-10.778,-68.156,46.6,0.1563,0.1374,16.7,16.7,-0.2
POS,POS_4784,6,6,0,21.538,9.439,22.188,23.515,-8.04,-55.487,39.408,0.338,0.2772,16.7,16.7,0.04
POS,POS_4815,6,6,0,37.569,21.509,36.011,43.29,19.551,-63.378,102.479,-0.4655,-0.3381,0.0,0.0,-0.11
POS,POS_4822,6,6,0,36.789,12.094,41.829,38.725,-10.167,-90.397,70.062,-0.5672,-0.4373,0.0,0.0,0.2
POS,POS_4844,6,6,0,23.684,8.806,23.765,25.268,-7.599,-59.341,44.143,-0.3187,-0.2391,0.0,0.0,2.27
POS,POS_4874,6,6,0,26.92,19.391,21.648,33.177,8.079,-61.01,77.168,0.2439,0.1311,16.7,33.3,-3.28
POS,POS_4892,6,6,0,33.862,14.917,35.423,37.003,-33.862,-65.891,-1.834,0.429,0.0638,0.0,0.0,0.15
POS,POS_4902,6,6,0,19.212,13.967,17.646,23.752,-13.948,-55.227,27.331,0.2214,0.1542,16.7,33.3,0.53
POS,POS_4909,6,6,0,26.058,19.357,23.352,32.461,-9.689,-76.208,56.829,-0.5596,-0.4634,16.7,50.0,0.13
POS,POS_4929,6,6,0,28.563,6.031,29.284,29.192,1.513,-61.081,64.107,-0.0283,-0.0221,0.0,0.0,2.15
POS,POS_4932,6,6,0,15.284,13.737,12.777,20.55,-13.937,-46.361,18.487,0.7193,0.5794,50.0,50.0,-0.13
POS,POS_4936,6,6,0,33.063,21.653,28.123,39.523,-33.063,-79.553,13.426,0.4736,0.2126,16.7,16.7,-1.28
POS,POS_4937,6,6,0,18.774,5.132,18.691,19.463,-4.153,-44.979,36.672,-0.9175,-0.7064,0.0,0.0,1.36
POS,POS_4952,6,6,0,18.404,15.169,20.434,23.85,17.953,-15.758,51.663,0.3965,0.2202,33.3,33.3,0.4
POS,POS_4968,6,6,0,18.442,10.773,17.404,21.358,-11.039,-50.296,28.219,0.2352,0.1764,0.0,33.3,-0.48
POS,POS_5003,6,6,0,26.172,20.641,22.415,33.332,-21.29,-76.357,33.777,-0.2132,-0.0897,16.7,16.7,0.11
POS,POS_5031,6,6,0,20.757,10.347,21.6,23.193,-10.739,-54.876,33.397,0.1259,0.0986,16.7,16.7,1.99
POS,POS_5044,6,6,0,22.548,10.722,26.038,24.968,-19.987,-52.115,12.14,0.4297,0.2129,0.0,33.3,0.69
POS,POS_5074,6,6,0,33.735,13.099,32.654,36.189,-28.482,-76.416,19.451,0.1172,0.0418,0.0,0.0,0.53
POS,POS_5078,6,6,0,17.419,7.838,16.922,19.101,-2.467,-43.135,38.201,0.0125,0.0031,0.0,16.7,2.26
POS,POS_5096,6,6,0,31.798,16.104,33.734,35.643,21.307,-40.042,82.657,-0.4733,-0.2595,16.7,16.7,0.67
POS,POS_5123,6,6,0,25.114,18.884,23.797,31.422,-11.84,-74.332,50.652,-0.2021,-0.1683,16.7,33.3,-0.17
POS,POS_5125,6,6,0,7.636,6.557,6.392,10.065,-1.339,-22.756,20.079,0.8238,0.5189,33.3,66.7,1.84
POS,POS_5130,6,6,0,22.772,17.098,18.306,28.476,-7.707,-66.566,51.152,-0.5078,-0.1113,16.7,33.3,4.09
POS,POS_5138,6,6,0,20.627,10.362,18.59,23.083,7.288,-39.738,54.314,-0.1188,-0.0993,0.0,33.3,0.53
POS,POS_5148,6,6,0,27.586,9.483,25.659,29.17,-18.402,-66.997,30.192,-0.059,-0.0343,0.0,0.0,-2.03
POS,POS_5156,6,6,0,12.059,9.994,9.864,15.662,-2.806,-35.89,30.278,0.3187,0.3035,16.7,50.0,2.19
POS,POS_5174,6,6,0,15.228,17.225,7.559,22.991,9.82,-34.814,54.454,-0.7377,-0.2222,50.0,50.0,-0.09
POS,POS_5207,6,6,0,23.43,16.564,22.243,28.694,-18.753,-65.383,27.876,-0.5879,-0.2178,16.7,33.3,-1.51
POS,POS_5214,6,6,0,23.916,16.754,22.698,29.2,-9.84,-68.868,49.188,-0.3802,-0.3147,16.7,33.3,0.97
POS,POS_5215,6,6,0,21.868,10.705,19.255,24.348,-9.097,-57.588,39.393,0.3237,0.267,0.0,0.0,-1.01
POS,POS_5217,6,6,0,26.126,11.195,26.965,28.423,-26.126,-50.163,-2.089,0.58,0.0738,0.0,0.0,2.68
POS,POS_5223,6,6,0,18.895,12.399,14.152,22.6,-18.895,-45.518,7.727,0.4593,0.2006,0.0,16.7,0.21
POS,POS_5228,6,6,0,20.48,11.567,21.733,23.521,-4.74,-54.205,44.724,-0.1482,-0.1402,16.7,16.7,1.14
POS,POS_5237,6,6,0,24.208,14.373,31.526,28.154,-23.212,-57.419,10.995,0.7861,0.3273,16.7,33.3,1.36
POS,POS_5243,6,6,0,22.637,8.247,23.852,24.092,-22.637,-40.343,-4.93,0.1367,0.0149,0.0,16.7,1.64
POS,POS_5250,6,6,0,22.159,14.454,20.276,26.457,-16.672,-60.778,27.433,-0.2618,-0.1405,16.7,16.7,1.55
POS,POS_5287,6,6,0,35.881,15.075,39.948,38.92,-32.533,-78.398,13.331,0.0132,0.003,0.0,0.0,2.6
POS,POS_5288,6,6,0,20.306,10.153,20.467,22.703,-15.039,-51.554,21.475,0.0787,0.0288,0.0,33.3,0.89
POS,POS_5292,6,6,0,14.919,13.867,12.923,20.368,9.064,-30.099,48.227,-0.0887,-0.0539,33.3,33.3,2.23
POS,POS_5307,6,6,0,25.649,17.312,23.681,30.945,-16.752,-72.616,39.112,0.1858,0.0414,0.0,33.3,0.9
POS,POS_5308,6,6,0,29.305,21.65,30.931,36.435,-16.359,-86.259,53.542,-0.3185,-0.2384,16.7,33.3,0.16
POS,POS_5332,6,6,0,25.224,14.821,26.412,29.256,-24.933,-57.796,7.93,-0.3084,-0.0613,16.7,16.7,1.48
POS,POS_5347,6,6,0,25.463,18.737,14.348,31.614,2.877,-64.718,70.472,-0.2851,-0.2261,0.0,0.0,-1.74
POS,POS_5353,6,6,0,32.275,9.611,33.105,33.676,-16.915,-79.436,45.606,-0.0341,-0.0094,0.0,0.0,0.65
POS,POS_5356,6,6,0,29.76,20.286,24.943,36.016,-22.865,-82.613,36.882,-0.5036,-0.2238,0.0,16.7,1.66
POS,POS_5394,6,6,0,21.631,14.214,22.063,25.883,-11.149,-61.303,39.005,0.3947,0.3463,16.7,33.3,0.4
POS,POS_5395,6,6,0,29.018,11.341,28.117,31.155,-29.018,-53.368,-4.668,0.5764,0.1417,0.0,0.0,4.55
POS,POS_5441,6,6,0,24.162,14.798,22.191,28.333,-21.921,-60.462,16.619,0.1277,0.054,0.0,16.7,2.37
POS,POS_5483,6,6,0,27.698,17.002,25.37,32.499,0.964,-68.785,70.712,0.0552,0.0545,0.0,16.7,0.19
POS,POS_5486,6,6,0,26.233,14.373,23.438,29.913,-7.622,-69.727,54.483,-0.5317,-0.2149,0.0,16.7,0.34
POS,POS_5500,6,6,0,35.237,10.598,34.858,36.796,-28.63,-78.259,20.999,-0.5424,-0.1544,0.0,0.0,-0.88
POS,POS_5507,6,6,0,23.839,11.506,28.928,26.471,-23.839,-48.544,0.865,0.2492,0.0457,16.7,16.7,-0.34
POS,POS_5524,6,6,0,24.739,13.222,19.471,28.051,-24.739,-53.127,3.648,0.0214,0.0038,0.0,0.0,2.28
POS,POS_5526,6,6,0,34.244,13.452,29.008,36.791,-28.584,-78.317,21.149,0.3036,0.0333,0.0,0.0,1.22
POS,POS_5533,6,6,0,13.286,8.25,12.142,15.639,2.887,-30.114,35.887,0.4711,0.3855,16.7,50.0,0.79
POS,POS_5535,6,6,0,21.286,13.913,18.827,25.43,3.354,-50.769,57.477,0.4772,0.4213,0.0,33.3,-1.14
POS,POS_5536,6,6,0,37.55,19.011,32.821,42.088,-37.55,-78.367,3.267,-0.0329,-0.0065,0.0,0.0,1.41
POS,POS_5543,6,6,0,33.496,17.256,35.312,37.68,-20.457,-88.397,47.482,-0.4213,-0.2597,0.0,16.7,-0.4
POS,POS_5550,6,6,0,35.894,18.322,31.036,40.3,5.471,-80.255,91.196,-0.4415,-0.4281,0.0,0.0,-1.75
POS,POS_5562,6,6,0,17.543,13.169,18.355,21.936,17.012,-12.719,46.744,0.7669,0.3058,33.3,33.3,-1.35
POS,POS_5563,6,6,0,52.694,21.842,57.919,57.041,-52.694,-99.589,-5.799,-0.635,-0.0603,0.0,16.7,1.83
POS,POS_5564,6,6,0,25.522,17.801,23.764,31.116,-20.981,-70.319,28.358,0.113,0.0646,0.0,33.3,1.58
POS,POS_5587,6,6,0,24.754,11.092,25.479,27.126,-24.754,-48.57,-0.938,0.4184,0.1027,16.7,16.7,-0.52
POS,POS_5626,6,6,0,29.443,11.944,34.383,31.773,-26.319,-64.538,11.899,-0.1722,-0.0408,0.0,16.7,-0.24
POS,POS_5637,6,6,0,17.863,12.61,16.713,21.865,-3.044,-49.534,43.446,0.0139,0.0114,16.7,33.3,-0.47
POS,POS_5644,6,6,0,25.908,16.713,23.477,30.831,-9.916,-72.596,52.764,0.3235,0.2917,16.7,16.7,3.21
POS,POS_5646,6,6,0,27.017,15.268,24.064,31.033,-5.744,-71.222,59.734,-0.4529,-0.4102,0.0,16.7,0.89
POS,POS_5676,6,6,0,35.923,19.008,42.452,40.642,-4.6,-91.3,82.1,-0.4387,-0.4306,16.7,16.7,-0.69
POS,POS_5719,6,6,0,19.502,13.863,21.072,23.927,-13.259,-56.024,29.506,0.1103,0.0333,33.3,33.3,1.17
POS,POS_5721,6,6,0,29.076,18.782,31.207,34.615,-25.016,-76.384,26.352,-0.3904,-0.1261,16.7,16.7,1.61
POS,POS_5733,6,6,0,21.926,11.327,26.187,24.679,-18.439,-53.658,16.781,0.0462,0.0177,16.7,16.7,0.97
POS,POS_5734,6,6,0,35.23,13.975,34.597,37.901,-0.288,-81.661,81.086,-0.6791,-0.6662,0.0,0.0,-0.62
POS,POS_5785,6,6,0,33.342,18.596,29.708,38.177,-4.455,-85.864,76.954,-0.4014,-0.3822,0.0,16.7,-0.45
POS,POS_5790,6,6,0,17.938,11.234,18.217,21.165,5.985,-37.604,49.574,0.481,0.4584,16.7,33.3,-0.17
POS,POS_5796,6,6,0,30.326,16.49,34.644,34.519,-17.125,-81.477,47.227,-0.5909,-0.3745,0.0,33.3,3.84
POS,POS_5800,6,6,0,29.835,16.765,31.425,34.223,10.084,-60.133,80.3,-0.3824,-0.3143,0.0,0.0,0.4
POS,POS_5811,6,6,0,19.807,7.139,18.956,21.055,7.169,-35.335,49.673,0.0246,0.0203,0.0,0.0,-0.38
POS,POS_5822,6,6,0,18.642,11.699,19.181,22.009,-14.377,-50.157,21.402,-0.1297,-0.0457,16.7,33.3,3.66
POS,POS_5833,6,6,0,13.05,7.983,15.88,15.298,1.126,-31.631,33.883,0.4397,0.3771,33.3,33.3,-0.89
POS,POS_5860,6,6,0,21.684,17.06,13.93,27.591,-21.684,-58.314,14.946,0.547,0.2721,16.7,33.3,-0.64
POS,POS_5904,6,6,0,20.632,11.806,23.314,23.771,-8.128,-56.09,39.835,0.4314,0.401,16.7,16.7,-0.4
POS,POS_5909,6,6,0,27.125,13.074,28.305,30.111,-15.366,-70.965,40.233,0.1185,0.0672,16.7,16.7,0.57
POS,POS_5921,6,6,0,22.028,16.745,22.544,27.67,-13.306,-65.397,38.786,-0.7622,-0.3805,33.3,33.3,1.7
POS,POS_5928,6,6,0,16.604,18.05,10.918,24.525,-15.774,-56.095,24.548,-0.6862,-0.2836,33.3,50.0,0.79
POS,POS_5938,6,6,0,20.863,15.065,13.66,25.733,-20.863,-53.208,11.483,0.3206,0.1015,0.0,33.3,0.1
POS,POS_5948,6,6,0,20.933,16.488,18.026,26.647,10.6,-41.891,63.092,0.1703,0.1375,16.7,33.3,0.0
POS,POS_5974,6,6,0,25.371,15.704,20.216,29.838,-25.371,-59.09,8.347,-0.4011,-0.08,0.0,16.7,-0.44
POS,POS_5980,6,6,0,16.416,11.487,10.357,20.036,-12.732,-45.948,20.484,0.5414,0.3677,0.0,50.0,2.1
POS,POS_5989,6,6,0,16.431,12.775,14.575,20.813,-7.696,-49.217,33.825,0.7138,0.6809,16.7,50.0,-0.32
POS,POS_6008,6,6,0,22.684,13.578,22.838,26.438,-1.816,-58.444,54.813,0.0914,0.0836,16.7,16.7,-1.63
POS,POS_6028,6,6,0,33.059,19.54,28.832,38.402,-23.59,-88.651,41.472,0.1249,0.0718,0.0,16.7,-1.15
POS,POS_6031,6,6,0,26.242,9.09,28.054,27.772,-26.242,-45.76,-6.724,-0.1654,-0.0102,0.0,0.0,3.46
POS,POS_6042,6,6,0,7.992,5.473,7.102,9.687,2.194,-18.064,22.452,0.121,0.0919,33.3,66.7,1.55
POS,POS_6066,6,6,0,25.876,11.217,26.881,28.203,-2.234,-62.597,58.129,-0.1601,-0.1586,0.0,0.0,-1.31
POS,POS_6082,6,6,0,18.843,15.673,17.936,24.509,-18.086,-53.6,17.427,0.572,0.3565,33.3,50.0,-0.11
POS,POS_6091,6,6,0,21.367,24.265,7.734,32.332,-19.119,-75.099,36.861,0.3487,0.2561,33.3,66.7,-0.79
POS,POS_6097,6,6,0,21.851,14.193,21.788,26.056,-12.191,-61.633,37.251,0.1733,0.0792,16.7,33.3,0.59
POS,POS_6114,6,6,0,29.769,12.818,31.679,32.411,-26.42,-66.729,13.889,0.4601,0.1704,0.0,0.0,0.48
POS,POS_6127,6,6,0,13.701,7.127,15.77,15.444,-13.701,-29.002,1.6,0.5021,0.1725,16.7,33.3,2.4
POS,POS_6137,6,6,0,25.215,22.326,19.752,33.679,-23.544,-75.25,28.163,0.3081,0.0556,16.7,50.0,2.84
POS,POS_6145,6,6,0,18.466,14.456,10.404,23.452,-13.347,-54.749,28.055,0.227,0.1023,0.0,50.0,0.29
POS,POS_6176,6,6,0,43.191,7.846,45.312,43.897,4.757,-88.94,98.453,-0.7649,-0.5509,0.0,0.0,1.36
POS,POS_6193,6,6,0,17.691,11.473,18.691,21.085,2.049,-43.008,47.107,-0.2422,-0.236,16.7,33.3,2.24
POS,POS_6223,6,6,0,19.606,11.569,20.256,22.765,-19.606,-44.445,5.233,0.6939,0.3297,16.7,33.3,-0.49
POS,POS_6245,6,6,0,27.8,19.92,20.207,34.2,-18.392,-80.299,43.516,-0.7025,-0.119,0.0,16.7,1.88
POS,POS_6255,6,6,0,19.739,15.468,13.11,25.078,-3.586,-56.878,49.705,-0.2961,-0.2055,16.7,50.0,2.48
POS,POS_6277,6,6,0,20.878,8.03,21.801,22.369,-6.026,-52.278,40.226,0.0764,0.05,0.0,16.7,-2.29
POS,POS_6281,6,6,0,30.572,9.51,32.999,32.017,7.699,-59.027,74.425,-0.8638,-0.7529,0.0,0.0,-0.43
POS,POS_6289,6,6,0,15.971,8.683,15.728,18.178,3.871,-34.264,42.006,0.9811,0.4623,16.7,16.7,1.04
POS,POS_6304,6,6,0,30.232,15.79,28.13,34.107,-27.684,-70.458,15.09,-0.1377,-0.0186,0.0,16.7,2.44
POS,POS_6307,6,6,0,31.186,7.813,31.792,32.15,-6.958,-74.35,60.434,-0.4865,-0.4501,0.0,0.0,0.21
POS,POS_6329,6,6,0,40.645,6.215,41.152,41.118,-27.441,-93.187,38.305,-0.6838,-0.2168,0.0,0.0,-0.08
POS,POS_6334,6,6,0,30.709,14.719,28.848,34.055,-20.617,-78.812,37.578,-0.2076,-0.1089,0.0,16.7,-0.17
POS,POS_6340,6,6,0,18.094,14.4,13.854,23.124,-16.938,-50.74,16.865,0.3685,0.0964,16.7,33.3,2.32
POS,POS_6354,6,6,0,14.937,12.854,14.954,19.706,-14.798,-42.74,13.144,0.0044,0.0017,33.3,33.3,1.2
POS,POS_6361,6,6,0,43.831,7.868,44.521,44.531,-28.317,-102.109,45.474,-0.7326,-0.233,0.0,0.0,-1.56
POS,POS_6368,6,6,0,20.811,13.113,25.564,24.598,-18.513,-53.288,16.262,0.8741,0.4496,33.3,33.3,2.57
POS,POS_6397,6,6,0,36.885,26.413,35.572,45.367,-36.885,-93.595,19.824,0.2551,0.0873,0.0,33.3,0.69
POS,POS_6401,6,6,0,21.702,16.519,16.637,27.274,-2.929,-61.148,55.291,-0.3654,-0.345,16.7,50.0,0.5
POS,POS_6411,6,6,0,14.675,14.562,11.77,20.673,14.675,-16.59,45.939,0.0064,0.0032,33.3,33.3,3.02
POS,POS_6420,6,6,0,31.255,25.546,25.909,40.367,-0.676,-87.335,85.983,-0.3549,-0.3438,16.7,33.3,-1.06
POS,POS_6422,6,6,0,9.772,5.631,9.279,11.278,3.77,-19.051,26.591,-0.0854,-0.0743,33.3,50.0,1.63
POS,POS_6425,6,6,0,20.285,14.59,12.553,24.987,-8.529,-58.956,41.897,0.5596,0.4968,0.0,16.7,0.54
POS,POS_6427,6,6,0,24.66,16.164,23.252,29.485,-3.315,-66.221,59.592,0.1592,0.1557,0.0,33.3,-0.1
POS,POS_6473,6,6,0,23.326,14.008,21.301,27.21,12.497,-39.397,64.391,-0.6898,-0.4523,16.7,16.7,-1.14
POS,POS_6477,6,6,0,20.464,12.304,20.678,23.878,4.859,-45.336,55.055,0.3693,0.2213,16.7,33.3,-0.08
POS,POS_6495,6,6,0,19.744,18.911,12.396,27.34,-15.478,-63.866,32.91,0.6577,0.2399,33.3,33.3,1.37
POS,POS_6503,6,6,0,30.667,12.453,27.782,33.099,-24.291,-72.564,23.981,-0.1475,-0.0539,0.0,0.0,0.09
POS,POS_6537,6,6,0,27.548,24.739,21.516,37.026,13.614,-60.313,87.542,-0.6774,-0.3467,16.7,50.0,0.3
POS,POS_6599,6,6,0,25.867,15.646,21.824,30.231,-20.268,-68.427,27.891,-0.0916,-0.0366,0.0,16.7,-0.06
POS,POS_6604,6,6,0,23.866,18.449,18.284,30.166,-20.274,-68.233,27.686,0.0072,0.0037,16.7,33.3,0.53
POS,POS_6631,6,6,0,15.664,10.615,13.849,18.922,9.408,-25.841,44.657,0.6389,0.4717,16.7,33.3,1.26
POS,POS_6667,6,6,0,17.498,7.347,15.529,18.978,-5.358,-44.448,33.732,0.5673,0.4163,0.0,16.7,1.0
POS,POS_6678,6,6,0,22.57,13.469,24.246,26.283,-22.57,-51.488,6.348,0.4707,0.0747,16.7,33.3,2.9
POS,POS_6698,6,6,0,29.559,24.679,26.89,38.507,-18.154,-91.067,54.759,-0.7244,-0.3726,33.3,33.3,-1.7
POS,POS_6718,6,6,0,24.388,17.893,16.607,30.248,21.932,-22.794,66.658,0.5534,0.342,0.0,33.3,-1.98
POS,POS_6725,6,6,0,23.688,19.837,21.768,30.897,-10.469,-72.883,51.945,-0.1191,-0.1017,16.7,50.0,-1.47
POS,POS_6731,6,6,0,25.53,15.159,23.643,29.692,-24.326,-60.88,12.228,0.0274,0.0089,16.7,16.7,-0.45
POS,POS_6737,6,6,0,23.512,14.713,20.42,27.736,4.835,-53.805,63.475,0.2212,0.2143,16.7,16.7,1.28
POS,POS_6750,6,6,0,14.499,10.654,13.616,17.992,2.141,-36.215,40.498,-0.0485,-0.0478,33.3,50.0,0.02
POS,POS_6782,6,6,0,23.897,14.587,20.954,27.998,21.695,-16.302,59.692,0.5774,0.3513,0.0,33.3,-2.39
POS,POS_6803,6,6,0,16.272,12.324,19.313,20.412,-3.948,-46.947,39.05,-0.1876,-0.1343,33.3,33.3,0.71
POS,POS_6846,6,6,0,25.656,13.765,31.468,29.115,-20.838,-64.497,22.822,0.5087,0.0936,16.7,33.3,1.9
POS,POS_6847,6,6,0,37.193,17.513,36.657,41.109,-20.964,-96.89,54.961,-0.6495,-0.3398,0.0,0.0,-0.66
POS,POS_6856,6,6,0,19.137,15.484,14.591,24.616,-18.388,-53.527,16.75,0.5067,0.2115,16.7,33.3,-1.16
POS,POS_6880,6,6,0,14.512,6.132,14.163,15.755,3.327,-29.736,36.39,0.0508,0.0057,0.0,33.3,3.95
POS,POS_6916,6,6,0,16.899,6.73,14.819,18.19,-16.899,-31.349,-2.45,0.9222,0.4837,0.0,0.0,-0.3
POS,POS_6923,6,6,0,34.68,17.047,35.819,38.644,-34.68,-71.282,1.921,0.1784,0.0177,16.7,16.7,1.68
POS,POS_6968,6,6,0,22.938,15.239,21.934,27.538,-13.424,-65.05,38.202,-0.2549,-0.155,16.7,33.3,0.53
POS,POS_6974,6,6,0,11.258,3.876,10.997,11.907,-2.954,-27.719,21.811,0.4689,0.2973,0.0,33.3,1.2
POS,POS_6987,6,6,0,22.605,17.675,21.677,28.695,-17.784,-66.136,30.568,0.1468,0.0888,33.3,33.3,-0.15
POS,POS_6993,6,6,0,31.925,13.917,31.938,34.826,-17.769,-82.078,46.54,-0.475,-0.1765,0.0,16.7,1.8
POS,POS_7006,6,6,0,20.318,11.79,22.944,23.491,-16.895,-51.937,18.146,-0.0767,-0.0144,16.7,33.3,2.24
POS,POS_7047,6,6,0,32.031,25.056,19.649,40.667,-30.098,-88.815,28.618,-0.6543,-0.106,0.0,16.7,1.72
POS,POS_7048,6,6,0,21.486,15.539,17.787,26.516,12.502,-37.706,62.71,0.1662,0.1121,0.0,33.3,-0.38
POS,POS_7050,6,6,0,32.188,11.128,36.46,34.058,-32.188,-56.081,-8.295,0.5313,0.0468,0.0,16.7,3.26
POS,POS_7056,6,6,0,13.849,10.61,11.034,17.446,-13.658,-36.962,9.645,0.5839,0.2755,16.7,50.0,-1.51
POS,POS_7069,6,6,0,22.825,14.697,22.687,27.147,0.609,-57.664,58.882,0.0907,0.0874,16.7,33.3,-1.17
POS,POS_7082,6,6,0,15.509,13.825,9.245,20.777,-11.538,-48.635,25.559,-0.439,-0.2236,33.3,50.0,0.44
POS,POS_7137,6,6,0,17.764,7.726,18.201,19.371,-14.715,-41.764,12.334,0.3489,0.1848,0.0,33.3,2.66
POS,POS_7142,6,6,0,30.812,19.063,34.214,36.232,-25.507,-80.756,29.741,0.0718,0.0145,16.7,16.7,1.2
POS,POS_7151,6,6,0,23.651,17.027,17.191,29.143,-23.651,-60.21,12.908,-0.3896,-0.0961,16.7,16.7,0.14
POS,POS_7165,6,6,0,34.994,10.79,33.919,36.619,-14.207,-86.673,58.259,-0.1495,-0.1233,0.0,0.0,-1.14
POS,POS_7176,6,6,0,19.38,14.949,14.303,24.476,-18.891,-52.303,14.52,0.2312,0.013,16.7,50.0,4.22
POS,POS_7185,6,6,0,11.286,5.693,12.811,12.641,-0.073,-27.213,27.067,0.8302,0.7265,16.7,33.3,0.79
POS,POS_7186,6,6,0,30.469,18.936,42.849,35.874,-14.511,-84.952,55.929,-0.2355,-0.1896,33.3,33.3,0.55
POS,POS_7187,6,6,0,23.894,12.395,19.175,26.918,-17.416,-61.483,26.65,0.038,0.0205,0.0,16.7,0.26
POS,POS_7211,6,6,0,35.524,15.447,28.321,38.737,-35.524,-68.69,-2.359,0.1617,0.0271,0.0,0.0,3.55
POS,POS_7222,6,6,0,34.336,14.201,33.498,37.157,-12.279,-87.575,63.016,-0.3375,-0.2856,0.0,16.7,-0.97
POS,POS_7231,6,6,0,22.767,8.737,23.278,24.386,20.395,-8.31,49.099,0.738,0.3582,0.0,16.7,-0.29
POS,POS_7233,6,6,0,27.459,20.019,28.162,33.981,9.278,-60.911,79.467,-0.1354,-0.1222,16.7,33.3,-0.45
POS,POS_7248,6,6,0,29.887,17.552,26.062,34.66,-28.868,-70.054,12.319,0.2448,0.0823,16.7,16.7,0.54
POS,POS_7279,6,6,0,32.92,18.483,22.587,37.754,-14.647,-89.358,60.064,-0.3902,-0.2049,0.0,0.0,2.05
POS,POS_7280,6,6,0,19.579,12.262,21.55,23.101,11.456,-31.616,54.528,-0.3908,-0.2026,16.7,33.3,-0.68
POS,POS_7362,6,6,0,24.221,11.068,27.755,26.63,3.418,-53.286,60.121,-0.4406,-0.3091,0.0,16.7,2.24
POS,POS_7376,6,6,0,33.114,14.179,26.676,36.022,-9.872,-84.252,64.508,-0.406,-0.3544,0.0,0.0,-0.46
POS,POS_7380,6,6,0,27.242,9.087,23.977,28.717,-19.426,-64.836,25.984,-0.0452,-0.0233,0.0,0.0,2.28
POS,POS_7396,6,6,0,33.545,16.019,31.645,37.174,7.994,-69.954,85.941,-0.6335,-0.5575,0.0,0.0,1.4
POS,POS_7412,6,6,0,26.858,13.679,31.8,30.141,-3.504,-67.779,60.772,-0.0003,-0.0003,16.7,16.7,-0.61
POS,POS_7437,6,6,0,24.546,19.447,21.017,31.316,-5.804,-71.878,60.269,-0.489,-0.4504,0.0,33.3,-0.14
POS,POS_7445,6,6,0,30.997,19.783,31.42,36.772,13.423,-60.08,86.927,-0.3186,-0.2544,0.0,33.3,-2.04
POS,POS_7456,6,6,0,27.906,14.827,34.574,31.601,-27.363,-61.303,6.578,0.495,0.1239,16.7,16.7,3.68
POS,POS_7473,6,6,0,36.871,23.107,34.142,43.513,-34.375,-91.655,22.905,-0.7336,-0.1887,0.0,16.7,-0.88
POS,POS_7509,6,6,0,35.834,22.466,29.817,42.294,-35.834,-84.07,12.402,-0.1745,-0.0138,0.0,16.7,2.48
POS,POS_7514,6,6,0,12.602,11.436,9.253,17.017,-2.344,-38.533,33.845,0.6568,0.6213,33.3,50.0,-0.61
POS,POS_7519,6,6,0,13.956,18.146,6.396,22.892,6.016,-41.407,53.44,-0.1929,-0.0868,33.3,66.7,2.47
POS,POS_7520,6,6,0,18.119,16.612,8.326,24.582,-12.356,-57.983,33.271,-0.1227,-0.0507,33.3,66.7,2.03
POS,POS_7539,6,6,0,27.371,11.945,27.409,29.864,4.812,-58.471,68.094,-0.5045,-0.2068,0.0,16.7,-1.12
POS,POS_7542,6,6,0,25.072,16.352,20.996,29.934,8.361,-53.351,70.073,-0.0362,-0.0181,0.0,33.3,1.05
POS,POS_7557,6,6,0,17.118,16.696,9.869,23.912,-16.415,-53.748,20.918,0.1162,0.0532,33.3,50.0,1.64
POS,POS_7568,6,6,0,27.748,23.451,15.472,36.33,8.132,-67.894,84.157,-0.1892,-0.1721,0.0,33.3,2.73
POS,POS_7570,6,6,0,11.762,7.172,12.353,13.776,-0.09,-29.667,29.488,0.5328,0.5327,33.3,50.0,-0.33
POS,POS_7576,6,6,0,48.269,26.849,56.319,55.234,-48.269,-105.915,9.377,0.8893,0.0555,16.7,16.7,4.62
POS,POS_7596,6,6,0,15.659,9.363,17.62,18.244,-15.659,-35.762,4.444,0.7577,0.4504,16.7,33.3,0.07
POS,POS_7598,6,6,0,22.558,15.559,23.228,27.404,-2.397,-61.01,56.216,-0.4567,-0.3414,16.7,33.3,0.09
POS,POS_7601,6,6,0,15.383,4.594,14.785,16.054,-5.527,-37.89,26.837,-0.5633,-0.3765,0.0,16.7,1.51
POS,POS_7604,6,6,0,24.741,10.916,24.523,27.042,-10.373,-63.992,43.247,-0.7526,-0.5769,0.0,0.0,0.82
POS,POS_7626,6,6,0,28.556,8.272,30.972,29.73,-22.779,-63.797,18.238,-0.3872,-0.0974,0.0,0.0,2.18
POS,POS_7628,6,6,0,28.243,20.562,23.483,34.935,4.353,-70.07,78.776,-0.1407,-0.1381,16.7,16.7,-2.15
POS,POS_7637,6,6,0,10.953,7.111,10.742,13.059,-9.385,-28.881,10.111,0.1186,0.0443,33.3,50.0,1.52
POS,POS_7685,6,6,0,17.039,13.907,13.725,21.993,-11.728,-51.676,28.22,0.5384,0.4145,16.7,50.0,1.79
POS,POS_7695,6,6,0,25.856,17.89,20.515,31.442,4.041,-62.907,70.988,-0.6762,-0.6451,0.0,16.7,0.79
POS,POS_7736,6,6,0,20.844,17.676,11.513,27.33,0.441,-58.23,59.113,0.1126,0.098,16.7,50.0,0.17
POS,POS_7748,6,6,0,22.652,22.369,14.835,31.835,14.979,-45.335,75.293,-0.5896,-0.357,16.7,16.7,1.31
POS,POS_7759,6,6,0,32.071,15.289,30.357,35.529,-32.071,-64.897,0.756,0.6646,0.1895,0.0,0.0,0.49
POS,POS_7769,6,6,0,27.622,20.769,26.546,34.559,-15.179,-81.839,51.481,-0.0462,-0.0318,16.7,33.3,-1.9
POS,POS_7788,6,6,0,29.07,15.618,31.584,33.0,-8.014,-76.746,60.717,-0.2151,-0.1975,16.7,16.7,-2.23
POS,POS_7793,6,6,0,29.296,12.97,30.349,32.039,9.984,-55.38,75.349,-0.3977,-0.2963,0.0,0.0,-1.36
POS,POS_7831,6,6,0,25.202,14.403,33.673,29.028,-1.236,-63.504,61.031,-0.3372,-0.3323,16.7,16.7,1.05
POS,POS_7864,6,6,0,9.066,4.592,7.966,10.162,1.907,-19.524,23.339,0.9843,0.7037,16.7,66.7,1.0
POS,POS_7865,6,6,0,34.159,22.131,37.829,40.702,-32.646,-84.836,19.543,-0.435,-0.1109,16.7,33.3,-0.35
POS,POS_7878,6,6,0,13.019,8.455,11.833,15.524,3.706,-28.662,36.074,0.0836,0.0406,16.7,50.0,2.63
POS,POS_7889,6,6,0,35.683,16.84,41.455,39.457,-2.548,-87.088,81.993,-0.4427,-0.4398,0.0,16.7,1.25
POS,POS_7901,6,6,0,33.031,17.948,40.644,37.592,-20.589,-88.119,46.942,-0.1301,-0.0835,16.7,16.7,0.59
POS,POS_7927,6,6,0,26.654,12.816,19.992,29.575,-9.186,-69.544,51.172,-0.115,-0.0818,0.0,0.0,2.15
POS,POS_7928,6,6,0,24.284,19.704,22.282,31.273,-22.255,-69.428,24.917,-0.0832,-0.0158,16.7,33.3,3.69
POS,POS_7942,6,6,0,15.376,7.249,16.693,16.999,-3.661,-39.302,31.98,-0.4172,-0.2478,16.7,16.7,0.56
POS,POS_7957,6,6,0,32.107,18.704,34.132,37.158,-7.988,-85.903,69.926,-0.6202,-0.5698,0.0,16.7,0.14
POS,POS_7959,6,6,0,24.384,19.005,25.38,30.915,12.854,-47.513,73.221,0.2518,0.1619,33.3,33.3,-1.11
POS,POS_7969,6,6,0,23.595,12.541,24.684,26.721,-6.707,-62.242,48.828,0.1141,0.0921,16.7,16.7,0.29
POS,POS_7983,6,6,0,26.177,14.143,25.574,29.753,-6.145,-68.65,56.36,-0.6076,-0.5589,0.0,0.0,0.09
POS,POS_7997,6,6,0,22.438,11.473,26.267,25.201,1.742,-52.237,55.72,0.2605,0.2555,16.7,16.7,-0.75
POS,POS_8001,6,6,0,24.709,12.737,20.676,27.799,-13.246,-65.721,39.229,-0.6651,-0.2763,0.0,0.0,2.24
POS,POS_8009,6,6,0,48.573,8.751,51.058,49.355,-48.573,-67.363,-29.784,-0.8809,-0.0055,0.0,0.0,4.69
POS,POS_8021,6,6,0,20.055,7.53,20.159,21.423,-0.865,-46.823,45.093,0.3077,0.2996,0.0,16.7,-1.81
POS,POS_8147,6,6,0,11.327,6.987,11.636,13.309,1.212,-27.244,29.669,0.8773,0.7809,33.3,33.3,-0.32
POS,POS_8213,6,6,0,28.042,18.418,23.081,33.55,-17.019,-79.096,45.059,-0.5244,-0.3416,16.7,16.7,0.41
POS,POS_8262,6,6,0,33.166,15.371,34.888,36.555,-25.899,-81.287,29.488,-0.03,-0.0035,0.0,16.7,2.45
POS,POS_8266,6,6,0,28.55,12.273,28.761,31.076,-20.687,-70.478,29.103,-0.1048,-0.0366,0.0,16.7,0.24
POS,POS_8290,6,6,0,34.864,11.654,30.772,36.76,-34.864,-59.886,-9.842,-0.0059,-0.0003,0.0,0.0,2.34
POS,POS_8331,6,6,0,28.734,19.855,25.146,34.927,-17.499,-82.397,47.398,-0.479,-0.3194,0.0,33.3,-0.46
POS,POS_8364,6,6,0,23.558,19.888,16.961,30.83,-1.927,-67.992,64.138,-0.6682,-0.594,16.7,16.7,2.56
POS,POS_8370,6,6,0,14.725,11.617,9.959,18.756,11.06,-21.464,43.584,-0.0638,-0.0245,16.7,50.0,-0.4
POS,POS_8377,6,6,0,20.96,14.766,16.623,25.639,-4.261,-58.544,50.021,-0.1884,-0.181,16.7,16.7,0.52
POS,POS_8380,6,6,0,39.916,13.902,35.972,42.267,-4.889,-95.03,85.252,-0.7069,-0.6759,0.0,0.0,0.07
POS,POS_8381,6,6,0,9.273,5.505,9.254,10.784,0.624,-22.492,23.74,0.8074,0.7877,16.7,66.7,0.47
POS,POS_8384,6,6,0,26.088,17.937,25.247,31.66,-26.088,-64.6,12.423,0.4532,0.1206,16.7,33.3,0.41
POS,POS_8412,6,6,0,16.156,10.707,14.685,19.382,-10.32,-45.544,24.903,0.2968,0.0935,16.7,33.3,1.32
POS,POS_8428,6,6,0,27.758,24.526,21.915,37.041,26.785,-28.147,81.718,-0.3295,-0.112,33.3,33.3,-1.09
POS,POS_8430,6,6,0,17.914,9.219,16.095,20.147,5.704,-35.782,47.191,0.581,0.5335,16.7,16.7,0.48
POS,POS_8432,6,6,0,35.09,16.811,24.892,38.909,-20.572,-91.48,50.336,-0.6522,-0.2911,0.0,0.0,0.29
POS,POS_8490,6,6,0,15.121,6.696,15.254,16.537,-0.403,-35.899,35.092,0.2368,0.2278,0.0,16.7,-0.52
POS,POS_8500,6,6,0,34.37,5.586,31.193,34.821,-10.384,-81.746,60.977,-0.5156,-0.3231,0.0,0.0,-0.15
POS,POS_8514,6,6,0,15.513,16.429,6.8,22.596,10.98,-31.421,53.382,0.3603,0.297,33.3,66.7,-1.07
POS,POS_8517,6,6,0,33.627,18.974,33.626,38.611,-10.321,-90.204,69.563,-0.6481,-0.5626,0.0,0.0,0.68
POS,POS_8540,6,6,0,31.363,20.586,24.953,37.515,-30.073,-78.226,18.079,-0.0356,-0.0098,16.7,16.7,5.09
POS,POS_8541,6,6,0,21.325,17.386,20.111,27.514,6.591,-50.764,63.946,-0.4881,-0.0995,33.3,33.3,2.36
POS,POS_8550,6,6,0,29.649,16.364,32.684,33.866,-29.649,-64.785,5.486,-0.0482,-0.0105,16.7,16.7,-0.18
POS,POS_8555,6,6,0,37.31,19.222,40.74,41.971,-30.707,-92.137,30.723,-0.7054,-0.1912,0.0,16.7,-1.99
POS,POS_8563,6,6,0,13.434,8.965,14.63,16.151,-9.328,-37.636,18.981,0.477,0.3236,33.3,33.3,0.89
POS,POS_8565,6,6,0,34.75,16.009,35.996,38.261,-34.75,-69.123,-0.378,-0.8076,-0.0846,16.7,16.7,2.58
POS,POS_8584,6,6,0,23.048,14.524,17.925,27.242,-17.805,-62.074,26.463,-0.334,-0.0685,0.0,16.7,1.37
POS,POS_8587,6,6,0,25.047,22.536,20.633,33.694,-21.291,-77.36,34.778,0.0152,0.0062,16.7,33.3,1.05
POS,POS_8603,6,6,0,10.193,6.373,8.94,12.022,3.26,-21.584,28.105,0.9298,0.7293,16.7,66.7,-1.72
POS,POS_8661,6,6,0,35.93,19.027,39.746,40.657,17.389,-61.517,96.296,-0.9224,-0.5603,16.7,16.7,1.79
POS,POS_8664,6,6,0,22.0,16.783,17.961,27.67,-11.3,-65.531,42.931,0.1271,0.1079,16.7,33.3,-0.4
POS,POS_8679,6,6,0,25.128,18.483,22.084,31.194,-24.738,-65.537,16.061,0.2281,0.023,16.7,16.7,4.13
POS,POS_8681,6,6,0,21.661,6.881,24.819,22.728,-5.115,-52.661,42.431,0.165,0.1573,0.0,0.0,-0.05
POS,POS_8706,6,6,0,34.862,17.513,36.684,39.014,-7.833,-89.892,74.225,-0.8473,-0.6459,0.0,16.7,0.53
POS,POS_8718,6,6,0,19.733,10.723,18.872,22.458,-10.546,-53.118,32.025,0.2565,0.0917,0.0,33.3,-0.23
POS,POS_8730,6,6,0,11.898,9.88,9.447,15.465,9.548,-16.572,35.668,0.7584,0.1761,33.3,50.0,1.8
POS,POS_8738,6,6,0,15.763,16.951,6.0,23.147,-14.093,-53.519,25.334,0.5353,0.379,33.3,66.7,-0.98
POS,POS_8768,6,6,0,23.147,16.1,19.373,28.196,-5.162,-64.677,54.353,-0.461,-0.3351,16.7,33.3,0.2
POS,POS_8772,6,6,0,25.144,20.275,22.218,32.3,-8.315,-75.328,58.698,-0.2291,-0.0763,16.7,33.3,2.24
POS,POS_8785,6,6,0,17.818,10.11,21.223,20.487,1.802,-42.014,45.618,0.5242,0.5208,16.7,33.3,0.13
POS,POS_8802,6,6,0,18.728,15.191,15.447,24.114,-6.349,-56.296,43.599,0.2226,0.1834,16.7,33.3,1.69
POS,POS_8808,6,6,0,46.196,14.707,49.382,48.48,-46.196,-77.772,-14.619,0.4557,0.0647,0.0,0.0,1.82
POS,POS_8817,6,6,0,24.538,13.733,24.226,28.12,-23.677,-56.247,8.894,0.5483,0.1206,16.7,16.7,2.1
POS,POS_8834,6,6,0,17.36,10.613,13.493,20.347,0.486,-43.188,44.16,-0.5752,-0.5712,16.7,16.7,0.5
POS,POS_8844,6,6,0,18.662,12.171,15.404,22.28,16.732,-14.856,48.319,0.673,0.3563,0.0,16.7,-1.49
POS,POS_8847,6,6,0,18.862,6.151,20.406,19.839,-5.258,-46.331,35.815,-0.4359,-0.3263,0.0,16.7,-0.42
POS,POS_8848,6,6,0,22.329,11.696,22.087,25.207,-8.414,-59.43,42.603,-0.6892,-0.5529,16.7,16.7,-1.05
POS,POS_8852,6,6,0,32.623,22.545,31.02,39.655,-5.657,-89.928,78.614,-0.604,-0.5819,0.0,33.3,-0.64
POS,POS_8874,6,6,0,39.405,16.369,41.306,42.67,-19.036,-101.03,62.957,-0.6421,-0.4403,0.0,16.7,-0.65
POS,POS_8897,6,6,0,25.81,17.328,23.203,31.087,16.191,-40.789,73.171,0.1083,0.081,16.7,33.3,0.3
POS,POS_8902,6,6,0,29.304,18.043,27.669,34.414,-29.304,-68.045,9.436,0.458,0.174,16.7,16.7,0.34
POS,POS_9003,6,6,0,17.27,8.137,17.434,19.09,17.27,-0.201,34.74,0.8606,0.483,16.7,16.7,0.89
POS,POS_9028,6,6,0,26.302,17.397,28.246,31.535,-19.21,-72.907,34.487,-0.0993,-0.0324,16.7,33.3,2.31
POS,POS_9039,6,6,0,22.739,15.856,19.992,27.722,-22.739,-56.783,11.304,0.5484,0.0763,0.0,33.3,1.56
POS,POS_9064,6,6,0,20.751,15.004,18.102,25.607,7.644,-44.83,60.117,-0.0551,-0.0455,16.7,33.3,-1.49
POS,POS_9077,6,6,0,18.904,10.977,17.697,21.86,-11.244,-51.494,29.006,0.2947,0.2222,16.7,16.7,0.78
POS,POS_9092,6,6,0,24.86,16.175,20.71,29.658,1.602,-61.984,65.188,-0.582,-0.5787,0.0,16.7,-0.24
POS,POS_9098,6,6,0,19.111,10.33,13.367,21.724,-15.278,-48.438,17.882,0.4842,0.2627,0.0,0.0,0.34
POS,POS_9105,6,6,0,21.414,12.544,18.378,24.818,-19.445,-52.556,13.667,0.1571,0.0436,0.0,16.7,2.21
POS,POS_9115,6,6,0,46.93,8.093,49.834,47.622,-30.971,-108.644,46.702,-0.7878,-0.3342,0.0,0.0,-1.27
POS,POS_9118,6,6,0,30.512,18.773,40.115,35.824,-0.907,-77.8,75.985,-0.0391,-0.0371,16.7,33.3,-0.09
POS,POS_9139,6,6,0,19.553,14.334,17.245,24.244,-17.258,-53.817,19.301,0.1921,0.0178,16.7,33.3,3.96
POS,POS_9141,6,6,0,39.071,18.111,44.325,43.065,-0.682,-93.133,91.77,-0.3769,-0.3391,0.0,0.0,-1.21
POS,POS_9146,6,6,0,31.314,15.262,32.344,34.835,-22.64,-79.484,34.205,-0.0947,-0.0149,0.0,16.7,1.46
POS,POS_9153,6,6,0,24.939,10.16,23.908,26.929,-12.294,-63.735,39.146,0.4218,0.3608,0.0,0.0,0.16
POS,POS_9160,6,6,0,22.055,9.938,19.092,24.191,-12.882,-56.844,31.08,-0.269,-0.1315,0.0,16.7,0.38
POS,POS_9163,6,6,0,13.222,9.299,9.691,16.164,6.655,-24.973,38.283,0.67,0.3029,16.7,50.0,-0.91
POS,POS_9174,6,6,0,24.563,10.554,18.685,26.734,-24.563,-47.223,-1.903,-0.0101,-0.0013,0.0,0.0,0.18
POS,POS_9199,6,6,0,22.645,10.08,24.013,24.787,-17.805,-54.832,19.222,0.374,0.0571,0.0,16.7,1.12
POS,POS_9211,6,6,0,27.666,21.978,18.474,35.333,-27.666,-74.854,19.521,-0.2319,-0.0631,16.7,16.7,2.37
POS,POS_9229,6,6,0,16.977,14.059,14.415,22.043,-15.234,-49.439,18.97,0.0938,0.0498,16.7,33.3,-0.98
POS,POS_9256,6,6,0,27.759,12.44,25.22,30.42,11.056,-49.791,71.903,-0.335,-0.2436,0.0,0.0,-0.75
POS,POS_9282,6,6,0,34.61,14.876,38.441,37.672,-20.224,-88.465,48.017,-0.5015,-0.2056,0.0,16.7,2.11
POS,POS_9283,6,6,0,12.611,13.351,6.562,18.365,9.996,-23.082,43.075,0.3543,0.2764,33.3,66.7,-0.42
POS,POS_9286,6,6,0,17.507,19.918,7.474,26.519,-17.507,-60.273,25.259,0.2439,0.1532,50.0,50.0,2.86
POS,POS_9292,6,6,0,32.395,15.028,35.319,35.711,-17.194,-84.396,50.007,-0.3897,-0.2729,16.7,16.7,-0.83
POS,POS_9305,6,6,0,27.303,13.372,26.175,30.402,-27.303,-56.015,1.408,0.0948,0.015,0.0,16.7,2.73
POS,POS_9308,6,6,0,24.138,16.252,25.922,29.1,-23.843,-59.661,11.975,-0.3539,-0.0939,16.7,33.3,0.01
POS,POS_9309,6,6,0,28.567,12.462,28.904,31.167,-12.57,-73.804,48.664,-0.1794,-0.1196,0.0,16.7,1.3
POS,POS_9396,6,6,0,27.97,6.51,29.407,28.718,19.101,-26.943,65.145,-0.5811,-0.2272,0.0,0.0,-1.24
POS,POS_9401,6,6,0,30.295,18.765,30.262,35.636,0.343,-76.166,76.852,-0.1288,-0.0832,16.7,16.7,1.13
POS,POS_9425,6,6,0,19.318,16.433,14.741,25.362,13.152,-33.409,59.712,0.5525,0.2157,33.3,33.3,-0.7
POS,POS_9464,6,6,0,19.679,6.425,18.678,20.701,-6.571,-48.72,35.578,0.154,0.1242,0.0,0.0,2.44
POS,POS_9486,6,6,0,30.621,13.247,30.105,33.363,-22.483,-75.408,30.441,0.1595,0.0607,0.0,16.7,0.47
POS,POS_9512,6,6,0,19.918,17.708,11.921,26.651,-17.948,-60.248,24.352,-0.0628,-0.0183,16.7,33.3,1.04
POS,POS_9519,6,6,0,24.357,21.268,24.05,32.336,6.565,-61.416,74.546,-0.5437,-0.4354,33.3,50.0,-1.0
POS,POS_9554,6,6,0,15.89,12.862,13.216,20.443,11.121,-25.71,47.952,0.5473,0.4374,33.3,33.3,-1.29
POS,POS_9597,6,6,0,19.293,10.385,20.002,21.911,-19.293,-41.591,3.004,0.3648,0.0936,16.7,16.7,0.38
POS,POS_9620,6,6,0,22.145,13.116,22.665,25.738,-3.239,-58.06,51.583,-0.0517,-0.0436,16.7,16.7,-0.1
POS,POS_9629,6,6,0,16.124,7.383,15.151,17.734,-9.836,-41.519,21.846,-0.1063,-0.0627,16.7,16.7,1.74
POS,POS_9640,6,6,0,27.262,17.598,26.93,32.448,-27.024,-65.589,11.541,0.0561,0.0086,16.7,16.7,1.54
POS,POS_9676,6,6,0,31.333,7.473,30.276,32.212,1.211,-67.902,70.324,-0.5514,-0.4903,0.0,0.0,-1.52
POS,POS_9711,6,6,0,9.421,5.581,9.783,10.95,-3.531,-25.786,18.724,0.7304,0.3019,16.7,50.0,2.22
POS,POS_9715,6,6,0,31.972,16.731,35.659,36.085,-31.972,-67.894,3.951,-0.1492,-0.0252,16.7,16.7,1.34
POS,POS_9720,6,6,0,26.747,13.826,27.928,30.109,-6.849,-69.8,56.103,-0.1785,-0.1672,0.0,16.7,-0.7
POS,POS_9725,6,6,0,40.77,20.383,45.251,45.581,-29.081,-104.441,46.279,-0.4843,-0.2158,16.7,16.7,0.46
POS,POS_9737,6,6,0,29.64,10.201,33.819,31.347,-29.64,-51.544,-7.737,0.2527,0.0345,0.0,0.0,1.22
POS,POS_9739,6,6,0,29.701,19.167,32.907,35.348,8.052,-65.847,81.952,0.1689,0.1611,16.7,33.3,0.02
POS,POS_9753,6,6,0,36.73,16.622,40.684,40.316,-36.73,-72.419,-1.041,0.433,0.0173,16.7,16.7,3.26
POS,POS_9779,6,6,0,29.695,22.851,23.699,37.47,26.606,-30.041,83.253,-0.1671,-0.0711,0.0,33.3,-0.85
POS,POS_9808,6,6,0,41.475,16.553,39.645,44.656,-41.475,-77.015,-5.935,-0.7685,-0.0395,0.0,0.0,2.56
POS,POS_9825,6,6,0,15.764,13.061,9.93,20.472,10.272,-27.748,48.293,0.028,0.0135,16.7,50.0,-0.09
POS,POS_9827,6,6,0,26.721,4.941,26.827,27.174,-1.857,-60.065,56.35,-0.1293,-0.1177,0.0,0.0,-1.07
POS,POS_9833,6,6,0,17.261,14.877,12.97,22.787,-11.15,-53.819,31.518,-0.0682,-0.0137,16.7,33.3,1.1
POS,POS_9869,6,6,0,31.944,16.58,26.693,35.99,-9.08,-83.853,65.694,-0.5983,-0.5377,0.0,0.0,1.04
POS,POS_9884,6,6,0,26.013,13.658,26.267,29.381,-19.641,-66.556,27.273,0.4907,0.0454,0.0,33.3,2.01
POS,POS_9891,6,6,0,18.111,3.293,19.561,18.408,5.07,-32.925,43.064,-0.0003,-0.0003,0.0,0.0,2.02
POS,POS_9922,6,6,0,15.176,11.456,11.108,19.014,-2.878,-43.233,37.476,-0.5077,-0.4407,16.7,33.3,1.02
POS,POS_9938,6,6,0,24.188,13.347,27.515,27.626,-23.612,-54.404,7.18,0.8783,0.2297,16.7,16.7,0.86
POS,POS_9940,6,6,0,25.278,15.455,21.781,29.628,16.92,-35.301,69.141,-0.1528,-0.0876,0.0,16.7,-0.17
POS,POS_9957,6,6,0,30.102,13.235,26.258,32.883,-9.936,-77.239,57.366,-0.155,-0.127,0.0,0.0,0.37
POS,POS_9968,6,6,0,16.605,8.562,16.656,18.682,-12.751,-42.067,16.565,0.1056,0.0535,16.7,16.7,-0.64
POS,POS_9980,6,6,0,40.96,8.388,41.587,41.81,-40.96,-58.97,-22.95,0.6593,0.0696,0.0,0.0,-0.67
POS,POS_9981,6,6,0,18.666,10.274,16.666,21.307,3.559,-41.546,48.665,0.0986,0.0889,0.0,33.3,-1.06
POS,POS_9987,6,6,0,49.559,20.952,53.313,53.806,-47.532,-101.672,6.608,0.4226,0.0362,0.0,16.7,0.49
POS,POS_9998,6,6,0,19.019,10.128,20.874,21.548,-1.428,-47.591,44.735,0.2041,0.1941,16.7,16.7,1.27
CHROM,CHROM_1020,6,6,0,22.928,12.023,20.858,25.889,-22.928,-48.741,2.886,0.7676,0.2275,16.7,16.7,1.46
CHROM,CHROM_1024,6,6,0,20.479,18.251,19.233,27.432,-18.746,-61.746,24.254,0.5698,0.4139,50.0,50.0,1.16
CHROM,CHROM_1035,6,6,0,26.26,12.063,22.901,28.899,-26.26,-52.161,-0.36,0.3256,0.0536,0.0,0.0,0.47
CHROM,CHROM_1091,6,6,0,30.041,19.429,31.292,35.776,-7.73,-82.729,67.27,0.0679,0.0649,16.7,33.3,0.81
CHROM,CHROM_1097,6,6,0,39.883,13.592,42.069,42.136,-27.643,-95.921,40.636,-0.5604,-0.1978,0.0,0.0,-0.38
CHROM,CHROM_1099,6,6,0,19.837,5.643,18.534,20.624,-4.233,-47.572,39.106,-0.2764,-0.224,0.0,0.0,0.01
CHROM,CHROM_1107,6,6,0,25.097,16.668,14.61,30.128,-6.404,-69.612,56.804,-0.0792,-0.068,0.0,0.0,0.11
CHROM,CHROM_1113,6,6,0,26.741,19.019,27.336,32.815,-19.205,-76.334,37.925,-0.6201,-0.2782,16.7,33.3,1.1
CHROM,CHROM_1115,6,6,0,20.927,16.986,15.751,26.953,-20.927,-57.398,15.544,0.4738,0.2208,16.7,50.0,-0.53
CHROM,CHROM_1149,6,6,0,25.321,17.439,27.199,30.746,-9.915,-72.401,52.571,-0.5174,-0.4395,16.7,33.3,1.4
CHROM,CHROM_1156,6,6,0,26.727,13.396,24.076,29.897,-1.079,-65.227,63.07,-0.8174,-0.7402,0.0,16.7,-0.4
CHROM,CHROM_1176,6,6,0,26.852,15.305,21.792,30.908,12.118,-48.929,73.166,-0.5978,-0.352,0.0,0.0,-1.14
CHROM,CHROM_1180,6,6,0,13.554,7.455,13.802,15.469,-6.005,-36.614,24.604,0.444,0.3502,16.7,33.3,0.41
CHROM,CHROM_1181,6,6,0,26.569,18.854,26.216,32.579,-15.697,-76.991,45.597,0.0187,0.0117,16.7,33.3,0.1
CHROM,CHROM_1213,6,6,0,25.21,5.465,23.785,25.796,-17.137,-58.535,24.262,0.4042,0.1524,0.0,0.0,-0.67
CHROM,CHROM_1217,6,6,0,38.412,26.226,45.78,46.512,-36.682,-98.08,24.715,-0.0188,-0.0009,16.7,33.3,3.23
CHROM,CHROM_1234,6,6,0,15.716,13.765,12.298,20.892,-8.658,-49.482,32.166,0.2293,0.1919,16.7,50.0,-1.46
CHROM,CHROM_1259,6,6,0,25.355,20.638,14.568,32.693,-20.654,-75.065,33.756,-0.2401,-0.128,0.0,16.7,-0.71
CHROM,CHROM_1266,6,6,0,35.169,8.944,31.876,36.288,-20.843,-84.622,42.935,-0.4806,-0.2681,0.0,0.0,1.22
CHROM,CHROM_1275,6,6,0,22.88,16.343,17.756,28.117,-3.717,-63.557,56.123,-0.3216,-0.3142,16.7,16.7,-0.87
CHROM,CHROM_1285,6,6,0,23.418,11.777,26.047,26.213,-14.296,-61.471,32.878,0.4306,0.3065,16.7,16.7,-0.21
CHROM,CHROM_1287,6,6,0,42.606,23.649,42.873,48.729,42.606,-8.171,93.383,0.29,0.0861,16.7,16.7,-1.31
CHROM,CHROM_1292,6,6,0,17.51,12.09,16.313,21.278,3.012,-42.215,48.238,0.2635,0.2593,16.7,33.3,-3.03
CHROM,CHROM_1298,6,6,0,15.449,8.831,13.832,17.795,-13.935,-37.698,9.829,0.9019,0.6549,16.7,50.0,-0.7
CHROM,CHROM_1305,6,6,0,33.833,10.683,33.355,35.479,-33.833,-56.769,-10.897,-0.0476,-0.003,0.0,0.0,-1.2
CHROM,CHROM_1314,6,6,0,24.367,9.07,25.938,26.001,24.367,4.892,43.842,0.16,0.0187,0.0,16.7,3.51
CHROM,CHROM_1360,6,6,0,10.189,5.046,9.464,11.37,-2.608,-26.369,21.154,-0.461,-0.2108,16.7,50.0,1.98
CHROM,CHROM_1362,6,6,0,17.02,14.01,14.498,22.044,-10.009,-52.18,32.163,0.2325,0.1291,33.3,33.3,-0.54
CHROM,CHROM_1386,6,6,0,22.617,16.6,21.718,28.055,-8.138,-65.785,49.508,-0.3267,-0.2729,33.3,33.3,-0.94
CHROM,CHROM_1399,6,6,0,28.831,19.453,20.828,34.781,-22.197,-79.688,35.295,0.3646,0.2534,0.0,0.0,0.0
CHROM,CHROM_1414,6,6,0,28.246,15.187,22.957,32.07,-13.485,-75.959,48.99,-0.5015,-0.3028,0.0,16.7,-0.8
CHROM,CHROM_1442,6,6,0,22.108,16.108,15.982,27.354,2.982,-55.4,61.363,0.161,0.136,16.7,16.7,0.02
CHROM,CHROM_1474,6,6,0,8.436,10.164,5.23,13.209,3.615,-23.663,30.893,-0.1764,-0.1556,50.0,83.3,1.0
CHROM,CHROM_1477,6,6,0,14.692,8.861,19.556,17.157,-7.378,-40.636,25.881,0.5963,0.5342,33.3,33.3,0.82
CHROM,CHROM_1513,6,6,0,22.091,14.594,16.195,26.477,-5.395,-61.051,50.26,0.3585,0.3484,0.0,0.0,-0.64
CHROM,CHROM_1531,6,6,0,18.641,14.795,11.841,23.799,11.676,-32.849,56.202,0.2375,0.1887,16.7,33.3,-1.01
CHROM,CHROM_1541,6,6,0,27.726,15.109,29.377,31.576,-26.054,-64.354,12.245,0.8562,0.1205,0.0,16.7,2.83
CHROM,CHROM_1543,6,6,0,41.868,17.909,41.514,45.537,-37.163,-93.667,19.34,-0.3824,-0.065,0.0,0.0,1.71
CHROM,CHROM_1563,6,6,0,20.188,16.708,16.855,26.205,-3.337,-59.143,52.47,0.111,0.0847,33.3,33.3,-1.76
CHROM,CHROM_1581,6,6,0,9.58,3.157,10.677,10.087,4.943,-13.935,23.821,0.9009,0.8587,0.0,33.3,-0.29
CHROM,CHROM_1589,6,6,0,21.348,10.398,25.752,23.746,-1.674,-52.531,49.184,0.3113,0.3029,16.7,16.7,0.31
CHROM,CHROM_1601,6,6,0,36.178,15.444,37.012,39.336,-24.396,-90.649,41.856,-0.7888,-0.371,0.0,16.7,-1.17
CHROM,CHROM_1609,6,6,0,19.408,12.881,16.377,23.293,8.403,-38.241,55.048,0.4377,0.3997,0.0,33.3,-1.18
CHROM,CHROM_1610,6,6,0,31.21,21.844,29.021,38.094,29.832,-21.036,80.699,-0.7006,-0.0999,16.7,33.3,-0.74
CHROM,CHROM_1649,6,6,0,25.919,7.32,24.948,26.932,11.281,-41.228,63.789,-0.0462,-0.0351,0.0,0.0,0.79
CHROM,CHROM_1672,6,6,0,45.058,21.461,53.995,49.908,-44.826,-91.938,2.286,-0.6576,-0.0627,16.7,16.7,1.88
CHROM,CHROM_1715,6,6,0,35.972,16.845,37.46,39.721,-27.757,-88.762,33.248,-0.3429,-0.1396,0.0,0.0,-0.57
CHROM,CHROM_1745,6,6,0,20.098,15.996,14.345,25.687,-9.272,-60.705,42.161,-0.5388,-0.0896,33.3,33.3,0.89
CHROM,CHROM_1749,6,6,0,32.28,16.822,37.787,36.4,-28.442,-77.215,20.332,-0.3745,-0.1114,0.0,16.7,1.12
CHROM,CHROM_1760,6,6,0,24.392,17.769,22.733,30.178,-18.518,-69.679,32.644,-0.2302,-0.1145,16.7,33.3,-1.87
CHROM,CHROM_1765,6,6,0,28.064,18.216,24.475,33.457,-24.039,-74.002,25.923,-0.1555,-0.0593,16.7,16.7,0.15
CHROM,CHROM_1785,6,6,0,20.143,14.718,17.855,24.946,-20.143,-51.742,11.457,0.3404,0.0658,16.7,33.3,0.19
CHROM,CHROM_1790,6,6,0,24.131,22.337,22.183,32.882,-9.326,-77.027,58.376,-0.1683,-0.1447,33.3,33.3,-0.7
CHROM,CHROM_1838,6,6,0,30.101,16.027,27.479,34.102,2.475,-70.55,75.501,-0.3089,-0.2589,0.0,0.0,-1.4
CHROM,CHROM_1859,6,6,0,18.754,8.576,16.872,20.621,-12.141,-47.93,23.648,0.3552,0.2516,0.0,16.7,-0.36
CHROM,CHROM_1922,6,6,0,14.807,16.36,10.391,22.066,-7.2,-51.983,37.584,-0.2841,-0.2422,33.3,33.3,1.73
CHROM,CHROM_1932,6,6,0,25.099,10.6,25.684,27.246,25.099,2.34,47.858,0.8245,0.2189,0.0,0.0,-1.06
CHROM,CHROM_1943,6,6,0,14.193,12.248,9.427,18.748,-6.49,-44.254,31.273,0.2969,0.2706,16.7,50.0,1.21
CHROM,CHROM_1973,6,6,0,22.107,18.923,18.137,29.1,-21.667,-63.375,20.041,0.5459,0.2759,33.3,50.0,0.1
CHROM,CHROM_1981,6,6,0,25.812,19.493,19.241,32.346,-16.656,-76.189,42.877,-0.0855,-0.0595,16.7,16.7,-0.41
CHROM,CHROM_2003,6,6,0,13.746,8.469,15.601,16.146,-7.55,-38.192,23.091,0.8728,0.7937,16.7,33.3,1.47
CHROM,CHROM_2022,6,6,0,19.379,12.32,17.321,22.964,-7.832,-54.181,38.517,0.4782,0.2925,0.0,16.7,-0.7
CHROM,CHROM_2091,6,6,0,14.62,6.312,12.482,15.924,-11.783,-34.781,11.214,0.8677,0.6984,0.0,33.3,-0.8
CHROM,CHROM_2110,6,6,0,28.59,16.167,33.903,32.844,1.223,-69.247,71.694,-0.4292,-0.42,16.7,16.7,-2.4
CHROM,CHROM_2120,6,6,0,34.318,16.235,33.809,37.965,21.832,-44.856,88.519,0.2331,0.1623,0.0,16.7,-1.04
CHROM,CHROM_2147,6,6,0,29.521,18.976,26.483,35.094,-4.296,-79.08,70.487,-0.4326,-0.3714,0.0,0.0,0.51
CHROM,CHROM_2149,6,6,0,21.955,16.366,15.777,27.384,1.16,-57.582,59.903,0.3174,0.3155,16.7,16.7,0.69
CHROM,CHROM_2153,6,6,0,21.857,24.118,12.833,32.549,-13.296,-77.083,50.492,-0.4411,-0.3313,33.3,50.0,0.76
CHROM,CHROM_2161,6,6,0,17.77,14.372,12.669,22.854,2.543,-46.222,51.308,-0.1971,-0.1941,33.3,50.0,0.96
CHROM,CHROM_2183,6,6,0,19.281,13.481,19.408,23.527,4.214,-45.483,53.911,0.4183,0.368,16.7,33.3,0.15
CHROM,CHROM_2187,6,6,0,25.545,17.612,27.818,31.028,-3.821,-69.932,62.291,-0.0371,-0.0364,16.7,33.3,-1.59
CHROM,CHROM_2194,6,6,0,33.014,20.16,21.8,38.683,-1.704,-84.679,81.27,-0.7025,-0.6875,0.0,0.0,-0.86
CHROM,CHROM_2221,6,6,0,11.787,10.107,7.677,15.527,-1.931,-35.009,31.148,0.2365,0.2331,16.7,66.7,0.13
CHROM,CHROM_2233,6,6,0,21.162,15.824,19.828,26.424,3.662,-52.524,59.849,0.3381,0.3261,16.7,33.3,-0.85
CHROM,CHROM_2242,6,6,0,32.46,10.713,36.589,34.182,-28.776,-68.386,10.833,-0.3963,-0.0573,0.0,0.0,0.09
CHROM,CHROM_2245,6,6,0,14.882,12.61,6.868,19.506,0.852,-40.99,42.693,0.6584,0.6006,0.0,66.7,-0.67
CHROM,CHROM_2246,6,6,0,9.648,7.38,9.739,12.146,-3.143,-28.334,22.048,-0.0332,-0.0125,33.3,50.0,-1.22
CHROM,CHROM_2247,6,6,0,45.418,13.627,48.023,47.418,-45.418,-74.676,-16.16,0.457,0.0362,0.0,0.0,1.25
CHROM,CHROM_2253,6,6,0,30.516,11.323,31.349,32.548,-8.812,-76.086,58.461,-0.9628,-0.79,0.0,0.0,-0.68
CHROM,CHROM_2284,6,6,0,25.522,15.156,21.608,29.683,-8.638,-69.612,52.336,-0.2343,-0.2098,0.0,16.7,-1.59
CHROM,CHROM_2285,6,6,0,21.534,11.17,21.371,24.258,-20.442,-48.486,7.602,0.8427,0.4179,16.7,16.7,-0.76
CHROM,CHROM_2291,6,6,0,22.338,15.67,22.485,27.286,-21.624,-57.355,14.107,0.9014,0.4338,33.3,33.3,0.78
CHROM,CHROM_2323,6,6,0,22.318,15.779,27.755,27.333,-3.297,-61.554,54.96,-0.0553,-0.0442,33.3,33.3,-2.06
CHROM,CHROM_2339,6,6,0,29.11,21.087,24.401,35.945,-11.848,-84.711,61.015,-0.8075,-0.6468,16.7,16.7,1.13
CHROM,CHROM_2375,6,6,0,30.554,19.085,38.834,36.025,13.345,-58.501,85.191,-0.1677,-0.1399,16.7,33.3,-0.76
CHROM,CHROM_2414,6,6,0,37.368,23.736,49.064,44.269,-37.368,-88.331,13.595,-0.9129,-0.128,16.7,33.3,1.94
CHROM,CHROM_2439,6,6,0,27.672,18.859,31.365,33.487,3.837,-67.589,75.263,-0.4089,-0.3235,16.7,33.3,-1.33
CHROM,CHROM_2445,6,6,0,25.484,21.263,14.415,33.19,-1.606,-72.783,69.57,-0.0374,-0.0363,0.0,16.7,-0.4
CHROM,CHROM_2446,6,6,0,24.136,20.424,19.517,31.618,-9.827,-74.351,54.697,-0.271,-0.2162,16.7,16.7,-0.94
CHROM,CHROM_2459,6,6,0,15.99,7.989,16.831,17.875,1.87,-36.298,40.039,-0.2471,-0.2183,16.7,16.7,-0.07
CHROM,CHROM_2462,6,6,0,27.398,18.752,26.972,33.2,27.398,-12.864,67.66,0.2948,0.1175,0.0,33.3,-1.64
CHROM,CHROM_2463,6,6,0,27.883,8.72,24.904,29.215,-14.039,-69.047,40.97,-0.0909,-0.0637,0.0,0.0,-1.4
CHROM,CHROM_2508,6,6,0,31.282,21.957,29.452,38.219,7.296,-73.252,87.845,-0.1174,-0.0683,16.7,16.7,-2.56
CHROM,CHROM_2527,6,6,0,17.899,9.316,17.718,20.178,-15.582,-43.107,11.944,0.6217,0.3888,0.0,33.3,-0.53
CHROM,CHROM_2558,6,6,0,32.817,22.976,40.353,40.06,-15.804,-94.841,63.233,-0.3521,-0.279,33.3,33.3,-1.1
CHROM,CHROM_2619,6,6,0,25.294,19.048,19.537,31.664,13.887,-47.211,74.985,0.2014,0.1692,0.0,16.7,-2.33
CHROM,CHROM_2625,6,6,0,18.94,11.392,15.198,22.102,-3.673,-50.468,43.122,-0.5861,-0.47,16.7,16.7,0.96
CHROM,CHROM_2638,6,6,0,28.853,24.093,20.562,37.59,-15.925,-89.032,57.183,-0.0446,-0.0361,0.0,16.7,-2.32
CHROM,CHROM_2646,6,6,0,22.886,4.532,24.321,23.331,9.72,-35.817,55.258,-0.0421,-0.0288,0.0,0.0,1.54
CHROM,CHROM_2651,6,6,0,26.09,18.132,23.416,31.773,23.239,-23.282,69.759,-0.0537,-0.024,16.7,33.3,-0.17
CHROM,CHROM_2659,6,6,0,28.382,14.61,30.365,31.921,-8.862,-74.705,56.982,0.1392,0.117,16.7,16.7,-0.16
CHROM,CHROM_2672,6,6,0,27.344,8.446,31.24,28.618,-19.865,-64.097,24.367,-0.629,-0.1904,0.0,0.0,2.25
CHROM,CHROM_2676,6,6,0,43.741,10.515,41.271,44.987,-43.741,-66.318,-21.163,0.1302,0.008,0.0,0.0,0.77
CHROM,CHROM_2704,6,6,0,25.024,17.196,30.526,30.363,-23.727,-64.404,16.949,0.5759,0.3278,33.3,33.3,-0.78
CHROM,CHROM_2732,6,6,0,24.677,9.572,25.728,26.469,-10.981,-62.689,40.727,0.306,0.2565,0.0,16.7,1.3
CHROM,CHROM_2751,6,6,0,24.31,12.572,21.812,27.368,-12.158,-64.803,40.487,-0.2207,-0.1304,0.0,16.7,-0.46
CHROM,CHROM_2755,6,6,0,20.817,22.883,9.957,30.935,-20.154,-70.543,30.236,-0.3115,-0.082,33.3,50.0,2.98
CHROM,CHROM_2778,6,6,0,20.134,15.731,18.117,25.551,10.483,-39.548,60.513,-0.4311,-0.3321,16.7,50.0,0.72
CHROM,CHROM_2801,6,6,0,33.671,20.623,37.596,39.484,-0.113,-84.889,84.662,-0.1226,-0.1185,16.7,16.7,0.89
CHROM,CHROM_2802,6,6,0,42.383,25.383,41.983,49.402,-32.751,-112.162,46.661,-0.7108,-0.2572,16.7,16.7,0.09
CHROM,CHROM_2818,6,6,0,22.452,5.978,24.006,23.235,-9.756,-55.032,35.519,-0.6441,-0.1721,0.0,0.0,1.48
CHROM,CHROM_2823,6,6,0,26.575,15.039,22.44,30.535,-18.654,-70.559,33.252,0.2962,0.201,0.0,16.7,-0.1
CHROM,CHROM_2842,6,6,0,12.009,9.901,10.494,15.565,-11.287,-34.297,11.722,0.8477,0.6158,50.0,50.0,-0.17
CHROM,CHROM_2851,6,6,0,22.714,15.877,21.297,27.713,-16.858,-64.086,30.371,-0.8661,-0.353,16.7,33.3,2.38
CHROM,CHROM_2852,6,6,0,20.952,13.779,17.364,25.077,-7.972,-59.021,43.077,0.3888,0.3567,0.0,33.3,0.19
CHROM,CHROM_2857,6,6,0,24.412,18.712,23.454,30.758,-4.953,-70.13,60.225,-0.2374,-0.1871,16.7,50.0,0.29
CHROM,CHROM_2874,6,6,0,27.765,19.224,24.62,33.771,-17.184,-79.603,45.235,-0.5238,-0.1005,0.0,33.3,0.58
CHROM,CHROM_2875,6,6,0,26.46,17.779,28.885,31.878,-14.999,-75.395,45.396,0.2771,0.2184,33.3,33.3,-1.54
CHROM,CHROM_2895,6,6,0,17.788,14.717,12.714,23.086,4.822,-43.653,53.297,0.3849,0.3732,16.7,50.0,-0.55
CHROM,CHROM_2907,6,6,0,26.711,10.97,29.074,28.876,-17.514,-66.808,31.781,-0.2727,-0.0878,0.0,16.7,2.14
CHROM,CHROM_2916,6,6,0,19.159,13.169,13.069,23.248,3.29,-46.123,52.703,0.3869,0.3712,0.0,16.7,1.46
CHROM,CHROM_2928,6,6,0,30.827,18.609,30.139,36.008,-22.631,-82.765,37.502,0.2113,0.1187,0.0,0.0,-0.01
CHROM,CHROM_2948,6,6,0,28.73,13.182,30.409,31.61,-9.484,-74.225,55.258,-0.0633,-0.057,0.0,0.0,-1.36
CHROM,CHROM_2962,6,6,0,20.583,11.588,21.833,23.621,-5.393,-54.77,43.984,0.1524,0.1124,16.7,16.7,-3.78
CHROM,CHROM_2964,6,6,0,14.75,8.306,14.296,16.928,4.748,-30.139,39.634,0.7802,0.6162,16.7,33.3,-4.23
CHROM,CHROM_2967,6,6,0,31.695,17.982,26.032,36.441,-23.78,-83.064,35.503,0.1204,0.041,0.0,16.7,0.71
CHROM,CHROM_2968,6,6,0,41.255,18.607,42.046,45.257,-36.127,-94.651,22.396,-0.309,-0.0867,0.0,0.0,-1.59
CHROM,CHROM_3000,6,6,0,23.657,16.643,29.102,28.925,4.153,-57.308,65.613,-0.0706,-0.0553,33.3,33.3,-0.09
CHROM,CHROM_3006,6,6,0,25.682,13.522,24.139,29.024,-9.59,-68.407,49.228,-0.1191,-0.0744,0.0,16.7,0.74
CHROM,CHROM_3016,6,6,0,10.416,3.836,11.224,11.1,0.267,-23.558,24.093,0.7585,0.7165,16.7,50.0,0.08
CHROM,CHROM_3059,6,6,0,27.577,20.534,24.595,34.383,-6.691,-79.102,65.72,-0.2671,-0.2519,16.7,33.3,-1.11
CHROM,CHROM_3066,6,6,0,23.17,10.832,24.263,25.577,-16.003,-58.842,26.836,0.3267,0.178,16.7,16.7,0.03
CHROM,CHROM_3077,6,6,0,19.182,14.001,20.979,23.748,4.682,-45.305,54.67,0.2432,0.2039,33.3,33.3,-0.96
CHROM,CHROM_3096,6,6,0,34.593,19.066,32.834,39.499,-26.509,-89.381,36.362,-0.2386,-0.0979,0.0,16.7,-0.32
CHROM,CHROM_3133,6,6,0,25.877,8.989,26.946,27.394,-16.289,-63.579,31.001,-0.0504,-0.0318,0.0,0.0,-0.01
CHROM,CHROM_3142,6,6,0,22.167,19.902,10.898,29.791,-22.167,-64.899,20.565,0.5977,0.3965,16.7,50.0,-0.4
CHROM,CHROM_3150,6,6,0,15.709,7.767,16.988,17.524,11.68,-16.369,39.73,0.7615,0.6138,16.7,33.3,-0.77
CHROM,CHROM_3153,6,6,0,38.037,19.892,37.888,42.925,13.78,-73.505,101.064,-0.2076,-0.1792,0.0,16.7,-5.32
CHROM,CHROM_3155,6,6,0,17.616,11.999,17.502,21.315,9.474,-31.52,50.469,0.4117,0.2117,16.7,33.3,-5.4
CHROM,CHROM_3180,6,6,0,27.637,5.618,25.784,28.202,-15.849,-65.935,34.236,-0.0929,-0.0612,0.0,0.0,0.51
CHROM,CHROM_3192,6,6,0,24.55,5.247,23.527,25.105,3.698,-49.616,57.011,0.1317,0.113,0.0,0.0,-0.42
CHROM,CHROM_3194,6,6,0,26.683,12.821,22.773,29.603,-17.356,-68.846,34.133,-0.4984,-0.2726,0.0,0.0,-1.11
CHROM,CHROM_3196,6,6,0,21.058,14.064,22.991,25.323,-8.097,-59.614,43.42,-0.0062,-0.0047,16.7,33.3,0.81
CHROM,CHROM_3220,6,6,0,11.977,9.649,8.587,15.381,-0.117,-33.139,32.905,0.1189,0.0812,33.3,50.0,0.23
CHROM,CHROM_3232,6,6,0,36.211,16.006,41.918,39.591,0.358,-84.642,85.359,-0.528,-0.5267,0.0,16.7,-0.7
CHROM,CHROM_3235,6,6,0,24.411,8.992,25.699,26.015,-14.907,-60.683,30.868,0.3248,0.229,0.0,16.7,0.3
CHROM,CHROM_3245,6,6,0,31.069,19.016,37.094,36.427,-31.069,-71.898,9.76,-0.7493,-0.103,16.7,33.3,2.17
CHROM,CHROM_3254,6,6,0,26.096,15.955,21.408,30.588,9.841,-52.341,72.023,-0.0607,-0.0491,0.0,0.0,0.29
CHROM,CHROM_3315,6,6,0,16.839,7.35,16.729,18.373,-8.054,-43.51,27.403,-0.1735,-0.1063,0.0,16.7,-0.81
CHROM,CHROM_3326,6,6,0,22.503,15.995,19.267,27.609,16.73,-30.423,63.884,0.3665,0.2587,16.7,16.7,0.27
CHROM,CHROM_3342,6,6,0,15.944,12.544,18.254,20.287,-7.526,-47.976,32.923,0.7637,0.734,33.3,33.3,-1.88
CHROM,CHROM_3345,6,6,0,16.655,10.358,13.325,19.613,-0.152,-42.261,41.956,-0.272,-0.1679,0.0,50.0,0.21
CHROM,CHROM_3348,6,6,0,19.476,16.214,16.611,25.342,14.562,-29.968,59.093,0.4297,0.3344,16.7,33.3,0.24
CHROM,CHROM_3351,6,6,0,28.124,23.34,28.633,36.548,-27.391,-79.343,24.562,-0.459,-0.1575,33.3,33.3,1.05
CHROM,CHROM_3363,6,6,0,25.723,19.484,21.807,32.269,-25.377,-68.174,17.42,0.3879,0.0849,16.7,33.3,2.97
CHROM,CHROM_3364,6,6,0,18.403,13.064,17.677,22.568,-13.959,-52.034,24.117,0.0868,0.0554,33.3,33.3,0.81
CHROM,CHROM_3375,6,6,0,19.436,11.328,22.352,22.496,-3.483,-51.201,44.236,-0.2185,-0.1682,16.7,33.3,-3.04
CHROM,CHROM_3385,6,6,0,25.922,18.451,20.825,31.818,-10.245,-74.923,54.433,-0.0485,-0.0431,16.7,16.7,-0.12
CHROM,CHROM_3394,6,6,0,22.893,16.66,16.463,28.314,-20.891,-61.924,20.142,0.3192,0.1728,0.0,16.7,-0.04
CHROM,CHROM_3401,6,6,0,17.327,12.974,14.05,21.647,4.321,-41.221,49.862,0.3499,0.2884,33.3,33.3,-0.83
CHROM,CHROM_3406,6,6,0,23.857,13.64,17.642,27.481,-18.793,-61.843,24.257,0.025,0.0132,0.0,0.0,0.14
CHROM,CHROM_3418,6,6,0,15.356,8.398,14.903,17.502,-1.114,-38.616,36.389,0.7889,0.3001,16.7,33.3,1.47
CHROM,CHROM_3420,6,6,0,6.439,4.192,4.944,7.683,0.895,-15.489,17.279,0.8902,0.8744,50.0,66.7,-1.41
CHROM,CHROM_3448,6,6,0,24.823,14.016,22.366,28.507,-17.389,-65.89,31.113,0.6087,0.1751,0.0,0.0,-2.36
CHROM,CHROM_3465,6,6,0,32.103,12.612,30.335,34.492,-13.809,-81.671,54.053,-0.6749,-0.4884,0.0,0.0,-1.35
CHROM,CHROM_3494,6,6,0,24.336,23.403,15.87,33.763,-13.756,-79.958,52.446,0.0101,0.0083,0.0,33.3,-0.55
CHROM,CHROM_3508,6,6,0,13.163,12.757,8.034,18.33,1.51,-37.713,40.732,0.3985,0.3519,33.3,66.7,1.5
CHROM,CHROM_3520,6,6,0,21.73,18.794,17.078,28.73,-9.36,-67.68,48.96,-0.0701,-0.0614,33.3,33.3,-0.45
CHROM,CHROM_3523,6,6,0,31.672,11.975,38.158,33.86,-31.672,-57.382,-5.961,0.8313,0.1189,0.0,16.7,1.75
CHROM,CHROM_3524,6,6,0,23.46,16.942,20.753,28.938,-2.9,-64.719,58.92,0.2173,0.2149,16.7,16.7,-1.25
CHROM,CHROM_3526,6,6,0,22.853,17.031,18.566,28.501,-7.234,-66.425,51.958,0.0031,0.0029,16.7,50.0,-0.32
CHROM,CHROM_3529,6,6,0,18.171,14.949,13.721,23.53,-0.523,-51.031,49.985,-0.5314,-0.5166,16.7,33.3,0.23
CHROM,CHROM_3533,6,6,0,16.682,7.646,15.192,18.35,-10.502,-42.811,21.806,0.0282,0.0113,0.0,16.7,1.65
CHROM,CHROM_3554,6,6,0,20.628,9.35,16.62,22.648,5.216,-42.103,52.535,0.1586,0.1485,0.0,16.7,-0.26
CHROM,CHROM_3557,6,6,0,38.704,21.831,41.046,44.437,-22.691,-104.723,59.34,-0.271,-0.1849,16.7,16.7,-0.57
CHROM,CHROM_3571,6,6,0,29.77,16.057,30.751,33.825,-14.538,-80.112,51.036,0.0877,0.0726,0.0,16.7,-0.48
CHROM,CHROM_3581,6,6,0,22.884,9.059,21.857,24.612,-11.487,-58.222,35.247,-0.5636,-0.3578,0.0,16.7,-1.05
CHROM,CHROM_3593,6,6,0,20.728,13.751,23.096,24.874,-9.115,-58.806,40.577,-0.3462,-0.264,33.3,33.3,0.95
CHROM,CHROM_3600,6,6,0,33.368,18.3,28.459,38.057,-5.219,-86.158,75.72,-0.7718,-0.5916,0.0,0.0,-0.09
CHROM,CHROM_3625,6,6,0,36.925,22.915,30.228,43.458,2.065,-91.137,95.266,-0.6757,-0.6507,0.0,16.7,-0.7
CHROM,CHROM_3636,6,6,0,10.258,5.714,9.0,11.742,0.676,-24.493,25.845,0.8592,0.8413,16.7,66.7,-1.15
CHROM,CHROM_3656,6,6,0,17.613,16.242,14.375,23.958,-17.327,-52.852,18.198,0.5575,0.1976,33.3,50.0,-2.18
CHROM,CHROM_3658,6,6,0,35.913,24.693,44.907,43.583,-35.913,-88.931,17.105,-0.6938,-0.1086,33.3,33.3,-0.05
CHROM,CHROM_3682,6,6,0,27.914,9.768,28.45,29.574,-19.932,-66.84,26.977,-0.3076,-0.1366,0.0,0.0,-0.34
CHROM,CHROM_3683,6,6,0,42.426,12.741,43.991,44.298,-35.442,-92.498,21.613,-0.9565,-0.2116,0.0,0.0,1.08
CHROM,CHROM_3699,6,6,0,20.326,6.692,20.274,21.399,-16.018,-46.484,14.448,-0.5755,-0.1795,0.0,0.0,0.76
CHROM,CHROM_3700,6,6,0,32.735,17.211,34.736,36.983,-32.735,-69.688,4.219,0.4087,0.0852,16.7,16.7,0.64
CHROM,CHROM_3701,6,6,0,25.628,17.191,31.822,30.86,-24.086,-65.507,17.335,0.5082,0.2733,33.3,33.3,0.07
CHROM,CHROM_3732,6,6,0,34.113,14.553,33.679,37.088,-34.113,-65.361,-2.866,-0.4978,-0.0371,0.0,0.0,2.71
CHROM,CHROM_3735,6,6,0,28.327,23.455,24.253,36.777,-27.456,-79.992,25.079,0.4716,0.0953,33.3,33.3,-1.18
CHROM,CHROM_3738,6,6,0,29.918,11.816,26.001,32.167,-25.095,-68.302,18.113,0.2717,0.0709,0.0,0.0,0.42
CHROM,CHROM_3754,6,6,0,28.663,22.225,29.249,36.27,-28.663,-76.381,19.056,-0.5683,-0.1575,16.7,33.3,1.69
CHROM,CHROM_3763,6,6,0,16.098,13.012,17.757,20.699,9.433,-30.127,48.993,0.0188,0.0144,33.3,33.3,-0.69
CHROM,CHROM_3778,6,6,0,16.105,9.439,18.978,18.667,9.278,-25.502,44.057,0.8366,0.2665,16.7,33.3,1.57
CHROM,CHROM_3780,6,6,0,14.271,10.132,13.501,17.502,0.121,-37.457,37.699,-0.3872,-0.3867,33.3,33.3,0.81
CHROM,CHROM_3783,6,6,0,27.17,19.376,24.482,33.372,-27.17,-68.773,14.432,-0.2952,-0.0702,0.0,33.3,1.29
CHROM,CHROM_3784,6,6,0,23.773,14.891,23.297,28.052,-20.645,-61.421,20.131,-0.5195,-0.1472,0.0,33.3,-1.45
CHROM,CHROM_3797,6,6,0,28.773,16.122,27.793,32.982,-28.773,-63.388,5.841,0.5908,0.2565,0.0,16.7,1.14
CHROM,CHROM_3833,6,6,0,18.774,8.776,16.691,20.724,-2.154,-46.409,42.1,-0.1002,-0.0952,0.0,16.7,-1.82
CHROM,CHROM_3889,6,6,0,17.526,8.389,20.964,19.431,-5.589,-45.545,34.367,0.3494,0.3281,0.0,33.3,-0.88
CHROM,CHROM_3906,6,6,0,24.613,22.169,14.775,33.125,-7.078,-76.557,62.402,0.1576,0.1454,16.7,50.0,-1.21
CHROM,CHROM_3930,6,6,0,22.919,10.778,21.843,25.327,-9.956,-59.956,40.044,0.2132,0.0427,0.0,16.7,2.65
CHROM,CHROM_3957,6,6,0,21.863,7.38,21.91,23.075,21.863,6.017,37.708,0.7983,0.1752,0.0,0.0,-0.31
CHROM,CHROM_3962,6,6,0,35.614,13.225,38.553,37.991,17.024,-55.897,89.944,-0.7082,-0.4721,0.0,0.0,0.2
CHROM,CHROM_4016,6,6,0,15.67,12.726,15.368,20.187,-5.424,-47.172,36.323,-0.0311,-0.0279,33.3,33.3,0.26
CHROM,CHROM_4055,6,6,0,24.446,19.577,17.87,31.319,10.764,-52.383,73.912,0.461,0.3589,16.7,33.3,-1.45
CHROM,CHROM_4073,6,6,0,21.952,6.295,20.552,22.837,10.415,-33.22,54.05,0.0437,0.0348,0.0,0.0,1.41
CHROM,CHROM_4074,6,6,0,19.056,12.571,15.151,22.829,-19.056,-46.047,7.934,0.4081,0.0625,0.0,50.0,2.67
CHROM,CHROM_4087,6,6,0,29.428,16.09,30.99,33.54,-26.679,-70.32,16.962,-0.4927,-0.0572,0.0,33.3,2.02
CHROM,CHROM_4119,6,6,0,32.297,8.876,31.458,33.494,-32.297,-51.353,-13.24,0.8293,0.1994,0.0,0.0,0.53
CHROM,CHROM_4172,6,6,0,29.538,19.014,28.34,35.128,-29.538,-70.362,11.287,-0.2748,-0.0419,16.7,16.7,-0.77
CHROM,CHROM_4173,6,6,0,23.664,9.62,24.506,25.545,-12.692,-60.29,34.906,0.2359,0.1886,0.0,16.7,-1.37
CHROM,CHROM_4179,6,6,0,26.633,17.805,27.999,32.036,-20.075,-73.679,33.529,0.2016,0.1319,16.7,16.7,1.51
CHROM,CHROM_4182,6,6,0,22.772,15.362,22.815,27.469,-19.303,-61.264,22.658,0.1447,0.0776,16.7,33.3,0.81
CHROM,CHROM_4187,6,6,0,13.402,10.363,11.539,16.941,3.996,-31.353,39.344,0.7953,0.5985,33.3,33.3,-0.94
CHROM,CHROM_4211,6,6,0,32.311,17.636,36.852,36.811,-7.436,-84.842,69.97,-0.2288,-0.2111,16.7,16.7,0.05
CHROM,CHROM_4225,6,6,0,27.79,20.992,21.017,34.828,-3.375,-77.801,71.051,-0.0753,-0.0745,16.7,16.7,-0.78
CHROM,CHROM_4249,6,6,0,24.024,18.643,19.535,30.409,-7.5,-70.775,55.774,-0.2564,-0.2087,33.3,33.3,-1.23
CHROM,CHROM_4256,6,6,0,16.927,12.695,11.687,21.159,-5.962,-49.551,37.627,0.4617,0.2338,16.7,33.3,1.48
CHROM,CHROM_4264,6,6,0,26.276,13.609,31.426,29.591,-5.325,-67.821,57.171,-0.2686,-0.2576,16.7,16.7,0.14
CHROM,CHROM_4295,6,6,0,27.759,6.561,27.689,28.524,-4.872,-65.215,55.471,-0.9544,-0.8934,0.0,0.0,-0.31
CHROM,CHROM_4307,6,6,0,18.634,10.613,19.547,21.445,11.068,-28.369,50.506,-0.0964,-0.0622,16.7,33.3,-1.29
CHROM,CHROM_4311,6,6,0,32.028,18.013,38.543,36.746,-32.028,-70.702,6.646,-0.2856,-0.0509,16.7,16.7,0.56
CHROM,CHROM_4312,6,6,0,28.348,14.968,32.103,32.056,-28.227,-60.849,4.395,0.1976,0.0523,16.7,16.7,2.87
CHROM,CHROM_4321,6,6,0,30.792,16.893,32.017,35.122,-30.792,-67.063,5.479,-0.6151,-0.0683,0.0,16.7,1.46
CHROM,CHROM_4322,6,6,0,24.039,16.541,27.75,29.18,-24.039,-59.554,11.476,-0.8169,-0.1638,16.7,33.3,1.67
CHROM,CHROM_4332,6,6,0,17.821,11.831,16.727,21.391,-3.585,-48.863,41.692,0.234,0.2289,16.7,33.3,-0.08
CHROM,CHROM_4354,6,6,0,16.835,9.745,16.519,19.452,-8.326,-46.071,29.419,0.6167,0.4104,16.7,33.3,0.02
CHROM,CHROM_4356,6,6,0,18.087,19.059,9.989,26.275,-3.305,-59.272,52.663,-0.7596,-0.7383,16.7,50.0,-0.94
CHROM,CHROM_4397,6,6,0,16.78,6.887,16.782,18.138,10.471,-21.329,42.271,0.0378,0.0242,0.0,33.3,-0.82
CHROM,CHROM_4404,6,6,0,14.521,9.676,11.118,17.45,3.12,-33.741,39.981,-0.5851,-0.5556,33.3,50.0,-0.65
CHROM,CHROM_4430,6,6,0,11.768,7.242,11.785,13.818,6.097,-20.527,32.721,0.7097,0.6589,16.7,33.3,-0.71
CHROM,CHROM_4434,6,6,0,38.446,23.398,38.54,45.006,-16.996,-106.471,72.479,-0.7194,-0.5066,16.7,16.7,-0.82
CHROM,CHROM_4440,6,6,0,29.823,15.812,29.108,33.755,-18.474,-79.132,42.184,-0.4094,-0.2164,0.0,16.7,-0.19
CHROM,CHROM_4448,6,6,0,35.221,20.456,44.017,40.73,-33.226,-83.807,17.355,-0.5555,-0.029,0.0,33.3,3.47
CHROM,CHROM_4479,6,6,0,14.41,9.969,12.059,17.522,-2.835,-39.961,34.29,0.7708,0.7238,33.3,50.0,-2.15
CHROM,CHROM_4482,6,6,0,21.428,12.414,22.586,24.764,-18.473,-53.883,16.937,0.5885,0.3716,16.7,33.3,-0.13
CHROM,CHROM_4488,6,6,0,27.879,14.693,26.133,31.514,17.933,-37.707,73.573,0.0852,0.0514,0.0,0.0,-0.79
CHROM,CHROM_4493,6,6,0,37.797,21.19,37.263,43.331,23.254,-55.25,101.758,-0.3741,-0.212,16.7,16.7,-1.32
CHROM,CHROM_4504,6,6,0,17.405,8.409,16.154,19.329,-11.525,-44.843,21.792,0.7755,0.66,16.7,16.7,-0.33
CHROM,CHROM_4519,6,6,0,27.204,20.878,25.07,34.293,-7.546,-79.37,64.278,-0.1799,-0.1402,0.0,50.0,-0.43
CHROM,CHROM_4532,6,6,0,26.396,17.673,19.91,31.766,-8.593,-74.254,57.069,0.1637,0.1506,0.0,16.7,-3.43
CHROM,CHROM_4546,6,6,0,19.338,11.889,18.396,22.701,0.02,-48.72,48.759,0.2545,0.2532,16.7,16.7,0.94
CHROM,CHROM_4551,6,6,0,35.504,12.059,31.443,37.496,-35.504,-61.396,-9.613,0.392,0.0616,0.0,0.0,1.67
CHROM,CHROM_4557,6,6,0,25.848,17.547,21.983,31.241,-2.581,-69.429,64.266,-0.5154,-0.5003,0.0,16.7,-0.48
CHROM,CHROM_4571,6,6,0,31.789,20.602,22.49,37.882,27.619,-28.048,83.286,-0.0829,-0.0354,0.0,0.0,-2.33
CHROM,CHROM_4577,6,6,0,23.598,14.17,17.24,27.526,23.598,-6.825,54.021,0.7005,0.2645,0.0,16.7,-2.77
CHROM,CHROM_4610,6,6,0,22.863,10.699,23.056,25.243,2.452,-51.49,56.393,-0.6308,-0.2313,16.7,16.7,-0.15
CHROM,CHROM_4617,6,6,0,19.094,19.2,11.366,27.078,-0.814,-58.927,57.298,-0.7698,-0.5654,33.3,50.0,2.1
CHROM,CHROM_4639,6,6,0,23.221,11.938,17.079,26.11,4.371,-50.898,59.641,0.1454,0.1324,0.0,0.0,-1.92
CHROM,CHROM_4646,6,6,0,37.462,21.724,38.243,43.305,-25.293,-100.765,50.18,-0.5689,-0.3099,0.0,16.7,-0.3
CHROM,CHROM_4685,6,6,0,33.23,16.489,34.538,37.097,-5.384,-84.19,73.422,-0.3822,-0.3712,0.0,0.0,-0.36
CHROM,CHROM_4691,6,6,0,21.314,8.465,22.948,22.934,9.04,-36.213,54.294,0.2235,0.1765,0.0,16.7,-1.73
CHROM,CHROM_4698,6,6,0,31.019,23.778,31.631,39.085,-13.734,-92.3,64.833,-0.5891,-0.4772,16.7,33.3,0.35
CHROM,CHROM_4704,6,6,0,20.762,8.675,20.085,22.501,-16.862,-48.851,15.127,-0.3392,-0.065,0.0,0.0,2.08
CHROM,CHROM_4718,6,6,0,28.367,11.632,33.48,30.659,1.367,-64.395,67.128,-0.9044,-0.7819,0.0,16.7,1.25
CHROM,CHROM_4724,6,6,0,19.245,8.799,18.172,21.161,-12.737,-49.02,23.545,0.4218,0.1967,16.7,16.7,-0.66
CHROM,CHROM_4731,6,6,0,27.544,16.823,24.603,32.275,-25.135,-68.606,18.336,0.5719,0.1347,0.0,16.7,2.22
CHROM,CHROM_4754,6,6,0,27.013,16.383,27.889,31.593,-14.729,-74.739,45.282,0.2521,0.205,0.0,33.3,-0.76
CHROM,CHROM_4784,6,6,0,16.777,8.54,19.526,18.826,-13.03,-42.204,16.143,0.8275,0.5883,16.7,33.3,1.31
CHROM,CHROM_4815,6,6,0,41.676,14.038,46.709,43.976,26.319,-49.324,101.962,-0.9222,-0.3919,0.0,0.0,-0.87
CHROM,CHROM_4822,6,6,0,33.751,17.497,40.927,38.016,-15.505,-90.032,59.022,-0.3796,-0.2497,16.7,16.7,-1.12
CHROM,CHROM_4844,6,6,0,23.555,8.331,23.154,24.985,-8.823,-59.012,41.367,-0.2734,-0.1908,0.0,0.0,0.92
CHROM,CHROM_4874,6,6,0,28.667,20.722,30.082,35.372,20.091,-42.416,82.598,-0.2075,-0.094,16.7,33.3,-3.54
CHROM,CHROM_4892,6,6,0,29.37,22.041,31.137,36.72,-28.91,-77.521,19.701,-0.1726,-0.0577,16.7,33.3,0.47
CHROM,CHROM_4902,6,6,0,24.978,11.659,23.808,27.565,-18.994,-61.885,23.897,-0.3419,-0.1489,0.0,16.7,0.1
CHROM,CHROM_4909,6,6,0,23.829,16.333,24.581,28.889,-10.777,-68.326,46.773,-0.3139,-0.2316,16.7,33.3,-1.27
CHROM,CHROM_4929,6,6,0,26.961,7.577,27.715,28.005,2.952,-56.842,62.747,0.0556,0.041,0.0,0.0,-1.23
CHROM,CHROM_4932,6,6,0,14.658,13.145,12.296,19.689,-13.877,-43.867,16.113,0.7641,0.6192,50.0,50.0,-0.71
CHROM,CHROM_4936,6,6,0,19.083,11.411,16.511,22.235,-8.733,-52.637,35.17,0.3837,0.3139,0.0,33.3,-3.19
CHROM,CHROM_4937,6,6,0,22.484,6.678,20.282,23.455,0.403,-49.948,50.755,-0.6856,-0.685,0.0,0.0,0.01
CHROM,CHROM_4952,6,6,0,18.363,9.733,21.265,20.783,-0.835,-45.422,43.751,-0.302,-0.2997,16.7,16.7,0.21
CHROM,CHROM_4968,6,6,0,23.1,9.101,20.613,24.828,-0.322,-53.625,52.981,0.4004,0.3615,0.0,0.0,-0.7
CHROM,CHROM_5003,6,6,0,24.415,7.332,26.448,25.493,-24.415,-40.158,-8.673,0.8046,0.2327,0.0,16.7,-0.72
CHROM,CHROM_5031,6,6,0,24.989,11.838,25.345,27.652,-15.912,-64.467,32.642,0.1451,0.1019,16.7,16.7,0.47
CHROM,CHROM_5044,6,6,0,22.847,10.353,26.347,25.083,-20.255,-52.022,11.512,0.4249,0.2045,0.0,16.7,-0.97
CHROM,CHROM_5074,6,6,0,33.262,14.147,34.066,36.146,-19.261,-84.932,46.41,-0.5,-0.2644,0.0,0.0,-1.1
CHROM,CHROM_5078,6,6,0,20.723,9.326,18.569,22.725,-4.424,-52.283,43.435,-0.7113,-0.3094,0.0,0.0,0.3
CHROM,CHROM_5096,6,6,0,28.064,12.635,30.812,30.777,16.793,-38.583,72.17,-0.1446,-0.0967,0.0,16.7,0.03
CHROM,CHROM_5123,6,6,0,28.178,20.025,24.751,34.569,-28.178,-71.175,14.818,0.0906,0.0269,16.7,16.7,-0.12
CHROM,CHROM_5125,6,6,0,8.818,5.873,6.513,10.595,-1.421,-23.963,21.122,0.7212,0.4749,16.7,66.7,-0.11
CHROM,CHROM_5130,6,6,0,22.838,17.589,17.764,28.826,-7.871,-67.411,51.668,-0.6005,-0.1341,16.7,33.3,3.29
CHROM,CHROM_5138,6,6,0,17.042,7.653,17.553,18.682,3.4,-36.041,42.841,0.2405,0.2212,0.0,33.3,-1.77
CHROM,CHROM_5148,6,6,0,35.147,20.631,33.901,40.755,-35.147,-79.443,9.149,0.373,0.1298,0.0,16.7,-1.04
CHROM,CHROM_5156,6,6,0,16.254,13.889,10.326,21.38,-10.171,-50.547,30.206,-0.2897,-0.1845,16.7,50.0,1.88
CHROM,CHROM_5174,6,6,0,15.705,18.466,6.252,24.241,10.656,-36.091,57.404,-0.8116,-0.2868,50.0,50.0,-0.33
CHROM,CHROM_5207,6,6,0,27.708,12.744,28.297,30.499,-9.293,-71.662,53.076,-0.8483,-0.7053,0.0,16.7,-0.11
CHROM,CHROM_5214,6,6,0,18.444,16.226,16.073,24.566,-18.081,-53.787,17.624,0.4586,0.2411,33.3,33.3,0.54
CHROM,CHROM_5215,6,6,0,19.463,13.059,17.881,23.438,-5.882,-54.595,42.831,-0.004,-0.0037,16.7,33.3,-1.19
CHROM,CHROM_5217,6,6,0,25.511,9.091,28.255,27.083,-25.511,-45.03,-5.993,0.9164,0.1307,0.0,0.0,1.04
CHROM,CHROM_5223,6,6,0,18.761,11.791,14.221,22.158,-18.761,-44.078,6.556,0.5082,0.2223,0.0,16.7,-0.74
CHROM,CHROM_5228,6,6,0,20.56,11.607,22.022,23.61,3.023,-47.252,53.297,0.3604,0.3102,16.7,16.7,0.95
CHROM,CHROM_5237,6,6,0,17.836,14.872,16.625,23.223,-16.005,-52.135,20.125,0.6795,0.4608,50.0,50.0,-0.12
CHROM,CHROM_5243,6,6,0,26.591,7.183,24.683,27.544,-14.914,-64.635,34.807,-0.6618,-0.3038,0.0,0.0,0.71
CHROM,CHROM_5250,6,6,0,28.558,16.715,29.518,33.09,-9.816,-77.664,58.032,-0.7732,-0.555,16.7,16.7,0.69
CHROM,CHROM_5287,6,6,0,36.499,14.556,41.486,39.294,-33.242,-78.228,11.744,0.0322,0.0065,0.0,16.7,1.72
CHROM,CHROM_5288,6,6,0,23.821,15.912,24.203,28.647,-20.13,-63.892,23.631,0.0502,0.0253,16.7,33.3,-0.54
CHROM,CHROM_5292,6,6,0,14.877,13.723,13.56,20.24,8.495,-30.948,47.938,-0.1151,-0.0711,33.3,33.3,0.41
CHROM,CHROM_5307,6,6,0,29.864,20.547,28.717,36.25,-6.024,-82.774,70.725,-0.1804,-0.1672,16.7,16.7,0.83
CHROM,CHROM_5308,6,6,0,23.574,18.687,22.341,30.082,-21.477,-66.702,23.748,0.4743,0.3043,16.7,33.3,-0.26
CHROM,CHROM_5332,6,6,0,24.659,14.723,26.114,28.72,-24.438,-56.833,7.958,-0.3326,-0.0637,16.7,16.7,0.95
CHROM,CHROM_5347,6,6,0,34.667,13.178,33.51,37.087,7.461,-70.54,85.461,-0.9147,-0.7,0.0,0.0,-1.76
CHROM,CHROM_5353,6,6,0,39.011,11.93,41.252,40.794,-15.489,-96.518,65.54,-0.6608,-0.3865,0.0,0.0,0.72
CHROM,CHROM_5356,6,6,0,34.67,23.045,27.497,41.631,-28.199,-93.954,37.556,-0.9559,-0.3192,0.0,16.7,0.73
CHROM,CHROM_5394,6,6,0,23.343,13.882,23.801,27.159,-8.732,-63.949,46.484,0.3428,0.315,0.0,33.3,0.36
CHROM,CHROM_5395,6,6,0,32.471,10.63,34.845,34.167,-32.471,-55.294,-9.649,0.628,0.0943,0.0,0.0,1.03
CHROM,CHROM_5441,6,6,0,23.527,13.973,21.819,27.363,-21.138,-58.446,16.17,0.186,0.082,0.0,16.7,1.72
CHROM,CHROM_5483,6,6,0,34.863,17.352,40.669,38.943,6.534,-75.893,88.961,-0.3665,-0.346,16.7,16.7,-1.55
CHROM,CHROM_5486,6,6,0,25.649,12.748,23.437,28.642,-6.764,-66.521,52.992,-0.3197,-0.1321,0.0,16.7,0.01
CHROM,CHROM_5500,6,6,0,34.795,11.915,35.429,36.778,-29.043,-77.489,19.402,-0.5838,-0.1566,0.0,0.0,-1.6
CHROM,CHROM_5507,6,6,0,31.519,15.106,29.928,34.952,0.502,-74.534,75.537,-0.428,-0.2966,0.0,16.7,-1.05
CHROM,CHROM_5524,6,6,0,24.847,14.845,18.098,28.944,-24.847,-56.721,7.026,-0.3085,-0.0544,0.0,0.0,0.91
CHROM,CHROM_5526,6,6,0,29.05,10.107,24.958,30.758,-7.047,-71.33,57.236,0.2619,0.2512,0.0,0.0,-2.25
CHROM,CHROM_5533,6,6,0,20.808,14.594,16.364,25.416,-6.52,-59.263,46.224,0.0847,0.0793,16.7,16.7,-1.22
CHROM,CHROM_5535,6,6,0,28.93,17.828,24.702,33.982,12.791,-54.805,80.386,-0.1129,-0.0903,16.7,16.7,-0.83
CHROM,CHROM_5536,6,6,0,35.964,18.879,35.413,40.618,-35.964,-76.499,4.57,0.1163,0.0276,0.0,16.7,-0.4
CHROM,CHROM_5543,6,6,0,20.198,13.33,20.274,24.2,-17.543,-53.335,18.25,0.691,0.5137,16.7,33.3,-0.21
CHROM,CHROM_5550,6,6,0,11.218,9.206,9.3,14.512,-11.144,-31.102,8.815,0.9562,0.7516,50.0,50.0,-1.11
CHROM,CHROM_5562,6,6,0,26.566,14.238,24.34,30.141,-3.572,-67.83,60.686,-0.368,-0.3602,16.7,16.7,-1.43
CHROM,CHROM_5563,6,6,0,43.084,28.15,48.925,51.465,-43.084,-103.525,17.357,-0.1243,-0.0271,0.0,33.3,1.35
CHROM,CHROM_5564,6,6,0,27.088,19.181,28.374,33.192,-24.101,-73.1,24.898,0.1008,0.0499,33.3,33.3,0.55
CHROM,CHROM_5587,6,6,0,31.033,11.747,27.722,33.182,-31.033,-56.255,-5.811,0.4272,0.0785,0.0,0.0,-0.41
CHROM,CHROM_5626,6,6,0,20.439,12.777,19.055,24.104,-9.004,-57.01,39.003,0.3006,0.2493,16.7,16.7,-1.55
CHROM,CHROM_5637,6,6,0,21.865,13.602,18.748,25.75,-4.469,-58.918,49.979,-0.2126,-0.1616,16.7,16.7,-1.07
CHROM,CHROM_5644,6,6,0,25.56,17.107,22.654,30.756,-9.976,-72.442,52.49,0.3257,0.2929,16.7,16.7,2.1
CHROM,CHROM_5646,6,6,0,28.12,15.768,27.075,32.239,-4.467,-73.019,64.084,-0.5182,-0.4872,0.0,16.7,0.7
CHROM,CHROM_5676,6,6,0,29.574,14.718,30.514,33.034,9.613,-58.244,77.469,-0.3626,-0.2849,0.0,0.0,-2.97
CHROM,CHROM_5719,6,6,0,19.663,12.875,20.215,23.504,-14.25,-54.381,25.881,0.345,0.1382,16.7,33.3,-0.18
CHROM,CHROM_5721,6,6,0,33.426,13.137,31.485,35.915,-29.851,-72.73,13.027,-0.0656,-0.0106,0.0,0.0,0.94
CHROM,CHROM_5733,6,6,0,17.69,11.002,14.92,20.832,-14.274,-46.853,18.304,0.4452,0.2984,16.7,33.3,0.98
CHROM,CHROM_5734,6,6,0,17.598,12.262,15.943,21.449,-12.51,-49.918,24.899,0.4924,0.3826,16.7,33.3,-0.65
CHROM,CHROM_5785,6,6,0,29.566,12.403,29.332,32.062,-1.796,-70.527,66.936,-0.0997,-0.0924,0.0,0.0,-0.83
CHROM,CHROM_5790,6,6,0,18.859,12.238,18.625,22.482,6.159,-40.264,52.582,0.4275,0.406,16.7,33.3,0.22
CHROM,CHROM_5796,6,6,0,33.702,22.553,31.939,40.552,-22.724,-94.837,49.39,-0.5718,-0.3324,0.0,16.7,0.41
CHROM,CHROM_5800,6,6,0,29.457,17.557,30.681,34.292,9.896,-60.6,80.391,-0.3783,-0.3143,0.0,16.7,-0.39
CHROM,CHROM_5811,6,6,0,16.397,3.86,16.242,16.845,2.385,-33.418,38.188,0.4313,0.4226,0.0,0.0,-0.82
CHROM,CHROM_5822,6,6,0,17.068,11.487,17.239,20.573,-11.945,-47.909,24.019,-0.3547,-0.1036,16.7,33.3,-0.63
CHROM,CHROM_5833,6,6,0,9.231,7.656,9.996,11.992,-4.238,-28.326,19.849,0.5274,0.4731,33.3,50.0,0.68
CHROM,CHROM_5860,6,6,0,27.66,14.582,25.628,31.269,-27.66,-58.97,3.65,0.6336,0.2383,0.0,0.0,-0.63
CHROM,CHROM_5904,6,6,0,31.1,6.541,30.766,31.781,15.26,-44.595,75.115,-0.3944,-0.2363,0.0,0.0,-2.3
CHROM,CHROM_5909,6,6,0,26.848,21.633,24.117,34.479,-24.51,-76.576,27.557,0.3859,0.2219,16.7,33.3,-0.32
CHROM,CHROM_5921,6,6,0,22.057,17.172,21.901,27.954,-14.118,-65.919,37.682,-0.7333,-0.3532,33.3,33.3,0.59
CHROM,CHROM_5928,6,6,0,16.793,18.577,9.348,25.042,-15.069,-58.012,27.874,-0.7407,-0.3518,33.3,50.0,-0.1
CHROM,CHROM_5938,6,6,0,22.409,14.416,19.814,26.645,-22.409,-53.362,8.545,0.4056,0.1215,0.0,16.7,-1.51
CHROM,CHROM_5948,6,6,0,16.109,11.112,15.243,19.57,5.083,-35.493,45.659,0.5108,0.4194,16.7,50.0,-0.48
CHROM,CHROM_5974,6,6,0,18.557,12.722,16.992,22.498,-17.174,-48.38,14.032,0.2612,0.099,33.3,33.3,-0.09
CHROM,CHROM_5980,6,6,0,21.681,12.062,24.867,24.811,-9.378,-58.696,39.941,0.1138,0.0984,16.7,16.7,0.12
CHROM,CHROM_5989,6,6,0,21.225,14.662,13.278,25.797,4.15,-50.517,58.816,0.3378,0.3213,0.0,16.7,-2.54
CHROM,CHROM_6008,6,6,0,26.226,16.485,21.864,30.976,-7.307,-71.939,57.326,-0.1634,-0.139,0.0,16.7,-1.13
CHROM,CHROM_6028,6,6,0,18.993,9.982,16.925,21.457,-3.568,-48.996,41.859,0.5428,0.4938,0.0,16.7,-2.15
CHROM,CHROM_6031,6,6,0,24.155,10.976,25.998,26.532,-17.319,-60.473,25.834,-0.5369,-0.2203,0.0,16.7,1.3
CHROM,CHROM_6042,6,6,0,7.62,4.298,7.22,8.749,2.731,-15.115,20.576,0.3664,0.2573,16.7,66.7,-0.88
CHROM,CHROM_6066,6,6,0,25.627,11.886,26.228,28.249,-1.864,-62.384,58.656,-0.1075,-0.1062,0.0,16.7,-0.85
CHROM,CHROM_6082,6,6,0,30.045,21.88,30.416,37.168,-29.19,-78.59,20.209,0.0225,0.0078,16.7,16.7,-0.1
CHROM,CHROM_6091,6,6,0,29.029,23.731,24.163,37.494,-21.937,-87.224,43.35,-0.3533,-0.1679,33.3,33.3,-0.4
CHROM,CHROM_6097,6,6,0,23.972,13.086,19.909,27.311,-11.249,-64.683,42.186,-0.066,-0.0328,0.0,16.7,-1.0
CHROM,CHROM_6114,6,6,0,30.647,24.054,29.108,38.959,-30.647,-82.293,21.0,0.2948,0.1369,16.7,33.3,-0.55
CHROM,CHROM_6127,6,6,0,13.414,5.894,13.695,14.652,-13.414,-26.068,-0.76,0.6157,0.2045,16.7,33.3,1.78
CHROM,CHROM_6137,6,6,0,21.914,21.262,11.534,30.533,-20.701,-68.89,27.487,0.4487,0.1908,16.7,33.3,1.1
CHROM,CHROM_6145,6,6,0,21.212,15.518,21.769,26.282,-11.853,-62.219,38.513,-0.0551,-0.0384,33.3,33.3,-0.58
CHROM,CHROM_6176,6,6,0,43.215,7.916,47.132,43.935,4.381,-89.479,98.242,-0.6642,-0.5097,0.0,0.0,1.03
CHROM,CHROM_6193,6,6,0,19.938,9.441,23.837,22.06,0.18,-47.184,47.544,0.0355,0.035,16.7,16.7,0.33
CHROM,CHROM_6223,6,6,0,12.922,9.38,13.114,15.968,-3.206,-36.792,30.38,0.7213,0.6723,33.3,50.0,-1.76
CHROM,CHROM_6245,6,6,0,30.69,20.321,29.539,36.808,-16.838,-87.114,53.437,-0.5971,-0.2729,16.7,16.7,1.33
CHROM,CHROM_6255,6,6,0,21.87,15.046,13.883,26.545,-3.018,-59.644,53.607,-0.4642,-0.3372,0.0,16.7,-0.32
CHROM,CHROM_6277,6,6,0,25.772,12.456,24.596,28.624,-17.17,-66.343,32.003,-0.1566,-0.0689,16.7,16.7,-1.32
CHROM,CHROM_6281,6,6,0,23.034,11.676,22.656,25.824,3.179,-51.845,58.203,-0.2268,-0.2174,0.0,16.7,-0.48
CHROM,CHROM_6289,6,6,0,23.586,18.26,21.114,29.828,4.025,-59.434,67.483,0.1085,0.1056,16.7,16.7,-0.02
CHROM,CHROM_6304,6,6,0,41.843,16.749,37.653,45.07,-19.601,-106.739,67.537,-0.6606,-0.4582,0.0,0.0,0.41
CHROM,CHROM_6307,6,6,0,30.458,6.674,30.467,31.18,-7.186,-72.33,57.958,-0.4588,-0.4229,0.0,0.0,-0.91
CHROM,CHROM_6329,6,6,0,40.745,16.629,38.907,44.008,-27.238,-101.452,46.976,-0.3807,-0.1991,0.0,0.0,-0.38
CHROM,CHROM_6334,6,6,0,30.865,14.86,28.928,34.256,-20.829,-79.221,37.564,-0.219,-0.1137,0.0,16.7,-0.33
CHROM,CHROM_6340,6,6,0,18.974,14.477,14.415,23.866,-17.531,-52.302,17.239,0.276,0.0756,16.7,33.3,1.79
CHROM,CHROM_6354,6,6,0,17.002,12.455,16.021,21.076,-17.002,-43.743,9.74,0.058,0.0174,33.3,33.3,-0.16
CHROM,CHROM_6361,6,6,0,26.095,15.666,29.544,30.436,-26.095,-59.732,7.542,0.5189,0.1642,16.7,16.7,-0.34
CHROM,CHROM_6368,6,6,0,24.289,15.651,32.456,28.895,-22.623,-61.217,15.971,0.7989,0.3306,33.3,33.3,1.79
CHROM,CHROM_6397,6,6,0,46.861,25.38,49.901,53.293,-46.861,-101.353,7.631,0.0735,0.0164,16.7,16.7,0.28
CHROM,CHROM_6401,6,6,0,28.254,17.209,30.377,33.083,6.511,-63.131,76.153,-0.5031,-0.4744,16.7,16.7,-1.97
CHROM,CHROM_6411,6,6,0,17.935,13.46,13.787,22.424,9.854,-33.395,53.103,-0.1594,-0.1154,16.7,33.3,0.14
CHROM,CHROM_6420,6,6,0,16.219,11.451,17.543,19.854,-9.283,-46.964,28.398,0.5952,0.5133,33.3,33.3,-0.3
CHROM,CHROM_6422,6,6,0,28.356,15.091,24.346,32.122,9.257,-56.784,75.298,-0.6259,-0.3123,0.0,0.0,-2.85
CHROM,CHROM_6425,6,6,0,29.947,21.664,29.948,36.962,8.884,-68.149,85.918,-0.0217,-0.0188,16.7,16.7,-0.21
CHROM,CHROM_6427,6,6,0,24.836,15.365,21.371,29.204,-2.759,-65.182,59.664,0.0333,0.033,0.0,16.7,-0.5
CHROM,CHROM_6473,6,6,0,14.846,12.312,11.82,19.287,14.846,-11.589,41.281,0.3388,0.1726,33.3,50.0,-2.75
CHROM,CHROM_6477,6,6,0,13.261,10.801,8.364,17.103,-4.337,-39.858,31.185,0.7646,0.6766,33.3,66.7,-0.49
CHROM,CHROM_6495,6,6,0,15.851,15.248,13.109,21.995,-11.268,-51.824,29.289,0.7759,0.4958,33.3,33.3,0.67
CHROM,CHROM_6503,6,6,0,34.416,14.04,32.715,37.17,-34.416,-64.561,-4.272,-0.1973,-0.0233,0.0,0.0,0.16
CHROM,CHROM_6537,6,6,0,40.72,29.029,39.171,50.008,9.873,-95.384,115.13,-0.8484,-0.7822,0.0,16.7,0.3
CHROM,CHROM_6599,6,6,0,25.774,14.095,20.974,29.377,-19.837,-66.358,26.684,-0.0536,-0.0196,0.0,0.0,-0.1
CHROM,CHROM_6604,6,6,0,23.241,19.954,15.077,30.631,-20.017,-69.8,29.767,-0.0073,-0.0038,16.7,50.0,0.95
CHROM,CHROM_6631,6,6,0,16.21,9.989,12.694,19.04,3.401,-36.822,43.624,0.8618,0.229,16.7,16.7,0.36
CHROM,CHROM_6667,6,6,0,15.921,7.32,13.935,17.524,-4.938,-41.038,31.162,0.6592,0.5154,0.0,16.7,0.25
CHROM,CHROM_6678,6,6,0,22.25,14.302,24.002,26.45,-22.25,-52.958,8.458,0.2757,0.0467,16.7,33.3,3.13
CHROM,CHROM_6698,6,6,0,38.709,24.896,30.971,46.024,-29.736,-105.158,45.685,-0.7439,-0.2746,16.7,16.7,-1.1
CHROM,CHROM_6718,6,6,0,19.997,20.087,14.595,28.344,-11.299,-67.11,44.512,-0.6567,-0.4538,33.3,50.0,-0.13
CHROM,CHROM_6725,6,6,0,25.791,16.769,22.782,30.763,-25.791,-61.796,10.215,0.623,0.2859,0.0,33.3,-1.94
CHROM,CHROM_6731,6,6,0,37.222,9.206,37.309,38.344,-37.222,-56.988,-17.456,0.6021,0.08,0.0,0.0,0.32
CHROM,CHROM_6737,6,6,0,23.321,16.734,21.576,28.704,6.049,-54.196,66.294,0.2092,0.2011,16.7,33.3,0.34
CHROM,CHROM_6750,6,6,0,15.876,10.956,14.303,19.29,3.138,-37.726,44.003,-0.1198,-0.1161,16.7,50.0,-0.88
CHROM,CHROM_6782,6,6,0,34.465,13.357,39.767,36.963,-11.113,-86.804,64.579,-0.2217,-0.186,0.0,16.7,-1.57
CHROM,CHROM_6803,6,6,0,18.705,13.734,17.846,23.206,-7.132,-54.545,40.28,-0.0233,-0.0205,33.3,33.3,-0.29
CHROM,CHROM_6846,6,6,0,27.189,18.661,26.133,32.976,-24.004,-72.552,24.545,0.2069,0.087,16.7,33.3,0.14
CHROM,CHROM_6847,6,6,0,35.23,17.899,27.428,39.516,-25.289,-90.482,39.903,-0.3863,-0.1318,0.0,0.0,-1.34
CHROM,CHROM_6856,6,6,0,20.614,12.038,21.256,23.871,-7.294,-56.096,41.507,0.3261,0.189,16.7,16.7,-1.5
CHROM,CHROM_6880,6,6,0,14.531,6.949,13.264,16.107,3.079,-30.867,37.025,-0.1226,-0.0314,16.7,16.7,1.07
CHROM,CHROM_6916,6,6,0,19.388,9.765,13.157,21.708,-6.992,-51.116,37.132,0.2059,0.1593,0.0,0.0,-0.26
CHROM,CHROM_6923,6,6,0,38.814,20.6,47.04,43.942,-38.814,-83.044,5.416,-0.2148,-0.0322,16.7,16.7,0.63
CHROM,CHROM_6968,6,6,0,23.891,15.77,25.317,28.626,-12.539,-67.791,42.712,-0.2589,-0.1852,16.7,33.3,0.42
CHROM,CHROM_6974,6,6,0,10.852,5.245,11.628,12.053,-3.889,-28.383,20.606,0.5058,0.2865,33.3,33.3,0.65
CHROM,CHROM_6987,6,6,0,32.249,15.327,35.034,35.706,-22.512,-82.018,36.994,-0.4402,-0.216,16.7,16.7,0.67
CHROM,CHROM_6993,6,6,0,39.434,10.927,40.191,40.92,-12.64,-96.201,70.922,-0.7189,-0.5516,0.0,0.0,0.44
CHROM,CHROM_7006,6,6,0,27.559,12.677,30.023,30.335,-3.032,-67.837,61.773,-0.2943,-0.2769,0.0,16.7,-1.58
CHROM,CHROM_7047,6,6,0,28.638,26.725,14.662,39.171,-19.957,-92.326,52.411,-0.3669,-0.2349,16.7,33.3,-0.41
CHROM,CHROM_7048,6,6,0,13.951,10.832,10.582,17.662,4.717,-31.829,41.262,0.646,0.5999,16.7,50.0,-2.7
CHROM,CHROM_7050,6,6,0,26.565,13.908,29.991,29.985,-26.565,-56.426,3.296,0.2316,0.0571,16.7,16.7,-1.35
CHROM,CHROM_7056,6,6,0,25.0,8.895,24.354,26.535,-18.002,-59.859,23.856,-0.1588,-0.0599,0.0,16.7,-2.71
CHROM,CHROM_7069,6,6,0,30.956,12.863,32.205,33.522,0.633,-71.329,72.594,-0.0655,-0.0587,0.0,16.7,-1.21
CHROM,CHROM_7082,6,6,0,18.859,15.774,15.142,24.586,-6.548,-57.43,44.334,-0.5648,-0.3237,16.7,50.0,-0.1
CHROM,CHROM_7137,6,6,0,35.063,13.244,37.734,37.48,5.251,-74.428,84.93,-0.1451,-0.0835,0.0,0.0,-1.39
CHROM,CHROM_7142,6,6,0,32.157,19.116,34.849,37.41,-25.753,-84.013,32.506,-0.1637,-0.036,16.7,16.7,0.35
CHROM,CHROM_7151,6,6,0,26.961,15.462,26.845,31.08,-17.857,-72.474,36.759,-0.323,-0.1258,16.7,16.7,-0.54
CHROM,CHROM_7165,6,6,0,34.644,17.7,25.688,38.904,-28.159,-85.795,29.478,0.2473,0.1331,0.0,0.0,-1.13
CHROM,CHROM_7176,6,6,0,18.959,15.46,13.762,24.463,-18.581,-52.745,15.583,-0.0297,-0.0026,16.7,50.0,4.48
CHROM,CHROM_7185,6,6,0,13.532,7.966,13.134,15.703,-6.331,-37.184,24.521,0.7272,0.6265,16.7,33.3,-0.69
CHROM,CHROM_7186,6,6,0,35.518,22.997,39.228,42.313,4.995,-85.219,95.209,-0.402,-0.377,16.7,33.3,-1.91
CHROM,CHROM_7187,6,6,0,21.486,16.635,16.168,27.172,-15.783,-63.274,31.709,-0.4237,-0.1916,0.0,16.7,-0.83
CHROM,CHROM_7211,6,6,0,36.108,15.877,28.466,39.444,-36.108,-70.196,-2.02,0.1348,0.0229,0.0,0.0,2.96
CHROM,CHROM_7222,6,6,0,15.688,11.81,8.909,19.636,-10.383,-46.167,25.4,0.519,0.3399,0.0,50.0,-2.07
CHROM,CHROM_7231,6,6,0,28.522,12.316,27.655,31.068,8.551,-55.578,72.679,0.023,0.0151,0.0,0.0,-1.69
CHROM,CHROM_7233,6,6,0,24.76,19.623,23.093,31.593,2.215,-65.45,69.881,0.1701,0.1689,33.3,33.3,-0.61
CHROM,CHROM_7248,6,6,0,17.252,9.18,16.778,19.542,-15.874,-40.348,8.601,0.7843,0.5451,16.7,33.3,0.37
CHROM,CHROM_7279,6,6,0,28.704,15.014,20.822,32.393,-3.398,-72.565,65.769,-0.1002,-0.0647,0.0,0.0,-0.73
CHROM,CHROM_7280,6,6,0,14.609,6.574,15.603,16.02,4.85,-27.932,37.632,0.3527,0.1453,16.7,33.3,-2.08
CHROM,CHROM_7362,6,6,0,24.423,12.403,28.61,27.392,3.916,-54.292,62.125,-0.4377,-0.3283,0.0,33.3,0.7
CHROM,CHROM_7376,6,6,0,33.032,22.074,36.067,39.729,-15.482,-94.04,63.075,-0.2361,-0.1775,16.7,16.7,-1.51
CHROM,CHROM_7380,6,6,0,25.811,10.569,22.943,27.892,-22.05,-58.723,14.624,0.1038,0.0416,0.0,0.0,1.15
CHROM,CHROM_7396,6,6,0,28.844,19.878,24.316,35.03,-4.723,-79.249,69.802,-0.1354,-0.1325,16.7,16.7,-0.09
CHROM,CHROM_7412,6,6,0,17.277,14.143,11.223,22.327,-4.723,-51.578,42.131,0.4861,0.4701,16.7,50.0,-1.41
CHROM,CHROM_7437,6,6,0,20.651,8.399,21.564,22.293,-6.575,-52.311,39.161,0.2159,0.1983,0.0,16.7,-0.81
CHROM,CHROM_7445,6,6,0,26.493,20.223,17.771,33.329,9.552,-59.007,78.111,-0.102,-0.0884,0.0,16.7,-0.63
CHROM,CHROM_7456,6,6,0,27.639,14.664,33.603,31.288,-27.313,-60.082,5.457,0.5518,0.1411,16.7,16.7,2.48
CHROM,CHROM_7473,6,6,0,27.592,18.96,22.059,33.478,-24.823,-73.053,23.407,-0.05,-0.0214,0.0,33.3,-1.46
CHROM,CHROM_7509,6,6,0,35.327,22.496,29.112,41.882,-29.608,-93.208,33.992,-0.3686,-0.1428,0.0,16.7,2.54
CHROM,CHROM_7514,6,6,0,18.154,21.523,8.32,28.157,-2.609,-62.803,57.585,-0.1724,-0.1522,50.0,50.0,0.14
CHROM,CHROM_7519,6,6,0,14.35,18.517,6.691,23.426,6.413,-41.963,54.79,-0.2012,-0.0883,33.3,66.7,1.9
CHROM,CHROM_7520,6,6,0,18.66,16.607,9.681,24.98,-12.546,-58.924,33.831,-0.2484,-0.0912,16.7,66.7,1.52
CHROM,CHROM_7539,6,6,0,18.473,14.403,15.754,23.424,-9.862,-55.48,35.756,0.5991,0.4045,16.7,50.0,0.08
CHROM,CHROM_7542,6,6,0,24.945,16.681,22.495,30.009,7.853,-54.332,70.038,-0.0692,-0.0347,0.0,33.3,-1.51
CHROM,CHROM_7557,6,6,0,16.898,16.55,9.921,23.653,-16.007,-53.395,21.38,0.1315,0.0635,33.3,50.0,1.38
CHROM,CHROM_7568,6,6,0,27.165,19.075,27.023,33.193,9.324,-59.075,77.722,-0.146,-0.1168,0.0,33.3,-1.82
CHROM,CHROM_7570,6,6,0,12.321,7.693,9.018,14.526,-1.205,-32.285,29.874,0.5171,0.5141,16.7,50.0,-1.35
CHROM,CHROM_7576,6,6,0,59.016,18.626,68.517,61.886,-35.413,-144.38,73.554,-0.6951,-0.3766,0.0,0.0,1.71
CHROM,CHROM_7596,6,6,0,15.957,9.125,17.535,18.381,-15.957,-35.549,3.636,0.7627,0.4418,16.7,33.3,0.38
CHROM,CHROM_7598,6,6,0,28.974,15.436,36.35,32.829,3.841,-66.16,73.843,-0.7352,-0.492,16.7,16.7,-0.97
CHROM,CHROM_7601,6,6,0,14.079,6.085,10.85,15.337,-7.116,-36.287,22.055,-0.3999,-0.2025,0.0,33.3,0.7
CHROM,CHROM_7604,6,6,0,19.495,11.511,16.379,22.639,-3.339,-51.416,44.737,-0.6755,-0.6471,0.0,33.3,0.76
CHROM,CHROM_7626,6,6,0,26.401,8.852,25.168,27.846,-14.993,-65.373,35.387,0.0875,0.0626,0.0,0.0,0.14
CHROM,CHROM_7628,6,6,0,28.899,12.353,32.145,31.429,-20.312,-71.805,31.181,0.2306,0.1227,16.7,16.7,-2.17
CHROM,CHROM_7637,6,6,0,8.489,5.241,9.521,9.976,-2.982,-23.422,17.459,0.8135,0.6828,33.3,50.0,1.03
CHROM,CHROM_7685,6,6,0,18.98,12.824,17.75,22.906,-10.077,-54.243,34.089,0.407,0.3209,16.7,33.3,1.09
CHROM,CHROM_7695,6,6,0,19.771,18.492,17.012,27.071,16.363,-29.942,62.668,-0.4528,-0.1372,33.3,50.0,-0.69
CHROM,CHROM_7736,6,6,0,20.97,18.212,10.265,27.774,-1.032,-60.625,58.561,0.0874,0.0765,0.0,50.0,-0.27
CHROM,CHROM_7748,6,6,0,15.745,7.467,16.197,17.426,7.951,-25.343,41.245,-0.7636,-0.394,16.7,16.7,2.65
CHROM,CHROM_7759,6,6,0,38.938,24.009,36.739,45.745,-38.938,-90.488,12.611,-0.667,-0.0723,0.0,16.7,2.53
CHROM,CHROM_7769,6,6,0,12.199,8.646,9.134,14.952,5.704,-23.971,35.379,0.3965,0.2273,0.0,66.7,-2.13
CHROM,CHROM_7788,6,6,0,18.18,11.566,21.362,21.547,-2.844,-48.703,43.015,0.5205,0.5023,33.3,33.3,-1.47
CHROM,CHROM_7793,6,6,0,28.36,14.682,29.19,31.935,8.49,-57.61,74.59,-0.3571,-0.2719,0.0,16.7,-1.97
CHROM,CHROM_7831,6,6,0,23.395,13.897,24.557,27.211,-0.714,-59.118,57.69,-0.164,-0.1616,16.7,33.3,0.75
CHROM,CHROM_7864,6,6,0,28.265,21.094,19.435,35.269,-20.564,-82.085,40.957,-0.2314,-0.1406,0.0,16.7,-0.34
CHROM,CHROM_7865,6,6,0,20.857,21.624,8.044,30.043,-17.288,-70.044,35.468,0.2468,0.1748,16.7,66.7,0.38
CHROM,CHROM_7878,6,6,0,12.319,8.482,9.938,14.957,3.134,-28.266,34.535,0.1933,0.0955,16.7,50.0,1.76
CHROM,CHROM_7889,6,6,0,40.611,12.715,45.632,42.555,-10.19,-98.901,78.521,-0.7082,-0.638,0.0,0.0,0.2
CHROM,CHROM_7901,6,6,0,32.539,21.105,30.227,38.784,-12.052,-91.201,67.097,-0.4319,-0.3486,16.7,16.7,-1.58
CHROM,CHROM_7927,6,6,0,19.947,5.53,17.969,20.7,-2.188,-46.382,42.007,0.5353,0.3755,0.0,0.0,-0.09
CHROM,CHROM_7928,6,6,0,24.69,20.719,21.754,32.232,-22.827,-71.684,26.029,-0.1463,-0.0356,0.0,33.3,2.86
CHROM,CHROM_7942,6,6,0,15.579,10.437,15.663,18.752,7.56,-29.286,44.405,0.3764,0.3304,16.7,33.3,-1.73
CHROM,CHROM_7957,6,6,0,32.194,19.214,34.06,37.491,-1.752,-82.16,78.656,-0.3693,-0.3665,0.0,16.7,-0.8
CHROM,CHROM_7959,6,6,0,23.593,14.99,22.02,27.953,9.858,-46.302,66.018,0.1347,0.0984,16.7,16.7,-2.71
CHROM,CHROM_7969,6,6,0,32.879,17.033,27.757,37.029,-11.88,-87.182,63.421,-0.3262,-0.2772,0.0,0.0,-0.89
CHROM,CHROM_7983,6,6,0,29.211,11.116,32.52,31.255,6.454,-59.205,72.114,-0.2243,-0.2088,0.0,0.0,-0.66
CHROM,CHROM_7997,6,6,0,18.12,14.092,20.209,22.955,-6.133,-53.627,41.361,0.4374,0.4119,33.3,50.0,-0.8
CHROM,CHROM_8001,6,6,0,37.108,18.314,30.721,41.381,9.521,-76.942,95.985,-0.2454,-0.2092,0.0,0.0,-2.09
CHROM,CHROM_8009,6,6,0,47.901,9.95,51.106,48.923,-47.901,-69.264,-26.538,-0.929,-0.0135,0.0,0.0,3.1
CHROM,CHROM_8021,6,6,0,28.74,15.516,23.367,32.661,-9.575,-76.619,57.469,-0.33,-0.2921,0.0,0.0,-0.43
CHROM,CHROM_8147,6,6,0,31.361,14.361,31.895,34.493,12.316,-56.862,81.493,-0.6804,-0.5234,0.0,0.0,-1.34
CHROM,CHROM_8213,6,6,0,28.252,18.36,23.774,33.693,-17.462,-79.331,44.406,-0.5398,-0.3437,16.7,16.7,0.42
CHROM,CHROM_8262,6,6,0,35.824,23.888,39.078,43.058,-33.946,-90.818,22.926,0.0732,0.0182,16.7,33.3,0.03
CHROM,CHROM_8266,6,6,0,32.28,14.651,37.246,35.449,-23.63,-80.366,33.106,-0.597,-0.183,16.7,16.7,0.0
CHROM,CHROM_8290,6,6,0,27.879,16.622,26.136,32.458,-27.308,-64.977,10.362,0.3484,0.1164,16.7,16.7,0.62
CHROM,CHROM_8331,6,6,0,25.531,20.383,20.688,32.67,-25.531,-69.296,18.233,0.3676,0.1827,16.7,33.3,-1.0
CHROM,CHROM_8364,6,6,0,18.768,11.648,16.36,22.089,-5.34,-51.361,40.68,-0.5776,-0.5223,0.0,33.3,1.96
CHROM,CHROM_8370,6,6,0,9.451,7.069,8.65,11.802,1.724,-23.344,26.792,0.6444,0.6389,33.3,50.0,-0.46
CHROM,CHROM_8377,6,6,0,31.638,12.092,28.803,33.87,-15.803,-80.124,48.518,-0.8096,-0.5381,0.0,0.0,0.65
CHROM,CHROM_8380,6,6,0,37.006,28.526,37.239,46.724,11.276,-86.08,108.632,-0.7985,-0.7152,33.3,33.3,-0.86
CHROM,CHROM_8381,6,6,0,19.088,15.324,16.669,24.478,-2.96,-55.131,49.211,0.3275,0.3155,16.7,33.3,0.46
CHROM,CHROM_8384,6,6,0,31.424,20.781,31.327,37.673,-31.424,-76.042,13.194,0.2059,0.06,16.7,16.7,-0.0
CHROM,CHROM_8412,6,6,0,21.214,17.372,17.886,27.419,-15.396,-64.11,33.317,-0.7073,-0.2953,16.7,50.0,0.3
CHROM,CHROM_8428,6,6,0,32.789,20.874,26.66,38.869,22.555,-45.412,90.522,-0.7443,-0.3709,16.7,16.7,-1.75
CHROM,CHROM_8430,6,6,0,25.62,17.277,21.176,30.901,17.514,-37.146,72.175,-0.4846,-0.2716,0.0,16.7,-2.84
CHROM,CHROM_8432,6,6,0,27.345,12.377,23.883,30.016,-15.078,-70.803,40.647,0.1029,0.0483,0.0,0.0,0.59
CHROM,CHROM_8490,6,6,0,19.5,15.61,14.949,24.978,-1.217,-54.783,52.35,-0.2897,-0.2881,16.7,16.7,-0.71
CHROM,CHROM_8500,6,6,0,36.867,15.071,38.278,39.828,-7.674,-91.586,76.238,-0.3123,-0.2925,0.0,0.0,-1.95
CHROM,CHROM_8514,6,6,0,14.83,17.6,4.666,23.015,11.719,-30.81,54.248,0.3175,0.2489,50.0,66.7,-0.98
CHROM,CHROM_8517,6,6,0,43.001,18.953,50.219,46.993,-18.077,-111.21,75.055,-0.8186,-0.622,0.0,0.0,0.93
CHROM,CHROM_8540,6,6,0,31.183,21.017,25.258,37.605,-29.947,-78.781,18.888,-0.0095,-0.0029,16.7,16.7,3.55
CHROM,CHROM_8541,6,6,0,28.981,22.719,25.989,36.824,-0.657,-79.708,78.394,-0.7197,-0.615,33.3,33.3,1.05
CHROM,CHROM_8550,6,6,0,29.326,17.2,31.481,33.998,-29.326,-66.256,7.603,0.2278,0.0693,16.7,16.7,-0.44
CHROM,CHROM_8555,6,6,0,36.292,22.117,48.363,42.5,-16.909,-100.626,66.808,-0.6321,-0.4833,16.7,33.3,-1.91
CHROM,CHROM_8563,6,6,0,16.293,5.768,14.414,17.284,-11.504,-39.199,16.192,0.5317,0.3613,0.0,16.7,0.81
CHROM,CHROM_8565,6,6,0,35.011,16.294,36.88,38.617,-35.011,-69.995,-0.026,-0.8537,-0.0891,16.7,16.7,1.24
CHROM,CHROM_8584,6,6,0,15.244,9.246,13.546,17.829,-9.722,-41.81,22.366,0.6561,0.5657,16.7,33.3,0.15
CHROM,CHROM_8587,6,6,0,28.49,21.476,20.018,35.677,-15.427,-84.498,53.644,-0.5676,-0.3232,0.0,16.7,-0.29
CHROM,CHROM_8603,6,6,0,22.484,19.159,15.391,29.54,19.632,-27.758,67.022,0.3306,0.1527,16.7,50.0,-1.26
CHROM,CHROM_8661,6,6,0,26.278,19.829,27.764,32.92,7.353,-61.542,76.249,-0.1089,-0.0999,33.3,33.3,0.07
CHROM,CHROM_8664,6,6,0,18.751,11.111,17.737,21.796,-5.794,-50.907,39.318,0.3131,0.2972,16.7,16.7,-1.17
CHROM,CHROM_8679,6,6,0,17.512,12.968,13.335,21.791,-15.975,-47.795,15.845,0.7147,0.5366,33.3,50.0,1.23
CHROM,CHROM_8681,6,6,0,19.794,10.037,23.567,22.193,-3.365,-50.464,43.735,-0.225,-0.1797,16.7,16.7,-0.75
CHROM,CHROM_8706,6,6,0,27.113,20.259,20.715,33.846,-15.466,-80.104,49.172,-0.5473,-0.1912,0.0,33.3,0.47
CHROM,CHROM_8718,6,6,0,16.622,11.713,10.248,20.334,-16.622,-41.769,8.526,0.2198,0.0572,0.0,50.0,-0.44
CHROM,CHROM_8730,6,6,0,11.979,9.821,8.05,15.49,9.039,-17.97,36.048,0.6055,0.1457,50.0,50.0,-0.17
CHROM,CHROM_8738,6,6,0,9.681,9.109,5.806,13.293,-7.881,-30.865,15.102,0.8016,0.6976,33.3,66.7,-1.68
CHROM,CHROM_8768,6,6,0,23.174,14.836,18.625,27.516,-4.798,-62.972,53.375,-0.4635,-0.3453,0.0,16.7,-0.06
CHROM,CHROM_8772,6,6,0,25.673,21.105,22.439,33.234,-8.807,-77.612,59.998,-0.3787,-0.1279,33.3,33.3,1.49
CHROM,CHROM_8785,6,6,0,18.224,10.552,21.011,21.059,2.457,-42.449,47.363,0.5174,0.5136,16.7,33.3,0.12
CHROM,CHROM_8802,6,6,0,19.114,15.145,15.671,24.387,-6.512,-56.972,43.949,0.2173,0.1818,16.7,16.7,0.86
CHROM,CHROM_8808,6,6,0,45.742,15.025,49.225,48.146,-45.742,-78.002,-13.481,0.4234,0.06,0.0,0.0,1.21
CHROM,CHROM_8817,6,6,0,12.978,10.391,13.119,16.625,-12.978,-35.289,9.333,0.913,0.7314,33.3,50.0,-1.63
CHROM,CHROM_8834,6,6,0,19.196,9.124,19.417,21.254,-0.124,-45.756,45.509,-0.3054,-0.3016,0.0,16.7,-0.05
CHROM,CHROM_8844,6,6,0,40.183,20.892,36.654,45.29,40.183,-4.673,85.039,-0.21,-0.0355,0.0,0.0,-4.19
CHROM,CHROM_8847,6,6,0,16.171,8.444,18.91,18.242,-8.98,-43.074,25.113,-0.7232,-0.4577,16.7,33.3,-1.2
CHROM,CHROM_8848,6,6,0,20.385,15.382,18.199,25.537,-6.207,-59.393,46.98,-0.1114,-0.0875,33.3,33.3,-1.46
CHROM,CHROM_8852,6,6,0,22.633,17.912,20.021,28.863,-9.285,-67.961,49.391,0.0523,0.0469,16.7,33.3,-0.96
CHROM,CHROM_8874,6,6,0,35.968,21.481,42.374,41.895,-0.543,-90.487,89.401,-0.7379,-0.6847,16.7,16.7,-1.09
CHROM,CHROM_8897,6,6,0,27.043,16.915,24.882,31.897,15.843,-43.597,75.284,0.0835,0.0642,0.0,16.7,-0.29
CHROM,CHROM_8902,6,6,0,30.094,17.659,26.686,34.892,-30.094,-68.009,7.821,0.5164,0.2076,0.0,16.7,-0.78
CHROM,CHROM_9003,6,6,0,21.24,12.24,19.84,24.515,14.586,-27.718,56.89,0.1546,0.1,0.0,16.7,0.22
CHROM,CHROM_9028,6,6,0,19.134,13.307,18.11,23.307,-7.403,-54.853,40.046,0.4095,0.349,16.7,16.7,-1.56
CHROM,CHROM_9039,6,6,0,18.248,13.178,12.441,22.509,-14.349,-51.584,22.886,0.6323,0.4879,0.0,33.3,-0.55
CHROM,CHROM_9064,6,6,0,13.963,14.096,9.482,19.84,7.642,-31.671,46.954,0.4826,0.4222,33.3,50.0,-1.14
CHROM,CHROM_9077,6,6,0,17.539,13.062,12.673,21.868,-15.983,-48.029,16.064,0.3007,0.1666,16.7,33.3,-0.38
CHROM,CHROM_9092,6,6,0,20.767,16.026,14.633,26.232,-1.462,-57.696,54.772,-0.481,-0.4651,0.0,33.3,-0.71
CHROM,CHROM_9098,6,6,0,21.066,10.925,18.32,23.731,-10.862,-56.163,34.438,0.3355,0.2075,0.0,0.0,0.32
CHROM,CHROM_9105,6,6,0,29.959,19.442,24.595,35.715,0.691,-75.977,77.359,-0.1696,-0.1372,0.0,16.7,-2.77
CHROM,CHROM_9115,6,6,0,41.676,13.369,40.755,43.768,-26.239,-101.453,48.975,-0.6599,-0.335,0.0,0.0,-1.62
CHROM,CHROM_9118,6,6,0,23.767,20.752,21.178,31.552,3.294,-64.08,70.667,0.2271,0.2155,33.3,50.0,-0.5
CHROM,CHROM_9139,6,6,0,19.314,14.027,17.865,23.871,-17.118,-52.837,18.601,0.3875,0.0413,16.7,33.3,3.48
CHROM,CHROM_9141,6,6,0,33.891,16.487,34.327,37.688,15.932,-57.402,89.266,-0.513,-0.3859,0.0,16.7,-2.43
CHROM,CHROM_9146,6,6,0,30.68,15.387,30.7,34.322,-21.967,-78.588,34.655,-0.0782,-0.0119,0.0,16.7,0.93
CHROM,CHROM_9153,6,6,0,32.681,10.301,31.206,34.267,-1.77,-75.244,71.705,-0.3804,-0.3583,0.0,0.0,-3.0
CHROM,CHROM_9160,6,6,0,24.506,13.856,24.087,28.152,-1.446,-61.811,58.919,-0.0262,-0.0254,0.0,16.7,0.75
CHROM,CHROM_9163,6,6,0,25.379,20.225,14.73,32.452,-15.559,-76.705,45.588,-0.1188,-0.0881,0.0,16.7,-1.71
CHROM,CHROM_9174,6,6,0,32.458,8.072,30.849,33.446,-22.522,-75.611,30.566,-0.3244,-0.1223,0.0,0.0,-1.0
CHROM,CHROM_9199,6,6,0,22.344,11.199,23.145,24.994,-7.481,-58.684,43.723,-0.0978,-0.0853,0.0,16.7,0.01
CHROM,CHROM_9211,6,6,0,28.11,21.971,18.992,35.677,-28.11,-75.283,19.063,-0.2458,-0.0644,16.7,16.7,2.13
CHROM,CHROM_9229,6,6,0,19.226,7.167,17.624,20.518,-15.552,-44.288,13.185,0.6322,0.4013,0.0,0.0,0.01
CHROM,CHROM_9256,6,6,0,23.159,15.049,19.71,27.619,0.972,-58.291,60.236,0.1422,0.1101,0.0,16.7,0.1
CHROM,CHROM_9282,6,6,0,35.512,16.035,40.538,38.965,-22.061,-91.022,46.901,-0.448,-0.1895,0.0,16.7,0.43
CHROM,CHROM_9283,6,6,0,17.26,10.84,14.774,20.382,11.905,-23.616,47.425,0.5622,0.4067,16.7,16.7,-0.88
CHROM,CHROM_9286,6,6,0,18.329,18.769,11.287,26.234,-14.907,-61.257,31.443,0.2382,0.1702,33.3,33.3,0.71
CHROM,CHROM_9292,6,6,0,16.427,13.055,12.831,20.982,-14.636,-46.917,17.645,0.6995,0.5436,16.7,33.3,-1.46
CHROM,CHROM_9305,6,6,0,32.669,15.904,36.443,36.334,-32.669,-66.815,1.477,-0.1062,-0.0175,0.0,16.7,1.2
CHROM,CHROM_9308,6,6,0,24.486,11.66,23.502,27.12,-19.943,-59.404,19.518,-0.4358,-0.1599,0.0,16.7,0.21
CHROM,CHROM_9309,6,6,0,29.338,11.277,30.168,31.431,-12.674,-74.429,49.08,-0.1638,-0.1083,0.0,0.0,0.45
CHROM,CHROM_9396,6,6,0,30.949,5.142,32.106,31.374,12.384,-49.508,74.275,-0.4559,-0.2349,0.0,0.0,-1.4
CHROM,CHROM_9401,6,6,0,19.114,14.644,16.839,24.079,-19.114,-50.555,12.326,-0.1236,-0.0384,16.7,33.3,1.62
CHROM,CHROM_9425,6,6,0,30.278,21.067,28.282,36.886,-4.923,-83.411,73.565,-0.5904,-0.5275,16.7,16.7,-0.12
CHROM,CHROM_9464,6,6,0,20.13,7.101,21.142,21.346,-6.726,-50.223,36.771,0.0997,0.0807,0.0,16.7,1.58
CHROM,CHROM_9486,6,6,0,28.784,14.771,25.669,32.353,-21.786,-73.14,29.568,0.3345,0.1876,0.0,0.0,-0.99
CHROM,CHROM_9512,6,6,0,21.233,17.39,13.293,27.446,-17.514,-62.884,27.857,-0.4497,-0.1169,0.0,33.3,0.92
CHROM,CHROM_9519,6,6,0,24.813,21.139,23.341,32.597,-7.065,-75.389,61.258,-0.2596,-0.2342,16.7,50.0,0.08
CHROM,CHROM_9554,6,6,0,15.858,12.695,12.93,20.313,10.068,-27.813,47.948,0.5283,0.4417,16.7,33.3,-1.13
CHROM,CHROM_9597,6,6,0,15.304,9.678,14.12,18.107,-4.006,-41.921,33.908,0.0417,0.026,33.3,50.0,-1.17
CHROM,CHROM_9620,6,6,0,16.038,10.492,13.605,19.165,-5.066,-44.75,34.619,0.5541,0.3517,0.0,50.0,-1.79
CHROM,CHROM_9629,6,6,0,16.695,7.909,15.496,18.474,-10.668,-43.051,21.715,-0.1353,-0.0772,16.7,16.7,1.03
CHROM,CHROM_9640,6,6,0,32.039,20.406,34.337,37.985,-26.695,-84.717,31.327,-0.3932,-0.1644,16.7,16.7,1.43
CHROM,CHROM_9676,6,6,0,27.003,9.5,26.547,28.626,11.27,-45.227,67.768,-0.8916,-0.6615,0.0,0.0,-1.26
CHROM,CHROM_9711,6,6,0,15.912,10.892,12.653,19.283,3.194,-37.635,44.024,0.0828,0.0785,16.7,33.3,1.98
CHROM,CHROM_9715,6,6,0,21.212,20.465,15.617,29.475,-20.39,-66.088,25.307,-0.0875,-0.0436,33.3,50.0,-0.75
CHROM,CHROM_9720,6,6,0,26.101,12.784,26.627,29.064,-4.968,-66.451,56.515,-0.1794,-0.1718,0.0,16.7,-0.62
CHROM,CHROM_9725,6,6,0,35.62,24.005,43.894,42.954,-35.118,-88.224,17.989,0.2922,0.0138,16.7,33.3,0.2
CHROM,CHROM_9737,6,6,0,28.512,11.774,34.479,30.848,-13.938,-73.024,45.147,-0.288,-0.1412,0.0,0.0,-0.26
CHROM,CHROM_9739,6,6,0,37.819,26.034,44.721,45.913,6.624,-90.925,104.173,-0.4919,-0.4764,16.7,33.3,-0.9
CHROM,CHROM_9753,6,6,0,36.73,16.804,40.874,40.392,-36.73,-72.809,-0.651,0.3221,0.0139,16.7,16.7,1.86
CHROM,CHROM_9779,6,6,0,24.426,10.772,20.61,26.696,24.426,1.298,47.554,0.8238,0.3716,0.0,0.0,-1.44
CHROM,CHROM_9808,6,6,0,41.799,18.678,37.926,45.782,-41.799,-81.902,-1.695,-0.8113,-0.0658,0.0,0.0,1.57
CHROM,CHROM_9825,6,6,0,20.345,12.13,17.349,23.687,13.67,-27.863,55.203,0.454,0.1738,0.0,33.3,0.13
CHROM,CHROM_9827,6,6,0,16.687,10.893,14.931,19.928,6.066,-34.69,46.822,0.5371,0.4999,16.7,16.7,-1.69
CHROM,CHROM_9833,6,6,0,19.421,16.458,13.373,25.456,-13.675,-59.776,32.426,-0.6816,-0.1261,0.0,33.3,0.3
CHROM,CHROM_9869,6,6,0,30.142,17.768,26.053,34.989,-7.411,-80.831,66.009,-0.4846,-0.4525,0.0,0.0,-1.24
CHROM,CHROM_9884,6,6,0,25.519,13.788,26.105,29.005,-19.768,-65.342,25.805,0.5141,0.0817,0.0,33.3,1.35
CHROM,CHROM_9891,6,6,0,16.099,4.833,16.117,16.809,4.187,-30.766,39.14,0.0643,0.0605,0.0,16.7,-0.04
CHROM,CHROM_9922,6,6,0,16.596,14.061,10.488,21.752,12.007,-26.936,50.95,0.2721,0.2008,16.7,50.0,1.41
CHROM,CHROM_9938,6,6,0,37.035,8.367,39.059,37.969,-37.035,-55.0,-19.071,0.2176,0.0133,0.0,0.0,0.52
CHROM,CHROM_9940,6,6,0,32.199,19.781,25.326,37.789,22.111,-43.687,87.909,-0.3372,-0.1595,0.0,16.7,-3.62
CHROM,CHROM_9957,6,6,0,36.022,13.784,39.873,38.569,-21.025,-90.45,48.4,-0.6746,-0.389,0.0,0.0,0.26
CHROM,CHROM_9968,6,6,0,25.791,13.522,26.956,29.12,-21.541,-63.614,20.532,-0.7351,-0.2295,0.0,16.7,-0.28
CHROM,CHROM_9980,6,6,0,27.163,16.707,30.019,31.89,-27.163,-63.034,8.708,-0.5341,-0.1027,16.7,16.7,-1.34
CHROM,CHROM_9981,6,6,0,33.32,17.364,33.234,37.573,1.528,-79.077,82.133,-0.7571,-0.744,0.0,0.0,-1.81
CHROM,CHROM_9987,6,6,0,48.947,19.836,53.672,52.814,-45.981,-101.766,9.805,0.2559,0.0291,0.0,16.7,0.37
CHROM,CHROM_9998,6,6,0,20.106,10.679,23.081,22.766,-0.039,-48.92,48.841,0.1505,0.1419,16.7,16.7,0.84
DEEP,DEEP_1020,6,6,0,43.86,16.826,48.733,46.977,-43.86,-79.987,-7.732,0.2817,0.0002,0.0,0.0,1.09
DEEP,DEEP_1024,6,6,0,49.823,21.403,57.377,54.226,-49.823,-95.777,-3.869,0.3506,0.0018,0.0,16.7,1.11
DEEP,DEEP_1035,6,6,0,39.266,12.583,37.236,41.233,-39.266,-66.282,-12.249,0.8514,0.0008,0.0,0.0,1.22
DEEP,DEEP_1091,6,6,0,53.738,26.096,65.59,59.739,-53.738,-109.768,2.292,-0.2053,-0.0001,0.0,16.7,1.18
DEEP,DEEP_1097,6,6,0,57.836,10.677,61.167,58.813,-57.836,-80.76,-34.912,-0.1466,-0.0002,0.0,0.0,1.18
DEEP,DEEP_1099,6,6,0,41.769,15.826,43.607,44.666,-41.769,-75.748,-7.79,-0.0392,-0.0,0.0,0.0,1.1
DEEP,DEEP_1107,6,6,0,53.17,24.082,61.612,58.37,-53.17,-104.876,-1.464,-0.1504,-0.0005,0.0,0.0,0.59
DEEP,DEEP_1113,6,6,0,43.131,19.424,43.02,47.303,-43.131,-84.836,-1.425,0.2814,0.001,0.0,0.0,1.09
DEEP,DEEP_1115,6,6,0,54.229,18.964,58.297,57.449,-54.229,-94.947,-13.511,0.5726,0.0017,0.0,0.0,1.35
DEEP,DEEP_1149,6,6,0,30.394,16.271,25.45,34.475,-30.394,-65.33,4.542,0.6894,0.0018,0.0,0.0,1.12
DEEP,DEEP_1156,6,6,0,23.495,19.108,20.766,30.284,-23.495,-64.522,17.532,-0.3131,-0.0014,16.7,33.3,1.29
DEEP,DEEP_1176,6,6,0,25.324,9.638,25.367,27.096,-25.324,-46.018,-4.629,-0.5271,-0.0003,0.0,16.7,1.18
DEEP,DEEP_1180,6,6,0,48.624,15.723,55.891,51.103,-48.624,-82.382,-14.866,-0.0723,-0.0002,0.0,0.0,1.39
DEEP,DEEP_1181,6,6,0,47.896,13.107,47.389,49.657,-47.896,-76.037,-19.755,-0.2391,-0.0004,0.0,0.0,1.01
DEEP,DEEP_1213,6,6,0,46.31,20.932,46.656,50.821,-46.31,-91.252,-1.368,0.9031,0.0014,0.0,16.7,1.25
DEEP,DEEP_1217,6,6,0,45.243,28.6,53.561,53.525,-45.243,-106.65,16.163,-0.4695,-0.0018,0.0,33.3,0.81
DEEP,DEEP_1234,6,6,0,35.322,13.24,40.867,37.722,-35.322,-63.748,-6.896,0.6483,0.0018,0.0,0.0,1.37
DEEP,DEEP_1259,6,6,0,55.764,14.086,54.778,57.515,-55.764,-86.007,-25.52,-0.2847,-0.0004,0.0,0.0,1.03
DEEP,DEEP_1266,6,6,0,49.134,14.786,46.825,51.311,-49.134,-80.88,-17.389,-0.1651,-0.0007,0.0,0.0,1.24
DEEP,DEEP_1275,6,6,0,37.382,17.339,34.322,41.207,-37.382,-74.61,-0.153,0.3471,0.0003,0.0,0.0,1.34
DEEP,DEEP_1285,6,6,0,56.677,14.746,57.109,58.564,-56.677,-88.339,-25.015,0.9581,0.0005,0.0,0.0,1.19
DEEP,DEEP_1287,6,6,0,30.837,18.084,30.072,35.748,-30.837,-69.664,7.99,-0.3716,-0.0012,16.7,16.7,1.21
DEEP,DEEP_1292,6,6,0,28.41,17.708,23.885,33.477,-28.41,-66.431,9.612,0.6673,0.0007,0.0,0.0,1.03
DEEP,DEEP_1298,6,6,0,51.183,14.9,50.048,53.308,-51.183,-83.175,-19.191,-0.1149,-0.0004,0.0,0.0,1.18
DEEP,DEEP_1305,6,6,0,56.263,9.776,55.853,57.106,-56.263,-77.253,-35.273,-0.623,-0.0004,0.0,0.0,1.21
DEEP,DEEP_1314,6,6,0,22.46,8.544,21.087,24.03,-22.46,-40.804,-4.116,-0.1638,-0.0002,0.0,16.7,1.22
DEEP,DEEP_1360,6,6,0,21.512,9.682,20.593,23.591,-21.512,-42.301,-0.724,-0.1867,-0.0004,0.0,16.7,1.11
DEEP,DEEP_1362,6,6,0,45.094,7.764,47.564,45.757,-45.094,-61.765,-28.423,0.1984,0.0001,0.0,0.0,1.38
DEEP,DEEP_1386,6,6,0,42.45,19.304,40.178,46.633,-42.45,-83.896,-1.004,0.6668,0.0005,0.0,0.0,1.19
DEEP,DEEP_1399,6,6,0,46.632,24.414,41.882,52.636,-46.632,-99.051,5.787,-0.273,-0.0006,0.0,0.0,1.12
DEEP,DEEP_1414,6,6,0,40.36,22.161,38.334,46.044,-40.36,-87.942,7.222,0.2619,0.0005,16.7,16.7,1.03
DEEP,DEEP_1442,6,6,0,28.103,25.555,16.508,37.985,-28.103,-82.971,26.766,-0.1759,-0.0008,0.0,33.3,1.03
DEEP,DEEP_1474,6,6,0,53.95,7.132,55.451,54.42,-53.95,-69.264,-38.637,0.3184,0.0001,0.0,0.0,1.32
DEEP,DEEP_1477,6,6,0,42.815,18.557,45.072,46.664,-42.815,-82.658,-2.973,0.5575,0.0007,0.0,0.0,1.11
DEEP,DEEP_1513,6,6,0,35.984,23.434,39.111,42.942,-35.984,-86.298,14.329,0.0026,0.0,0.0,33.3,1.06
DEEP,DEEP_1531,6,6,0,27.055,18.065,18.922,32.532,-27.055,-65.842,11.732,-0.418,-0.0008,0.0,0.0,1.09
DEEP,DEEP_1541,6,6,0,46.719,20.758,52.43,51.123,-46.719,-91.289,-2.149,0.8006,0.0036,0.0,0.0,1.26
DEEP,DEEP_1543,6,6,0,53.902,22.641,60.612,58.464,-53.902,-102.514,-5.29,-0.0075,-0.0,0.0,16.7,1.01
DEEP,DEEP_1563,6,6,0,47.408,11.859,49.816,48.869,-47.408,-72.871,-21.945,-0.8205,-0.002,0.0,0.0,1.26
DEEP,DEEP_1581,6,6,0,34.76,20.06,31.236,40.133,-34.76,-77.83,8.31,0.6767,0.0015,0.0,0.0,1.23
DEEP,DEEP_1589,6,6,0,42.472,17.59,41.809,45.971,-42.472,-80.24,-4.704,0.5504,0.0032,0.0,0.0,1.04
DEEP,DEEP_1601,6,6,0,51.931,17.347,54.337,54.751,-51.931,-89.175,-14.686,-0.4447,-0.0026,0.0,0.0,1.32
DEEP,DEEP_1609,6,6,0,31.083,21.902,22.475,38.024,-31.083,-78.107,15.942,-0.651,-0.0041,0.0,16.7,1.26
DEEP,DEEP_1610,6,6,0,14.599,4.674,16.408,15.329,-14.599,-24.634,-4.564,-0.1395,-0.0006,0.0,16.7,1.33
DEEP,DEEP_1649,6,6,0,41.865,13.485,44.349,43.983,-41.865,-70.819,-12.911,-0.9381,-0.0008,0.0,0.0,1.37
DEEP,DEEP_1672,6,6,0,57.302,17.098,65.083,59.798,-57.302,-94.012,-20.592,-0.3362,-0.0001,0.0,0.0,1.04
DEEP,DEEP_1715,6,6,0,59.382,20.68,69.233,62.88,-59.382,-103.784,-14.98,0.1611,0.0003,0.0,0.0,1.05
DEEP,DEEP_1745,6,6,0,32.147,22.643,24.084,39.321,-32.147,-80.764,16.471,0.6805,0.0012,0.0,33.3,1.31
DEEP,DEEP_1749,6,6,0,52.865,10.917,54.066,53.981,-52.865,-76.304,-29.426,-0.2649,-0.0001,0.0,0.0,0.96
DEEP,DEEP_1760,6,6,0,47.521,18.948,50.197,51.159,-47.521,-88.203,-6.838,0.0959,0.0001,0.0,0.0,1.42
DEEP,DEEP_1765,6,6,0,42.878,10.389,40.818,44.118,-42.878,-65.184,-20.572,0.7826,0.0011,0.0,0.0,1.03
DEEP,DEEP_1785,6,6,0,40.851,15.588,38.544,43.724,-40.851,-74.319,-7.383,0.4591,0.0002,0.0,0.0,1.29
DEEP,DEEP_1790,6,6,0,38.491,23.774,36.314,45.241,-38.491,-89.534,12.553,0.2,0.0008,0.0,16.7,1.37
DEEP,DEEP_1838,6,6,0,43.499,14.464,44.828,45.841,-43.499,-74.555,-12.443,0.1991,0.0018,0.0,0.0,0.97
DEEP,DEEP_1859,6,6,0,31.127,12.415,34.322,33.512,-31.127,-57.782,-4.473,-0.7355,-0.0045,0.0,0.0,1.22
DEEP,DEEP_1922,6,6,0,26.91,14.2,22.748,30.427,-26.91,-57.399,3.579,0.115,0.0002,0.0,0.0,1.03
DEEP,DEEP_1932,6,6,0,15.965,7.881,15.394,17.804,-15.965,-32.885,0.955,-0.2062,-0.0021,16.7,16.7,1.16
DEEP,DEEP_1943,6,6,0,45.095,15.164,43.668,47.576,-45.095,-77.654,-12.535,0.2425,0.0004,0.0,0.0,1.12
DEEP,DEEP_1973,6,6,0,53.585,23.185,61.994,58.385,-53.585,-103.364,-3.805,-0.0356,-0.0,0.0,0.0,1.1
DEEP,DEEP_1981,6,6,0,47.654,16.257,51.474,50.351,-47.654,-82.56,-12.749,0.2223,0.0002,0.0,0.0,0.97
DEEP,DEEP_2003,6,6,0,33.409,20.52,27.151,39.207,-33.409,-77.467,10.65,-0.7524,-0.0013,16.7,16.7,1.34
DEEP,DEEP_2022,6,6,0,42.21,24.445,30.925,48.778,-42.21,-94.696,10.275,-0.4782,-0.0003,0.0,0.0,1.04
DEEP,DEEP_2091,6,6,0,49.099,21.068,47.264,53.429,-49.099,-94.334,-3.864,0.1471,0.0002,0.0,0.0,1.1
DEEP,DEEP_2110,6,6,0,32.453,21.241,29.659,38.786,-32.453,-78.059,13.153,0.1213,0.0016,0.0,16.7,1.06
DEEP,DEEP_2120,6,6,0,29.11,21.277,29.102,36.057,-29.11,-74.794,16.575,0.2296,0.0013,16.7,33.3,1.34
DEEP,DEEP_2147,6,6,0,32.883,25.548,26.794,41.641,-32.883,-87.735,21.97,-0.2454,-0.0007,16.7,33.3,1.15
DEEP,DEEP_2149,6,6,0,34.418,22.318,26.788,41.021,-34.418,-82.336,13.5,-0.4765,-0.0024,16.7,16.7,1.43
DEEP,DEEP_2153,6,6,0,35.816,19.72,28.029,40.886,-35.816,-78.156,6.523,0.0521,0.0009,0.0,0.0,0.86
DEEP,DEEP_2161,6,6,0,44.138,14.224,43.553,46.373,-44.138,-74.677,-13.599,0.5394,0.0031,0.0,0.0,1.06
DEEP,DEEP_2183,6,6,0,29.16,15.449,27.469,33.0,-29.16,-62.331,4.011,0.758,0.0014,0.0,16.7,1.16
DEEP,DEEP_2187,6,6,0,45.133,22.084,43.988,50.247,-45.133,-92.55,2.283,0.6433,0.0006,0.0,0.0,1.09
DEEP,DEEP_2194,6,6,0,36.95,22.899,47.67,43.471,-36.95,-86.116,12.215,0.3373,0.0008,16.7,33.3,1.02
DEEP,DEEP_2221,6,6,0,37.87,12.869,41.228,39.997,-37.87,-65.5,-10.24,0.17,0.0005,0.0,0.0,1.29
DEEP,DEEP_2233,6,6,0,30.895,19.977,22.392,36.791,-30.895,-73.787,11.998,0.3635,0.0024,0.0,16.7,1.0
DEEP,DEEP_2242,6,6,0,55.435,15.921,59.27,57.676,-55.435,-89.618,-21.252,-0.7101,-0.0006,0.0,0.0,1.19
DEEP,DEEP_2245,6,6,0,34.114,16.742,33.773,38.001,-34.114,-70.06,1.832,0.249,0.0011,0.0,0.0,1.19
DEEP,DEEP_2246,6,6,0,30.073,11.434,32.617,32.173,-30.073,-54.622,-5.524,-0.4867,-0.0008,0.0,16.7,1.01
DEEP,DEEP_2247,6,6,0,61.309,15.277,66.939,63.184,-61.309,-94.111,-28.508,0.1192,0.0,0.0,0.0,0.96
DEEP,DEEP_2253,6,6,0,34.27,18.539,44.597,38.963,-34.27,-74.075,5.536,-0.7957,-0.0014,16.7,16.7,0.97
DEEP,DEEP_2284,6,6,0,49.924,18.649,53.684,53.294,-49.924,-89.965,-9.883,0.3841,0.0009,0.0,0.0,1.1
DEEP,DEEP_2285,6,6,0,53.461,21.223,55.859,57.519,-53.461,-99.027,-7.894,0.6058,0.0014,0.0,0.0,1.44
DEEP,DEEP_2291,6,6,0,45.601,26.457,48.611,52.72,-45.601,-102.406,11.204,0.9724,0.002,16.7,16.7,1.14
DEEP,DEEP_2323,6,6,0,42.719,12.111,47.933,44.402,-42.719,-68.722,-16.715,-0.0562,-0.0,0.0,0.0,1.13
DEEP,DEEP_2339,6,6,0,43.358,15.756,46.44,46.133,-43.358,-77.188,-9.529,0.567,0.0014,0.0,0.0,1.12
DEEP,DEEP_2375,6,6,0,27.905,23.432,19.455,36.438,-27.905,-78.214,22.405,0.409,0.0022,0.0,33.3,1.21
DEEP,DEEP_2414,6,6,0,60.222,16.97,67.294,62.567,-60.222,-96.657,-23.786,0.7694,0.0005,0.0,0.0,1.13
DEEP,DEEP_2439,6,6,0,40.516,25.756,48.004,48.01,-40.516,-95.816,14.784,-0.1359,-0.0001,0.0,33.3,1.15
DEEP,DEEP_2445,6,6,0,31.792,25.575,25.658,40.803,-31.792,-86.704,23.119,-0.7571,-0.003,16.7,33.3,0.87
DEEP,DEEP_2446,6,6,0,35.933,22.751,22.607,42.53,-35.933,-84.782,12.916,0.0228,0.0003,0.0,0.0,1.1
DEEP,DEEP_2459,6,6,0,36.28,13.703,32.984,38.781,-36.28,-65.701,-6.858,-0.27,-0.0004,0.0,0.0,1.3
DEEP,DEEP_2462,6,6,0,10.442,15.447,4.106,18.645,-10.442,-43.607,22.723,-0.101,-0.0011,66.7,83.3,1.04
DEEP,DEEP_2463,6,6,0,52.398,20.307,53.662,56.195,-52.398,-95.999,-8.796,0.6403,0.0007,0.0,0.0,1.13
DEEP,DEEP_2508,6,6,0,26.997,11.47,26.624,29.332,-26.997,-51.623,-2.371,0.7251,0.0031,0.0,0.0,1.03
DEEP,DEEP_2527,6,6,0,53.117,15.872,50.728,55.438,-53.117,-87.197,-19.038,-0.237,-0.0008,0.0,0.0,1.28
DEEP,DEEP_2558,6,6,0,43.778,24.0,52.818,49.925,-43.778,-95.307,7.752,-0.2926,-0.0004,0.0,0.0,1.0
DEEP,DEEP_2619,6,6,0,28.944,22.673,16.282,36.767,-28.944,-77.625,19.738,-0.4815,-0.0107,0.0,16.7,1.39
DEEP,DEEP_2625,6,6,0,35.851,15.67,30.831,39.126,-35.851,-69.496,-2.206,0.6832,0.0009,0.0,0.0,1.17
DEEP,DEEP_2638,6,6,0,40.609,24.887,31.156,47.628,-40.609,-94.044,12.826,-0.6825,-0.0041,0.0,0.0,0.93
DEEP,DEEP_2646,6,6,0,33.026,18.363,29.354,37.788,-33.026,-72.453,6.4,0.0683,0.0003,0.0,0.0,1.45
DEEP,DEEP_2651,6,6,0,30.499,15.993,28.924,34.438,-30.499,-64.837,3.84,0.1912,0.0005,16.7,16.7,1.04
DEEP,DEEP_2659,6,6,0,45.943,27.743,50.897,53.669,-45.943,-105.508,13.623,0.2144,0.0003,0.0,16.7,1.07
DEEP,DEEP_2672,6,6,0,37.375,15.816,43.664,40.584,-37.375,-71.332,-3.418,-0.0082,-0.0,0.0,16.7,1.4
DEEP,DEEP_2676,6,6,0,67.987,7.47,68.052,68.396,-67.987,-84.025,-51.948,-0.3833,-0.0005,0.0,0.0,1.33
DEEP,DEEP_2704,6,6,0,57.614,22.551,62.853,61.871,-57.614,-106.034,-9.194,0.0461,0.0002,0.0,0.0,1.29
DEEP,DEEP_2732,6,6,0,41.409,22.882,43.723,47.311,-41.409,-90.539,7.72,0.1673,0.0002,16.7,16.7,0.99
DEEP,DEEP_2751,6,6,0,44.472,9.543,41.817,45.484,-44.472,-64.96,-23.983,-0.3912,-0.0003,0.0,0.0,1.17
DEEP,DEEP_2755,6,6,0,35.76,21.082,28.831,41.512,-35.76,-81.025,9.506,0.9871,0.002,0.0,16.7,1.22
DEEP,DEEP_2778,6,6,0,26.245,14.564,27.897,30.015,-26.245,-57.513,5.024,0.3331,0.0003,0.0,16.7,0.98
DEEP,DEEP_2801,6,6,0,45.456,22.633,45.555,50.778,-45.456,-94.05,3.139,0.6057,0.0019,0.0,0.0,1.08
DEEP,DEEP_2802,6,6,0,53.755,26.295,60.68,59.842,-53.755,-110.213,2.702,-0.7433,-0.0004,0.0,16.7,1.04
DEEP,DEEP_2818,6,6,0,46.4,18.843,54.933,50.08,-46.4,-86.857,-5.942,-0.1367,-0.0001,0.0,0.0,1.14
DEEP,DEEP_2823,6,6,0,53.505,17.556,51.718,56.311,-53.505,-91.199,-15.81,-0.7225,-0.0011,0.0,0.0,1.04
DEEP,DEEP_2842,6,6,0,38.336,18.855,43.192,42.722,-38.336,-78.819,2.148,0.0442,0.0001,0.0,0.0,1.08
DEEP,DEEP_2851,6,6,0,40.471,14.922,42.175,43.134,-40.471,-72.51,-8.432,0.4219,0.0005,0.0,0.0,1.12
DEEP,DEEP_2852,6,6,0,37.496,19.221,30.21,42.135,-37.496,-78.764,3.773,0.0102,0.0,0.0,0.0,1.16
DEEP,DEEP_2857,6,6,0,40.851,24.684,39.514,47.73,-40.851,-93.85,12.147,0.6629,0.0008,0.0,0.0,1.17
DEEP,DEEP_2874,6,6,0,41.537,26.966,41.541,49.523,-41.537,-99.435,16.36,0.0646,0.0001,16.7,16.7,1.15
DEEP,DEEP_2875,6,6,0,58.951,19.404,70.627,62.063,-58.951,-100.613,-17.29,-0.2395,-0.0005,0.0,0.0,1.17
DEEP,DEEP_2895,6,6,0,32.195,19.668,30.366,37.728,-32.195,-74.424,10.034,-0.5089,-0.004,0.0,0.0,1.07
DEEP,DEEP_2907,6,6,0,45.042,20.565,50.34,49.515,-45.042,-89.197,-0.888,0.6987,0.0004,0.0,0.0,1.01
DEEP,DEEP_2916,6,6,0,33.503,17.769,34.51,37.924,-33.503,-71.654,4.647,0.7641,0.0061,0.0,16.7,1.28
DEEP,DEEP_2928,6,6,0,50.041,26.92,57.169,56.822,-50.041,-107.841,7.76,-0.7051,-0.0006,0.0,0.0,1.18
DEEP,DEEP_2948,6,6,0,48.996,19.269,52.522,52.649,-48.996,-90.368,-7.624,0.7607,0.0055,0.0,0.0,1.24
DEEP,DEEP_2962,6,6,0,50.649,22.183,48.575,55.294,-50.649,-98.277,-3.021,-0.2004,-0.0008,0.0,16.7,1.16
DEEP,DEEP_2964,6,6,0,49.129,12.352,51.601,50.658,-49.129,-75.649,-22.609,-0.121,-0.0002,0.0,0.0,1.14
DEEP,DEEP_2967,6,6,0,40.969,27.302,46.765,49.233,-40.969,-99.589,17.651,-0.4455,-0.0005,16.7,16.7,1.09
DEEP,DEEP_2968,6,6,0,57.606,21.082,66.605,61.342,-57.606,-102.871,-12.341,-0.8222,-0.0094,0.0,0.0,0.85
DEEP,DEEP_3000,6,6,0,32.119,12.246,35.236,34.374,-32.119,-58.411,-5.826,0.283,0.0056,0.0,0.0,1.19
DEEP,DEEP_3006,6,6,0,38.399,24.321,35.609,45.453,-38.399,-90.617,13.819,-0.2087,-0.0005,0.0,0.0,1.32
DEEP,DEEP_3016,6,6,0,37.104,12.076,42.156,39.019,-37.104,-63.032,-11.176,0.0878,0.0002,0.0,0.0,1.11
DEEP,DEEP_3059,6,6,0,33.801,22.742,32.647,40.74,-33.801,-82.631,15.029,-0.7411,-0.0028,0.0,16.7,1.16
DEEP,DEEP_3066,6,6,0,45.993,10.28,49.916,47.128,-45.993,-68.066,-23.92,0.7441,0.0016,0.0,0.0,1.12
DEEP,DEEP_3077,6,6,0,35.614,13.469,34.861,38.076,-35.614,-64.533,-6.695,-0.5675,-0.0068,0.0,0.0,1.18
DEEP,DEEP_3096,6,6,0,48.789,23.74,49.655,54.259,-48.789,-99.761,2.183,0.294,0.0018,0.0,0.0,1.04
DEEP,DEEP_3133,6,6,0,33.741,16.094,34.884,37.383,-33.741,-68.297,0.815,-0.3231,-0.0008,0.0,0.0,1.05
DEEP,DEEP_3142,6,6,0,59.023,20.848,72.364,62.597,-59.023,-103.786,-14.261,0.8076,0.0032,0.0,0.0,0.92
DEEP,DEEP_3150,6,6,0,41.012,15.897,37.553,43.985,-41.012,-75.144,-6.879,0.3094,0.0003,0.0,0.0,1.25
DEEP,DEEP_3153,6,6,0,32.47,28.543,26.251,43.231,-32.47,-93.753,28.813,-0.3347,-0.0001,33.3,50.0,1.15
DEEP,DEEP_3155,6,6,0,46.7,7.035,49.628,47.226,-46.7,-61.803,-31.596,0.5912,0.0004,0.0,0.0,1.1
DEEP,DEEP_3180,6,6,0,50.71,16.749,54.347,53.404,-50.71,-86.671,-14.748,0.2688,0.0002,0.0,0.0,1.09
DEEP,DEEP_3192,6,6,0,24.732,13.42,24.267,28.138,-24.732,-53.546,4.083,-0.251,-0.0009,0.0,16.7,0.89
DEEP,DEEP_3194,6,6,0,59.666,15.486,63.422,61.643,-59.666,-92.915,-26.418,-0.5771,-0.0002,0.0,0.0,1.03
DEEP,DEEP_3196,6,6,0,42.456,20.934,50.5,47.336,-42.456,-87.403,2.49,0.2089,0.0002,0.0,0.0,1.18
DEEP,DEEP_3220,6,6,0,34.464,14.903,33.765,37.548,-34.464,-66.463,-2.465,0.4376,0.0005,0.0,16.7,1.03
DEEP,DEEP_3232,6,6,0,34.831,21.937,24.851,41.164,-34.831,-81.932,12.269,-0.445,-0.0015,0.0,0.0,1.13
DEEP,DEEP_3235,6,6,0,40.111,20.88,39.716,45.22,-40.111,-84.941,4.719,-0.0051,-0.0,0.0,0.0,1.21
DEEP,DEEP_3245,6,6,0,45.89,14.292,49.126,48.064,-45.89,-76.577,-15.203,-0.0463,-0.0,0.0,0.0,1.12
DEEP,DEEP_3254,6,6,0,37.373,23.752,38.233,44.282,-37.373,-88.371,13.625,0.1988,0.0003,16.7,16.7,1.12
DEEP,DEEP_3315,6,6,0,41.901,13.983,40.267,44.173,-41.901,-71.923,-11.88,0.1275,0.0001,0.0,0.0,1.13
DEEP,DEEP_3326,6,6,0,24.66,16.812,16.747,29.845,-24.66,-60.757,11.437,0.0937,0.0006,0.0,16.7,1.08
DEEP,DEEP_3342,6,6,0,43.68,28.195,41.823,51.989,-43.68,-104.216,16.856,0.5881,0.0005,0.0,0.0,1.02
DEEP,DEEP_3345,6,6,0,27.89,17.146,21.912,32.739,-27.89,-64.703,8.923,0.1183,0.0002,0.0,16.7,1.05
DEEP,DEEP_3348,6,6,0,23.686,18.648,15.812,30.145,-23.686,-63.724,16.352,0.1207,0.001,16.7,16.7,1.32
DEEP,DEEP_3351,6,6,0,50.63,15.526,46.302,52.957,-50.63,-83.965,-17.294,0.0101,0.0,0.0,0.0,1.34
DEEP,DEEP_3363,6,6,0,40.668,21.52,41.257,46.01,-40.668,-86.872,5.536,-0.6415,-0.0014,0.0,0.0,1.08
DEEP,DEEP_3364,6,6,0,46.188,12.877,38.774,47.95,-46.188,-73.837,-18.54,-0.5492,-0.0009,0.0,0.0,1.24
DEEP,DEEP_3375,6,6,0,35.453,18.383,35.38,39.936,-35.453,-74.923,4.016,0.1285,0.0008,0.0,0.0,1.07
DEEP,DEEP_3385,6,6,0,46.453,19.896,55.366,50.535,-46.453,-89.172,-3.735,-0.1663,-0.0004,0.0,16.7,1.21
DEEP,DEEP_3394,6,6,0,56.681,17.675,64.359,59.373,-56.681,-94.631,-18.731,-0.3049,-0.0001,0.0,0.0,1.26
DEEP,DEEP_3401,6,6,0,30.281,12.277,31.221,32.675,-30.281,-56.641,-3.92,-0.3411,-0.0002,0.0,0.0,1.11
DEEP,DEEP_3406,6,6,0,44.094,15.612,43.357,46.776,-44.094,-77.614,-10.574,0.2538,0.0022,0.0,0.0,1.23
DEEP,DEEP_3418,6,6,0,29.871,20.515,26.056,36.237,-29.871,-73.917,14.175,-0.575,-0.0006,0.0,33.3,1.07
DEEP,DEEP_3420,6,6,0,33.909,16.564,34.187,37.738,-33.909,-69.472,1.655,0.1731,0.0016,0.0,0.0,1.34
DEEP,DEEP_3448,6,6,0,55.185,5.477,57.285,55.456,-55.185,-66.944,-43.425,0.2702,0.0003,0.0,0.0,1.16
DEEP,DEEP_3465,6,6,0,59.584,19.942,67.646,62.833,-59.584,-102.401,-16.767,0.5004,0.0003,0.0,0.0,1.2
DEEP,DEEP_3494,6,6,0,55.13,20.03,55.772,58.656,-55.13,-98.137,-12.124,0.4727,0.0003,0.0,0.0,1.33
DEEP,DEEP_3508,6,6,0,42.111,19.468,40.314,46.393,-42.111,-83.911,-0.311,-0.0608,-0.0007,0.0,0.0,1.15
DEEP,DEEP_3520,6,6,0,40.266,17.005,50.258,43.71,-40.266,-76.777,-3.755,0.3058,0.0003,0.0,16.7,1.19
DEEP,DEEP_3523,6,6,0,44.768,16.297,51.86,47.642,-44.768,-79.759,-9.776,-0.0055,-0.0,0.0,0.0,1.02
DEEP,DEEP_3524,6,6,0,44.395,21.974,54.507,49.536,-44.395,-91.576,2.785,0.5845,0.002,16.7,16.7,1.29
DEEP,DEEP_3526,6,6,0,40.774,18.013,43.997,44.576,-40.774,-79.449,-2.1,0.2439,0.0004,0.0,0.0,1.18
DEEP,DEEP_3529,6,6,0,17.84,11.82,13.304,21.4,-17.84,-43.218,7.538,0.45,0.001,16.7,16.7,1.1
DEEP,DEEP_3533,6,6,0,26.109,14.45,28.336,29.841,-26.109,-57.135,4.917,-0.3655,-0.0009,16.7,16.7,1.05
DEEP,DEEP_3554,6,6,0,37.201,15.222,30.055,40.195,-37.201,-69.884,-4.518,-0.3221,-0.0003,0.0,0.0,1.02
DEEP,DEEP_3557,6,6,0,47.678,22.089,46.541,52.546,-47.678,-95.104,-0.251,-0.3034,-0.0008,0.0,0.0,1.05
DEEP,DEEP_3571,6,6,0,47.269,22.942,53.528,52.542,-47.269,-96.527,1.989,0.5631,0.0006,0.0,0.0,1.15
DEEP,DEEP_3581,6,6,0,28.434,9.372,28.91,29.939,-28.434,-48.558,-8.311,0.2418,0.0014,0.0,0.0,1.07
DEEP,DEEP_3593,6,6,0,38.222,16.812,41.885,41.756,-38.222,-74.318,-2.126,0.3248,0.0006,0.0,0.0,1.06
DEEP,DEEP_3600,6,6,0,43.263,12.841,45.995,45.128,-43.263,-70.833,-15.693,0.883,0.003,0.0,0.0,1.05
DEEP,DEEP_3625,6,6,0,34.643,20.63,30.351,40.321,-34.643,-78.937,9.651,-0.2423,-0.0009,0.0,0.0,1.37
DEEP,DEEP_3636,6,6,0,50.912,18.59,45.339,54.2,-50.912,-90.827,-10.997,0.5046,0.0004,0.0,0.0,1.06
DEEP,DEEP_3656,6,6,0,50.138,6.56,48.645,50.566,-50.138,-64.223,-36.053,0.1299,0.0001,0.0,0.0,1.11
DEEP,DEEP_3658,6,6,0,60.495,6.944,58.986,60.892,-60.495,-75.404,-45.586,-0.5566,-0.0001,0.0,0.0,1.18
DEEP,DEEP_3682,6,6,0,43.138,16.143,51.162,46.06,-43.138,-77.799,-8.477,-0.2561,-0.0004,0.0,16.7,1.18
DEEP,DEEP_3683,6,6,0,52.595,14.465,56.293,54.548,-52.595,-83.652,-21.537,0.8235,0.001,0.0,0.0,1.14
DEEP,DEEP_3699,6,6,0,39.384,9.608,41.685,40.538,-39.384,-60.013,-18.754,-0.4908,-0.0004,0.0,0.0,1.1
DEEP,DEEP_3700,6,6,0,57.544,18.799,68.058,60.537,-57.544,-97.907,-17.181,0.2034,0.0005,0.0,0.0,0.96
DEEP,DEEP_3701,6,6,0,56.575,21.478,64.914,60.514,-56.575,-102.689,-10.46,-0.0618,-0.0001,0.0,16.7,0.96
DEEP,DEEP_3732,6,6,0,45.809,12.035,45.17,47.364,-45.809,-71.65,-19.968,0.5735,0.0005,0.0,0.0,1.33
DEEP,DEEP_3735,6,6,0,64.024,5.672,64.865,64.275,-64.024,-76.202,-51.847,0.0043,0.0,0.0,0.0,1.09
DEEP,DEEP_3738,6,6,0,53.076,20.903,60.361,57.044,-53.076,-97.957,-8.196,-0.5306,-0.0005,0.0,16.7,1.12
DEEP,DEEP_3754,6,6,0,61.455,12.556,65.783,62.725,-61.455,-88.414,-34.495,-0.4274,-0.0001,0.0,0.0,1.26
DEEP,DEEP_3763,6,6,0,25.791,14.721,23.098,29.697,-25.791,-57.398,5.815,0.8924,0.0046,16.7,16.7,1.37
DEEP,DEEP_3778,6,6,0,26.585,19.281,22.853,32.841,-26.585,-67.983,14.814,0.7575,0.0019,16.7,16.7,1.11
DEEP,DEEP_3780,6,6,0,23.231,10.253,19.684,25.393,-23.231,-45.245,-1.217,-0.3977,-0.0007,0.0,0.0,1.09
DEEP,DEEP_3783,6,6,0,48.683,15.292,47.485,51.028,-48.683,-81.516,-15.849,0.8339,0.0016,0.0,0.0,1.16
DEEP,DEEP_3784,6,6,0,66.944,6.589,66.133,67.268,-66.944,-81.09,-52.798,0.1748,0.0001,0.0,0.0,1.24
DEEP,DEEP_3797,6,6,0,50.874,17.862,51.686,53.918,-50.874,-89.225,-12.522,-0.1278,-0.0005,0.0,0.0,1.1
DEEP,DEEP_3833,6,6,0,29.514,15.67,27.654,33.415,-29.514,-63.158,4.13,0.4245,0.0009,0.0,16.7,1.21
DEEP,DEEP_3889,6,6,0,39.973,17.22,37.312,43.525,-39.973,-76.947,-3.0,-0.1089,-0.0013,0.0,0.0,1.11
DEEP,DEEP_3906,6,6,0,34.672,20.986,27.062,40.529,-34.672,-79.731,10.387,0.3384,0.0022,0.0,0.0,1.01
DEEP,DEEP_3930,6,6,0,33.613,23.717,39.817,41.138,-33.613,-84.535,17.31,0.1583,0.0002,33.3,33.3,0.92
DEEP,DEEP_3957,6,6,0,10.518,6.287,10.284,12.254,-10.518,-24.018,2.981,-0.4086,-0.0033,16.7,50.0,1.12
DEEP,DEEP_3962,6,6,0,24.342,21.347,13.222,32.376,-24.342,-70.175,21.491,0.5144,0.0015,0.0,33.3,1.12
DEEP,DEEP_4016,6,6,0,29.595,15.121,31.428,33.234,-29.595,-62.06,2.871,0.0741,0.0001,0.0,16.7,1.19
DEEP,DEEP_4055,6,6,0,37.734,18.014,33.855,41.813,-37.734,-76.411,0.942,0.3768,0.001,0.0,0.0,1.24
DEEP,DEEP_4073,6,6,0,20.69,14.052,21.537,25.011,-20.69,-50.86,9.479,0.0537,0.0016,16.7,33.3,1.2
DEEP,DEEP_4074,6,6,0,30.95,13.458,30.192,33.75,-30.95,-59.845,-2.056,0.9265,0.0015,0.0,0.0,1.08
DEEP,DEEP_4087,6,6,0,35.76,18.503,39.521,40.263,-35.76,-75.487,3.967,-0.4716,-0.0008,0.0,16.7,1.15
DEEP,DEEP_4119,6,6,0,55.56,15.551,57.002,57.696,-55.56,-88.951,-22.17,-0.3629,-0.0006,0.0,0.0,1.16
DEEP,DEEP_4172,6,6,0,50.297,16.939,50.254,53.073,-50.297,-86.666,-13.927,-0.6184,-0.0014,0.0,0.0,1.09
DEEP,DEEP_4173,6,6,0,52.194,17.838,57.733,55.158,-52.194,-90.493,-13.896,-0.0705,-0.0003,0.0,0.0,1.07
DEEP,DEEP_4179,6,6,0,50.952,20.883,58.339,55.065,-50.952,-95.789,-6.114,0.1565,0.0002,0.0,0.0,1.1
DEEP,DEEP_4182,6,6,0,53.667,16.195,56.733,56.057,-53.667,-88.44,-18.895,-0.6732,-0.0006,0.0,0.0,1.16
DEEP,DEEP_4187,6,6,0,28.827,11.278,30.317,30.955,-28.827,-53.041,-4.613,-0.4103,-0.0009,0.0,0.0,1.23
DEEP,DEEP_4211,6,6,0,34.369,25.699,19.023,42.914,-34.369,-89.546,20.808,-0.0273,-0.0002,0.0,0.0,1.17
DEEP,DEEP_4225,6,6,0,44.954,23.108,54.008,50.546,-44.954,-94.569,4.661,-0.3213,-0.0024,0.0,0.0,1.21
DEEP,DEEP_4249,6,6,0,45.981,13.546,45.13,47.935,-45.981,-75.064,-16.898,0.7922,0.0006,0.0,0.0,0.92
DEEP,DEEP_4256,6,6,0,34.994,22.42,26.227,41.56,-34.994,-83.131,13.143,0.5688,0.0017,0.0,0.0,1.25
DEEP,DEEP_4264,6,6,0,41.221,18.046,45.108,44.997,-41.221,-79.966,-2.475,-0.0957,-0.0001,0.0,0.0,1.25
DEEP,DEEP_4295,6,6,0,47.029,13.229,46.194,48.854,-47.029,-75.432,-18.627,0.1011,0.0003,0.0,0.0,1.21
DEEP,DEEP_4307,6,6,0,26.92,15.098,22.781,30.865,-26.92,-59.336,5.496,-0.8983,-0.0053,16.7,16.7,1.34
DEEP,DEEP_4311,6,6,0,50.137,13.803,53.825,52.003,-50.137,-79.774,-20.5,-0.5777,-0.0001,0.0,0.0,1.24
DEEP,DEEP_4312,6,6,0,52.724,12.395,55.156,54.161,-52.724,-79.336,-26.112,-0.0081,-0.0,0.0,0.0,1.18
DEEP,DEEP_4321,6,6,0,51.353,13.328,50.73,53.054,-51.353,-79.97,-22.736,0.7357,0.0023,0.0,0.0,1.03
DEEP,DEEP_4322,6,6,0,49.242,7.287,47.953,49.778,-49.242,-64.888,-33.595,0.2628,0.0003,0.0,0.0,1.4
DEEP,DEEP_4332,6,6,0,36.678,17.061,35.317,40.452,-36.678,-73.309,-0.048,0.0909,0.0001,0.0,0.0,1.01
DEEP,DEEP_4354,6,6,0,49.641,21.901,53.089,54.257,-49.641,-96.663,-2.619,-0.2804,-0.0009,0.0,16.7,1.15
DEEP,DEEP_4356,6,6,0,40.776,13.688,37.438,43.012,-40.776,-70.164,-11.387,-0.0347,-0.0001,0.0,0.0,1.32
DEEP,DEEP_4397,6,6,0,32.794,8.759,33.168,33.943,-32.794,-51.6,-13.987,0.0763,0.0001,0.0,0.0,1.19
DEEP,DEEP_4404,6,6,0,23.465,9.803,19.207,25.431,-23.465,-44.512,-2.418,-0.1199,-0.0005,0.0,0.0,1.15
DEEP,DEEP_4430,6,6,0,27.06,15.247,27.852,31.06,-27.06,-59.796,5.675,0.4345,0.0013,0.0,16.7,1.25
DEEP,DEEP_4434,6,6,0,47.906,27.654,53.316,55.315,-47.906,-107.281,11.469,-0.9445,-0.0012,0.0,16.7,0.98
DEEP,DEEP_4440,6,6,0,50.309,21.461,51.569,54.696,-50.309,-96.388,-4.23,0.8548,0.0009,0.0,16.7,1.04
DEEP,DEEP_4448,6,6,0,39.633,22.556,49.162,45.602,-39.633,-88.063,8.797,-0.5368,-0.0019,16.7,16.7,1.4
DEEP,DEEP_4479,6,6,0,45.78,19.275,54.391,49.673,-45.78,-87.166,-4.394,0.1357,0.0005,0.0,0.0,1.08
DEEP,DEEP_4482,6,6,0,43.719,19.872,47.803,48.024,-43.719,-86.386,-1.053,-0.2512,-0.0008,0.0,0.0,1.41
DEEP,DEEP_4488,6,6,0,34.667,23.357,29.708,41.801,-34.667,-84.816,15.482,-0.5066,-0.0025,0.0,0.0,1.2
DEEP,DEEP_4493,6,6,0,28.344,16.208,21.467,32.651,-28.344,-63.143,6.454,-0.9617,-0.0061,0.0,0.0,1.22
DEEP,DEEP_4504,6,6,0,44.839,19.013,45.379,48.703,-44.839,-85.661,-4.016,0.3652,0.0002,0.0,0.0,1.26
DEEP,DEEP_4519,6,6,0,38.71,27.631,32.111,47.56,-38.71,-98.037,20.617,-0.529,-0.0005,0.0,16.7,1.18
DEEP,DEEP_4532,6,6,0,41.48,21.169,40.607,46.569,-41.48,-86.93,3.971,0.0835,0.0003,0.0,16.7,1.17
DEEP,DEEP_4546,6,6,0,38.584,19.49,42.578,43.227,-38.584,-80.431,3.264,0.0423,0.0001,0.0,16.7,1.36
DEEP,DEEP_4551,6,6,0,61.237,10.114,64.565,62.066,-61.237,-82.953,-39.521,0.3512,0.0001,0.0,0.0,1.08
DEEP,DEEP_4557,6,6,0,45.708,19.501,45.079,49.694,-45.708,-87.578,-3.838,0.2376,0.002,0.0,0.0,1.12
DEEP,DEEP_4571,6,6,0,33.64,20.102,29.136,39.188,-33.64,-76.8,9.521,0.2826,0.0026,0.0,16.7,1.28
DEEP,DEEP_4577,6,6,0,21.082,10.119,20.712,23.385,-21.082,-42.809,0.646,-0.8228,-0.0009,16.7,16.7,1.19
DEEP,DEEP_4610,6,6,0,47.424,22.201,44.098,52.363,-47.424,-95.091,0.243,0.0875,0.0001,0.0,0.0,1.19
DEEP,DEEP_4617,6,6,0,43.721,19.812,48.812,48.0,-43.721,-86.259,-1.183,-0.1308,-0.0001,0.0,16.7,1.1
DEEP,DEEP_4639,6,6,0,30.841,15.782,27.529,34.644,-30.841,-64.725,3.044,-0.2288,-0.0026,0.0,16.7,1.23
DEEP,DEEP_4646,6,6,0,54.505,21.598,52.868,58.628,-54.505,-100.877,-8.133,-0.6079,-0.0007,0.0,0.0,1.21
DEEP,DEEP_4685,6,6,0,44.605,22.324,41.005,49.879,-44.605,-92.535,3.325,-0.4739,-0.0036,0.0,0.0,1.19
DEEP,DEEP_4691,6,6,0,25.508,19.98,17.169,32.402,-25.508,-68.407,17.39,-0.8635,-0.0026,0.0,16.7,1.18
DEEP,DEEP_4698,6,6,0,40.782,19.083,38.535,45.026,-40.782,-81.754,0.189,0.7399,0.0006,0.0,0.0,1.45
DEEP,DEEP_4704,6,6,0,44.941,13.289,47.858,46.864,-44.941,-73.473,-16.408,0.4808,0.0013,0.0,0.0,1.04
DEEP,DEEP_4718,6,6,0,43.341,19.977,37.198,47.723,-43.341,-86.232,-0.45,-0.8009,-0.0024,0.0,0.0,1.15
DEEP,DEEP_4724,6,6,0,44.544,18.665,53.189,48.296,-44.544,-84.618,-4.469,-0.8301,-0.0009,0.0,0.0,0.96
DEEP,DEEP_4731,6,6,0,37.835,22.976,33.2,44.265,-37.835,-87.166,11.496,0.6838,0.0034,0.0,16.7,1.39
DEEP,DEEP_4754,6,6,0,51.223,20.557,54.403,55.194,-51.223,-95.359,-7.086,0.6064,0.0004,0.0,0.0,0.89
DEEP,DEEP_4784,6,6,0,39.567,22.502,41.943,45.518,-39.567,-87.881,8.747,-0.6065,-0.0002,0.0,16.7,1.09
DEEP,DEEP_4815,6,6,0,24.555,23.01,18.196,33.651,-24.555,-73.959,24.848,0.3252,0.0034,16.7,33.3,1.03
DEEP,DEEP_4822,6,6,0,39.296,26.456,35.417,47.372,-39.296,-96.1,17.508,0.5856,0.0061,0.0,16.7,1.09
DEEP,DEEP_4844,6,6,0,37.721,18.746,49.649,42.122,-37.721,-77.97,2.529,-0.1298,-0.0002,0.0,0.0,0.99
DEEP,DEEP_4874,6,6,0,26.825,10.61,28.123,28.847,-26.825,-49.605,-4.045,-0.8484,-0.008,0.0,16.7,1.01
DEEP,DEEP_4892,6,6,0,55.595,16.539,53.099,58.003,-55.595,-91.106,-20.084,-0.3375,-0.0003,0.0,0.0,1.05
DEEP,DEEP_4902,6,6,0,42.023,13.94,45.441,44.275,-42.023,-71.953,-12.093,-0.2796,-0.0007,0.0,0.0,1.39
DEEP,DEEP_4909,6,6,0,49.315,20.22,53.897,53.3,-49.315,-92.729,-5.901,-0.1132,-0.0001,0.0,16.7,1.26
DEEP,DEEP_4929,6,6,0,34.608,25.946,29.364,43.254,-34.608,-90.317,21.101,0.5699,0.0005,16.7,16.7,1.12
DEEP,DEEP_4932,6,6,0,52.979,20.584,59.715,56.837,-52.979,-97.175,-8.783,0.2879,0.0007,0.0,0.0,1.07
DEEP,DEEP_4936,6,6,0,58.822,21.146,68.719,62.507,-58.822,-104.224,-13.42,0.7018,0.0013,0.0,0.0,1.08
DEEP,DEEP_4937,6,6,0,44.122,12.485,45.618,45.854,-44.122,-70.929,-17.314,0.9452,0.0014,0.0,0.0,1.25
DEEP,DEEP_4952,6,6,0,21.907,13.676,14.771,25.825,-21.907,-51.271,7.458,-0.5345,-0.0054,0.0,0.0,1.07
DEEP,DEEP_4968,6,6,0,39.18,16.668,42.816,42.578,-39.18,-74.969,-3.392,-0.6024,-0.0014,0.0,0.0,1.09
DEEP,DEEP_5003,6,6,0,51.796,9.907,51.611,52.735,-51.796,-73.067,-30.525,0.1488,0.0001,0.0,0.0,1.26
DEEP,DEEP_5031,6,6,0,45.05,17.182,45.891,48.216,-45.05,-81.942,-8.158,0.1911,0.0012,0.0,0.0,1.21
DEEP,DEEP_5044,6,6,0,56.503,13.875,60.669,58.182,-56.503,-86.294,-26.713,0.2908,0.0002,0.0,0.0,1.25
DEEP,DEEP_5074,6,6,0,56.01,11.952,55.138,57.271,-56.01,-81.672,-30.348,0.8158,0.0004,0.0,0.0,1.28
DEEP,DEEP_5078,6,6,0,35.003,18.836,33.026,39.75,-35.003,-75.446,5.44,-0.0983,-0.0004,0.0,16.7,1.1
DEEP,DEEP_5096,6,6,0,28.22,15.932,27.8,32.406,-28.22,-62.427,5.988,0.7842,0.0029,16.7,16.7,1.17
DEEP,DEEP_5123,6,6,0,51.795,18.123,47.666,54.874,-51.795,-90.707,-12.883,0.4321,0.0023,0.0,0.0,1.25
DEEP,DEEP_5125,6,6,0,39.295,13.579,35.645,41.575,-39.295,-68.45,-10.139,0.4501,0.0004,0.0,0.0,1.14
DEEP,DEEP_5130,6,6,0,33.021,25.674,23.486,41.828,-33.021,-88.146,22.104,0.2852,0.0008,16.7,16.7,1.23
DEEP,DEEP_5138,6,6,0,31.733,17.02,30.757,36.009,-31.733,-68.275,4.81,0.2511,0.0004,0.0,16.7,1.1
DEEP,DEEP_5148,6,6,0,57.537,16.784,61.757,59.935,-57.537,-93.573,-21.501,-0.5314,-0.0001,0.0,0.0,0.92
DEEP,DEEP_5156,6,6,0,31.857,14.579,35.117,35.034,-31.857,-63.158,-0.555,-0.8613,-0.0013,0.0,0.0,1.17
DEEP,DEEP_5174,6,6,0,37.488,17.944,45.167,41.561,-37.488,-76.014,1.039,0.5656,0.0006,16.7,16.7,1.15
DEEP,DEEP_5207,6,6,0,35.119,16.284,30.996,38.711,-35.119,-70.082,-0.157,0.0812,0.0001,0.0,0.0,1.21
DEEP,DEEP_5214,6,6,0,43.925,18.622,51.262,47.709,-43.925,-83.908,-3.942,-0.7777,-0.0031,0.0,0.0,1.0
DEEP,DEEP_5215,6,6,0,47.226,14.844,49.945,49.505,-47.226,-79.098,-15.355,-0.3283,-0.0002,0.0,0.0,1.23
DEEP,DEEP_5217,6,6,0,53.427,13.073,58.882,55.003,-53.427,-81.495,-25.359,0.213,0.0003,0.0,0.0,1.11
DEEP,DEEP_5223,6,6,0,56.61,12.715,60.032,58.021,-56.61,-83.91,-29.31,-0.0605,-0.0001,0.0,0.0,1.19
DEEP,DEEP_5228,6,6,0,30.998,14.324,33.369,34.148,-30.998,-61.754,-0.243,-0.6992,-0.002,0.0,0.0,1.3
DEEP,DEEP_5237,6,6,0,49.513,22.893,55.194,54.549,-49.513,-98.665,-0.361,0.2019,0.0003,0.0,0.0,1.13
DEEP,DEEP_5243,6,6,0,53.131,8.242,55.261,53.767,-53.131,-70.827,-35.435,-0.9084,-0.0028,0.0,0.0,1.35
DEEP,DEEP_5250,6,6,0,42.274,11.678,43.211,43.858,-42.274,-67.348,-17.201,-0.7027,-0.0007,0.0,0.0,0.99
DEEP,DEEP_5287,6,6,0,54.15,19.622,55.145,57.595,-54.15,-96.28,-12.02,0.701,0.0002,0.0,0.0,1.5
DEEP,DEEP_5288,6,6,0,42.442,16.377,43.025,45.492,-42.442,-77.606,-7.279,0.3367,0.0006,0.0,0.0,1.16
DEEP,DEEP_5292,6,6,0,40.162,15.94,46.636,43.209,-40.162,-74.387,-5.937,0.7674,0.0008,0.0,16.7,1.3
DEEP,DEEP_5307,6,6,0,33.65,26.44,34.126,42.795,-33.65,-90.419,23.119,0.4967,0.0009,0.0,50.0,1.18
DEEP,DEEP_5308,6,6,0,57.859,19.545,62.574,61.071,-57.859,-99.823,-15.894,-0.6137,-0.0021,0.0,0.0,1.11
DEEP,DEEP_5332,6,6,0,46.683,11.812,48.259,48.154,-46.683,-72.045,-21.321,-0.3138,-0.0004,0.0,0.0,1.26
DEEP,DEEP_5347,6,6,0,40.308,12.66,39.498,42.25,-40.308,-67.491,-13.126,0.4703,0.001,0.0,0.0,0.91
DEEP,DEEP_5353,6,6,0,45.417,28.481,56.549,53.609,-45.417,-106.567,15.733,-0.1994,-0.0011,16.7,16.7,1.24
DEEP,DEEP_5356,6,6,0,51.816,20.055,50.057,55.562,-51.816,-94.876,-8.757,-0.2192,-0.0014,0.0,0.0,1.15
DEEP,DEEP_5394,6,6,0,42.795,20.665,36.554,47.523,-42.795,-87.165,1.574,-0.3813,-0.0004,0.0,0.0,1.29
DEEP,DEEP_5395,6,6,0,53.703,13.493,55.659,55.372,-53.703,-82.674,-24.732,0.6758,0.0005,0.0,0.0,1.14
DEEP,DEEP_5441,6,6,0,40.035,14.849,36.317,42.699,-40.035,-71.915,-8.154,0.3281,0.0027,0.0,0.0,1.25
DEEP,DEEP_5483,6,6,0,31.866,25.445,21.791,40.779,-31.866,-86.499,22.766,-0.4056,-0.0005,16.7,16.7,1.51
DEEP,DEEP_5486,6,6,0,39.744,25.345,40.915,47.138,-39.744,-94.162,14.675,0.0769,0.0008,0.0,16.7,1.31
DEEP,DEEP_5500,6,6,0,64.583,10.964,66.569,65.507,-64.583,-88.124,-41.041,-0.4903,-0.0003,0.0,0.0,1.19
DEEP,DEEP_5507,6,6,0,34.79,11.351,38.961,36.595,-34.79,-59.162,-10.417,0.5636,0.002,0.0,16.7,1.22
DEEP,DEEP_5524,6,6,0,37.397,11.941,31.139,39.257,-37.397,-63.036,-11.759,0.0921,0.0001,0.0,0.0,0.96
DEEP,DEEP_5526,6,6,0,49.888,23.971,52.182,55.348,-49.888,-101.354,1.579,-0.3386,-0.0006,16.7,16.7,1.13
DEEP,DEEP_5533,6,6,0,49.24,17.282,52.242,52.185,-49.24,-86.346,-12.134,0.3698,0.0012,0.0,0.0,1.09
DEEP,DEEP_5535,6,6,0,39.572,17.39,32.545,43.224,-39.572,-76.91,-2.233,0.3835,0.0003,0.0,0.0,1.22
DEEP,DEEP_5536,6,6,0,57.297,13.901,54.753,58.959,-57.297,-87.144,-27.451,-0.0572,-0.0002,0.0,0.0,1.24
DEEP,DEEP_5543,6,6,0,39.863,20.716,39.99,44.924,-39.863,-84.341,4.615,-0.3818,-0.0023,0.0,16.7,1.27
DEEP,DEEP_5550,6,6,0,46.631,22.59,50.749,51.815,-46.631,-95.134,1.871,-0.5056,-0.0027,16.7,16.7,1.01
DEEP,DEEP_5562,6,6,0,35.881,18.735,41.553,40.478,-35.881,-76.107,4.345,-0.2744,-0.0012,0.0,16.7,1.2
DEEP,DEEP_5563,6,6,0,60.364,11.181,60.061,61.391,-60.364,-84.371,-36.357,0.7988,0.0026,0.0,0.0,1.06
DEEP,DEEP_5564,6,6,0,43.967,18.017,46.576,47.515,-43.967,-82.651,-5.283,0.2791,0.0012,0.0,16.7,1.28
DEEP,DEEP_5587,6,6,0,68.492,8.86,67.293,69.063,-68.492,-87.516,-49.468,0.1424,0.0001,0.0,0.0,1.13
DEEP,DEEP_5626,6,6,0,50.177,14.68,53.846,52.281,-50.177,-81.696,-18.659,0.1093,0.0002,0.0,0.0,1.09
DEEP,DEEP_5637,6,6,0,36.966,10.254,40.18,38.362,-36.966,-58.983,-14.95,0.2682,0.0004,0.0,0.0,1.18
DEEP,DEEP_5644,6,6,0,39.798,27.641,36.468,48.455,-39.798,-99.145,19.548,0.3188,0.0005,0.0,16.7,1.17
DEEP,DEEP_5646,6,6,0,54.05,20.596,61.627,57.842,-54.05,-98.272,-9.828,0.1408,0.0001,0.0,0.0,1.08
DEEP,DEEP_5676,6,6,0,43.757,23.621,39.733,49.726,-43.757,-94.474,6.96,-0.1267,-0.0004,0.0,0.0,1.13
DEEP,DEEP_5719,6,6,0,50.336,19.926,48.256,54.136,-50.336,-93.119,-7.553,-0.2027,-0.0003,0.0,0.0,1.15
DEEP,DEEP_5721,6,6,0,55.483,18.699,53.886,58.55,-55.483,-95.632,-15.335,0.432,0.0016,0.0,0.0,0.96
DEEP,DEEP_5733,6,6,0,47.118,14.622,50.021,49.335,-47.118,-78.512,-15.724,0.044,0.0,0.0,0.0,1.2
DEEP,DEEP_5734,6,6,0,43.256,19.014,44.672,47.251,-43.256,-84.082,-2.431,-0.2739,-0.0056,0.0,0.0,0.48
DEEP,DEEP_5785,6,6,0,46.96,25.328,48.41,53.355,-46.96,-101.341,7.422,0.2187,0.0003,0.0,0.0,0.94
DEEP,DEEP_5790,6,6,0,35.718,19.03,38.275,40.472,-35.718,-76.578,5.141,-0.3643,-0.0004,0.0,0.0,1.37
DEEP,DEEP_5796,6,6,0,55.008,19.233,60.077,58.273,-55.008,-96.302,-13.714,-0.3768,-0.0002,0.0,0.0,1.05
DEEP,DEEP_5800,6,6,0,32.76,23.456,26.835,40.291,-32.76,-83.121,17.601,-0.5893,-0.0049,0.0,16.7,1.23
DEEP,DEEP_5811,6,6,0,39.417,16.575,40.385,42.76,-39.417,-75.005,-3.829,0.0322,0.0001,0.0,0.0,0.96
DEEP,DEEP_5822,6,6,0,51.993,15.129,52.761,54.149,-51.993,-84.476,-19.51,-0.8436,-0.0006,0.0,0.0,1.18
DEEP,DEEP_5833,6,6,0,35.326,9.651,35.386,36.621,-35.326,-56.048,-14.604,-0.4497,-0.001,0.0,0.0,1.17
DEEP,DEEP_5860,6,6,0,58.803,12.87,62.876,60.195,-58.803,-86.436,-31.17,-0.2198,-0.0002,0.0,0.0,1.39
DEEP,DEEP_5904,6,6,0,40.502,21.263,35.703,45.745,-40.502,-86.156,5.151,-0.2795,-0.0004,0.0,0.0,1.07
DEEP,DEEP_5909,6,6,0,51.677,24.755,58.677,57.3,-51.677,-104.828,1.474,-0.2151,-0.0004,0.0,0.0,1.4
DEEP,DEEP_5921,6,6,0,41.631,17.586,38.047,45.193,-41.631,-79.389,-3.874,0.9238,0.0038,0.0,0.0,1.17
DEEP,DEEP_5928,6,6,0,46.825,12.679,42.718,48.511,-46.825,-74.047,-19.603,0.4551,0.0005,0.0,0.0,1.0
DEEP,DEEP_5938,6,6,0,52.988,15.712,54.559,55.268,-52.988,-86.722,-19.253,-0.1701,-0.0001,0.0,0.0,1.19
DEEP,DEEP_5948,6,6,0,31.43,21.94,28.894,38.33,-31.43,-78.536,15.676,0.0071,0.0,16.7,16.7,1.21
DEEP,DEEP_5974,6,6,0,56.33,7.123,58.748,56.779,-56.33,-71.623,-41.038,0.8376,0.0007,0.0,0.0,1.14
DEEP,DEEP_5980,6,6,0,36.091,18.242,37.117,40.439,-36.091,-75.258,3.076,0.3503,0.0004,0.0,0.0,1.06
DEEP,DEEP_5989,6,6,0,47.095,24.515,46.441,53.094,-47.095,-99.731,5.541,0.1856,0.0004,0.0,16.7,1.22
DEEP,DEEP_6008,6,6,0,38.024,15.26,37.249,40.972,-38.024,-70.789,-5.258,-0.4041,-0.0019,0.0,0.0,1.16
DEEP,DEEP_6028,6,6,0,55.977,16.397,65.821,58.329,-55.977,-91.182,-20.771,0.5513,0.0019,0.0,0.0,1.19
DEEP,DEEP_6031,6,6,0,31.366,8.015,32.48,32.374,-31.366,-48.575,-14.157,0.4157,0.0024,0.0,0.0,1.2
DEEP,DEEP_6042,6,6,0,62.764,8.92,61.842,63.394,-62.764,-81.917,-43.611,-0.6969,-0.0001,0.0,0.0,1.09
DEEP,DEEP_6066,6,6,0,42.803,17.572,47.602,46.269,-42.803,-80.531,-5.075,0.5435,0.0044,0.0,16.7,1.37
DEEP,DEEP_6082,6,6,0,53.092,19.351,57.77,56.508,-53.092,-94.639,-11.544,0.7114,0.0046,0.0,0.0,1.12
DEEP,DEEP_6091,6,6,0,37.989,24.117,38.791,44.998,-37.989,-89.769,13.791,0.0719,0.0001,0.0,16.7,1.25
DEEP,DEEP_6097,6,6,0,56.988,23.046,54.851,61.471,-56.988,-106.469,-7.506,0.3284,0.0012,0.0,0.0,1.29
DEEP,DEEP_6114,6,6,0,53.801,21.086,56.507,57.786,-53.801,-99.074,-8.529,-0.0538,-0.0,0.0,0.0,1.15
DEEP,DEEP_6127,6,6,0,44.549,6.432,44.976,45.011,-44.549,-58.359,-30.738,0.7143,0.0001,0.0,0.0,1.03
DEEP,DEEP_6137,6,6,0,37.759,25.092,37.418,45.336,-37.759,-91.633,16.115,-0.6546,-0.0008,0.0,16.7,1.04
DEEP,DEEP_6145,6,6,0,42.152,19.669,47.746,46.516,-42.152,-84.384,0.079,-0.6661,-0.0009,0.0,0.0,1.28
DEEP,DEEP_6176,6,6,0,36.362,31.998,32.6,48.436,-36.362,-105.064,32.339,0.1458,0.0002,33.3,50.0,1.01
DEEP,DEEP_6193,6,6,0,30.512,14.388,28.098,33.734,-30.512,-61.403,0.379,0.2925,0.0005,0.0,0.0,1.27
DEEP,DEEP_6223,6,6,0,50.909,16.05,57.252,53.379,-50.909,-85.37,-16.448,0.3318,0.0001,0.0,0.0,1.25
DEEP,DEEP_6245,6,6,0,47.064,26.351,47.416,53.939,-47.064,-103.642,9.515,0.7399,0.0005,0.0,16.7,1.07
DEEP,DEEP_6255,6,6,0,37.059,20.759,35.209,42.477,-37.059,-81.631,7.512,0.4607,0.0013,0.0,0.0,1.25
DEEP,DEEP_6277,6,6,0,60.596,8.426,56.813,61.179,-60.596,-78.688,-42.504,-0.0095,-0.0,0.0,0.0,1.25
DEEP,DEEP_6281,6,6,0,42.604,18.196,42.397,46.327,-42.604,-81.673,-3.535,-0.2376,-0.002,0.0,0.0,1.3
DEEP,DEEP_6289,6,6,0,40.922,23.695,37.794,47.287,-40.922,-91.798,9.954,0.4988,0.0003,0.0,0.0,1.2
DEEP,DEEP_6304,6,6,0,45.486,18.947,44.142,49.274,-45.486,-86.166,-4.806,0.235,0.0001,0.0,0.0,1.07
DEEP,DEEP_6307,6,6,0,44.022,17.045,46.067,47.206,-44.022,-80.617,-7.426,0.1759,0.0007,0.0,0.0,1.35
DEEP,DEEP_6329,6,6,0,59.352,23.022,66.529,63.661,-59.352,-108.783,-9.922,0.3488,0.0047,0.0,0.0,1.07
DEEP,DEEP_6334,6,6,0,55.174,21.388,61.878,59.174,-55.174,-101.096,-9.252,-0.5253,-0.0006,0.0,0.0,1.18
DEEP,DEEP_6340,6,6,0,41.094,16.918,36.855,44.44,-41.094,-77.418,-4.77,-0.3631,-0.0013,0.0,0.0,1.07
DEEP,DEEP_6354,6,6,0,49.257,11.343,49.788,50.546,-49.257,-73.611,-24.902,-0.3366,-0.0007,0.0,0.0,1.17
DEEP,DEEP_6361,6,6,0,56.183,9.652,59.166,57.006,-56.183,-76.906,-35.46,-0.5798,-0.0005,0.0,0.0,1.15
DEEP,DEEP_6368,6,6,0,48.435,25.186,57.773,54.592,-48.435,-102.512,5.642,-0.5309,-0.0015,0.0,0.0,1.43
DEEP,DEEP_6397,6,6,0,58.052,14.88,63.55,59.929,-58.052,-90.001,-26.103,0.1157,0.0,0.0,0.0,1.05
DEEP,DEEP_6401,6,6,0,37.211,18.659,31.462,41.627,-37.211,-77.274,2.852,0.3971,0.0007,0.0,0.0,1.14
DEEP,DEEP_6411,6,6,0,23.22,10.376,26.651,25.432,-23.22,-45.498,-0.941,0.3553,0.0015,16.7,16.7,1.02
DEEP,DEEP_6420,6,6,0,39.039,21.298,46.228,44.471,-39.039,-84.768,6.691,0.4026,0.0016,0.0,16.7,1.42
DEEP,DEEP_6422,6,6,0,28.43,7.898,28.349,29.506,-28.43,-45.386,-11.473,-0.4649,-0.0026,0.0,0.0,1.12
DEEP,DEEP_6425,6,6,0,31.062,19.816,24.27,36.844,-31.062,-73.608,11.484,-0.2603,-0.0019,0.0,16.7,1.16
DEEP,DEEP_6427,6,6,0,42.743,20.843,47.609,47.554,-42.743,-87.495,2.009,-0.2213,-0.0007,0.0,0.0,1.32
DEEP,DEEP_6473,6,6,0,39.369,10.913,41.543,40.853,-39.369,-62.799,-15.939,0.0483,0.0,0.0,0.0,1.17
DEEP,DEEP_6477,6,6,0,36.832,25.223,29.146,44.641,-36.832,-90.987,17.322,-0.5039,-0.0018,0.0,16.7,1.1
DEEP,DEEP_6495,6,6,0,35.734,26.287,32.02,44.361,-35.734,-92.173,20.706,0.4779,0.0035,16.7,33.3,1.11
DEEP,DEEP_6503,6,6,0,55.879,10.549,51.499,56.866,-55.879,-78.527,-33.231,-0.6001,-0.002,0.0,0.0,1.23
DEEP,DEEP_6537,6,6,0,42.667,27.105,51.197,50.548,-42.667,-100.863,15.529,0.5765,0.0025,0.0,33.3,0.98
DEEP,DEEP_6599,6,6,0,53.365,19.638,57.41,56.864,-53.365,-95.529,-11.201,0.567,0.0018,0.0,0.0,1.22
DEEP,DEEP_6604,6,6,0,58.169,12.499,51.281,59.497,-58.169,-85.006,-31.332,0.5948,0.0009,0.0,0.0,1.28
DEEP,DEEP_6631,6,6,0,38.503,21.058,50.138,43.885,-38.503,-83.716,6.709,0.4755,0.0035,0.0,16.7,1.05
DEEP,DEEP_6667,6,6,0,39.082,21.873,38.766,44.787,-39.082,-86.045,7.88,0.529,0.0018,0.0,0.0,1.26
DEEP,DEEP_6678,6,6,0,33.518,14.938,38.402,36.696,-33.518,-65.59,-1.445,-0.4341,-0.0013,0.0,16.7,1.1
DEEP,DEEP_6698,6,6,0,49.707,25.063,48.001,55.668,-49.707,-103.519,4.106,-0.1409,-0.0001,0.0,16.7,1.18
DEEP,DEEP_6718,6,6,0,34.144,17.499,26.59,38.367,-34.144,-71.716,3.428,-0.1885,-0.0004,0.0,0.0,1.02
DEEP,DEEP_6725,6,6,0,44.131,21.455,47.419,49.07,-44.131,-90.198,1.935,-0.5822,-0.0008,0.0,0.0,0.99
DEEP,DEEP_6731,6,6,0,63.214,10.563,61.614,64.091,-63.214,-85.894,-40.535,-0.3565,-0.0001,0.0,0.0,1.18
DEEP,DEEP_6737,6,6,0,32.246,23.18,25.877,39.713,-32.246,-82.016,17.524,-0.4977,-0.0005,0.0,16.7,1.11
DEEP,DEEP_6750,6,6,0,42.387,12.509,36.449,44.194,-42.387,-69.245,-15.529,-0.907,-0.0013,0.0,0.0,1.11
DEEP,DEEP_6782,6,6,0,33.556,18.575,37.255,38.354,-33.556,-73.437,6.325,-0.3355,-0.0041,0.0,16.7,1.02
DEEP,DEEP_6803,6,6,0,50.701,17.231,55.135,53.549,-50.701,-87.698,-13.704,-0.7415,-0.0015,0.0,0.0,0.98
DEEP,DEEP_6846,6,6,0,44.922,22.037,57.67,50.037,-44.922,-92.238,2.394,0.0188,0.0,0.0,0.0,1.29
DEEP,DEEP_6847,6,6,0,50.622,25.123,51.635,56.513,-50.622,-104.563,3.319,0.829,0.0077,0.0,16.7,1.18
DEEP,DEEP_6856,6,6,0,50.353,8.733,52.319,51.105,-50.353,-69.104,-31.602,-0.5165,-0.0016,0.0,0.0,1.4
DEEP,DEEP_6880,6,6,0,16.781,15.411,10.148,22.784,-16.781,-49.869,16.307,0.1457,0.0005,16.7,50.0,1.07
DEEP,DEEP_6916,6,6,0,45.947,10.977,42.852,47.24,-45.947,-69.514,-22.379,-0.05,-0.0001,0.0,0.0,1.09
DEEP,DEEP_6923,6,6,0,64.57,17.179,66.665,66.816,-64.57,-101.454,-27.685,0.3816,0.0007,0.0,0.0,1.31
DEEP,DEEP_6968,6,6,0,44.239,19.211,36.341,48.23,-44.239,-85.485,-2.992,-0.0756,-0.0003,0.0,0.0,1.2
DEEP,DEEP_6974,6,6,0,30.607,13.016,35.2,33.26,-30.607,-58.554,-2.66,-0.2446,-0.0006,16.7,16.7,1.03
DEEP,DEEP_6987,6,6,0,47.898,13.494,50.486,49.763,-47.898,-76.872,-18.925,0.8662,0.0014,0.0,0.0,1.35
DEEP,DEEP_6993,6,6,0,44.506,25.666,49.621,51.376,-44.506,-99.612,10.6,0.7531,0.0003,0.0,16.7,1.04
DEEP,DEEP_7006,6,6,0,39.429,15.755,45.735,42.461,-39.429,-73.257,-5.601,-0.0825,-0.0001,0.0,0.0,1.1
DEEP,DEEP_7047,6,6,0,38.462,23.71,30.002,45.182,-38.462,-89.369,12.446,0.2753,0.0007,0.0,16.7,1.18
DEEP,DEEP_7048,6,6,0,43.596,22.04,50.761,48.851,-43.596,-90.918,3.725,0.7359,0.0018,0.0,16.7,1.15
DEEP,DEEP_7050,6,6,0,41.115,12.766,44.434,43.051,-41.115,-68.525,-13.705,0.0523,0.0002,0.0,0.0,1.09
DEEP,DEEP_7056,6,6,0,62.446,7.399,62.613,62.883,-62.446,-78.332,-46.561,0.166,0.0001,0.0,0.0,1.09
DEEP,DEEP_7069,6,6,0,37.983,17.213,36.898,41.701,-37.983,-74.94,-1.027,-0.0277,-0.0001,0.0,0.0,1.14
DEEP,DEEP_7082,6,6,0,46.461,6.933,45.204,46.975,-46.461,-61.346,-31.575,-0.3054,-0.0006,0.0,0.0,1.32
DEEP,DEEP_7137,6,6,0,39.833,11.019,36.883,41.329,-39.833,-63.492,-16.175,-0.0678,-0.0001,0.0,0.0,1.33
DEEP,DEEP_7142,6,6,0,55.279,25.578,67.195,60.91,-55.279,-110.197,-0.361,-0.0316,-0.0001,0.0,0.0,1.28
DEEP,DEEP_7151,6,6,0,44.809,7.64,43.097,45.455,-44.809,-61.212,-28.405,-0.2712,-0.0002,0.0,0.0,1.18
DEEP,DEEP_7165,6,6,0,54.21,23.514,60.792,59.09,-54.21,-104.696,-3.724,0.4163,0.0011,0.0,0.0,1.16
DEEP,DEEP_7176,6,6,0,25.937,15.837,21.395,30.39,-25.937,-59.94,8.066,-0.3539,-0.002,0.0,16.7,1.09
DEEP,DEEP_7185,6,6,0,32.154,20.908,24.748,38.353,-32.154,-77.044,12.737,-0.7228,-0.0024,0.0,16.7,1.17
DEEP,DEEP_7186,6,6,0,30.187,21.23,32.125,36.904,-30.187,-75.768,15.395,0.2193,0.0003,0.0,33.3,1.17
DEEP,DEEP_7187,6,6,0,52.004,17.518,53.473,54.876,-52.004,-89.617,-14.391,-0.1704,-0.0002,0.0,0.0,1.1
DEEP,DEEP_7211,6,6,0,59.84,13.637,60.959,61.374,-59.84,-89.119,-30.561,0.8549,0.0023,0.0,0.0,1.29
DEEP,DEEP_7222,6,6,0,51.346,19.523,59.739,54.932,-51.346,-93.264,-9.429,-0.3091,-0.0004,0.0,0.0,1.05
DEEP,DEEP_7231,6,6,0,43.083,11.76,38.653,44.659,-43.083,-68.332,-17.834,-0.8095,-0.002,0.0,0.0,1.3
DEEP,DEEP_7233,6,6,0,40.898,23.86,33.445,47.349,-40.898,-92.128,10.333,-0.8108,-0.0074,0.0,0.0,1.14
DEEP,DEEP_7248,6,6,0,53.881,17.929,51.853,56.786,-53.881,-92.376,-15.386,0.2414,0.0023,0.0,0.0,1.23
DEEP,DEEP_7279,6,6,0,54.591,29.236,56.146,61.927,-54.591,-117.364,8.181,0.4091,0.0002,0.0,0.0,1.18
DEEP,DEEP_7280,6,6,0,27.722,16.244,28.8,32.131,-27.722,-62.599,7.155,-0.2363,-0.0017,0.0,33.3,1.22
DEEP,DEEP_7362,6,6,0,37.259,21.189,28.952,42.863,-37.259,-82.753,8.235,0.1845,0.0004,0.0,0.0,1.16
DEEP,DEEP_7376,6,6,0,50.415,18.187,58.413,53.595,-50.415,-89.463,-11.367,-0.6655,-0.0006,0.0,0.0,1.09
DEEP,DEEP_7380,6,6,0,43.639,12.805,41.546,45.48,-43.639,-71.134,-16.145,-0.1772,-0.0003,0.0,0.0,1.03
DEEP,DEEP_7396,6,6,0,41.775,23.254,46.09,47.811,-41.775,-91.704,8.153,0.4146,0.0007,0.0,0.0,1.13
DEEP,DEEP_7412,6,6,0,51.003,22.88,58.915,55.9,-51.003,-100.129,-1.878,-0.352,-0.0005,0.0,0.0,1.16
DEEP,DEEP_7437,6,6,0,35.159,15.529,28.394,38.436,-35.159,-68.501,-1.817,0.4551,0.0007,0.0,0.0,1.19
DEEP,DEEP_7445,6,6,0,29.979,17.872,22.477,34.902,-29.979,-68.353,8.394,0.2142,0.0012,0.0,0.0,1.15
DEEP,DEEP_7456,6,6,0,50.89,18.078,55.587,54.006,-50.89,-89.705,-12.075,0.2445,0.0009,0.0,0.0,1.2
DEEP,DEEP_7473,6,6,0,60.699,13.753,60.091,62.238,-60.699,-90.229,-31.17,-0.0673,-0.0002,0.0,0.0,1.2
DEEP,DEEP_7509,6,6,0,42.137,21.701,33.056,47.397,-42.137,-88.731,4.458,-0.0995,-0.0003,0.0,0.0,0.98
DEEP,DEEP_7514,6,6,0,31.163,22.289,26.557,38.313,-31.163,-79.018,16.693,-0.8547,-0.0015,0.0,0.0,1.05
DEEP,DEEP_7519,6,6,0,20.52,5.38,20.418,21.214,-20.52,-32.072,-8.968,-0.3671,-0.0017,0.0,0.0,1.13
DEEP,DEEP_7520,6,6,0,42.899,19.651,39.68,47.186,-42.899,-85.092,-0.707,-0.0636,-0.0001,0.0,0.0,1.05
DEEP,DEEP_7539,6,6,0,32.606,26.057,27.301,41.739,-32.606,-88.552,23.34,0.3335,0.002,16.7,33.3,1.04
DEEP,DEEP_7542,6,6,0,39.75,27.307,37.587,48.225,-39.75,-98.379,18.879,-0.1357,-0.0003,0.0,33.3,1.19
DEEP,DEEP_7557,6,6,0,35.571,16.199,30.186,39.086,-35.571,-70.352,-0.79,-0.0575,-0.0005,0.0,0.0,1.24
DEEP,DEEP_7568,6,6,0,26.179,25.741,16.52,36.714,-26.179,-81.446,29.088,0.8015,0.0022,0.0,33.3,1.34
DEEP,DEEP_7570,6,6,0,51.878,14.144,56.611,53.772,-51.878,-82.247,-21.509,0.1709,0.0002,0.0,0.0,1.07
DEEP,DEEP_7576,6,6,0,51.666,29.871,59.643,59.68,-51.666,-115.801,12.468,-0.8543,-0.001,16.7,16.7,1.25
DEEP,DEEP_7596,6,6,0,36.106,13.131,34.296,38.42,-36.106,-64.3,-7.912,-0.133,-0.0004,0.0,0.0,1.14
DEEP,DEEP_7598,6,6,0,32.376,9.764,31.546,33.816,-32.376,-53.341,-11.412,0.0653,0.0001,0.0,0.0,1.45
DEEP,DEEP_7601,6,6,0,23.951,11.365,27.732,26.511,-23.951,-48.353,0.451,-0.3939,-0.0051,0.0,16.7,1.16
DEEP,DEEP_7604,6,6,0,41.697,12.903,41.37,43.648,-41.697,-69.401,-13.994,0.2175,0.0003,0.0,0.0,1.07
DEEP,DEEP_7626,6,6,0,41.409,15.631,44.481,44.26,-41.409,-74.968,-7.849,0.0222,0.0001,0.0,0.0,1.37
DEEP,DEEP_7628,6,6,0,49.981,23.391,49.664,55.184,-49.981,-100.203,0.242,0.6686,0.0011,0.0,0.0,1.07
DEEP,DEEP_7637,6,6,0,35.362,8.93,33.675,36.473,-35.362,-54.535,-16.19,-0.4367,-0.0029,0.0,0.0,1.17
DEEP,DEEP_7685,6,6,0,50.871,21.906,60.216,55.388,-50.871,-97.906,-3.837,-0.2751,-0.0012,0.0,0.0,0.85
DEEP,DEEP_7695,6,6,0,31.377,18.67,35.995,36.511,-31.377,-71.463,8.71,0.3962,0.0005,16.7,16.7,1.24
DEEP,DEEP_7736,6,6,0,33.76,24.877,28.175,41.936,-33.76,-87.173,19.653,-0.246,-0.0005,0.0,16.7,1.09
DEEP,DEEP_7748,6,6,0,15.678,11.143,10.755,19.234,-15.678,-39.601,8.246,0.7224,0.0169,16.7,33.3,0.93
DEEP,DEEP_7759,6,6,0,46.452,20.052,43.242,50.595,-46.452,-89.505,-3.398,0.723,0.0023,0.0,0.0,1.08
DEEP,DEEP_7769,6,6,0,52.495,15.301,51.778,54.68,-52.495,-85.347,-19.643,-0.9613,-0.0026,0.0,0.0,1.12
DEEP,DEEP_7788,6,6,0,48.019,18.853,53.785,51.587,-48.019,-88.497,-7.54,0.668,0.0005,0.0,0.0,1.08
DEEP,DEEP_7793,6,6,0,35.76,12.727,33.789,37.957,-35.76,-63.085,-8.434,0.4258,0.0022,0.0,0.0,1.18
DEEP,DEEP_7831,6,6,0,36.167,16.367,38.938,39.698,-36.167,-71.308,-1.026,-0.3151,-0.0009,0.0,0.0,1.04
DEEP,DEEP_7864,6,6,0,53.77,16.961,54.984,56.381,-53.77,-90.186,-17.353,0.9407,0.0013,0.0,0.0,1.22
DEEP,DEEP_7865,6,6,0,46.89,17.434,46.198,50.026,-46.89,-84.322,-9.458,0.5719,0.0018,0.0,0.0,1.51
DEEP,DEEP_7878,6,6,0,33.27,14.776,35.621,36.404,-33.27,-64.996,-1.544,0.2207,0.0018,0.0,0.0,1.24
DEEP,DEEP_7889,6,6,0,40.219,23.578,40.349,46.621,-40.219,-90.844,10.405,-0.4858,-0.0009,0.0,16.7,1.39
DEEP,DEEP_7901,6,6,0,51.014,17.452,52.517,53.916,-51.014,-88.485,-13.543,-0.0297,-0.0,0.0,0.0,1.25
DEEP,DEEP_7927,6,6,0,47.407,24.175,56.029,53.215,-47.407,-99.313,4.499,-0.961,-0.0009,0.0,0.0,1.11
DEEP,DEEP_7928,6,6,0,36.077,21.194,38.086,41.842,-36.077,-81.582,9.428,-0.1491,-0.0001,0.0,0.0,1.05
DEEP,DEEP_7942,6,6,0,27.42,13.887,31.329,30.736,-27.42,-57.236,2.395,0.3006,0.0011,16.7,16.7,1.29
DEEP,DEEP_7957,6,6,0,36.502,21.545,44.797,42.386,-36.502,-82.761,9.756,-0.1699,-0.0005,16.7,16.7,1.26
DEEP,DEEP_7959,6,6,0,40.239,13.325,37.919,42.388,-40.239,-68.848,-11.63,-0.8314,-0.0062,0.0,0.0,0.98
DEEP,DEEP_7969,6,6,0,47.878,23.704,58.183,53.425,-47.878,-98.773,3.016,0.3387,0.0001,16.7,16.7,1.1
DEEP,DEEP_7983,6,6,0,40.619,17.557,45.706,44.251,-40.619,-78.314,-2.923,0.3114,0.0009,0.0,0.0,1.41
DEEP,DEEP_7997,6,6,0,32.024,18.753,34.617,37.11,-32.024,-72.287,8.24,-0.1127,-0.0011,0.0,16.7,1.25
DEEP,DEEP_8001,6,6,0,34.129,19.702,36.501,39.408,-34.129,-76.432,8.174,0.6576,0.0008,16.7,16.7,1.02
DEEP,DEEP_8009,6,6,0,56.663,7.928,59.224,57.215,-56.663,-73.685,-39.641,-0.4033,-0.0001,0.0,0.0,1.06
DEEP,DEEP_8021,6,6,0,40.163,20.076,39.389,44.901,-40.163,-83.266,2.941,-0.1977,-0.0013,0.0,16.7,1.14
DEEP,DEEP_8147,6,6,0,24.902,14.801,17.32,28.969,-24.902,-56.681,6.877,0.7734,0.0024,0.0,0.0,1.32
DEEP,DEEP_8213,6,6,0,58.245,15.743,66.738,60.335,-58.245,-92.047,-24.443,-0.37,-0.0003,0.0,0.0,1.28
DEEP,DEEP_8262,6,6,0,52.869,25.536,62.911,58.713,-52.869,-107.697,1.96,-0.2033,-0.0001,0.0,16.7,1.05
DEEP,DEEP_8266,6,6,0,49.891,21.302,56.736,54.248,-49.891,-95.627,-4.154,-0.9146,-0.0032,0.0,0.0,1.13
DEEP,DEEP_8290,6,6,0,55.305,11.224,53.056,56.433,-55.305,-79.404,-31.206,-0.6716,-0.0011,0.0,0.0,1.14
DEEP,DEEP_8331,6,6,0,54.095,16.919,54.528,56.679,-54.095,-90.422,-17.769,0.1411,0.0001,0.0,0.0,1.07
DEEP,DEEP_8364,6,6,0,39.234,12.848,39.12,41.285,-39.234,-66.821,-11.648,-0.1922,-0.0007,0.0,0.0,1.22
DEEP,DEEP_8370,6,6,0,31.934,13.985,35.514,34.862,-31.934,-61.961,-1.906,0.7523,0.003,0.0,0.0,1.04
DEEP,DEEP_8377,6,6,0,49.378,15.693,52.494,51.811,-49.378,-83.071,-15.684,-0.8557,-0.0032,0.0,0.0,0.98
DEEP,DEEP_8380,6,6,0,43.048,25.107,51.762,49.835,-43.048,-96.954,10.858,-0.4258,-0.0004,16.7,16.7,1.19
DEEP,DEEP_8381,6,6,0,38.98,18.266,41.442,43.048,-38.98,-78.199,0.239,-0.2781,-0.0004,0.0,0.0,1.22
DEEP,DEEP_8384,6,6,0,55.035,20.125,61.579,58.6,-55.035,-98.246,-11.825,-0.4703,-0.0009,0.0,0.0,1.05
DEEP,DEEP_8412,6,6,0,34.064,17.155,33.471,38.139,-34.064,-70.896,2.769,-0.6039,-0.0007,0.0,16.7,0.95
DEEP,DEEP_8428,6,6,0,37.463,20.256,40.953,42.589,-37.463,-80.955,6.029,-0.5229,-0.0008,0.0,0.0,1.17
DEEP,DEEP_8430,6,6,0,45.734,17.125,52.34,48.836,-45.734,-82.503,-8.965,-0.2085,-0.0001,0.0,0.0,1.39
DEEP,DEEP_8432,6,6,0,45.946,25.332,55.234,52.466,-45.946,-100.336,8.444,0.5679,0.0004,0.0,16.7,1.15
DEEP,DEEP_8490,6,6,0,30.444,15.13,29.916,33.997,-30.444,-62.93,2.042,-0.2273,-0.003,0.0,16.7,1.39
DEEP,DEEP_8500,6,6,0,46.579,26.199,61.026,53.441,-46.579,-102.83,9.672,0.5422,0.0009,16.7,16.7,1.02
DEEP,DEEP_8514,6,6,0,37.635,18.921,39.117,42.123,-37.635,-78.26,2.991,-0.4596,-0.0049,0.0,16.7,1.42
DEEP,DEEP_8517,6,6,0,44.851,22.687,51.727,50.262,-44.851,-93.562,3.861,-0.422,-0.0004,0.0,16.7,1.11
DEEP,DEEP_8540,6,6,0,44.793,19.879,47.752,49.006,-44.793,-87.474,-2.112,0.5381,0.0007,0.0,0.0,1.14
DEEP,DEEP_8541,6,6,0,49.157,25.228,54.889,55.253,-49.157,-103.324,5.01,0.3268,0.0003,0.0,16.7,1.21
DEEP,DEEP_8550,6,6,0,48.928,12.705,51.556,50.551,-48.928,-76.207,-21.649,0.464,0.0004,0.0,0.0,1.28
DEEP,DEEP_8555,6,6,0,51.094,21.124,55.061,55.288,-51.094,-96.448,-5.739,-0.3484,-0.0002,0.0,0.0,1.09
DEEP,DEEP_8563,6,6,0,35.778,14.664,30.19,38.666,-35.778,-67.262,-4.294,0.7296,0.0043,0.0,0.0,1.36
DEEP,DEEP_8565,6,6,0,60.141,8.885,61.033,60.794,-60.141,-79.219,-41.064,-0.8041,-0.0003,0.0,0.0,1.22
DEEP,DEEP_8584,6,6,0,48.713,19.083,49.781,52.318,-48.713,-89.686,-7.741,-0.1388,-0.0002,0.0,0.0,0.96
DEEP,DEEP_8587,6,6,0,44.724,24.476,48.287,50.984,-44.724,-97.277,7.828,-0.0493,-0.0001,0.0,16.7,1.09
DEEP,DEEP_8603,6,6,0,38.613,10.369,40.068,39.981,-38.613,-60.876,-16.351,-0.3222,-0.0016,0.0,0.0,1.17
DEEP,DEEP_8661,6,6,0,31.631,24.122,24.745,39.78,-31.631,-83.424,20.161,-0.9286,-0.0025,0.0,33.3,0.99
DEEP,DEEP_8664,6,6,0,49.252,18.345,50.528,52.557,-49.252,-88.64,-9.863,-0.0485,-0.0002,0.0,0.0,1.01
DEEP,DEEP_8679,6,6,0,33.424,19.387,29.915,38.64,-33.424,-75.05,8.202,0.4093,0.0009,0.0,16.7,1.47
DEEP,DEEP_8681,6,6,0,35.53,17.863,28.541,39.767,-35.53,-73.883,2.824,0.0172,0.0,0.0,0.0,1.28
DEEP,DEEP_8706,6,6,0,38.514,26.085,34.383,46.516,-38.514,-94.521,17.492,0.3335,0.0003,0.0,16.7,1.34
DEEP,DEEP_8718,6,6,0,42.947,4.811,43.838,43.215,-42.947,-53.275,-32.618,0.4422,0.0002,0.0,0.0,1.18
DEEP,DEEP_8730,6,6,0,19.641,13.883,21.128,24.052,-19.641,-49.449,10.166,0.4335,0.0009,33.3,33.3,1.09
DEEP,DEEP_8738,6,6,0,52.499,14.077,57.69,54.354,-52.499,-82.724,-22.274,0.5182,0.0012,0.0,0.0,1.13
DEEP,DEEP_8768,6,6,0,32.771,10.262,29.715,34.34,-32.771,-54.804,-10.738,-0.6272,-0.0044,0.0,0.0,0.93
DEEP,DEEP_8772,6,6,0,38.033,29.576,27.562,48.179,-38.033,-101.535,25.469,-0.4981,-0.002,0.0,16.7,1.26
DEEP,DEEP_8785,6,6,0,44.591,21.651,52.996,49.569,-44.591,-91.077,1.894,0.0224,0.0,0.0,0.0,1.35
DEEP,DEEP_8802,6,6,0,52.195,22.335,62.139,56.773,-52.195,-100.15,-4.24,0.0561,0.0003,0.0,0.0,1.02
DEEP,DEEP_8808,6,6,0,59.08,15.87,60.133,61.174,-59.08,-93.155,-25.005,0.2105,0.0004,0.0,0.0,1.11
DEEP,DEEP_8817,6,6,0,51.876,17.491,49.845,54.745,-51.876,-89.43,-14.321,0.409,0.0002,0.0,0.0,1.01
DEEP,DEEP_8834,6,6,0,27.918,12.28,23.152,30.5,-27.918,-54.285,-1.552,-0.2518,-0.0045,0.0,0.0,0.8
DEEP,DEEP_8844,6,6,0,20.595,10.57,17.952,23.149,-20.595,-43.289,2.099,-0.756,-0.0051,0.0,16.7,1.11
DEEP,DEEP_8847,6,6,0,54.457,7.768,55.44,55.008,-54.457,-71.135,-37.78,-0.3137,-0.0005,0.0,0.0,1.19
DEEP,DEEP_8848,6,6,0,40.273,11.285,37.871,41.824,-40.273,-64.503,-16.044,0.2949,0.0004,0.0,0.0,1.26
DEEP,DEEP_8852,6,6,0,37.02,20.821,31.654,42.474,-37.02,-81.724,7.684,0.4787,0.0009,16.7,16.7,1.08
DEEP,DEEP_8874,6,6,0,44.538,18.045,48.834,48.055,-44.538,-83.281,-5.795,0.5749,0.0006,0.0,0.0,1.3
DEEP,DEEP_8897,6,6,0,39.374,20.619,39.539,44.446,-39.374,-83.644,4.896,0.2797,0.0021,0.0,0.0,1.26
DEEP,DEEP_8902,6,6,0,59.224,19.61,65.52,62.386,-59.224,-101.328,-17.119,-0.3175,-0.0012,0.0,0.0,1.26
DEEP,DEEP_9003,6,6,0,17.645,13.971,15.736,22.507,-17.36,-48.114,13.393,0.3071,0.1519,16.7,33.3,0.97
DEEP,DEEP_9028,6,6,0,34.618,23.438,30.929,41.806,-34.618,-84.94,15.704,0.0621,0.0,16.7,16.7,0.96
DEEP,DEEP_9039,6,6,0,44.401,17.412,40.529,47.693,-44.401,-81.786,-7.015,0.1713,0.0003,0.0,0.0,1.09
DEEP,DEEP_9064,6,6,0,27.959,19.891,22.255,34.313,-27.959,-70.668,14.749,0.4174,0.0054,0.0,16.7,1.24
DEEP,DEEP_9077,6,6,0,44.288,12.887,44.451,46.124,-44.288,-71.958,-16.617,0.8534,0.0006,0.0,0.0,0.97
DEEP,DEEP_9092,6,6,0,49.362,17.02,43.559,52.213,-49.362,-85.905,-12.818,-0.1512,-0.0001,0.0,0.0,1.3
DEEP,DEEP_9098,6,6,0,42.794,9.915,45.528,43.927,-42.794,-64.082,-21.505,-0.7947,-0.0004,0.0,0.0,1.37
DEEP,DEEP_9105,6,6,0,38.951,15.216,37.706,41.818,-38.951,-71.622,-6.28,-0.1175,-0.0001,0.0,0.0,1.0
DEEP,DEEP_9115,6,6,0,57.893,21.341,65.501,61.701,-57.893,-103.714,-12.072,-0.3067,-0.0002,0.0,0.0,1.09
DEEP,DEEP_9118,6,6,0,35.045,28.456,34.075,45.143,-35.045,-96.142,26.052,0.5269,0.001,16.7,50.0,1.44
DEEP,DEEP_9139,6,6,0,26.29,17.315,27.499,31.48,-26.29,-63.467,10.887,-0.4907,-0.0019,16.7,33.3,1.12
DEEP,DEEP_9141,6,6,0,36.295,19.857,33.672,41.372,-36.295,-78.931,6.34,-0.2276,-0.0022,0.0,0.0,1.53
DEEP,DEEP_9146,6,6,0,46.098,25.907,56.707,52.879,-46.098,-101.721,9.525,-0.1783,-0.0005,0.0,16.7,1.35
DEEP,DEEP_9153,6,6,0,46.286,23.892,45.7,52.089,-46.286,-97.583,5.011,0.098,0.0001,0.0,0.0,1.16
DEEP,DEEP_9160,6,6,0,34.793,17.22,37.423,38.821,-34.793,-71.766,2.18,0.7209,0.0007,0.0,0.0,1.18
DEEP,DEEP_9163,6,6,0,54.156,17.442,52.183,56.896,-54.156,-91.606,-16.706,0.5363,0.0009,0.0,0.0,1.24
DEEP,DEEP_9174,6,6,0,53.382,9.489,53.478,54.219,-53.382,-73.756,-33.008,-0.4523,-0.0007,0.0,0.0,1.04
DEEP,DEEP_9199,6,6,0,39.139,18.002,42.591,43.08,-39.139,-77.79,-0.487,0.521,0.0017,0.0,16.7,1.27
DEEP,DEEP_9211,6,6,0,49.052,18.272,50.579,52.345,-49.052,-88.283,-9.82,-0.8501,-0.0007,0.0,0.0,1.08
DEEP,DEEP_9229,6,6,0,48.272,13.261,43.84,50.06,-48.272,-76.743,-19.8,-0.2315,-0.0013,0.0,0.0,1.35
DEEP,DEEP_9256,6,6,0,32.41,12.536,28.889,34.75,-32.41,-59.326,-5.494,0.6016,0.0005,0.0,0.0,1.24
DEEP,DEEP_9282,6,6,0,45.029,26.151,48.507,52.072,-45.029,-101.178,11.119,-0.399,-0.0003,0.0,16.7,1.05
DEEP,DEEP_9283,6,6,0,41.531,12.763,43.093,43.448,-41.531,-68.933,-14.129,-0.5182,-0.0007,0.0,0.0,1.09
DEEP,DEEP_9286,6,6,0,46.882,15.43,50.425,49.356,-46.882,-80.011,-13.753,-0.294,-0.0004,0.0,0.0,1.24
DEEP,DEEP_9292,6,6,0,56.476,19.881,61.022,59.874,-56.476,-99.163,-13.79,-0.1148,-0.0005,0.0,0.0,1.03
DEEP,DEEP_9305,6,6,0,53.767,12.679,58.242,55.241,-53.767,-80.988,-26.545,-0.5262,-0.0009,0.0,0.0,1.1
DEEP,DEEP_9308,6,6,0,42.735,9.799,41.421,43.844,-42.735,-63.773,-21.697,0.4825,0.0008,0.0,0.0,1.09
DEEP,DEEP_9309,6,6,0,44.794,12.175,49.578,46.42,-44.794,-70.935,-18.654,0.1947,0.0005,0.0,0.0,0.93
DEEP,DEEP_9396,6,6,0,28.167,8.396,26.837,29.392,-28.167,-46.194,-10.139,0.4638,0.0043,0.0,0.0,1.24
DEEP,DEEP_9401,6,6,0,27.973,11.752,22.82,30.341,-27.973,-53.204,-2.742,0.2206,0.0007,0.0,0.0,1.32
DEEP,DEEP_9425,6,6,0,36.353,24.558,37.075,43.87,-36.353,-89.08,16.375,0.6564,0.0009,16.7,33.3,1.3
DEEP,DEEP_9464,6,6,0,35.825,18.057,34.085,40.118,-35.825,-74.594,2.945,0.1827,0.0007,0.0,0.0,1.09
DEEP,DEEP_9486,6,6,0,52.677,24.376,65.275,58.044,-52.677,-105.015,-0.34,-0.0347,-0.0001,0.0,0.0,1.08
DEEP,DEEP_9512,6,6,0,44.955,18.519,43.221,48.62,-44.955,-84.717,-5.193,0.2478,0.0011,0.0,0.0,1.17
DEEP,DEEP_9519,6,6,0,32.832,22.603,30.701,39.861,-32.832,-81.364,15.699,0.6291,0.0074,0.0,33.3,0.99
DEEP,DEEP_9554,6,6,0,46.469,20.002,42.148,50.591,-46.469,-89.416,-3.522,-0.5258,-0.0009,0.0,0.0,1.38
DEEP,DEEP_9597,6,6,0,48.201,6.177,50.083,48.595,-48.201,-61.464,-34.938,0.7882,0.0004,0.0,0.0,1.08
DEEP,DEEP_9620,6,6,0,46.443,21.719,45.145,51.27,-46.443,-93.074,0.189,0.4171,0.0003,0.0,0.0,1.12
DEEP,DEEP_9629,6,6,0,48.153,12.181,49.099,49.67,-48.153,-74.307,-21.998,-0.238,-0.0003,0.0,0.0,1.22
DEEP,DEEP_9640,6,6,0,52.979,17.564,57.916,55.814,-52.979,-90.69,-15.267,0.1272,0.0007,0.0,0.0,1.23
DEEP,DEEP_9676,6,6,0,54.995,13.932,51.514,56.732,-54.995,-84.907,-25.083,-0.4045,-0.0013,0.0,0.0,1.26
DEEP,DEEP_9711,6,6,0,27.015,12.277,29.014,29.674,-27.015,-53.375,-0.655,0.083,0.0002,0.0,16.7,1.18
DEEP,DEEP_9715,6,6,0,57.178,13.61,58.416,58.775,-57.178,-86.399,-27.957,0.3051,0.0004,0.0,0.0,1.22
DEEP,DEEP_9720,6,6,0,48.317,19.881,56.181,52.247,-48.317,-91.002,-5.632,-0.3287,-0.0009,0.0,16.7,1.36
DEEP,DEEP_9725,6,6,0,40.46,25.144,48.77,47.637,-40.46,-94.447,13.526,0.3089,0.001,16.7,16.7,1.0
DEEP,DEEP_9737,6,6,0,50.971,8.55,51.877,51.683,-50.971,-69.328,-32.614,0.424,0.0003,0.0,0.0,1.22
DEEP,DEEP_9739,6,6,0,35.81,25.906,29.573,44.199,-35.81,-91.433,19.812,-0.6492,-0.0047,0.0,16.7,1.02
DEEP,DEEP_9753,6,6,0,54.339,17.4,58.24,57.057,-54.339,-91.698,-16.981,-0.2627,-0.0005,0.0,0.0,1.12
DEEP,DEEP_9779,6,6,0,32.051,13.7,32.632,34.856,-32.051,-61.465,-2.637,-0.7635,-0.0012,0.0,16.7,1.18
DEEP,DEEP_9808,6,6,0,57.875,13.664,56.685,59.466,-57.875,-87.213,-28.537,-0.3583,-0.0004,0.0,0.0,1.25
DEEP,DEEP_9825,6,6,0,44.296,5.931,42.594,44.691,-44.296,-57.03,-31.562,0.4425,0.001,0.0,0.0,1.32
DEEP,DEEP_9827,6,6,0,35.964,21.408,25.857,41.853,-35.964,-81.928,10.0,0.7424,0.0017,0.0,0.0,1.19
DEEP,DEEP_9833,6,6,0,33.861,19.556,31.071,39.103,-33.861,-75.85,8.127,-0.1771,-0.0009,0.0,0.0,1.05
DEEP,DEEP_9869,6,6,0,54.387,20.326,58.46,58.061,-54.387,-98.028,-10.747,-0.2803,-0.0003,0.0,0.0,1.21
DEEP,DEEP_9884,6,6,0,45.537,22.771,53.458,50.913,-45.537,-94.428,3.354,-0.2377,-0.0013,0.0,0.0,1.26
DEEP,DEEP_9891,6,6,0,27.829,12.088,27.137,30.341,-27.829,-53.782,-1.876,-0.1852,-0.0005,0.0,0.0,1.09
DEEP,DEEP_9922,6,6,0,26.116,13.381,25.777,29.344,-26.116,-54.847,2.615,-0.5303,-0.0049,16.7,16.7,1.18
DEEP,DEEP_9938,6,6,0,55.901,6.548,53.889,56.283,-55.901,-69.961,-41.841,0.1787,0.0,0.0,0.0,1.13
DEEP,DEEP_9940,6,6,0,27.978,11.888,25.207,30.399,-27.978,-53.502,-2.454,-0.1182,-0.0003,0.0,0.0,0.92
DEEP,DEEP_9957,6,6,0,48.95,16.059,50.298,51.517,-48.95,-83.43,-14.47,-0.7497,-0.0011,0.0,0.0,1.17
DEEP,DEEP_9968,6,6,0,36.389,12.111,39.953,38.352,-36.389,-62.393,-10.386,-0.2006,-0.0001,0.0,0.0,1.09
DEEP,DEEP_9980,6,6,0,60.341,10.826,60.543,61.304,-60.341,-83.585,-37.097,0.2665,0.0001,0.0,0.0,1.18
DEEP,DEEP_9981,6,6,0,40.674,18.324,37.519,44.611,-40.674,-80.017,-1.331,-0.3498,-0.0003,0.0,0.0,1.16
DEEP,DEEP_9987,6,6,0,62.219,26.915,70.206,67.791,-62.219,-120.008,-4.431,-0.739,-0.0006,16.7,16.7,1.36
DEEP,DEEP_9998,6,6,0,32.38,14.132,35.432,35.329,-32.38,-62.722,-2.037,0.8787,0.0013,0.0,16.7,1.24
FUSION,FUSION_1020,6,6,0,23.496,10.98,21.125,25.935,-23.496,-47.072,0.08,0.8181,0.2606,0.0,16.7,1.94
FUSION,FUSION_1024,6,6,0,20.761,18.11,20.463,27.55,-18.231,-62.578,26.115,0.5406,0.398,50.0,50.0,1.3
FUSION,FUSION_1035,6,6,0,26.221,12.559,22.27,29.074,-26.221,-53.187,0.745,0.2526,0.0437,0.0,0.0,1.16
FUSION,FUSION_1091,6,6,0,30.082,20.079,29.987,36.168,-8.684,-84.067,66.699,0.0784,0.0742,16.7,33.3,1.67
FUSION,FUSION_1097,6,6,0,39.373,12.753,43.881,41.386,-26.493,-94.761,41.775,-0.5771,-0.2125,0.0,0.0,-0.47
FUSION,FUSION_1099,6,6,0,19.264,4.913,17.719,19.881,-3.998,-45.812,37.816,-0.1839,-0.149,0.0,0.0,1.28
FUSION,FUSION_1107,6,6,0,25.457,17.874,14.188,31.106,-7.652,-72.385,57.082,-0.0946,-0.0816,0.0,0.0,0.01
FUSION,FUSION_1113,6,6,0,29.998,21.597,30.996,36.963,-22.564,-85.425,40.298,-0.6938,-0.3176,16.7,33.3,1.27
FUSION,FUSION_1115,6,6,0,21.561,16.706,16.079,27.275,-21.561,-57.43,14.309,0.4924,0.2178,16.7,50.0,0.21
FUSION,FUSION_1149,6,6,0,17.982,16.963,11.504,24.72,-16.451,-56.066,23.164,-0.6327,-0.1169,50.0,50.0,1.95
FUSION,FUSION_1156,6,6,0,17.522,16.181,10.044,23.851,-14.331,-55.265,26.604,0.1414,0.0483,16.7,50.0,1.09
FUSION,FUSION_1176,6,6,0,19.51,2.651,20.576,19.69,5.739,-34.7,46.179,-0.0181,-0.0146,0.0,0.0,0.72
FUSION,FUSION_1180,6,6,0,17.028,11.218,17.345,20.391,-9.858,-48.182,28.466,0.2682,0.217,16.7,33.3,0.34
FUSION,FUSION_1181,6,6,0,30.805,21.226,31.596,37.41,-30.805,-76.38,14.769,-0.5177,-0.1224,16.7,16.7,1.09
FUSION,FUSION_1213,6,6,0,25.897,5.449,25.076,26.464,-16.913,-60.615,26.789,0.2571,0.0937,0.0,0.0,0.63
FUSION,FUSION_1217,6,6,0,39.095,26.827,48.52,47.414,-37.715,-99.41,23.98,-0.0572,-0.0034,33.3,33.3,2.0
FUSION,FUSION_1234,6,6,0,15.808,14.768,12.401,21.633,-9.24,-51.237,32.756,0.1652,0.1358,33.3,50.0,-0.59
FUSION,FUSION_1259,6,6,0,27.738,19.861,16.134,34.115,-23.166,-76.936,30.604,-0.2143,-0.1023,0.0,0.0,-0.26
FUSION,FUSION_1266,6,6,0,34.783,8.407,32.233,35.785,-21.016,-83.203,41.172,-0.4544,-0.2499,0.0,0.0,1.81
FUSION,FUSION_1275,6,6,0,27.318,14.069,23.625,30.728,-8.135,-71.756,55.485,-0.4801,-0.4318,0.0,0.0,-0.87
FUSION,FUSION_1285,6,6,0,23.454,12.178,26.01,26.427,-14.325,-62.008,33.357,0.4286,0.3044,16.7,16.7,0.3
FUSION,FUSION_1287,6,6,0,13.204,6.915,11.893,14.905,-1.065,-32.984,30.855,0.6327,0.394,16.7,33.3,-0.53
FUSION,FUSION_1292,6,6,0,18.27,13.194,14.111,22.536,-0.224,-48.607,48.159,-0.1036,-0.0967,16.7,33.3,-1.79
FUSION,FUSION_1298,6,6,0,21.2,13.024,21.001,24.881,-19.735,-52.267,12.796,0.8006,0.4815,16.7,33.3,-0.53
FUSION,FUSION_1305,6,6,0,33.608,8.257,33.615,34.607,-33.608,-51.335,-15.881,0.5596,0.0314,0.0,0.0,-0.26
FUSION,FUSION_1314,6,6,0,24.182,9.162,24.816,25.86,24.182,4.511,43.854,0.1568,0.0194,0.0,16.7,3.66
FUSION,FUSION_1360,6,6,0,10.036,4.87,9.438,11.156,-2.67,-25.925,20.586,-0.375,-0.1663,16.7,50.0,2.66
FUSION,FUSION_1362,6,6,0,17.568,15.481,13.072,23.416,-11.014,-55.38,33.353,0.2816,0.1462,33.3,33.3,0.12
FUSION,FUSION_1386,6,6,0,22.495,17.445,21.581,28.466,-8.107,-66.695,50.481,-0.3054,-0.2619,33.3,33.3,-0.93
FUSION,FUSION_1399,6,6,0,33.029,22.07,27.318,39.724,-33.029,-80.415,14.358,0.5415,0.2636,0.0,16.7,1.34
FUSION,FUSION_1414,6,6,0,26.144,16.683,22.581,31.014,-17.94,-72.258,36.378,-0.5373,-0.1448,0.0,16.7,-0.04
FUSION,FUSION_1442,6,6,0,22.599,14.441,16.598,26.819,2.51,-54.82,59.84,0.1948,0.1645,16.7,16.7,0.58
FUSION,FUSION_1474,6,6,0,8.585,10.203,5.112,13.335,3.333,-24.389,31.055,-0.173,-0.1538,50.0,83.3,1.47
FUSION,FUSION_1477,6,6,0,14.668,8.175,18.471,16.792,-7.791,-39.729,24.147,0.6223,0.5456,33.3,33.3,0.79
FUSION,FUSION_1513,6,6,0,25.324,13.72,23.89,28.802,-12.334,-68.216,43.549,0.2148,0.1746,0.0,16.7,-0.57
FUSION,FUSION_1531,6,6,0,18.483,9.738,15.925,20.892,4.041,-39.968,48.05,0.2262,0.2148,0.0,33.3,-0.02
FUSION,FUSION_1541,6,6,0,27.622,15.182,28.829,31.52,-26.208,-63.806,11.39,0.8418,0.1328,16.7,16.7,3.46
FUSION,FUSION_1543,6,6,0,42.949,18.316,43.787,46.691,-38.498,-95.222,18.227,-0.474,-0.0695,0.0,0.0,2.04
FUSION,FUSION_1563,6,6,0,19.678,16.394,17.637,25.612,-19.678,-54.877,15.52,0.4802,0.2391,33.3,33.3,-0.71
FUSION,FUSION_1581,6,6,0,10.602,2.664,10.561,10.932,5.804,-14.085,25.693,0.8889,0.8353,0.0,50.0,-0.42
FUSION,FUSION_1589,6,6,0,29.342,13.228,27.411,32.186,-20.878,-73.473,31.718,-0.1061,-0.0581,0.0,16.7,0.28
FUSION,FUSION_1601,6,6,0,33.053,16.23,33.698,36.822,-33.053,-67.9,1.795,0.407,0.1043,0.0,0.0,-0.22
FUSION,FUSION_1609,6,6,0,12.419,6.431,13.024,13.986,2.916,-26.453,32.284,0.7779,0.7481,16.7,50.0,0.18
FUSION,FUSION_1610,6,6,0,22.726,16.773,21.636,28.245,21.494,-17.85,60.839,-0.632,-0.1246,33.3,33.3,-0.5
FUSION,FUSION_1649,6,6,0,25.796,7.173,24.354,26.775,11.289,-40.839,63.417,-0.0612,-0.0466,0.0,0.0,0.99
FUSION,FUSION_1672,6,6,0,45.391,21.615,56.289,50.274,-45.158,-92.599,2.282,-0.6638,-0.0639,16.7,16.7,2.83
FUSION,FUSION_1715,6,6,0,34.81,16.52,36.282,38.532,-27.971,-84.871,28.929,-0.2305,-0.0869,0.0,0.0,0.85
FUSION,FUSION_1745,6,6,0,20.299,15.706,14.951,25.665,-8.803,-60.566,42.96,-0.6537,-0.1043,33.3,33.3,1.74
FUSION,FUSION_1749,6,6,0,32.144,16.902,37.832,36.317,-28.289,-77.187,20.608,-0.3538,-0.1069,0.0,16.7,1.11
FUSION,FUSION_1760,6,6,0,26.116,16.729,28.631,31.014,-24.736,-64.907,15.436,0.1975,0.0443,16.7,33.3,-0.94
FUSION,FUSION_1765,6,6,0,39.034,11.531,39.626,40.701,-39.034,-63.792,-14.276,-0.2264,-0.0086,0.0,0.0,2.41
FUSION,FUSION_1785,6,6,0,19.465,13.805,17.514,23.864,-19.271,-49.49,10.948,0.4501,0.1106,16.7,33.3,0.59
FUSION,FUSION_1790,6,6,0,24.641,23.626,20.765,34.138,-10.797,-80.33,58.736,-0.2461,-0.2042,33.3,33.3,0.19
FUSION,FUSION_1838,6,6,0,26.988,16.767,20.055,31.772,-26.988,-62.988,9.013,0.428,0.1704,0.0,16.7,0.41
FUSION,FUSION_1859,6,6,0,19.17,9.144,17.059,21.239,-12.815,-49.181,23.552,0.3591,0.2474,0.0,16.7,0.19
FUSION,FUSION_1922,6,6,0,15.479,16.853,10.39,22.883,-8.027,-54.036,37.982,-0.2909,-0.2442,33.3,50.0,1.68
FUSION,FUSION_1932,6,6,0,15.794,7.746,13.204,17.591,11.396,-17.375,40.167,0.7763,0.4218,0.0,16.7,0.18
FUSION,FUSION_1943,6,6,0,14.657,11.922,10.599,18.893,-6.73,-44.634,31.174,0.2924,0.2649,16.7,50.0,1.38
FUSION,FUSION_1973,6,6,0,22.174,18.539,18.156,28.903,-21.92,-62.367,18.527,0.5831,0.2961,16.7,50.0,1.09
FUSION,FUSION_1981,6,6,0,25.029,18.411,17.976,31.071,-16.473,-73.037,40.091,-0.0267,-0.0186,16.7,16.7,0.19
FUSION,FUSION_2003,6,6,0,14.74,9.006,17.142,17.274,-8.201,-40.843,24.44,0.8598,0.7717,16.7,33.3,0.81
FUSION,FUSION_2022,6,6,0,17.129,14.127,13.967,22.203,-9.954,-52.566,32.657,0.6337,0.3719,16.7,50.0,0.23
FUSION,FUSION_2091,6,6,0,14.373,8.387,13.109,16.641,-13.072,-35.183,9.04,0.8911,0.6701,16.7,33.3,-0.19
FUSION,FUSION_2110,6,6,0,26.622,18.125,27.576,32.206,-6.083,-73.988,61.822,-0.2329,-0.2212,16.7,33.3,-1.93
FUSION,FUSION_2120,6,6,0,25.899,11.736,26.263,28.434,3.965,-56.489,64.419,-0.3749,-0.3132,0.0,16.7,-0.4
FUSION,FUSION_2147,6,6,0,30.098,19.316,25.209,35.763,-5.458,-81.345,70.429,-0.4743,-0.4031,0.0,0.0,1.44
FUSION,FUSION_2149,6,6,0,19.744,17.035,13.569,26.077,-15.104,-60.746,30.538,0.3074,0.0866,16.7,33.3,1.24
FUSION,FUSION_2153,6,6,0,23.689,22.705,15.406,32.813,-21.776,-74.478,30.926,-0.3311,-0.1295,16.7,33.3,0.25
FUSION,FUSION_2161,6,6,0,17.264,15.038,11.771,22.895,2.526,-46.331,51.383,-0.2017,-0.1987,50.0,50.0,1.37
FUSION,FUSION_2183,6,6,0,17.821,8.617,17.392,19.795,-8.747,-46.874,29.381,-0.2326,-0.119,0.0,16.7,1.84
FUSION,FUSION_2187,6,6,0,24.94,21.049,22.226,32.636,-7.573,-75.731,60.585,-0.0018,-0.0017,33.3,50.0,-0.84
FUSION,FUSION_2194,6,6,0,33.239,18.669,23.608,38.123,-2.01,-83.749,79.728,-0.7086,-0.6869,0.0,0.0,0.61
FUSION,FUSION_2221,6,6,0,11.506,10.318,7.819,15.455,-8.213,-36.323,19.897,0.2959,0.2085,50.0,50.0,0.46
FUSION,FUSION_2233,6,6,0,21.201,14.488,19.898,25.678,4.678,-49.532,58.889,0.3605,0.3466,16.7,33.3,-0.19
FUSION,FUSION_2242,6,6,0,33.313,11.221,38.342,35.152,-29.676,-70.13,10.778,-0.3562,-0.0579,0.0,0.0,0.75
FUSION,FUSION_2245,6,6,0,16.466,13.393,8.425,21.225,3.259,-41.773,48.291,0.5642,0.5145,16.7,66.7,-0.19
FUSION,FUSION_2246,6,6,0,9.682,7.287,10.23,12.118,-3.404,-28.375,21.566,-0.0405,-0.0121,33.3,50.0,-0.24
FUSION,FUSION_2247,6,6,0,45.215,12.805,47.599,46.993,-45.215,-72.708,-17.722,0.5594,0.0492,0.0,0.0,1.7
FUSION,FUSION_2253,6,6,0,33.224,10.657,32.947,34.892,-10.205,-81.844,61.435,-0.9729,-0.8063,0.0,0.0,-0.28
FUSION,FUSION_2284,6,6,0,31.628,18.772,25.603,36.779,-14.861,-87.095,57.374,-0.2871,-0.2247,0.0,16.7,-1.19
FUSION,FUSION_2285,6,6,0,22.371,10.943,20.718,24.904,-20.816,-50.172,8.541,0.7915,0.41,16.7,16.7,-0.08
FUSION,FUSION_2291,6,6,0,22.775,14.774,23.173,27.147,-22.003,-56.143,12.136,0.9186,0.4519,16.7,33.3,1.53
FUSION,FUSION_2323,6,6,0,27.675,17.686,26.975,32.843,-27.675,-65.649,10.3,-0.403,-0.0876,16.7,33.3,-0.49
FUSION,FUSION_2339,6,6,0,22.943,20.226,15.576,30.586,-19.217,-70.306,31.872,-0.4176,-0.2113,16.7,16.7,1.11
FUSION,FUSION_2375,6,6,0,15.632,12.715,8.103,20.15,-3.582,-46.156,38.992,0.667,0.3294,0.0,66.7,-0.07
FUSION,FUSION_2414,6,6,0,37.754,23.446,49.605,44.442,-37.754,-88.094,12.587,-0.907,-0.1206,16.7,33.3,2.76
FUSION,FUSION_2439,6,6,0,30.985,11.584,34.672,33.08,-5.8,-75.724,64.124,-0.3189,-0.2506,0.0,16.7,0.46
FUSION,FUSION_2445,6,6,0,29.915,19.21,23.845,35.552,-5.636,-81.003,69.731,-0.1878,-0.1767,0.0,0.0,-0.05
FUSION,FUSION_2446,6,6,0,23.921,21.614,19.274,32.239,-11.009,-76.069,54.05,-0.2358,-0.1884,16.7,16.7,0.0
FUSION,FUSION_2459,6,6,0,16.332,8.314,16.514,18.326,1.91,-37.223,41.044,-0.3221,-0.2836,16.7,16.7,0.49
FUSION,FUSION_2462,6,6,0,21.747,14.087,15.648,25.91,21.747,-8.498,51.991,0.54,0.255,16.7,16.7,-0.5
FUSION,FUSION_2463,6,6,0,28.166,8.92,24.005,29.545,-22.386,-63.784,19.012,0.3264,0.0768,0.0,0.0,-0.53
FUSION,FUSION_2508,6,6,0,28.445,20.122,28.049,34.842,-6.481,-79.984,67.022,-0.485,-0.3346,16.7,16.7,-0.61
FUSION,FUSION_2527,6,6,0,17.729,9.065,17.863,19.912,-15.26,-42.725,12.206,0.6215,0.3927,0.0,33.3,0.3
FUSION,FUSION_2558,6,6,0,27.768,24.569,22.965,37.077,-22.904,-85.505,39.696,-0.0176,-0.01,33.3,33.3,-0.73
FUSION,FUSION_2619,6,6,0,19.725,8.488,18.479,21.474,-10.597,-50.698,29.505,0.5506,0.4139,0.0,16.7,-0.71
FUSION,FUSION_2625,6,6,0,19.434,11.513,16.233,22.588,-3.658,-51.516,44.2,-0.6785,-0.5416,0.0,33.3,1.49
FUSION,FUSION_2638,6,6,0,30.845,23.05,27.073,38.506,-28.977,-83.422,25.468,0.0813,0.0214,0.0,16.7,-0.58
FUSION,FUSION_2646,6,6,0,23.535,3.855,24.926,23.849,9.497,-37.472,56.467,-0.1397,-0.0947,0.0,0.0,1.33
FUSION,FUSION_2651,6,6,0,25.335,16.924,23.343,30.468,22.623,-21.195,66.441,0.0551,0.0252,16.7,33.3,-0.3
FUSION,FUSION_2659,6,6,0,31.451,20.196,28.758,37.377,-13.389,-88.315,61.536,-0.0724,-0.0586,16.7,16.7,0.14
FUSION,FUSION_2672,6,6,0,27.453,8.815,31.573,28.834,-19.461,-65.141,26.219,-0.6829,-0.2249,0.0,16.7,2.88
FUSION,FUSION_2676,6,6,0,46.394,9.88,45.017,47.434,-46.394,-67.606,-25.181,0.298,0.0174,0.0,0.0,0.8
FUSION,FUSION_2704,6,6,0,30.982,12.911,32.769,33.564,-29.357,-64.292,5.579,0.8158,0.2213,16.7,16.7,-0.39
FUSION,FUSION_2732,6,6,0,24.76,10.037,26.546,26.717,-11.127,-63.278,41.023,0.297,0.2489,0.0,16.7,1.43
FUSION,FUSION_2751,6,6,0,25.051,10.795,22.472,27.278,-15.98,-63.446,31.486,-0.0001,-0.0,0.0,0.0,-0.07
FUSION,FUSION_2755,6,6,0,20.856,22.207,9.71,30.466,-19.448,-69.798,30.902,-0.29,-0.0812,33.3,50.0,3.67
FUSION,FUSION_2778,6,6,0,22.444,14.37,25.821,26.65,5.23,-50.877,61.338,-0.632,-0.5931,16.7,33.3,0.64
FUSION,FUSION_2801,6,6,0,26.446,14.439,26.276,30.131,-24.445,-62.268,13.379,0.6354,0.2934,0.0,16.7,1.5
FUSION,FUSION_2802,6,6,0,42.596,25.431,42.445,49.61,-32.806,-112.707,47.094,-0.6774,-0.254,16.7,16.7,0.34
FUSION,FUSION_2818,6,6,0,23.78,6.085,25.762,24.546,-11.632,-58.042,34.778,-0.3827,-0.1552,0.0,0.0,1.61
FUSION,FUSION_2823,6,6,0,29.841,12.565,27.754,32.378,-29.841,-56.819,-2.862,0.6948,0.2261,0.0,0.0,-0.05
FUSION,FUSION_2842,6,6,0,12.364,9.482,11.463,15.582,-11.393,-34.215,11.429,0.8631,0.6079,50.0,50.0,0.62
FUSION,FUSION_2851,6,6,0,23.068,15.655,22.169,27.878,-17.52,-64.081,29.042,-0.8827,-0.3307,16.7,16.7,3.14
FUSION,FUSION_2852,6,6,0,22.121,13.853,19.516,26.101,-16.528,-59.901,26.845,0.0658,0.0275,0.0,33.3,0.72
FUSION,FUSION_2857,6,6,0,17.748,15.694,9.483,23.692,-11.425,-55.987,33.136,0.5969,0.3124,16.7,50.0,1.2
FUSION,FUSION_2874,6,6,0,28.234,18.567,24.78,33.792,-17.17,-79.66,45.321,-0.5664,-0.1039,0.0,33.3,1.99
FUSION,FUSION_2875,6,6,0,26.799,17.531,31.973,32.024,-15.264,-75.709,45.18,0.3041,0.2377,33.3,33.3,-1.3
FUSION,FUSION_2895,6,6,0,16.378,15.765,9.021,22.733,-11.898,-53.488,29.692,0.295,0.1967,33.3,66.7,-0.02
FUSION,FUSION_2907,6,6,0,26.941,10.694,29.14,28.985,-17.503,-67.109,32.102,-0.282,-0.0933,0.0,16.7,3.31
FUSION,FUSION_2916,6,6,0,19.43,12.703,14.087,23.215,2.9,-46.553,52.353,0.3922,0.3768,0.0,16.7,1.14
FUSION,FUSION_2928,6,6,0,31.601,18.882,30.206,36.812,-22.587,-85.0,39.826,0.1542,0.0889,0.0,0.0,0.26
FUSION,FUSION_2948,6,6,0,27.726,12.76,27.427,30.521,-7.023,-70.796,56.75,-0.0911,-0.0858,0.0,0.0,-1.16
FUSION,FUSION_2962,6,6,0,21.185,15.388,17.918,26.184,-16.121,-60.421,28.18,0.4321,0.2921,0.0,33.3,-3.01
FUSION,FUSION_2964,6,6,0,25.565,15.226,25.182,29.755,-20.095,-67.213,27.024,0.7789,0.3954,16.7,16.7,-1.36
FUSION,FUSION_2967,6,6,0,31.723,17.303,26.404,36.135,-24.05,-81.956,33.856,0.1954,0.0663,0.0,16.7,1.47
FUSION,FUSION_2968,6,6,0,40.332,19.811,39.963,44.935,-40.332,-82.868,2.204,0.2704,0.0474,0.0,0.0,-1.11
FUSION,FUSION_3000,6,6,0,24.29,15.086,30.322,28.594,4.076,-56.691,64.843,-0.0701,-0.0554,33.3,33.3,0.4
FUSION,FUSION_3006,6,6,0,29.06,13.148,32.386,31.895,-12.994,-75.536,49.547,-0.2902,-0.1702,0.0,16.7,0.6
FUSION,FUSION_3016,6,6,0,11.034,4.013,12.976,11.741,0.057,-25.151,25.265,0.7671,0.7088,16.7,33.3,1.06
FUSION,FUSION_3059,6,6,0,24.979,21.553,12.9,32.992,-13.807,-78.142,50.529,-0.1209,-0.094,0.0,33.3,0.15
FUSION,FUSION_3066,6,6,0,23.229,11.465,25.264,25.904,-23.229,-47.845,1.388,0.216,0.048,16.7,16.7,0.26
FUSION,FUSION_3077,6,6,0,19.512,12.477,21.61,23.16,1.892,-47.668,51.452,0.2242,0.1952,16.7,33.3,-0.42
FUSION,FUSION_3096,6,6,0,36.323,21.268,33.39,42.092,-28.391,-95.112,38.33,-0.4172,-0.1606,0.0,16.7,-0.25
FUSION,FUSION_3133,6,6,0,22.084,13.381,21.255,25.822,-21.655,-51.855,8.546,0.4935,0.185,16.7,16.7,0.62
FUSION,FUSION_3142,6,6,0,31.314,22.808,34.933,38.74,-31.314,-80.286,17.657,0.3371,0.1479,16.7,33.3,-0.81
FUSION,FUSION_3150,6,6,0,21.28,17.926,16.971,27.824,-2.711,-62.167,56.744,-0.1364,-0.1306,0.0,33.3,0.05
FUSION,FUSION_3153,6,6,0,42.243,23.527,37.243,48.353,-3.86,-107.346,99.625,-0.6065,-0.5957,0.0,0.0,-1.65
FUSION,FUSION_3155,6,6,0,26.276,14.134,26.36,29.836,-25.297,-59.264,8.671,-0.3508,-0.0711,16.7,16.7,-1.56
FUSION,FUSION_3180,6,6,0,22.32,9.97,24.925,24.446,-21.685,-45.916,2.546,0.7636,0.2923,16.7,16.7,1.2
FUSION,FUSION_3192,6,6,0,21.131,6.898,22.667,22.228,-2.827,-50.165,44.512,0.3606,0.3102,0.0,16.7,-0.43
FUSION,FUSION_3194,6,6,0,24.296,13.96,22.729,28.021,-19.798,-62.374,22.777,-0.0549,-0.0257,16.7,16.7,-0.8
FUSION,FUSION_3196,6,6,0,20.633,15.112,21.677,25.575,-7.48,-59.99,45.031,-0.0273,-0.0216,33.3,33.3,2.55
FUSION,FUSION_3220,6,6,0,12.711,9.956,9.557,16.146,-3.933,-37.555,29.689,0.1248,0.0904,33.3,50.0,0.88
FUSION,FUSION_3232,6,6,0,20.781,21.3,7.804,29.759,-18.112,-68.809,32.584,-0.0824,-0.0305,16.7,66.7,0.57
FUSION,FUSION_3235,6,6,0,25.112,9.954,26.134,27.013,-15.912,-62.78,30.956,0.3101,0.2164,0.0,16.7,0.36
FUSION,FUSION_3245,6,6,0,30.843,18.064,36.819,35.744,-30.843,-69.629,7.942,-0.6045,-0.0785,16.7,16.7,3.02
FUSION,FUSION_3254,6,6,0,26.693,15.903,23.168,31.071,10.922,-51.533,73.377,-0.0553,-0.0441,0.0,16.7,-0.16
FUSION,FUSION_3315,6,6,0,19.618,11.413,16.198,22.696,-11.49,-53.514,30.534,-0.6354,-0.345,0.0,33.3,0.19
FUSION,FUSION_3326,6,6,0,14.185,8.196,14.948,16.383,1.764,-33.206,36.734,0.2835,0.1989,16.7,33.3,1.9
FUSION,FUSION_3342,6,6,0,21.947,18.836,19.34,28.922,-20.355,-64.468,23.757,0.8051,0.3699,33.3,33.3,-1.13
FUSION,FUSION_3345,6,6,0,16.492,9.797,13.177,19.183,0.093,-41.093,41.278,-0.2429,-0.1387,0.0,50.0,-0.11
FUSION,FUSION_3348,6,6,0,19.936,15.148,14.927,25.038,16.595,-23.659,56.849,0.4903,0.3504,0.0,33.3,0.59
FUSION,FUSION_3351,6,6,0,31.796,22.069,29.503,38.704,-31.626,-79.529,16.277,-0.5363,-0.1213,16.7,16.7,1.15
FUSION,FUSION_3363,6,6,0,26.705,20.117,22.275,33.434,-26.35,-70.534,17.834,0.2827,0.058,16.7,33.3,3.27
FUSION,FUSION_3364,6,6,0,18.392,12.766,16.323,22.388,-13.86,-51.61,23.889,0.1446,0.094,16.7,50.0,0.99
FUSION,FUSION_3375,6,6,0,18.403,18.568,9.782,26.143,-15.815,-60.511,28.882,0.0171,0.0091,16.7,50.0,-1.76
FUSION,FUSION_3385,6,6,0,21.267,20.291,17.685,29.394,-16.013,-68.936,36.91,0.1612,0.1185,33.3,33.3,0.0
FUSION,FUSION_3394,6,6,0,23.708,15.936,15.817,28.567,-23.708,-57.925,10.508,0.5581,0.2802,0.0,0.0,0.13
FUSION,FUSION_3401,6,6,0,18.232,13.109,15.47,22.455,3.207,-44.511,50.926,0.3366,0.2746,16.7,33.3,-0.67
FUSION,FUSION_3406,6,6,0,27.413,13.375,24.944,30.502,-22.605,-66.576,21.365,-0.2716,-0.0956,0.0,0.0,0.67
FUSION,FUSION_3418,6,6,0,15.806,8.468,15.765,17.931,-0.6,-39.077,37.878,0.7418,0.2594,16.7,16.7,2.54
FUSION,FUSION_3420,6,6,0,9.697,5.899,9.704,11.35,-3.104,-26.545,20.337,0.7542,0.7047,33.3,50.0,-0.67
FUSION,FUSION_3448,6,6,0,29.136,11.118,30.013,31.185,-25.517,-64.011,12.977,0.5994,0.124,0.0,0.0,-1.37
FUSION,FUSION_3465,6,6,0,24.677,12.941,25.004,27.865,-24.186,-53.897,5.525,0.7315,0.3138,16.7,16.7,0.49
FUSION,FUSION_3494,6,6,0,33.134,28.259,18.338,43.548,-28.417,-99.267,42.433,-0.7472,-0.3162,0.0,16.7,-0.18
FUSION,FUSION_3508,6,6,0,12.431,12.622,6.72,17.716,1.11,-36.853,39.073,0.455,0.4132,50.0,66.7,1.62
FUSION,FUSION_3520,6,6,0,22.414,18.191,17.951,28.867,-9.199,-67.947,49.55,-0.0845,-0.0743,33.3,33.3,-0.82
FUSION,FUSION_3523,6,6,0,32.057,10.768,38.166,33.818,-32.057,-55.178,-8.937,0.9382,0.1406,0.0,0.0,1.95
FUSION,FUSION_3524,6,6,0,29.962,15.613,21.654,33.786,-10.29,-79.384,58.804,-0.0472,-0.0426,0.0,0.0,-1.0
FUSION,FUSION_3526,6,6,0,17.234,13.265,10.769,21.747,-13.675,-49.982,22.632,0.4655,0.3317,16.7,33.3,0.16
FUSION,FUSION_3529,6,6,0,12.624,8.539,10.533,15.241,-6.738,-36.09,22.613,-0.2092,-0.1138,16.7,33.3,1.31
FUSION,FUSION_3533,6,6,0,16.331,7.003,15.755,17.769,-9.744,-41.647,22.159,-0.001,-0.0003,0.0,33.3,2.42
FUSION,FUSION_3554,6,6,0,21.419,9.735,18.642,23.528,4.725,-44.761,54.211,0.1696,0.1577,0.0,16.7,0.67
FUSION,FUSION_3557,6,6,0,38.268,21.413,40.044,43.851,-22.597,-103.286,58.091,-0.2309,-0.158,16.7,16.7,-0.73
FUSION,FUSION_3571,6,6,0,30.229,16.132,30.389,34.265,-15.242,-81.131,50.647,0.1082,0.0887,0.0,16.7,-0.62
FUSION,FUSION_3581,6,6,0,19.725,13.378,18.343,23.834,-7.718,-56.134,40.697,-0.579,-0.434,16.7,33.3,-0.55
FUSION,FUSION_3593,6,6,0,20.157,13.661,22.88,24.35,-9.061,-57.589,39.466,-0.2947,-0.2233,33.3,33.3,0.9
FUSION,FUSION_3600,6,6,0,33.147,7.565,32.874,33.999,-24.634,-74.945,25.677,-0.6078,-0.2188,0.0,0.0,0.07
FUSION,FUSION_3625,6,6,0,38.686,23.001,30.06,45.007,0.637,-95.988,97.261,-0.7266,-0.6951,0.0,16.7,-0.4
FUSION,FUSION_3636,6,6,0,11.838,7.063,9.871,13.785,-4.566,-32.492,23.36,0.8491,0.8019,16.7,50.0,-0.44
FUSION,FUSION_3656,6,6,0,22.131,16.195,23.163,27.423,-22.131,-56.902,12.64,0.6228,0.1747,33.3,33.3,-0.53
FUSION,FUSION_3658,6,6,0,44.095,19.929,50.404,48.389,-44.095,-86.883,-1.306,-0.215,-0.0224,16.7,16.7,0.65
FUSION,FUSION_3682,6,6,0,29.608,11.642,32.632,31.814,-29.608,-54.604,-4.611,0.7475,0.1511,0.0,16.7,0.33
FUSION,FUSION_3683,6,6,0,42.478,14.534,43.413,44.896,-36.575,-92.478,19.328,-0.9629,-0.1947,0.0,0.0,1.23
FUSION,FUSION_3699,6,6,0,20.619,7.509,19.723,21.944,-16.538,-47.504,14.427,-0.5722,-0.1773,0.0,0.0,1.14
FUSION,FUSION_3700,6,6,0,44.244,23.949,48.519,50.31,-44.101,-96.085,7.883,-0.3897,-0.0586,16.7,16.7,0.11
FUSION,FUSION_3701,6,6,0,33.295,14.25,36.642,36.216,-31.788,-69.047,5.47,0.6199,0.1567,16.7,16.7,0.95
FUSION,FUSION_3732,6,6,0,34.593,14.507,33.492,37.512,-34.593,-65.74,-3.447,-0.4834,-0.0351,0.0,0.0,2.99
FUSION,FUSION_3735,6,6,0,35.404,20.268,36.569,40.795,-35.404,-78.92,8.112,0.5272,0.0754,0.0,16.7,-0.56
FUSION,FUSION_3738,6,6,0,29.113,11.483,26.663,31.295,-24.903,-65.598,15.792,0.4359,0.1084,0.0,0.0,1.42
FUSION,FUSION_3754,6,6,0,29.985,23.083,30.218,37.841,-29.985,-79.546,19.575,-0.578,-0.1575,16.7,33.3,1.93
FUSION,FUSION_3763,6,6,0,16.778,13.402,18.337,21.474,9.437,-31.979,50.852,-0.0419,-0.0326,33.3,33.3,-0.66
FUSION,FUSION_3778,6,6,0,16.759,9.915,19.721,19.473,8.857,-28.377,46.091,0.7035,0.1778,16.7,33.3,2.23
FUSION,FUSION_3780,6,6,0,8.819,6.661,7.011,11.052,-3.998,-26.12,18.125,0.1163,0.053,50.0,50.0,1.32
FUSION,FUSION_3783,6,6,0,27.148,20.604,24.065,34.081,-27.148,-71.386,17.091,-0.3735,-0.0987,16.7,33.3,1.46
FUSION,FUSION_3784,6,6,0,26.666,13.502,31.261,29.89,-26.666,-55.656,2.323,-0.0319,-0.0055,16.7,16.7,-0.84
FUSION,FUSION_3797,6,6,0,29.262,16.318,28.191,33.504,-29.262,-64.298,5.773,0.5933,0.2569,0.0,16.7,1.41
FUSION,FUSION_3833,6,6,0,16.677,9.8,18.176,19.343,-3.729,-44.482,37.024,-0.266,-0.1938,16.7,16.7,-0.02
FUSION,FUSION_3889,6,6,0,22.686,14.231,24.27,26.779,-10.319,-63.377,42.738,-0.3778,-0.2906,0.0,33.3,-1.09
FUSION,FUSION_3906,6,6,0,26.599,21.96,19.735,34.493,-8.816,-80.415,62.783,0.1651,0.1474,16.7,33.3,-0.14
FUSION,FUSION_3930,6,6,0,22.679,10.13,20.806,24.839,-9.583,-58.785,39.618,0.3753,0.0663,0.0,16.7,3.07
FUSION,FUSION_3957,6,6,0,19.871,10.446,22.841,22.449,18.921,-7.019,44.861,0.7641,0.2345,16.7,33.3,0.67
FUSION,FUSION_3962,6,6,0,36.033,11.976,39.34,37.972,17.16,-55.567,89.887,-0.7542,-0.4899,0.0,0.0,1.0
FUSION,FUSION_4016,6,6,0,19.916,11.692,21.395,23.095,-8.932,-54.66,36.796,-0.4281,-0.3145,16.7,16.7,0.59
FUSION,FUSION_4055,6,6,0,15.761,14.545,12.119,21.447,5.035,-39.726,49.796,0.655,0.5866,16.7,33.3,-0.62
FUSION,FUSION_4073,6,6,0,22.211,5.748,20.803,22.943,9.083,-36.151,54.317,0.017,0.0143,0.0,0.0,1.55
FUSION,FUSION_4074,6,6,0,18.833,12.58,15.092,22.648,-18.833,-45.842,8.177,0.4119,0.0617,0.0,50.0,2.53
FUSION,FUSION_4087,6,6,0,30.276,16.868,31.756,34.658,-27.597,-72.614,17.42,-0.5822,-0.0747,0.0,33.3,2.47
FUSION,FUSION_4119,6,6,0,33.744,8.493,33.531,34.796,-33.744,-51.978,-15.51,0.8545,0.1869,0.0,0.0,1.21
FUSION,FUSION_4172,6,6,0,28.412,18.334,28.157,33.814,-28.412,-67.776,10.952,-0.0847,-0.0152,16.7,16.7,-0.62
FUSION,FUSION_4173,6,6,0,24.881,11.304,27.265,27.328,-13.437,-64.53,37.657,0.1651,0.1301,0.0,16.7,-0.95
FUSION,FUSION_4179,6,6,0,26.551,17.481,27.95,31.789,-19.893,-73.131,33.345,0.2172,0.1434,16.7,16.7,1.93
FUSION,FUSION_4182,6,6,0,27.847,12.632,27.961,30.578,-25.309,-62.153,11.535,-0.443,-0.0329,0.0,16.7,2.06
FUSION,FUSION_4187,6,6,0,12.272,9.737,12.564,15.666,-7.966,-36.928,20.997,0.7984,0.6016,33.3,33.3,0.38
FUSION,FUSION_4211,6,6,0,32.162,17.736,37.349,36.728,-7.096,-84.469,70.276,-0.2245,-0.2082,16.7,16.7,0.06
FUSION,FUSION_4225,6,6,0,33.426,25.003,23.124,41.743,-9.796,-96.918,77.325,-0.2847,-0.2606,0.0,16.7,-0.26
FUSION,FUSION_4249,6,6,0,29.037,16.421,29.583,33.359,-12.162,-78.856,54.531,-0.2129,-0.1508,0.0,16.7,-0.67
FUSION,FUSION_4256,6,6,0,18.519,12.195,12.684,22.174,-9.624,-52.515,33.267,0.621,0.2055,16.7,16.7,2.43
FUSION,FUSION_4264,6,6,0,26.437,13.702,32.091,29.777,-5.043,-68.053,57.967,-0.291,-0.2802,16.7,16.7,0.24
FUSION,FUSION_4295,6,6,0,27.411,6.45,26.686,28.16,-4.733,-64.334,54.867,-0.9526,-0.8958,0.0,0.0,-0.48
FUSION,FUSION_4307,6,6,0,19.073,9.972,18.805,21.523,11.555,-27.43,50.541,-0.1982,-0.1106,0.0,33.3,-0.5
FUSION,FUSION_4311,6,6,0,31.979,17.441,39.952,36.425,-31.979,-69.426,5.469,-0.2639,-0.0438,16.7,16.7,1.48
FUSION,FUSION_4312,6,6,0,30.378,15.64,35.841,34.168,-30.141,-64.692,4.411,0.1203,0.0294,16.7,16.7,3.04
FUSION,FUSION_4321,6,6,0,31.115,16.568,33.201,35.251,-31.115,-66.687,4.457,-0.4969,-0.0563,0.0,16.7,1.73
FUSION,FUSION_4322,6,6,0,23.935,16.381,27.364,29.004,-23.935,-59.107,11.236,-0.8396,-0.1661,16.7,33.3,2.5
FUSION,FUSION_4332,6,6,0,18.577,9.345,16.873,20.795,-4.212,-47.935,39.512,0.2892,0.2807,0.0,16.7,0.2
FUSION,FUSION_4354,6,6,0,23.064,16.086,23.242,28.12,-22.399,-58.9,14.101,0.6277,0.3181,16.7,33.3,0.22
FUSION,FUSION_4356,6,6,0,20.439,19.296,11.348,28.109,-5.815,-64.861,53.231,-0.7428,-0.6824,0.0,50.0,-0.28
FUSION,FUSION_4397,6,6,0,15.072,6.716,12.118,16.501,4.59,-29.439,38.62,-0.6351,-0.5584,0.0,33.3,-0.07
FUSION,FUSION_4404,6,6,0,7.875,6.317,4.534,10.096,-2.371,-23.442,18.699,0.1435,0.076,66.7,83.3,-0.12
FUSION,FUSION_4430,6,6,0,15.552,6.103,14.483,16.707,-5.585,-39.392,28.222,-0.3037,-0.0466,0.0,16.7,0.28
FUSION,FUSION_4434,6,6,0,39.765,24.94,38.532,46.939,-18.34,-111.11,74.43,-0.7066,-0.5086,16.7,16.7,0.09
FUSION,FUSION_4440,6,6,0,32.369,13.226,30.42,34.966,-21.811,-80.492,36.87,-0.8763,-0.2474,0.0,0.0,-0.23
FUSION,FUSION_4448,6,6,0,36.044,21.084,45.14,41.758,-34.792,-84.371,14.786,-0.3978,-0.0152,16.7,16.7,3.17
FUSION,FUSION_4479,6,6,0,31.624,19.706,27.529,37.262,-23.091,-85.882,39.7,0.2618,0.1673,16.7,16.7,-0.56
FUSION,FUSION_4482,6,6,0,27.305,15.461,32.025,31.378,-24.276,-66.961,18.409,0.188,0.0553,16.7,33.3,0.43
FUSION,FUSION_4488,6,6,0,24.812,6.838,24.096,25.737,3.535,-51.202,58.272,-0.037,-0.0256,0.0,0.0,0.08
FUSION,FUSION_4493,6,6,0,15.433,15.04,7.89,21.549,-8.773,-51.033,33.488,-0.1918,-0.1315,33.3,50.0,-0.14
FUSION,FUSION_4504,6,6,0,21.761,13.18,23.155,25.441,-20.044,-53.685,13.596,0.5789,0.3101,0.0,33.3,0.64
FUSION,FUSION_4519,6,6,0,21.528,18.041,10.938,28.088,-14.236,-66.223,37.75,0.6412,0.2118,0.0,50.0,0.17
FUSION,FUSION_4532,6,6,0,34.654,18.308,35.087,39.193,-16.113,-92.822,60.597,-0.2561,-0.2027,0.0,0.0,-2.23
FUSION,FUSION_4546,6,6,0,19.454,11.581,18.355,22.641,0.052,-48.559,48.663,0.2533,0.2518,16.7,33.3,1.42
FUSION,FUSION_4551,6,6,0,35.348,12.249,32.314,37.41,-35.348,-61.647,-9.049,0.412,0.068,0.0,0.0,1.51
FUSION,FUSION_4557,6,6,0,35.361,18.228,27.314,39.783,-14.481,-94.038,65.075,-0.8349,-0.6519,0.0,0.0,0.27
FUSION,FUSION_4571,6,6,0,26.917,21.354,20.962,34.359,11.608,-57.825,81.041,-0.2882,-0.2472,16.7,16.7,-1.14
FUSION,FUSION_4577,6,6,0,15.06,3.035,15.66,15.363,4.442,-27.134,36.018,-0.2668,-0.2349,0.0,16.7,-0.42
FUSION,FUSION_4610,6,6,0,22.766,9.342,21.56,24.608,2.47,-50.098,55.039,-0.4913,-0.1732,0.0,16.7,0.31
FUSION,FUSION_4617,6,6,0,19.317,18.698,11.762,26.884,-1.003,-58.686,56.679,-0.78,-0.5588,33.3,50.0,2.17
FUSION,FUSION_4639,6,6,0,22.519,14.367,21.398,26.711,-7.043,-62.365,48.279,-0.1874,-0.1709,16.7,16.7,-0.94
FUSION,FUSION_4646,6,6,0,37.263,22.282,39.389,43.416,-25.297,-101.057,50.462,-0.5979,-0.3236,0.0,16.7,-0.01
FUSION,FUSION_4685,6,6,0,24.774,18.814,17.221,31.108,-13.293,-73.68,47.094,-0.0444,-0.0344,16.7,16.7,0.16
FUSION,FUSION_4691,6,6,0,22.923,17.104,19.241,28.6,-2.623,-63.771,58.526,-0.5416,-0.4775,16.7,33.3,-0.67
FUSION,FUSION_4698,6,6,0,23.481,24.014,11.421,33.586,-21.992,-76.496,32.513,-0.4068,-0.1721,33.3,50.0,0.73
FUSION,FUSION_4704,6,6,0,20.947,8.175,20.517,22.485,-16.811,-48.871,15.248,-0.3579,-0.068,0.0,0.0,2.34
FUSION,FUSION_4718,6,6,0,25.792,10.93,26.279,28.013,-8.954,-65.943,48.036,-0.0663,-0.0581,0.0,16.7,2.16
FUSION,FUSION_4724,6,6,0,18.762,8.853,17.366,20.746,-12.596,-47.99,22.799,0.4772,0.2193,16.7,16.7,-0.5
FUSION,FUSION_4731,6,6,0,29.893,20.803,24.897,36.419,-27.635,-78.565,23.294,-0.1032,-0.0125,0.0,16.7,2.49
FUSION,FUSION_4754,6,6,0,27.729,16.419,29.457,32.226,-15.251,-76.202,45.7,0.2452,0.197,0.0,33.3,-0.43
FUSION,FUSION_4784,6,6,0,17.131,8.425,19.758,19.091,-13.207,-42.805,16.392,0.8095,0.5874,16.7,33.3,0.81
FUSION,FUSION_4815,6,6,0,31.666,16.931,26.72,35.908,12.178,-60.35,84.706,-0.2877,-0.2417,0.0,0.0,0.27
FUSION,FUSION_4822,6,6,0,33.319,18.19,42.109,37.961,-15.168,-89.884,59.548,-0.3682,-0.2477,16.7,16.7,-0.27
FUSION,FUSION_4844,6,6,0,23.598,8.511,22.948,25.086,-8.166,-59.093,42.762,-0.2974,-0.2153,0.0,0.0,1.6
FUSION,FUSION_4874,6,6,0,27.284,18.828,22.375,33.15,7.43,-61.935,76.795,0.261,0.1404,0.0,33.3,-2.53
FUSION,FUSION_4892,6,6,0,36.039,14.042,35.376,38.678,-36.039,-66.188,-5.89,0.5753,0.0667,0.0,0.0,0.61
FUSION,FUSION_4902,6,6,0,25.383,12.088,24.307,28.115,-19.778,-62.68,23.124,-0.3686,-0.151,0.0,16.7,0.53
FUSION,FUSION_4909,6,6,0,22.234,16.44,17.599,27.652,-13.291,-65.354,38.772,-0.0116,-0.0082,16.7,33.3,-0.5
FUSION,FUSION_4929,6,6,0,28.011,6.508,28.62,28.757,2.069,-59.515,63.652,0.0014,0.0011,0.0,0.0,0.46
FUSION,FUSION_4932,6,6,0,14.991,13.622,12.413,20.256,-14.001,-45.428,17.426,0.7384,0.595,50.0,50.0,-0.42
FUSION,FUSION_4936,6,6,0,40.383,23.499,49.978,46.722,-40.383,-90.838,10.072,0.2681,0.0825,16.7,16.7,-0.76
FUSION,FUSION_4937,6,6,0,16.814,8.474,18.939,18.829,-5.728,-44.24,32.784,-0.7796,-0.5343,16.7,16.7,0.78
FUSION,FUSION_4952,6,6,0,17.945,9.435,20.749,20.274,-0.691,-44.195,42.813,-0.2101,-0.2091,16.7,16.7,0.74
FUSION,FUSION_4968,6,6,0,22.778,9.006,22.099,24.494,-15.172,-56.457,26.114,0.0159,0.0087,0.0,0.0,-0.16
FUSION,FUSION_5003,6,6,0,35.056,14.363,30.195,37.885,-35.056,-65.895,-4.217,-0.4029,-0.0414,0.0,0.0,0.62
FUSION,FUSION_5031,6,6,0,25.996,12.806,25.995,28.98,-16.317,-67.738,35.105,0.112,0.079,16.7,16.7,0.99
FUSION,FUSION_5044,6,6,0,22.659,10.572,26.273,25.005,-20.084,-52.064,11.896,0.4274,0.2095,0.0,33.3,-0.14
FUSION,FUSION_5074,6,6,0,34.316,12.575,33.378,36.547,-34.316,-61.315,-7.316,0.4552,0.09,0.0,0.0,0.44
FUSION,FUSION_5078,6,6,0,18.837,8.424,17.602,20.635,-3.345,-47.063,40.373,-0.4597,-0.1377,0.0,16.7,1.28
FUSION,FUSION_5096,6,6,0,26.367,13.269,26.695,29.518,15.446,-38.562,69.454,-0.0043,-0.0031,16.7,16.7,0.54
FUSION,FUSION_5123,6,6,0,26.954,19.74,24.302,33.409,-26.954,-69.336,15.428,0.0276,0.0071,16.7,33.3,0.3
FUSION,FUSION_5125,6,6,0,8.204,6.132,6.454,10.242,-1.49,-23.247,20.267,0.7899,0.5057,33.3,66.7,0.86
FUSION,FUSION_5130,6,6,0,22.601,17.587,18.089,28.637,-7.788,-66.957,51.382,-0.5736,-0.1227,16.7,33.3,3.69
FUSION,FUSION_5138,6,6,0,16.735,7.553,16.102,18.361,3.233,-35.573,42.039,0.2995,0.2825,0.0,33.3,-0.49
FUSION,FUSION_5148,6,6,0,35.39,22.762,35.562,42.078,-35.39,-84.261,13.481,0.286,0.1018,16.7,16.7,-0.91
FUSION,FUSION_5156,6,6,0,15.591,12.272,10.805,19.842,-9.222,-46.942,28.498,-0.2161,-0.1304,16.7,33.3,2.19
FUSION,FUSION_5174,6,6,0,15.51,17.867,6.986,23.66,10.246,-35.544,56.035,-0.7914,-0.2596,50.0,50.0,-0.21
FUSION,FUSION_5207,6,6,0,23.669,15.874,23.063,28.5,-17.138,-66.028,31.751,-0.6163,-0.2771,16.7,33.3,-0.53
FUSION,FUSION_5214,6,6,0,20.164,16.471,19.828,26.036,-19.491,-56.555,17.574,0.3917,0.1823,33.3,33.3,0.96
FUSION,FUSION_5215,6,6,0,21.93,10.986,20.378,24.527,-9.602,-58.061,38.857,0.3322,0.2704,0.0,16.7,-0.87
FUSION,FUSION_5217,6,6,0,25.796,10.13,27.483,27.714,-25.796,-47.546,-4.046,0.7908,0.1014,0.0,0.0,1.86
FUSION,FUSION_5223,6,6,0,18.833,12.111,14.196,22.391,-18.833,-44.836,7.171,0.4828,0.2109,0.0,16.7,-0.26
FUSION,FUSION_5228,6,6,0,19.955,11.761,20.774,23.163,-4.967,-53.543,43.61,-0.1029,-0.0969,16.7,16.7,1.17
FUSION,FUSION_5237,6,6,0,24.309,15.363,30.889,28.756,-23.214,-59.654,13.227,0.7371,0.2887,33.3,33.3,0.76
FUSION,FUSION_5243,6,6,0,23.539,6.912,24.008,24.533,-23.539,-38.379,-8.698,0.4597,0.0503,0.0,0.0,1.42
FUSION,FUSION_5250,6,6,0,21.407,14.798,19.317,26.024,-17.194,-59.137,24.749,-0.1706,-0.0882,16.7,33.3,1.27
FUSION,FUSION_5287,6,6,0,36.472,15.001,41.578,39.436,-33.169,-78.97,12.633,0.027,0.006,0.0,16.7,2.38
FUSION,FUSION_5288,6,6,0,24.949,15.786,25.57,29.524,-20.391,-66.233,25.451,-0.1197,-0.0563,0.0,33.3,0.4
FUSION,FUSION_5292,6,6,0,14.715,13.919,13.223,20.256,8.878,-30.212,47.968,-0.096,-0.0579,33.3,33.3,1.32
FUSION,FUSION_5307,6,6,0,27.996,17.974,26.242,33.269,-17.09,-78.376,44.196,-0.2875,-0.0818,0.0,16.7,1.06
FUSION,FUSION_5308,6,6,0,26.789,22.465,23.98,34.962,-24.367,-78.197,29.464,0.3592,0.2168,16.7,33.3,0.26
FUSION,FUSION_5332,6,6,0,24.934,14.734,26.712,28.962,-24.676,-57.229,7.876,-0.3227,-0.0624,16.7,16.7,1.22
FUSION,FUSION_5347,6,6,0,28.066,19.661,28.331,34.267,-9.263,-80.099,61.572,-0.7286,-0.5531,16.7,33.3,-1.17
FUSION,FUSION_5353,6,6,0,32.465,10.789,33.944,34.21,-19.46,-79.871,40.952,0.1421,0.0301,0.0,0.0,0.81
FUSION,FUSION_5356,6,6,0,33.843,22.145,28.049,40.444,-27.147,-91.516,37.222,-0.9442,-0.3157,0.0,16.7,1.32
FUSION,FUSION_5394,6,6,0,18.023,14.732,12.961,23.278,-14.716,-53.441,24.009,0.6612,0.5355,16.7,50.0,0.66
FUSION,FUSION_5395,6,6,0,31.567,11.387,32.642,33.558,-31.567,-56.016,-7.118,0.5512,0.1052,0.0,0.0,2.78
FUSION,FUSION_5441,6,6,0,24.285,14.399,22.598,28.232,-21.959,-60.058,16.139,0.1706,0.0736,0.0,16.7,2.0
FUSION,FUSION_5483,6,6,0,28.636,16.562,27.023,33.081,1.273,-69.702,72.248,-0.0116,-0.0114,16.7,16.7,-0.56
FUSION,FUSION_5486,6,6,0,25.935,13.548,23.439,29.26,-7.168,-68.077,53.74,-0.4321,-0.1744,0.0,16.7,0.18
FUSION,FUSION_5500,6,6,0,35.154,11.112,35.224,36.868,-28.842,-78.151,20.467,-0.5622,-0.1564,0.0,0.0,-1.24
FUSION,FUSION_5507,6,6,0,24.417,9.057,27.776,26.042,-21.782,-52.43,8.866,-0.2318,-0.0515,0.0,16.7,-0.09
FUSION,FUSION_5524,6,6,0,25.927,14.335,20.41,29.625,-25.927,-56.704,4.851,-0.1085,-0.0203,0.0,0.0,1.39
FUSION,FUSION_5526,6,6,0,34.844,14.854,28.959,37.878,-29.235,-80.946,22.475,0.0484,0.0065,0.0,0.0,-0.04
FUSION,FUSION_5533,6,6,0,18.341,14.442,12.964,23.345,-4.471,-53.666,44.723,0.1085,0.1049,16.7,50.0,-0.08
FUSION,FUSION_5535,6,6,0,27.425,14.829,23.983,31.177,-3.386,-69.93,63.157,0.0406,0.0369,0.0,16.7,-0.43
FUSION,FUSION_5536,6,6,0,37.146,19.046,34.483,41.744,-37.146,-78.04,3.748,0.0367,0.0079,0.0,0.0,0.38
FUSION,FUSION_5543,6,6,0,30.349,15.747,29.492,34.191,-28.268,-69.565,13.029,0.3726,0.0685,0.0,16.7,0.32
FUSION,FUSION_5550,6,6,0,22.571,18.573,16.488,29.23,-22.571,-62.447,17.306,0.5627,0.2542,16.7,33.3,-0.37
FUSION,FUSION_5562,6,6,0,23.715,14.261,27.457,27.673,-1.908,-61.182,57.365,-0.1326,-0.1318,16.7,16.7,-0.89
FUSION,FUSION_5563,6,6,0,52.984,22.947,58.777,57.74,-52.984,-102.253,-3.715,-0.6326,-0.0646,0.0,16.7,1.41
FUSION,FUSION_5564,6,6,0,26.969,18.976,27.239,32.976,-23.124,-73.6,27.352,0.0902,0.0478,0.0,33.3,0.85
FUSION,FUSION_5587,6,6,0,31.404,9.905,29.774,32.929,-31.404,-52.67,-10.138,0.4267,0.0628,0.0,0.0,-0.26
FUSION,FUSION_5626,6,6,0,28.589,11.091,31.892,30.665,-24.952,-63.223,13.319,-0.2174,-0.0528,0.0,0.0,-0.61
FUSION,FUSION_5637,6,6,0,18.319,12.347,13.68,22.092,-12.984,-51.36,25.391,0.0667,0.0413,0.0,33.3,-0.33
FUSION,FUSION_5644,6,6,0,26.245,17.035,23.968,31.289,-10.426,-73.766,52.914,0.3205,0.2888,16.7,16.7,2.41
FUSION,FUSION_5646,6,6,0,27.494,15.54,25.48,31.582,-5.133,-72.04,61.775,-0.4846,-0.4473,0.0,16.7,0.8
FUSION,FUSION_5676,6,6,0,30.885,14.56,29.409,34.145,-8.498,-79.503,62.506,-0.1127,-0.1041,0.0,16.7,-1.28
FUSION,FUSION_5719,6,6,0,19.559,13.398,20.706,23.708,-13.676,-55.256,27.904,0.234,0.0805,16.7,33.3,0.49
FUSION,FUSION_5721,6,6,0,32.678,14.114,31.063,35.596,-29.055,-73.206,15.095,-0.362,-0.0435,0.0,0.0,1.23
FUSION,FUSION_5733,6,6,0,22.946,12.554,25.559,26.156,-19.495,-56.936,17.946,0.0338,0.0142,16.7,16.7,1.2
FUSION,FUSION_5734,6,6,0,25.948,18.108,16.616,31.642,-22.424,-70.355,25.506,0.2192,0.122,0.0,0.0,-0.11
FUSION,FUSION_5785,6,6,0,33.98,18.191,29.515,38.544,-5.765,-87.59,76.06,-0.3798,-0.3598,0.0,0.0,-0.41
FUSION,FUSION_5790,6,6,0,18.443,11.746,18.485,21.866,6.058,-39.052,51.167,0.4526,0.4307,16.7,33.3,0.03
FUSION,FUSION_5796,6,6,0,33.97,22.354,33.418,40.665,-21.657,-95.556,52.242,-0.5896,-0.3618,0.0,16.7,1.71
FUSION,FUSION_5800,6,6,0,29.653,17.15,31.056,34.255,9.978,-60.382,80.337,-0.3809,-0.3147,0.0,0.0,0.01
FUSION,FUSION_5811,6,6,0,15.846,4.334,17.27,16.428,2.466,-32.406,37.338,0.4817,0.4744,0.0,16.7,-0.46
FUSION,FUSION_5822,6,6,0,18.163,11.474,18.431,21.484,-13.562,-49.338,22.214,-0.2032,-0.0662,16.7,33.3,1.52
FUSION,FUSION_5833,6,6,0,10.921,7.367,13.218,13.174,-5.325,-31.196,20.545,0.5215,0.4437,33.3,33.3,-0.01
FUSION,FUSION_5860,6,6,0,27.72,15.293,25.764,31.659,-27.72,-60.555,5.115,0.5743,0.2137,0.0,0.0,-0.51
FUSION,FUSION_5904,6,6,0,27.871,7.194,27.05,28.784,-14.446,-67.902,39.01,0.2806,0.2256,0.0,0.0,-0.31
FUSION,FUSION_5909,6,6,0,26.782,22.384,23.313,34.905,-24.079,-78.333,30.175,0.327,0.1903,16.7,33.3,0.36
FUSION,FUSION_5921,6,6,0,21.989,17.001,22.248,27.795,-13.698,-65.626,38.229,-0.7511,-0.3675,33.3,33.3,1.14
FUSION,FUSION_5928,6,6,0,16.69,18.327,10.102,24.788,-15.433,-57.081,26.216,-0.7169,-0.3182,33.3,50.0,0.34
FUSION,FUSION_5938,6,6,0,21.51,14.709,16.198,26.059,-21.51,-53.092,10.071,0.362,0.1067,0.0,16.7,-0.71
FUSION,FUSION_5948,6,6,0,14.927,9.926,13.877,17.926,4.248,-33.145,41.641,0.611,0.5037,16.7,33.3,-0.09
FUSION,FUSION_5974,6,6,0,29.329,18.253,27.177,34.545,-29.329,-68.52,9.862,-0.6877,-0.1168,0.0,16.7,-0.13
FUSION,FUSION_5980,6,6,0,20.587,12.089,19.759,23.875,-16.651,-53.386,20.083,0.5109,0.3457,16.7,16.7,1.25
FUSION,FUSION_5989,6,6,0,21.698,17.612,12.234,27.946,-13.589,-66.019,38.841,0.4903,0.4233,0.0,50.0,-0.86
FUSION,FUSION_6008,6,6,0,19.515,15.352,17.469,24.829,-17.106,-55.748,21.537,-0.1309,-0.0537,33.3,33.3,-0.77
FUSION,FUSION_6028,6,6,0,31.273,20.563,28.204,37.428,-28.589,-80.454,23.275,0.492,0.2429,0.0,16.7,-0.59
FUSION,FUSION_6031,6,6,0,25.34,10.909,29.017,27.589,-25.34,-48.763,-1.917,-0.1409,-0.019,0.0,16.7,2.28
FUSION,FUSION_6042,6,6,0,7.782,5.123,7.132,9.317,2.392,-16.942,21.726,0.2105,0.1541,33.3,66.7,0.34
FUSION,FUSION_6066,6,6,0,25.799,11.505,26.561,28.248,-2.069,-62.558,58.42,-0.1338,-0.1324,0.0,0.0,-1.08
FUSION,FUSION_6082,6,6,0,30.739,23.459,29.501,38.668,-29.935,-82.488,22.617,-0.0367,-0.0135,16.7,33.3,0.31
FUSION,FUSION_6091,6,6,0,32.419,27.221,31.428,42.331,-30.406,-93.642,32.829,-0.952,-0.1659,16.7,50.0,0.19
FUSION,FUSION_6097,6,6,0,22.892,13.518,21.157,26.585,-11.647,-62.958,39.665,0.0508,0.0236,0.0,16.7,-0.21
FUSION,FUSION_6114,6,6,0,35.117,19.743,39.413,40.287,-35.117,-77.507,7.273,0.3598,0.0796,16.7,16.7,0.3
FUSION,FUSION_6127,6,6,0,13.638,6.41,14.938,15.069,-13.638,-27.401,0.125,0.5713,0.1915,16.7,33.3,2.09
FUSION,FUSION_6137,6,6,0,25.731,21.699,20.717,33.659,-24.283,-74.327,25.76,0.4569,0.0858,16.7,50.0,1.84
FUSION,FUSION_6145,6,6,0,17.218,16.029,10.212,23.525,-15.19,-53.758,23.379,0.4025,0.1855,33.3,50.0,-0.03
FUSION,FUSION_6176,6,6,0,43.171,7.773,46.492,43.865,4.586,-89.079,98.251,-0.7118,-0.5286,0.0,0.0,1.2
FUSION,FUSION_6193,6,6,0,20.299,9.703,25.056,22.499,-0.413,-48.711,47.885,-0.0247,-0.0244,16.7,16.7,1.3
FUSION,FUSION_6223,6,6,0,20.445,13.253,20.799,24.364,-20.445,-48.899,8.009,0.5699,0.2422,33.3,33.3,-0.76
FUSION,FUSION_6245,6,6,0,26.66,20.119,16.95,33.4,-22.098,-75.871,31.676,0.3585,0.0763,0.0,16.7,1.87
FUSION,FUSION_6255,6,6,0,20.426,15.106,13.311,25.405,-3.477,-57.51,50.556,-0.3581,-0.2455,0.0,50.0,1.08
FUSION,FUSION_6277,6,6,0,34.75,10.52,32.29,36.307,-27.191,-78.848,24.465,-0.3402,-0.0945,0.0,0.0,-1.0
FUSION,FUSION_6281,6,6,0,25.702,11.5,30.64,28.157,0.44,-60.007,60.888,-0.2921,-0.2914,0.0,16.7,-0.39
FUSION,FUSION_6289,6,6,0,17.303,8.469,20.172,19.265,-3.341,-44.077,37.394,0.6119,0.5758,16.7,16.7,0.96
FUSION,FUSION_6304,6,6,0,32.427,17.047,31.322,36.635,-30.361,-74.381,13.659,-0.0841,-0.0154,0.0,16.7,1.55
FUSION,FUSION_6307,6,6,0,30.852,7.207,31.309,31.683,-7.125,-73.408,59.158,-0.4778,-0.4409,0.0,0.0,-0.35
FUSION,FUSION_6329,6,6,0,45.187,10.306,43.115,46.348,-31.855,-104.137,40.427,-0.9109,-0.2771,0.0,0.0,0.03
FUSION,FUSION_6334,6,6,0,30.78,14.796,28.729,34.152,-20.715,-79.012,37.582,-0.2134,-0.1114,0.0,16.7,-0.25
FUSION,FUSION_6340,6,6,0,18.518,14.443,14.139,23.485,-17.228,-51.496,17.039,0.3221,0.0858,16.7,33.3,2.06
FUSION,FUSION_6354,6,6,0,15.829,12.66,15.406,20.269,-15.829,-43.011,11.353,0.0365,0.0123,33.3,33.3,0.52
FUSION,FUSION_6361,6,6,0,43.287,8.329,41.177,44.081,-43.287,-61.171,-25.403,0.6144,0.0538,0.0,0.0,-0.21
FUSION,FUSION_6368,6,6,0,25.064,16.123,32.929,29.802,-23.036,-63.634,17.562,0.729,0.2996,33.3,33.3,2.35
FUSION,FUSION_6397,6,6,0,47.23,24.411,51.239,53.166,-47.23,-99.643,5.182,0.1291,0.0282,16.7,16.7,0.65
FUSION,FUSION_6401,6,6,0,20.784,16.873,16.412,26.771,-2.706,-59.89,54.478,-0.2584,-0.2481,33.3,50.0,-0.54
FUSION,FUSION_6411,6,6,0,18.668,14.113,13.575,23.402,9.281,-36.844,55.407,-0.1972,-0.1447,16.7,33.3,1.28
FUSION,FUSION_6420,6,6,0,22.514,19.664,17.896,29.892,-15.739,-70.302,38.824,0.2151,0.1642,16.7,33.3,0.09
FUSION,FUSION_6422,6,6,0,13.14,13.813,9.308,19.065,-9.592,-44.967,25.784,-0.9122,-0.5478,33.3,50.0,-0.31
FUSION,FUSION_6425,6,6,0,20.643,15.495,12.921,25.811,-14.44,-60.375,31.494,0.1963,0.1312,0.0,16.7,0.96
FUSION,FUSION_6427,6,6,0,18.892,10.027,15.361,21.388,-14.385,-48.37,19.6,0.7418,0.6072,0.0,33.3,0.42
FUSION,FUSION_6473,6,6,0,17.439,13.635,16.629,22.137,-2.8,-49.947,44.348,-0.8649,-0.8368,33.3,33.3,-1.3
FUSION,FUSION_6477,6,6,0,14.428,11.128,10.731,18.221,-4.939,-42.596,32.718,0.7191,0.6441,33.3,50.0,-0.03
FUSION,FUSION_6495,6,6,0,19.704,18.72,12.723,27.18,-15.289,-63.537,32.959,0.6794,0.2424,33.3,33.3,1.06
FUSION,FUSION_6503,6,6,0,33.166,12.675,30.666,35.505,-33.166,-60.379,-5.953,-0.137,-0.014,0.0,0.0,0.33
FUSION,FUSION_6537,6,6,0,37.737,25.885,36.807,45.761,1.864,-96.307,100.036,-0.7488,-0.7273,0.0,33.3,0.46
FUSION,FUSION_6599,6,6,0,25.733,14.796,21.634,29.683,-19.98,-67.112,27.152,-0.0692,-0.0263,0.0,0.0,-0.08
FUSION,FUSION_6604,6,6,0,23.354,19.415,16.351,30.37,-20.13,-68.955,28.694,-0.003,-0.0015,16.7,33.3,0.74
FUSION,FUSION_6631,6,6,0,20.058,9.434,23.102,22.166,-0.521,-48.1,47.058,-0.075,-0.0335,16.7,16.7,0.97
FUSION,FUSION_6667,6,6,0,16.747,7.293,14.712,18.266,-5.143,-42.775,32.488,0.6151,0.4651,0.0,16.7,0.63
FUSION,FUSION_6678,6,6,0,23.08,13.683,24.101,26.831,-23.08,-52.457,6.298,0.4013,0.0731,16.7,33.3,2.93
FUSION,FUSION_6698,6,6,0,39.819,26.394,33.986,47.773,-30.26,-109.63,49.109,-0.7332,-0.3027,16.7,16.7,-0.85
FUSION,FUSION_6718,6,6,0,21.441,20.245,13.026,29.489,-12.589,-69.844,44.666,-0.7757,-0.502,33.3,50.0,-0.02
FUSION,FUSION_6725,6,6,0,29.565,18.019,30.907,34.623,-29.565,-68.253,9.122,0.5524,0.2201,0.0,16.7,-0.82
FUSION,FUSION_6731,6,6,0,37.952,11.983,33.66,39.799,-37.952,-63.68,-12.224,0.0695,0.006,0.0,0.0,0.31
FUSION,FUSION_6737,6,6,0,23.649,15.28,20.981,28.156,5.043,-54.431,64.518,0.2219,0.2155,16.7,16.7,0.72
FUSION,FUSION_6750,6,6,0,15.132,10.798,13.937,18.59,2.605,-36.915,42.126,-0.0829,-0.0811,33.3,50.0,-0.43
FUSION,FUSION_6782,6,6,0,28.797,16.15,33.652,33.017,-12.513,-78.114,53.088,0.03,0.0247,16.7,16.7,-0.75
FUSION,FUSION_6803,6,6,0,19.129,14.098,19.236,23.762,-7.105,-55.791,41.582,-0.0799,-0.0704,33.3,33.3,0.31
FUSION,FUSION_6846,6,6,0,30.125,19.164,34.694,35.704,-26.507,-77.865,24.851,-0.0104,-0.0033,16.7,33.3,1.16
FUSION,FUSION_6847,6,6,0,32.717,18.312,24.045,37.493,-26.524,-83.419,30.37,0.0309,0.0085,0.0,0.0,-0.83
FUSION,FUSION_6856,6,6,0,24.996,13.809,27.916,28.557,-23.872,-57.522,9.779,0.4872,0.1537,16.7,16.7,-0.61
FUSION,FUSION_6880,6,6,0,14.541,6.428,13.783,15.898,3.23,-30.193,36.652,-0.0781,-0.012,16.7,33.3,2.51
FUSION,FUSION_6916,6,6,0,15.512,6.323,12.758,16.752,-15.512,-29.088,-1.937,0.8975,0.4937,0.0,0.0,-0.09
FUSION,FUSION_6923,6,6,0,38.447,19.033,46.575,42.9,-38.447,-79.312,2.418,-0.1321,-0.0152,16.7,16.7,1.3
FUSION,FUSION_6968,6,6,0,23.41,15.489,23.772,28.07,-12.85,-66.432,40.733,-0.2622,-0.1757,16.7,33.3,0.48
FUSION,FUSION_6974,6,6,0,10.981,4.557,11.285,11.889,-3.475,-27.887,20.936,0.5086,0.2992,0.0,33.3,0.93
FUSION,FUSION_6987,6,6,0,28.853,18.151,34.415,34.088,-28.226,-69.261,12.81,-0.389,-0.0907,16.7,33.3,0.73
FUSION,FUSION_6993,6,6,0,32.106,14.845,31.623,35.372,-18.795,-83.132,45.542,-0.46,-0.1683,0.0,16.7,1.22
FUSION,FUSION_7006,6,6,0,21.083,11.166,24.139,23.857,-18.346,-51.091,14.4,0.2566,0.0418,16.7,33.3,0.59
FUSION,FUSION_7047,6,6,0,32.735,25.336,22.088,41.394,-31.488,-89.178,26.202,-0.5638,-0.0846,16.7,16.7,1.11
FUSION,FUSION_7048,6,6,0,10.518,6.356,10.67,12.29,1.518,-24.667,27.703,0.8352,0.8249,16.7,50.0,-1.13
FUSION,FUSION_7050,6,6,0,32.502,12.395,36.945,34.785,-32.502,-59.114,-5.889,0.2647,0.0257,0.0,16.7,0.98
FUSION,FUSION_7056,6,6,0,27.027,11.495,27.72,29.37,-27.027,-51.707,-2.346,0.3049,0.0561,0.0,16.7,-1.58
FUSION,FUSION_7069,6,6,0,25.581,12.127,26.678,28.31,-5.497,-65.123,54.128,0.2355,0.2096,0.0,16.7,-0.85
FUSION,FUSION_7082,6,6,0,16.84,14.775,11.257,22.402,-12.775,-52.287,26.737,-0.4185,-0.1973,16.7,50.0,0.3
FUSION,FUSION_7137,6,6,0,19.058,12.107,14.288,22.579,-19.058,-45.053,6.936,0.2187,0.0702,0.0,16.7,0.93
FUSION,FUSION_7142,6,6,0,31.426,19.082,34.52,36.766,-25.618,-82.239,31.003,-0.0426,-0.0088,16.7,16.7,0.78
FUSION,FUSION_7151,6,6,0,26.426,16.045,22.605,30.916,-26.426,-60.877,8.025,-0.3789,-0.0748,16.7,16.7,0.06
FUSION,FUSION_7165,6,6,0,32.87,19.863,26.669,38.405,-25.967,-86.722,34.789,0.1113,0.0617,0.0,16.7,-0.57
FUSION,FUSION_7176,6,6,0,20.053,15.278,15.417,25.21,-20.053,-52.856,12.75,0.4074,0.0266,16.7,33.3,3.42
FUSION,FUSION_7185,6,6,0,14.183,9.299,13.646,16.96,-7.347,-40.167,25.473,0.6792,0.5873,16.7,33.3,0.26
FUSION,FUSION_7186,6,6,0,30.983,18.372,40.953,36.02,-14.918,-85.312,55.475,-0.2507,-0.1989,16.7,33.3,-0.02
FUSION,FUSION_7187,6,6,0,27.479,18.869,18.736,33.334,-21.268,-76.378,33.843,-0.6045,-0.264,0.0,16.7,0.04
FUSION,FUSION_7211,6,6,0,35.795,15.622,28.4,39.055,-35.795,-69.337,-2.253,0.1503,0.0253,0.0,0.0,3.26
FUSION,FUSION_7222,6,6,0,28.215,13.118,32.932,31.115,-21.331,-69.969,27.307,-0.0958,-0.0394,0.0,0.0,-0.93
FUSION,FUSION_7231,6,6,0,18.644,8.697,18.739,20.573,6.133,-36.031,48.297,0.4379,0.3425,0.0,33.3,-0.59
FUSION,FUSION_7233,6,6,0,25.478,19.991,23.679,32.385,1.951,-67.456,71.357,0.1647,0.1631,33.3,33.3,-0.23
FUSION,FUSION_7248,6,6,0,30.08,17.023,27.103,34.563,-28.898,-69.609,11.813,0.2566,0.0849,16.7,16.7,0.85
FUSION,FUSION_7279,6,6,0,32.439,21.56,20.211,38.951,-16.826,-92.25,58.597,-0.2599,-0.1536,0.0,0.0,1.01
FUSION,FUSION_7280,6,6,0,11.324,8.019,6.846,13.876,2.392,-26.955,31.739,0.552,0.3871,0.0,66.7,-0.99
FUSION,FUSION_7362,6,6,0,24.344,11.581,28.188,26.958,3.715,-53.614,61.044,-0.4442,-0.3195,0.0,16.7,1.47
FUSION,FUSION_7376,6,6,0,37.683,17.307,44.362,41.467,-20.054,-97.983,57.875,-0.3962,-0.265,0.0,16.7,-0.52
FUSION,FUSION_7380,6,6,0,23.915,13.384,23.086,27.406,-23.915,-52.651,4.82,0.2911,0.0832,16.7,16.7,1.67
FUSION,FUSION_7396,6,6,0,30.142,17.086,23.704,34.648,-2.843,-76.984,71.297,-0.3171,-0.3084,0.0,0.0,0.85
FUSION,FUSION_7412,6,6,0,23.325,15.077,23.055,27.773,-10.207,-65.665,45.251,0.3287,0.2971,0.0,33.3,-0.65
FUSION,FUSION_7437,6,6,0,24.851,20.408,23.215,32.157,-15.832,-75.928,44.264,-0.2866,-0.1989,16.7,33.3,0.26
FUSION,FUSION_7445,6,6,0,24.758,21.668,16.178,32.901,7.585,-61.152,76.322,-0.0436,-0.0386,16.7,50.0,-1.0
FUSION,FUSION_7456,6,6,0,27.781,14.751,34.236,31.454,-27.349,-60.707,6.008,0.5241,0.1322,16.7,16.7,3.09
FUSION,FUSION_7473,6,6,0,35.438,22.416,33.961,41.932,-32.799,-88.893,23.294,-0.6953,-0.1891,0.0,16.7,-1.01
FUSION,FUSION_7509,6,6,0,35.419,23.288,30.474,42.389,-35.419,-85.421,14.582,-0.2839,-0.0306,0.0,16.7,2.36
FUSION,FUSION_7514,6,6,0,17.498,21.392,8.294,27.636,-6.966,-64.388,50.456,-0.0681,-0.0562,50.0,50.0,0.07
FUSION,FUSION_7519,6,6,0,14.114,18.29,6.536,23.103,6.179,-41.618,53.976,-0.1977,-0.0881,33.3,66.7,2.19
FUSION,FUSION_7520,6,6,0,18.527,16.435,9.15,24.766,-12.163,-58.483,34.157,-0.2133,-0.0839,16.7,66.7,1.78
FUSION,FUSION_7539,6,6,0,19.415,14.637,19.647,24.315,-10.515,-57.586,36.556,0.5546,0.3634,33.3,33.3,0.39
FUSION,FUSION_7542,6,6,0,25.108,16.539,21.896,30.065,8.099,-54.067,70.265,-0.0671,-0.0335,0.0,33.3,-0.23
FUSION,FUSION_7557,6,6,0,17.184,16.587,10.381,23.883,-16.397,-53.681,20.887,0.1408,0.0671,33.3,50.0,1.63
FUSION,FUSION_7568,6,6,0,18.322,15.953,10.659,24.294,-0.738,-52.875,51.399,0.3375,0.2044,0.0,33.3,0.77
FUSION,FUSION_7570,6,6,0,12.079,7.174,10.925,14.049,-0.618,-30.752,29.516,0.526,0.5252,33.3,50.0,-0.84
FUSION,FUSION_7576,6,6,0,48.419,27.233,56.85,55.552,-48.419,-106.891,10.053,0.8841,0.0481,16.7,16.7,3.16
FUSION,FUSION_7596,6,6,0,16.517,9.031,17.546,18.825,-16.517,-35.907,2.874,0.7856,0.4533,16.7,33.3,0.18
FUSION,FUSION_7598,6,6,0,23.239,17.382,24.732,29.02,-3.961,-65.687,57.765,-0.4443,-0.3115,33.3,33.3,-0.06
FUSION,FUSION_7601,6,6,0,14.736,5.172,12.64,15.617,-6.309,-36.982,24.365,-0.5196,-0.2961,0.0,16.7,1.1
FUSION,FUSION_7604,6,6,0,24.242,10.655,25.104,26.48,-9.197,-62.512,44.117,-0.8035,-0.644,0.0,16.7,0.98
FUSION,FUSION_7626,6,6,0,28.317,7.535,29.697,29.302,-22.183,-63.29,18.924,-0.3585,-0.0972,0.0,0.0,1.24
FUSION,FUSION_7628,6,6,0,37.199,14.482,39.863,39.919,-29.803,-86.822,27.216,-0.0422,-0.0145,0.0,0.0,-0.99
FUSION,FUSION_7637,6,6,0,10.719,7.659,10.074,13.174,-9.492,-29.109,10.126,0.0593,0.0195,33.3,50.0,1.43
FUSION,FUSION_7685,6,6,0,16.276,14.669,13.898,21.91,-12.913,-50.919,25.093,0.5981,0.462,33.3,50.0,1.5
FUSION,FUSION_7695,6,6,0,25.541,20.053,24.113,32.473,1.29,-68.375,70.956,-0.6617,-0.6566,33.3,33.3,0.41
FUSION,FUSION_7736,6,6,0,20.951,18.004,10.811,27.624,-0.26,-59.569,59.048,0.0957,0.0837,0.0,50.0,-0.05
FUSION,FUSION_7748,6,6,0,14.469,5.658,15.562,15.536,6.707,-23.381,36.795,-0.6704,-0.286,16.7,16.7,2.14
FUSION,FUSION_7759,6,6,0,40.71,23.274,39.631,46.893,-40.71,-90.681,9.26,-0.4741,-0.0497,0.0,0.0,1.76
FUSION,FUSION_7769,6,6,0,29.189,18.994,27.931,34.825,-29.189,-69.971,11.592,0.0379,0.0113,16.7,16.7,-0.63
FUSION,FUSION_7788,6,6,0,22.832,19.92,18.042,30.3,-22.146,-66.548,22.255,-0.0111,-0.0038,33.3,33.3,-1.12
FUSION,FUSION_7793,6,6,0,28.872,13.785,29.656,31.994,9.304,-56.421,75.029,-0.3774,-0.2841,0.0,0.0,-1.66
FUSION,FUSION_7831,6,6,0,21.711,14.269,21.615,25.98,-4.949,-59.709,49.811,-0.0574,-0.0547,16.7,33.3,1.15
FUSION,FUSION_7864,6,6,0,23.625,14.363,20.177,27.649,-15.642,-64.592,33.309,-0.0037,-0.0025,0.0,16.7,0.64
FUSION,FUSION_7865,6,6,0,31.615,20.68,36.752,37.778,-30.438,-78.482,17.606,-0.1601,-0.0468,16.7,33.3,0.63
FUSION,FUSION_7878,6,6,0,12.704,8.436,10.986,15.25,3.452,-28.44,35.344,0.1352,0.0651,16.7,50.0,2.19
FUSION,FUSION_7889,6,6,0,39.954,12.542,43.498,41.876,-9.855,-97.24,77.53,-0.7089,-0.6383,0.0,0.0,0.99
FUSION,FUSION_7901,6,6,0,32.488,17.936,32.7,37.111,-29.8,-77.286,17.685,-0.5722,-0.1108,0.0,16.7,0.2
FUSION,FUSION_7927,6,6,0,26.483,13.034,20.012,29.517,-8.857,-69.312,51.598,-0.1172,-0.0842,0.0,0.0,1.09
FUSION,FUSION_7928,6,6,0,25.122,21.03,22.026,32.763,-23.183,-72.889,26.523,-0.2174,-0.0523,0.0,33.3,3.09
FUSION,FUSION_7942,6,6,0,16.224,7.577,19.085,17.905,-5.123,-41.96,31.713,-0.2861,-0.2036,16.7,16.7,-0.1
FUSION,FUSION_7957,6,6,0,33.087,18.791,36.218,38.051,-8.99,-88.374,70.395,-0.6383,-0.5787,0.0,16.7,-0.06
FUSION,FUSION_7959,6,6,0,18.56,14.816,12.631,23.749,-9.661,-56.241,36.919,0.3598,0.2718,16.7,33.3,-1.06
FUSION,FUSION_7969,6,6,0,24.305,11.834,23.657,27.033,-17.289,-61.908,27.329,0.4819,0.2652,0.0,16.7,-0.02
FUSION,FUSION_7983,6,6,0,28.26,11.226,27.806,30.409,-8.352,-71.13,54.426,-0.6412,-0.5564,0.0,0.0,0.09
FUSION,FUSION_7997,6,6,0,18.866,13.426,20.848,23.156,-7.019,-54.397,40.359,0.4709,0.4353,33.3,33.3,-0.42
FUSION,FUSION_8001,6,6,0,25.66,11.993,22.986,28.324,-16.642,-65.852,32.568,-0.2755,-0.1119,0.0,16.7,0.29
FUSION,FUSION_8009,6,6,0,49.206,10.178,51.879,50.248,-49.206,-71.058,-27.354,-0.9263,-0.0142,0.0,0.0,3.59
FUSION,FUSION_8021,6,6,0,28.974,16.214,23.123,33.203,-9.793,-77.91,58.325,-0.3165,-0.2809,0.0,0.0,-0.8
FUSION,FUSION_8147,6,6,0,14.626,7.79,14.642,16.571,-5.59,-39.084,27.905,0.225,0.1821,16.7,33.3,-0.05
FUSION,FUSION_8213,6,6,0,28.134,18.36,23.441,33.595,-17.229,-79.152,44.695,-0.5324,-0.3429,16.7,16.7,0.42
FUSION,FUSION_8262,6,6,0,36.296,22.297,39.328,42.598,-33.149,-90.588,24.29,0.0384,0.0097,0.0,33.3,1.18
FUSION,FUSION_8266,6,6,0,32.414,14.691,35.807,35.588,-24.146,-80.277,31.986,-0.736,-0.1857,16.7,16.7,0.16
FUSION,FUSION_8290,6,6,0,35.185,12.2,30.663,37.24,-35.185,-61.379,-8.99,-0.2164,-0.0114,0.0,0.0,1.65
FUSION,FUSION_8331,6,6,0,31.829,18.437,32.24,36.783,-31.829,-71.415,7.756,0.4199,0.1538,0.0,16.7,-0.26
FUSION,FUSION_8364,6,6,0,15.881,7.231,16.701,17.449,-8.892,-41.128,23.343,-0.3047,-0.1422,16.7,33.3,2.46
FUSION,FUSION_8370,6,6,0,10.165,5.158,9.504,11.399,2.184,-21.837,26.205,0.6402,0.6213,16.7,50.0,-0.25
FUSION,FUSION_8377,6,6,0,33.384,11.954,33.8,35.459,-17.09,-83.798,49.618,-0.7711,-0.4984,0.0,0.0,0.76
FUSION,FUSION_8380,6,6,0,39.738,14.858,34.02,42.424,-7.393,-97.087,82.301,-0.6006,-0.5656,0.0,0.0,0.02
FUSION,FUSION_8381,6,6,0,15.453,11.973,14.765,19.548,-8.687,-46.286,28.912,0.3145,0.1997,16.7,33.3,0.81
FUSION,FUSION_8384,6,6,0,30.746,19.456,30.928,36.385,-30.746,-72.519,11.026,0.3167,0.0912,0.0,16.7,0.36
FUSION,FUSION_8412,6,6,0,21.04,18.326,16.14,27.902,-15.204,-65.436,35.029,-0.6565,-0.3135,16.7,33.3,0.8
FUSION,FUSION_8428,6,6,0,34.559,21.374,31.694,40.634,20.559,-54.695,95.814,-0.7498,-0.4631,16.7,16.7,-1.2
FUSION,FUSION_8430,6,6,0,18.312,9.14,17.108,20.467,5.181,-37.33,47.692,0.5854,0.536,0.0,16.7,-0.61
FUSION,FUSION_8432,6,6,0,35.05,18.204,24.744,39.496,-21.548,-92.617,49.522,-0.5572,-0.2607,0.0,0.0,0.7
FUSION,FUSION_8490,6,6,0,21.409,16.133,17.332,26.806,-7.274,-62.67,48.123,-0.6624,-0.581,16.7,16.7,0.01
FUSION,FUSION_8500,6,6,0,39.972,7.341,40.418,40.641,-15.313,-96.141,65.515,-0.8574,-0.525,0.0,0.0,-0.7
FUSION,FUSION_8514,6,6,0,15.149,17.005,5.705,22.774,11.346,-31.052,53.743,0.3407,0.2742,50.0,66.7,-1.02
FUSION,FUSION_8517,6,6,0,42.291,18.317,49.273,46.087,-18.281,-109.116,72.555,-0.8185,-0.6105,0.0,0.0,1.19
FUSION,FUSION_8540,6,6,0,31.772,21.178,25.05,38.184,-30.504,-79.816,18.808,-0.0458,-0.0134,16.7,16.7,3.46
FUSION,FUSION_8541,6,6,0,27.34,21.762,24.856,34.943,0.76,-74.248,75.767,-0.7041,-0.5515,33.3,33.3,1.84
FUSION,FUSION_8550,6,6,0,33.148,19.171,34.163,38.293,-33.148,-74.31,8.014,-0.1835,-0.0404,16.7,16.7,0.02
FUSION,FUSION_8555,6,6,0,37.828,18.042,43.034,41.91,-34.896,-84.729,14.936,-0.2162,-0.0328,0.0,16.7,-1.16
FUSION,FUSION_8563,6,6,0,16.129,6.202,15.487,17.281,-11.822,-38.883,15.238,0.5508,0.3623,0.0,16.7,0.93
FUSION,FUSION_8565,6,6,0,34.842,16.155,36.339,38.406,-34.842,-69.529,-0.156,-0.8318,-0.0872,16.7,16.7,1.91
FUSION,FUSION_8584,6,6,0,22.759,13.931,18.199,26.684,-17.359,-60.87,26.151,-0.2256,-0.0481,0.0,16.7,0.95
FUSION,FUSION_8587,6,6,0,24.69,22.615,20.355,33.482,-20.549,-77.305,36.206,-0.0038,-0.0016,0.0,33.3,0.51
FUSION,FUSION_8603,6,6,0,9.226,6.449,7.157,11.257,3.127,-20.091,26.344,0.8217,0.6992,16.7,66.7,-1.19
FUSION,FUSION_8661,6,6,0,26.641,18.624,27.757,32.505,6.633,-61.689,74.954,-0.061,-0.057,33.3,33.3,1.08
FUSION,FUSION_8664,6,6,0,24.706,15.564,25.992,29.2,-12.993,-69.139,43.152,0.1023,0.0831,16.7,33.3,-0.51
FUSION,FUSION_8679,6,6,0,25.596,16.408,25.356,30.404,-24.866,-62.429,12.697,0.5467,0.0874,16.7,16.7,2.39
FUSION,FUSION_8681,6,6,0,19.174,9.089,20.571,21.218,-10.391,-50.112,29.331,0.3369,0.2684,16.7,16.7,-0.07
FUSION,FUSION_8706,6,6,0,25.763,21.206,18.488,33.369,-16.883,-78.68,44.915,-0.3034,-0.1032,16.7,33.3,0.75
FUSION,FUSION_8718,6,6,0,18.326,10.393,14.348,21.068,-18.326,-40.641,3.989,0.1974,0.0421,0.0,33.3,-0.11
FUSION,FUSION_8730,6,6,0,11.906,9.796,8.838,15.418,9.308,-17.083,35.699,0.7364,0.1668,33.3,50.0,0.81
FUSION,FUSION_8738,6,6,0,14.524,14.559,5.889,20.565,-12.805,-47.356,21.746,0.6133,0.4548,33.3,66.7,-1.18
FUSION,FUSION_8768,6,6,0,23.211,15.417,18.986,27.864,-4.982,-63.845,53.882,-0.4642,-0.3417,0.0,16.7,0.08
FUSION,FUSION_8772,6,6,0,25.384,20.646,22.322,32.72,-8.54,-76.358,59.278,-0.3009,-0.1001,33.3,33.3,1.87
FUSION,FUSION_8785,6,6,0,17.974,10.29,21.12,20.711,2.1,-42.14,46.34,0.522,0.5185,16.7,33.3,0.12
FUSION,FUSION_8802,6,6,0,18.775,15.215,15.465,24.166,-6.365,-56.419,43.689,0.2262,0.1882,16.7,33.3,1.28
FUSION,FUSION_8808,6,6,0,46.583,14.603,50.065,48.818,-46.583,-77.937,-15.228,0.4721,0.068,0.0,0.0,1.2
FUSION,FUSION_8817,6,6,0,28.835,17.059,24.264,33.503,-28.835,-65.461,7.791,0.2645,0.0549,0.0,16.7,0.68
FUSION,FUSION_8834,6,6,0,19.249,9.454,19.963,21.445,-0.821,-46.831,45.189,-0.3363,-0.3318,16.7,16.7,0.15
FUSION,FUSION_8844,6,6,0,13.884,15.813,6.129,21.043,11.901,-25.361,49.162,0.6019,0.3791,50.0,66.7,-1.82
FUSION,FUSION_8847,6,6,0,19.356,6.418,21.716,20.392,-12.394,-47.162,22.375,-0.6989,-0.3413,0.0,16.7,-0.59
FUSION,FUSION_8848,6,6,0,24.493,13.469,22.582,27.952,-16.951,-64.672,30.771,-0.4442,-0.2343,16.7,16.7,-0.73
FUSION,FUSION_8852,6,6,0,22.059,16.96,20.244,27.826,-18.747,-62.896,25.403,0.3678,0.2232,16.7,50.0,0.28
FUSION,FUSION_8874,6,6,0,38.615,18.421,39.999,42.784,-18.492,-101.329,64.345,-0.698,-0.4862,16.7,16.7,-0.4
FUSION,FUSION_8897,6,6,0,26.399,17.109,24.0,31.458,16.037,-42.071,74.144,0.0974,0.0738,16.7,16.7,0.01
FUSION,FUSION_8902,6,6,0,29.707,17.786,27.164,34.625,-29.707,-67.894,8.479,0.4905,0.1915,0.0,16.7,-0.21
FUSION,FUSION_9003,6,6,0,13.192,8.257,15.92,15.563,7.065,-22.707,36.838,0.0722,0.0494,33.3,33.3,1.0
FUSION,FUSION_9028,6,6,0,27.588,18.503,29.431,33.218,-20.372,-76.708,35.965,-0.2921,-0.092,16.7,16.7,1.1
FUSION,FUSION_9039,6,6,0,24.442,17.569,20.035,30.102,-24.442,-62.165,13.28,0.0513,0.0064,0.0,33.3,0.82
FUSION,FUSION_9064,6,6,0,18.976,17.722,9.658,25.965,1.566,-54.082,57.213,-0.2842,-0.2461,33.3,50.0,-1.05
FUSION,FUSION_9077,6,6,0,18.422,12.093,15.271,22.037,-17.22,-46.744,12.303,0.3716,0.1855,16.7,33.3,0.25
FUSION,FUSION_9092,6,6,0,22.41,15.775,14.601,27.406,-5.05,-62.885,52.784,-0.2777,-0.2657,0.0,16.7,-0.18
FUSION,FUSION_9098,6,6,0,18.585,11.573,13.652,21.894,-18.585,-43.434,6.264,0.6133,0.2696,0.0,16.7,0.63
FUSION,FUSION_9105,6,6,0,25.468,18.682,20.59,31.585,-23.273,-69.122,22.577,-0.5698,-0.1768,0.0,16.7,0.02
FUSION,FUSION_9115,6,6,0,46.694,9.983,46.839,47.749,-30.971,-109.001,47.06,-0.7251,-0.3178,0.0,0.0,-0.96
FUSION,FUSION_9118,6,6,0,30.168,18.76,39.513,35.526,-1.817,-77.993,74.359,-0.0252,-0.0238,16.7,33.3,-0.11
FUSION,FUSION_9139,6,6,0,19.969,13.903,18.489,24.332,-17.721,-53.521,18.079,0.3244,0.0402,16.7,33.3,3.27
FUSION,FUSION_9141,6,6,0,38.922,17.116,42.338,42.519,-0.798,-92.074,90.478,-0.3328,-0.2989,0.0,0.0,-0.97
FUSION,FUSION_9146,6,6,0,31.058,15.342,31.633,34.641,-22.382,-79.149,34.386,-0.0964,-0.0146,0.0,16.7,1.19
FUSION,FUSION_9153,6,6,0,28.919,10.907,27.904,30.908,-15.654,-72.874,41.565,0.238,0.1828,0.0,0.0,-0.61
FUSION,FUSION_9160,6,6,0,19.542,10.925,15.913,22.388,-10.997,-52.868,30.874,-0.176,-0.0862,0.0,33.3,0.74
FUSION,FUSION_9163,6,6,0,22.678,16.045,14.764,27.78,-12.835,-65.732,40.061,0.071,0.0566,0.0,50.0,-0.73
FUSION,FUSION_9174,6,6,0,30.37,9.493,31.299,31.819,-30.37,-50.751,-9.988,0.3618,0.0454,0.0,0.0,-0.23
FUSION,FUSION_9199,6,6,0,22.372,10.618,23.427,24.764,-17.733,-54.845,19.379,0.4228,0.0509,0.0,16.7,0.7
FUSION,FUSION_9211,6,6,0,27.893,21.976,18.733,35.51,-27.893,-75.078,19.292,-0.2386,-0.0637,16.7,16.7,2.25
FUSION,FUSION_9229,6,6,0,22.219,14.009,17.487,26.267,-19.47,-57.327,18.388,0.1042,0.0498,0.0,16.7,-0.32
FUSION,FUSION_9256,6,6,0,24.199,15.38,20.264,28.673,-0.167,-61.728,61.394,0.1329,0.1004,0.0,16.7,0.21
FUSION,FUSION_9282,6,6,0,36.474,16.724,40.889,40.125,-22.549,-93.809,48.712,-0.4516,-0.2096,0.0,16.7,1.27
FUSION,FUSION_9283,6,6,0,16.975,11.025,15.215,20.241,4.762,-37.477,47.001,0.3794,0.3266,0.0,33.3,-0.26
FUSION,FUSION_9286,6,6,0,20.329,18.353,15.452,27.388,-20.329,-59.734,19.077,0.2232,0.1137,33.3,33.3,1.91
FUSION,FUSION_9292,6,6,0,32.185,16.264,34.848,36.06,-32.185,-67.104,2.734,0.5727,0.1615,16.7,16.7,-0.36
FUSION,FUSION_9305,6,6,0,32.947,16.604,36.275,36.894,-32.947,-68.598,2.704,-0.1074,-0.0194,0.0,16.7,2.13
FUSION,FUSION_9308,6,6,0,24.78,14.406,24.83,28.663,-24.78,-55.71,6.151,-0.152,-0.0344,0.0,33.3,0.3
FUSION,FUSION_9309,6,6,0,29.123,12.248,29.475,31.594,-12.779,-74.816,49.259,-0.1758,-0.1159,0.0,16.7,0.83
FUSION,FUSION_9396,6,6,0,30.493,3.935,30.705,30.746,11.992,-48.793,72.777,-0.4126,-0.216,0.0,0.0,-0.91
FUSION,FUSION_9401,6,6,0,16.845,16.393,12.625,23.505,-16.22,-52.746,20.306,-0.1295,-0.0637,33.3,50.0,1.4
FUSION,FUSION_9425,6,6,0,29.601,21.605,26.937,36.647,-5.594,-83.356,72.168,-0.5598,-0.4961,16.7,16.7,0.09
FUSION,FUSION_9464,6,6,0,19.893,6.677,19.831,20.984,-6.649,-49.381,36.084,0.1304,0.1054,0.0,16.7,2.01
FUSION,FUSION_9486,6,6,0,34.507,15.288,36.529,37.743,-27.0,-83.623,29.623,-0.0923,-0.0262,0.0,16.7,0.1
FUSION,FUSION_9512,6,6,0,20.244,17.781,12.471,26.944,-17.619,-61.387,26.149,-0.2666,-0.0697,16.7,33.3,0.98
FUSION,FUSION_9519,6,6,0,26.236,20.239,26.181,33.135,-6.03,-75.986,63.926,-0.3237,-0.2966,16.7,33.3,0.03
FUSION,FUSION_9554,6,6,0,15.889,12.755,13.105,20.375,10.583,-26.798,47.965,0.5369,0.4394,33.3,33.3,-1.21
FUSION,FUSION_9597,6,6,0,25.319,7.915,23.716,26.527,-25.319,-42.313,-8.325,0.0746,0.007,0.0,0.0,0.34
FUSION,FUSION_9620,6,6,0,23.921,15.386,22.889,28.441,-12.52,-67.351,42.311,-0.637,-0.2282,16.7,16.7,-0.54
FUSION,FUSION_9629,6,6,0,16.404,7.634,15.324,18.093,-10.233,-42.271,21.805,-0.1225,-0.0711,16.7,16.7,1.38
FUSION,FUSION_9640,6,6,0,32.568,21.154,34.233,38.835,-32.313,-78.564,13.937,-0.2228,-0.0496,16.7,16.7,1.72
FUSION,FUSION_9676,6,6,0,32.898,7.428,33.289,33.726,-0.377,-72.785,72.032,-0.5875,-0.5101,0.0,0.0,-1.07
FUSION,FUSION_9711,6,6,0,9.799,5.201,10.349,11.094,-3.824,-26.183,18.535,0.8626,0.2784,33.3,50.0,2.25
FUSION,FUSION_9715,6,6,0,34.895,16.52,36.764,38.608,-34.895,-70.366,0.575,-0.4548,-0.0432,16.7,16.7,0.63
FUSION,FUSION_9720,6,6,0,26.957,14.13,27.272,30.436,-6.442,-70.31,57.425,-0.1775,-0.168,0.0,16.7,-0.51
FUSION,FUSION_9725,6,6,0,37.447,24.636,46.3,44.824,-37.398,-90.455,15.66,0.3726,0.0126,16.7,33.3,0.56
FUSION,FUSION_9737,6,6,0,29.715,11.105,36.196,31.722,-29.715,-53.558,-5.872,0.0232,0.0029,0.0,0.0,0.84
FUSION,FUSION_9739,6,6,0,31.464,18.836,30.72,36.671,-9.654,-85.612,66.305,-0.1581,-0.142,0.0,16.7,0.23
FUSION,FUSION_9753,6,6,0,36.72,16.707,40.76,40.342,-36.72,-72.591,-0.85,0.3795,0.0157,16.7,16.7,2.56
FUSION,FUSION_9779,6,6,0,24.199,11.444,21.257,26.768,17.806,-25.108,60.721,0.3813,0.2312,0.0,16.7,-0.72
FUSION,FUSION_9808,6,6,0,42.007,18.213,39.028,45.785,-42.007,-81.112,-2.902,-0.7811,-0.0589,0.0,0.0,2.08
FUSION,FUSION_9825,6,6,0,18.709,11.559,14.769,21.992,5.983,-39.455,51.42,-0.407,-0.2254,0.0,50.0,0.23
FUSION,FUSION_9827,6,6,0,20.112,17.017,19.669,26.345,-13.621,-62.039,34.798,0.1766,0.1128,33.3,33.3,-0.36
FUSION,FUSION_9833,6,6,0,18.203,15.696,13.162,24.035,-12.236,-56.653,32.182,-0.4677,-0.078,16.7,33.3,0.7
FUSION,FUSION_9869,6,6,0,35.791,16.42,26.724,39.378,-13.008,-92.809,66.793,-0.781,-0.64,0.0,0.0,0.15
FUSION,FUSION_9884,6,6,0,25.763,13.721,26.172,29.189,-19.717,-65.929,26.496,0.5208,0.0635,0.0,33.3,1.68
FUSION,FUSION_9891,6,6,0,17.224,3.723,18.764,17.622,4.583,-31.95,41.116,0.0314,0.0293,0.0,0.0,0.99
FUSION,FUSION_9922,6,6,0,14.605,12.665,10.835,19.332,-4.286,-44.76,36.187,-0.3393,-0.3028,16.7,50.0,1.47
FUSION,FUSION_9938,6,6,0,35.977,7.008,37.84,36.653,-35.977,-51.024,-20.929,0.3343,0.0176,0.0,0.0,0.94
FUSION,FUSION_9940,6,6,0,25.286,15.601,22.214,29.711,14.614,-40.929,70.157,-0.0884,-0.0551,0.0,16.7,-1.64
FUSION,FUSION_9957,6,6,0,33.764,12.207,36.112,35.903,-18.969,-84.418,46.479,-0.6286,-0.3836,0.0,0.0,0.66
FUSION,FUSION_9968,6,6,0,26.507,15.133,26.452,30.523,-22.424,-66.884,22.036,-0.7122,-0.2344,16.7,16.7,0.03
FUSION,FUSION_9980,6,6,0,41.941,9.329,42.977,42.966,-41.941,-61.97,-21.911,0.5805,0.0597,0.0,0.0,-0.19
FUSION,FUSION_9981,6,6,0,26.406,17.263,25.115,31.549,-8.705,-73.813,56.402,-0.7609,-0.6421,0.0,33.3,-0.82
FUSION,FUSION_9987,6,6,0,49.381,20.306,53.511,53.393,-46.823,-101.916,8.27,0.3229,0.0308,0.0,16.7,0.43
FUSION,FUSION_9998,6,6,0,19.844,9.912,22.071,22.181,-0.985,-48.563,46.592,0.1964,0.185,16.7,16.7,1.06
