subject,session,clip,status,n_frames,gt_sbp,gt_dbp,gt_hb,gt_inband_pct,gt_above_pct,gt_usable,gt_hr,deep_hr,deep_snr_db,deep_bvp_pearson,deep_sqi,pos_hr,pos_snr_db,chrom_hr,chrom_snr_db,fusion_hr,fusion_snr_db,fusion_label,deep_mae,deep_sqerr,deep_bias,pos_mae,pos_sqerr,pos_bias,chrom_mae,chrom_sqerr,chrom_bias,fusion_mae,fusion_sqerr,fusion_bias
1020,after,1020_after_clip_0000,ok,150,113.0,78.0,12.6,13.29,77.97,0,113.3,53.75,1.06,-0.0032630814504048893,33.24,77.3,4.83,75.28,4.4,76.33,4.62,POS+CHROM,59.557,3547.0583,-59.557,36.0,1296.0036,-36.0,38.023,1445.7713,-38.023,36.976,1367.2333,-36.976
1020,after,1020_after_clip_0001,ok,150,113.0,78.0,12.6,6.19,93.21,0,112.93,53.9,1.04,0.11248382650125512,32.84,74.0,1.77,75.68,2.11,74.86,1.94,POS+CHROM,59.036,3485.1953,-59.036,38.931,1515.5893,-38.931,37.255,1387.971,-37.255,38.069,1449.2748,-38.069
1020,after,1020_after_clip_0002,ok,150,113.0,78.0,12.6,21.49,76.02,0,104.15,53.75,1.06,-0.0736888892553857,33.2,84.47,4.56,86.52,0.75,85.18,2.65,POS+CHROM,50.4,2540.1998,-50.4,19.673,387.0205,-19.673,17.627,310.6938,-17.627,18.964,359.6451,-18.964
1020,before,1020_before_clip_0000,ok,150,105.0,78.0,12.6,25.24,65.54,0,100.9,53.83,1.11,-0.11170588866022968,32.77,78.37,1.6,76.81,1.25,77.61,1.42,POS+CHROM,47.067,2215.3383,-47.067,22.526,507.4239,-22.526,24.09,580.3375,-24.09,23.286,542.2182,-23.286
1020,before,1020_before_clip_0001,ok,150,105.0,78.0,12.6,58.42,35.87,0,90.4,53.74,1.16,0.07802500093768937,32.38,74.93,0.62,73.6,0.74,74.26,0.68,POS+CHROM,36.664,1344.2259,-36.664,15.477,239.5244,-15.477,16.805,282.4104,-16.805,16.147,260.7338,-16.147
1020,before,1020_before_clip_0002,ok,150,105.0,78.0,12.6,15.67,66.14,0,64.22,53.78,1.08,0.29986112891119654,33.15,89.61,-2.81,60.45,-0.49,56.68,0.3,CHROM+DEEP,10.435,108.892,-10.435,25.393,644.8158,25.393,3.766,14.1794,-3.766,7.535,56.7819,-7.535
1024,after,1024_after_clip_0000,ok,150,115.0,69.0,9.3,11.76,86.64,0,95.51,54.78,1.22,0.03564044464629247,33.26,96.05,-0.79,93.84,-0.06,94.87,-0.43,POS+CHROM,40.721,1658.2292,-40.721,0.541,0.2928,0.541,1.669,2.7864,-1.669,0.631,0.3978,-0.631
1024,after,1024_after_clip_0001,ok,150,115.0,69.0,9.3,4.49,94.72,0,126.88,54.52,1.3,-0.02728296377350446,33.58,130.37,-1.13,129.39,0.3,129.82,-0.41,POS+CHROM,72.357,5235.5076,-72.357,3.491,12.1836,3.491,2.506,6.2825,2.506,2.94,8.6433,2.94
1024,after,1024_after_clip_0002,ok,150,115.0,69.0,9.3,1.03,98.33,0,118.79,54.64,1.33,0.0013804629333713705,33.6,77.37,0.15,78.3,0.01,77.83,0.08,POS+CHROM,64.149,4115.0615,-64.149,41.421,1715.69,-41.421,40.488,1639.255,-40.488,40.96,1677.7052,-40.96
1024,before,1024_before_clip_0000,ok,150,106.0,59.0,9.3,11.83,78.48,0,60.9,53.94,0.93,-0.026660909541305847,34.05,66.97,4.33,63.6,2.43,65.55,3.38,POS+CHROM,6.957,48.4046,-6.957,6.073,36.8759,6.073,2.694,7.2586,2.694,4.649,21.6107,4.649
1024,before,1024_before_clip_0001,ok,150,106.0,59.0,9.3,2.47,95.12,0,110.62,53.96,0.96,-0.016851999516220875,34.06,73.87,2.23,74.85,1.81,74.34,2.02,POS+CHROM,56.663,3210.7133,-56.663,36.747,1350.3298,-36.747,35.771,1279.5878,-35.771,36.276,1315.9441,-36.276
1024,before,1024_before_clip_0002,ok,150,106.0,59.0,9.3,3.97,95.95,0,112.02,53.93,0.92,-0.04127320782825084,34.07,73.41,3.9,72.27,2.47,72.91,3.18,POS+CHROM,58.091,3374.5379,-58.091,38.607,1490.519,-38.607,39.748,1579.934,-39.748,39.11,1529.6004,-39.11
1035,after,1035_after_clip_0000,ok,150,112.0,72.0,15.5,21.24,73.03,0,117.91,54.17,1.17,0.09760686590585255,33.29,71.67,2.81,72.85,0.48,72.15,1.64,POS+CHROM,63.737,4062.4559,-63.737,46.233,2137.4769,-46.233,45.061,2030.5362,-45.061,45.759,2093.9009,-45.759
1035,after,1035_after_clip_0001,ok,150,112.0,72.0,15.5,9.6,80.52,0,96.32,54.02,1.18,-0.019679725014082484,33.27,71.59,2.92,69.04,1.14,70.5,2.03,POS+CHROM,42.298,1789.1259,-42.298,24.731,611.6402,-24.731,27.277,744.019,-27.277,25.816,666.4715,-25.816
1035,after,1035_after_clip_0002,ok,150,112.0,72.0,15.5,5.71,92.92,0,96.61,54.07,1.2,0.06674975166270043,32.93,59.85,-1.45,58.08,-1.48,56.82,-0.58,POS+CHROM+DEEP,42.542,1809.8495,-42.542,36.757,1351.1042,-36.757,38.527,1484.3285,-38.527,39.788,1583.0586,-39.788
1035,before,1035_before_clip_0000,ok,150,106.0,55.0,15.5,4.52,91.44,0,81.0,53.96,1.23,0.10659995617282782,32.59,62.11,-0.59,62.47,-1.87,62.27,-1.23,POS+CHROM,27.042,731.2943,-27.042,18.886,356.6986,-18.886,18.525,343.1858,-18.525,18.725,350.6255,-18.725
1035,before,1035_before_clip_0001,ok,150,106.0,55.0,15.5,15.3,77.45,0,81.86,54.06,1.27,-0.08351923294095752,32.99,67.5,3.49,65.33,3.54,66.41,3.51,POS+CHROM,27.799,772.7681,-27.799,14.355,206.0741,-14.355,16.527,273.1304,-16.527,15.446,238.5753,-15.446
1035,before,1035_before_clip_0002,ok,150,106.0,55.0,15.5,3.36,95.82,0,86.18,54.0,1.29,-0.04858218135823142,32.61,74.27,2.19,74.53,1.02,74.39,1.61,POS+CHROM,32.175,1035.2301,-32.175,11.914,141.9471,-11.914,11.646,135.6238,-11.646,11.793,139.0762,-11.793
1091,after,1091_after_clip_0000,ok,150,138.0,87.0,10.5,41.22,30.82,0,121.47,53.54,1.24,-0.15141515679073989,31.69,125.61,3.55,125.81,0.13,125.68,1.84,POS+CHROM,67.93,4614.4561,-67.93,4.145,17.1788,4.145,4.348,18.9052,4.348,4.218,17.7932,4.218
1091,after,1091_after_clip_0001,ok,150,138.0,87.0,10.5,24.62,9.6,0,131.79,53.61,1.23,0.17954326862816491,32.17,123.4,2.71,123.5,3.35,123.45,3.03,POS+CHROM,78.173,6111.0315,-78.173,8.389,70.3737,-8.389,8.29,68.7206,-8.29,8.337,69.5009,-8.337
1091,after,1091_after_clip_0002,ok,150,138.0,87.0,10.5,35.63,10.1,0,83.06,53.63,1.2,0.053457486178498416,32.22,116.99,0.21,121.44,-2.39,118.74,-1.09,POS+CHROM,29.432,866.2405,-29.432,33.928,1151.1037,33.928,38.376,1472.7435,38.376,35.678,1272.8978,35.678
1091,before,1091_before_clip_0000,ok,150,135.0,86.0,10.5,12.84,85.1,0,61.4,53.65,1.14,0.01772017923159337,31.89,85.76,5.12,85.61,2.71,85.7,3.91,POS+CHROM,7.747,60.0156,-7.747,24.356,593.228,24.356,24.209,586.0789,24.209,24.297,590.3573,24.297
1091,before,1091_before_clip_0001,ok,150,135.0,86.0,10.5,9.32,88.7,0,129.54,53.65,1.15,-0.13427587554654957,32.71,82.68,2.52,80.07,1.5,81.49,2.01,POS+CHROM,75.899,5760.6255,-75.899,46.862,2196.0525,-46.862,49.477,2448.002,-49.477,48.058,2309.5779,-48.058
1091,before,1091_before_clip_0002,ok,150,135.0,86.0,10.5,9.11,87.35,0,116.95,53.7,1.12,-0.005576295400239717,33.48,82.27,4.47,61.4,-0.47,57.05,0.33,CHROM+DEEP,63.249,4000.4755,-63.249,34.675,1202.353,-34.675,55.544,3085.1411,-55.544,59.904,3588.4403,-59.904
1097,after,1097_after_clip_0000,ok,150,116.0,71.0,14.3,30.61,61.64,0,119.0,53.66,0.91,0.1746926846156996,33.44,104.46,-3.39,64.66,-2.48,68.77,-1.65,POS+CHROM+DEEP,65.346,4270.0892,-65.346,14.539,211.3807,-14.539,54.349,2953.7935,-54.349,50.234,2523.4095,-50.234
1097,after,1097_after_clip_0001,ok,150,116.0,71.0,14.3,62.61,23.8,1,98.38,53.91,0.97,0.10271331478360698,32.99,67.29,1.37,67.1,0.88,67.2,1.13,POS+CHROM,44.475,1978.0039,-44.475,31.092,966.7298,-31.092,31.283,978.6275,-31.283,31.184,972.4228,-31.184
1097,after,1097_after_clip_0002,ok,150,116.0,71.0,14.3,17.84,36.61,0,118.05,53.74,1.02,-0.19918355257550716,33.32,72.47,0.74,64.49,-0.59,68.92,0.07,POS+CHROM,64.308,4135.4721,-64.308,45.574,2077.0287,-45.574,53.555,2868.1786,-53.555,49.123,2413.0283,-49.123
1097,before,1097_before_clip_0000,ok,150,112.0,70.0,14.3,28.88,57.37,0,96.48,53.31,1.38,-0.12955798404156807,30.63,136.98,-2.61,133.2,-2.81,135.12,-2.71,POS+CHROM,43.168,1863.5104,-43.168,40.495,1639.8473,40.495,36.721,1348.4429,36.721,38.639,1493.0032,38.639
1097,before,1097_before_clip_0001,ok,150,112.0,70.0,14.3,30.48,46.73,0,124.99,53.3,1.4,-0.1467769651747688,30.99,98.23,-1.24,77.57,2.66,73.76,0.94,POS+CHROM+DEEP,71.692,5139.7426,-71.692,26.763,716.2566,-26.763,47.416,2248.311,-47.416,51.232,2624.7321,-51.232
1097,before,1097_before_clip_0002,ok,150,112.0,70.0,14.3,34.32,63.1,0,111.27,53.25,1.42,-0.2835177089602418,30.57,95.64,-1.24,95.3,0.04,95.45,-0.6,POS+CHROM,58.026,3367.0647,-58.026,15.638,244.5472,-15.638,15.975,255.1908,-15.975,15.824,250.4041,-15.824
1099,after,1099_after_clip_0000,ok,150,120.0,72.0,15.3,7.61,90.85,0,88.76,53.75,1.08,-0.02271846497525165,33.19,106.97,-0.12,103.81,0.08,105.36,-0.02,POS+CHROM,35.011,1225.8047,-35.011,18.203,331.3386,18.203,15.046,226.3874,15.046,16.599,275.5139,16.599
1099,after,1099_after_clip_0001,ok,150,120.0,72.0,15.3,5.32,93.36,0,66.36,53.85,1.03,-0.13740367429877803,33.19,94.1,3.23,98.12,-0.18,95.56,1.53,POS+CHROM,12.506,156.4057,-12.506,27.746,769.8521,27.746,31.767,1009.1461,31.767,29.2,852.6576,29.2
1099,after,1099_after_clip_0002,ok,150,120.0,72.0,15.3,10.29,87.22,0,117.23,53.82,1.04,-0.07908536079801524,32.82,99.4,1.29,97.36,1.17,98.39,1.23,POS+CHROM,63.41,4020.8626,-63.41,17.829,317.8719,-17.829,19.87,394.8068,-19.87,18.839,354.9154,-18.839
1099,before,1099_before_clip_0000,ok,150,112.0,68.0,15.3,9.02,86.63,0,99.78,53.81,1.14,-0.029094588171645196,32.94,85.53,3.54,82.12,-0.29,84.35,1.62,POS+CHROM,45.962,2112.4645,-45.962,14.247,202.991,-14.247,17.659,311.8506,-17.659,15.427,237.9919,-15.427
1099,before,1099_before_clip_0001,ok,150,112.0,68.0,15.3,13.86,82.76,0,95.09,53.84,1.19,0.01610638611632025,32.86,80.8,4.44,79.82,0.57,80.46,2.5,POS+CHROM,41.252,1701.7102,-41.252,14.295,204.3464,-14.295,15.273,233.2524,-15.273,14.631,214.0766,-14.631
1099,before,1099_before_clip_0002,ok,150,112.0,68.0,15.3,4.11,86.45,0,106.32,53.85,1.13,0.04772277226645313,32.93,84.7,2.97,86.91,-1.27,85.43,0.85,POS+CHROM,52.472,2753.2682,-52.472,21.621,467.4847,-21.621,19.409,376.7254,-19.409,20.891,436.4342,-20.891
1107,after,1107_after_clip_0000,ok,150,141.0,80.0,11.4,23.85,74.33,0,129.33,53.23,1.11,-0.00493341039476733,36.53,113.15,-3.38,116.89,0.28,115.57,-1.55,POS+CHROM,76.094,5790.2942,-76.094,16.18,261.8054,-16.18,12.433,154.568,-12.433,13.752,189.1102,-13.752
1107,after,1107_after_clip_0001,ok,150,141.0,80.0,11.4,15.78,79.99,0,128.51,53.09,0.41,-0.029819319891007397,34.5,67.72,-0.68,73.79,-1.91,70.44,-1.3,POS+CHROM,75.426,5689.092,-75.426,60.791,3695.498,-60.791,54.726,2994.9421,-54.726,58.07,3372.0831,-58.07
1107,after,1107_after_clip_0002,ok,150,141.0,80.0,11.4,14.63,82.59,0,127.8,53.71,1.39,0.02871920303899257,32.85,112.86,0.04,113.4,1.92,113.17,0.98,POS+CHROM,74.087,5488.8369,-74.087,14.938,223.1297,-14.938,14.396,207.2395,-14.396,14.624,213.8752,-14.624
1107,before,1107_before_clip_0000,ok,150,127.0,78.0,11.4,36.01,53.14,0,81.64,53.2,0.23,0.19641718402999703,32.67,90.48,1.11,96.46,1.43,93.55,1.27,POS+CHROM,28.433,808.4311,-28.433,8.848,78.2792,8.848,14.823,219.7345,14.823,11.916,141.9879,11.916
1107,before,1107_before_clip_0001,ok,150,127.0,78.0,11.4,47.77,49.7,0,69.38,53.54,0.18,0.06556132245450219,36.38,111.11,-0.12,110.64,-0.78,110.89,-0.45,POS+CHROM,15.845,251.073,-15.845,41.722,1740.7397,41.722,41.255,1701.9657,41.255,41.501,1722.3522,41.501
1107,before,1107_before_clip_0002,ok,150,127.0,78.0,11.4,33.37,19.67,0,102.67,53.53,0.24,0.05254088096960879,36.95,89.83,2.47,89.72,-0.27,89.79,1.1,POS+CHROM,49.137,2414.4734,-49.137,12.84,164.856,-12.84,12.947,167.6184,-12.947,12.881,165.9242,-12.881
1113,after,1113_after_clip_0000,ok,150,96.0,66.0,12.6,9.66,85.66,0,113.29,54.01,1.04,-0.10214906816639836,33.79,56.02,-4.55,79.33,-1.39,54.58,-1.75,POS+DEEP,59.281,3514.2101,-59.281,57.268,3279.5846,-57.268,33.958,1153.1554,-33.958,58.712,3447.0926,-58.712
1113,after,1113_after_clip_0001,ok,150,96.0,66.0,12.6,5.62,93.63,0,74.63,54.01,1.03,-0.00789163598416184,33.78,94.79,-0.18,95.34,-2.04,95.02,-1.11,POS+CHROM,20.622,425.2568,-20.622,20.158,406.3611,20.158,20.714,429.056,20.714,20.393,415.8841,20.393
1113,after,1113_after_clip_0002,ok,150,96.0,66.0,12.6,0.94,97.77,0,118.43,54.01,1.06,0.03399185267382687,33.79,97.95,-1.87,62.63,0.2,67.9,-0.2,POS+CHROM+DEEP,64.426,4150.6951,-64.426,20.483,419.5498,-20.483,55.801,3113.74,-55.801,50.536,2553.8877,-50.536
1113,before,1113_before_clip_0000,ok,150,95.0,60.0,12.6,5.06,94.37,0,117.14,53.62,1.11,-0.1769421204091232,32.84,75.4,3.92,75.7,3.14,75.54,3.53,POS+CHROM,63.517,4034.4662,-63.517,41.739,1742.1092,-41.739,41.439,1717.2311,-41.439,41.599,1730.4579,-41.599
1113,before,1113_before_clip_0001,ok,150,95.0,60.0,12.6,17.6,79.29,0,80.36,53.6,1.15,0.05771991442967774,33.21,73.35,4.59,73.72,3.82,73.53,4.2,POS+CHROM,26.758,715.9845,-26.758,7.012,49.1616,-7.012,6.638,44.0613,-6.638,6.837,46.7401,-6.837
1113,before,1113_before_clip_0002,ok,150,95.0,60.0,12.6,17.24,71.5,0,77.79,53.61,1.12,0.05222082067080747,33.19,79.71,2.99,79.68,2.86,79.7,2.93,POS+CHROM,24.179,584.6103,-24.179,1.925,3.7073,1.925,1.895,3.5915,1.895,1.91,3.6498,1.91
1115,after,1115_after_clip_0000,ok,150,113.0,72.0,17.0,49.8,30.51,0,116.56,54.3,1.4,0.28439812502938316,32.66,91.99,1.3,92.93,-0.78,92.38,0.26,POS+CHROM,62.26,3876.3225,-62.26,24.576,603.9848,-24.576,23.629,558.324,-23.629,24.184,584.8602,-24.184
1115,after,1115_after_clip_0001,ok,150,113.0,72.0,17.0,68.27,27.29,1,131.55,54.33,1.4,0.12637358091624962,32.61,92.23,-1.19,92.91,-1.73,92.55,-1.46,POS+CHROM,77.215,5962.0924,-77.215,39.317,1545.8232,-39.317,38.636,1492.7156,-38.636,38.992,1520.3506,-38.992
1115,after,1115_after_clip_0002,ok,150,113.0,72.0,17.0,51.24,18.17,1,108.63,54.29,1.41,0.041081201759269576,32.6,102.64,-1.16,105.7,-1.08,104.18,-1.12,POS+CHROM,54.335,2952.2607,-54.335,5.982,35.7876,-5.982,2.93,8.5856,-2.93,4.446,19.7634,-4.446
1115,before,1115_before_clip_0000,ok,150,127.0,75.0,17.0,16.48,81.71,0,78.25,53.79,1.31,0.04226781017386111,31.32,70.21,1.2,70.38,-1.01,70.28,0.09,POS+CHROM,24.459,598.2424,-24.459,8.043,64.6871,-8.043,7.872,61.9651,-7.872,7.973,63.5673,-7.973
1115,before,1115_before_clip_0001,ok,150,127.0,75.0,17.0,6.58,91.08,0,88.96,53.82,1.33,0.0010543827175507243,31.7,81.86,3.01,83.44,-0.22,82.45,1.4,POS+CHROM,35.143,1235.0542,-35.143,7.099,50.3954,-7.099,5.519,30.4604,-5.519,6.517,42.4682,-6.517
1115,before,1115_before_clip_0002,ok,150,127.0,75.0,17.0,2.38,97.01,0,125.76,53.8,1.28,0.1705411251625394,32.11,78.28,2.61,78.79,1.64,78.51,2.12,POS+CHROM,71.962,5178.4596,-71.962,47.484,2254.7024,-47.484,46.977,2206.8179,-46.977,47.251,2232.6211,-47.251
1149,after,1149_after_clip_0000,ok,150,148.0,85.0,12.8,8.32,90.71,0,99.01,54.47,1.18,-0.026252728770372543,33.44,62.51,1.49,65.23,1.19,63.83,1.34,POS+CHROM,44.539,1983.7143,-44.539,36.497,1332.013,-36.497,33.778,1140.9824,-33.778,35.172,1237.0568,-35.172
1149,after,1149_after_clip_0001,ok,150,148.0,85.0,12.8,3.52,95.36,0,112.96,54.62,1.21,0.0034379588841700493,33.36,68.13,4.62,67.48,3.22,67.84,3.92,POS+CHROM,58.341,3403.6726,-58.341,44.835,2010.1915,-44.835,45.477,2068.1444,-45.477,45.119,2035.7015,-45.119
1149,after,1149_after_clip_0002,ok,150,148.0,85.0,12.8,3.34,94.18,0,84.18,54.32,1.03,0.04421738588601831,33.47,66.75,0.44,63.56,1.72,64.99,1.08,POS+CHROM,29.867,892.0451,-29.867,17.43,303.8016,-17.43,20.62,425.1951,-20.62,19.195,368.4316,-19.195
1149,before,1149_before_clip_0000,ok,150,152.0,86.0,12.8,3.75,95.32,0,69.45,54.47,1.15,0.014948680062782086,33.78,72.07,4.86,70.94,4.89,71.5,4.87,POS+CHROM,14.985,224.5435,-14.985,2.62,6.865,2.62,1.483,2.1996,1.483,2.05,4.2033,2.05
1149,before,1149_before_clip_0001,ok,150,152.0,86.0,12.8,5.35,93.3,0,75.47,54.44,1.13,0.03133977174581267,33.83,73.77,1.42,69.64,1.68,71.66,1.55,POS+CHROM,21.032,442.3567,-21.032,1.7,2.8902,-1.7,5.835,34.0478,-5.835,3.813,14.5386,-3.813
1149,before,1149_before_clip_0002,ok,150,152.0,86.0,12.8,5.16,93.23,0,67.96,54.36,1.03,-0.03970585316220387,33.92,69.06,0.02,112.7,-4.3,70.5,-1.09,POS+CHROM+DEEP,13.599,184.924,-13.599,1.1,1.2102,1.1,44.735,2001.2156,44.735,2.541,6.4548,2.541
1156,after,1156_after_clip_0000,ok,150,120.0,70.0,11.6,12.4,37.78,0,114.19,53.33,1.33,-0.0673838088563274,31.72,65.29,1.55,61.95,2.57,63.47,2.06,POS+CHROM,60.864,3704.4014,-60.864,48.907,2391.8988,-48.907,52.247,2729.788,-52.247,50.718,2572.3653,-50.718
1156,after,1156_after_clip_0001,ok,150,120.0,70.0,11.6,44.89,39.77,0,67.81,53.35,1.29,0.16404783150007143,31.38,67.29,-3.93,86.11,-1.86,65.9,-1.5,POS+CHROM+DEEP,14.459,209.0697,-14.459,0.515,0.2651,-0.515,18.301,334.9184,18.301,1.91,3.65,-1.91
1156,after,1156_after_clip_0002,ok,150,120.0,70.0,11.6,39.07,56.04,0,55.15,53.39,1.31,-0.11942839270447408,31.38,65.43,0.08,87.39,-3.16,64.73,-0.59,POS+CHROM+DEEP,1.763,3.1077,-1.763,10.273,105.5448,10.273,32.233,1038.967,32.233,9.574,91.6533,9.574
1156,before,1156_before_clip_0000,ok,150,108.0,59.0,11.6,28.55,55.2,0,62.64,53.61,1.36,-0.03218315951304979,31.54,54.04,1.71,89.05,-5.33,53.83,1.54,POS+DEEP,9.031,81.5676,-9.031,8.596,73.8923,-8.596,26.412,697.619,26.412,8.807,77.5697,-8.807
1156,before,1156_before_clip_0001,ok,150,108.0,59.0,11.6,25.55,70.43,0,80.54,53.47,1.13,0.08886967526283737,31.97,68.86,1.61,71.11,2.04,70.03,1.83,POS+CHROM,27.073,732.9493,-27.073,11.678,136.3869,-11.678,9.43,88.9246,-9.43,10.514,110.5466,-10.514
1156,before,1156_before_clip_0002,ok,150,108.0,59.0,11.6,18.49,70.36,0,81.36,53.58,1.35,-0.022258882429080373,31.96,58.62,4.89,59.62,3.33,57.75,3.19,POS+CHROM+DEEP,27.78,771.7011,-27.78,22.737,516.9511,-22.737,21.741,472.6726,-21.741,23.608,557.3151,-23.608
1176,after,1176_after_clip_0000,ok,150,116.0,65.0,14.2,33.72,36.3,0,81.11,54.18,1.19,-0.06735380802169207,33.15,101.59,5.36,102.8,-5.39,101.76,-0.01,POS+CHROM,26.929,725.1483,-26.929,20.484,419.58,20.484,21.691,470.5032,21.691,20.656,426.6801,20.656
1176,after,1176_after_clip_0001,ok,150,116.0,65.0,14.2,31.4,39.14,0,78.28,54.25,1.19,0.12555788667313958,33.14,99.91,2.98,100.18,1.81,100.03,2.4,POS+CHROM,24.029,577.3723,-24.029,21.625,467.6281,21.625,21.893,479.319,21.893,21.746,472.8893,21.746
1176,after,1176_after_clip_0002,ok,150,116.0,65.0,14.2,34.75,63.54,0,96.62,54.19,1.2,0.08261093186428602,33.14,97.23,2.2,71.12,-1.87,76.12,0.51,POS+CHROM+DEEP,42.429,1800.2527,-42.429,0.612,0.3742,0.612,25.499,650.1738,-25.499,20.497,420.1465,-20.497
1176,before,1176_before_clip_0000,ok,150,109.0,71.0,14.2,64.69,13.41,1,63.75,54.23,1.17,-0.10289114783014222,33.18,91.43,0.58,123.8,-2.53,83.35,-0.26,POS+CHROM+DEEP,9.523,90.6913,-9.523,27.673,765.7827,27.673,60.046,3605.5787,60.046,19.597,384.0534,19.597
1176,before,1176_before_clip_0001,ok,150,109.0,71.0,14.2,51.51,36.36,0,80.92,54.21,1.15,0.307487404994327,33.19,95.21,1.05,94.2,1.97,94.67,1.51,POS+CHROM,26.705,713.1388,-26.705,14.296,204.387,14.296,13.281,176.38,13.281,13.75,189.0544,13.75
1176,before,1176_before_clip_0002,ok,150,109.0,71.0,14.2,77.97,13.93,1,76.53,54.2,1.17,-0.008750181910254017,33.17,99.48,-0.14,57.83,-0.85,55.71,0.16,CHROM+DEEP,22.327,498.4984,-22.327,22.954,526.8652,22.954,18.702,349.7686,-18.702,20.816,433.292,-20.816
1180,after,1180_after_clip_0000,ok,150,120.0,78.0,14.7,37.79,36.35,0,110.75,53.32,1.32,0.17967124391823647,31.0,95.7,0.74,95.87,0.42,95.78,0.58,POS+CHROM,57.422,3297.2547,-57.422,15.043,226.3068,-15.043,14.879,221.3958,-14.879,14.964,223.9108,-14.964
1180,after,1180_after_clip_0001,ok,150,120.0,78.0,14.7,51.58,18.32,1,107.66,53.3,1.24,-0.06323248287225566,31.78,107.84,-2.58,110.89,-1.98,109.44,-2.28,POS+CHROM,54.359,2954.9496,-54.359,0.187,0.0351,0.187,3.228,10.4223,3.228,1.784,3.1818,1.784
1180,after,1180_after_clip_0002,ok,150,120.0,78.0,14.7,24.9,69.77,0,111.12,53.53,1.42,-0.02042167654424863,31.52,105.75,-0.52,105.13,0.53,105.41,0.0,POS+CHROM,57.593,3316.9358,-57.593,5.372,28.8551,-5.372,5.995,35.9386,-5.995,5.71,32.6097,-5.71
1180,before,1180_before_clip_0000,ok,150,108.0,77.0,14.7,29.19,67.6,0,67.41,53.38,1.52,-0.08180783435101131,30.66,87.45,0.54,86.83,0.74,87.13,0.64,POS+CHROM,14.025,196.689,-14.025,20.044,401.7559,20.044,19.419,377.101,19.419,19.726,389.1241,19.726
1180,before,1180_before_clip_0001,ok,150,108.0,77.0,14.7,48.21,48.11,0,102.98,52.92,1.35,-0.08195146458585788,30.97,65.61,-0.85,90.25,-0.23,68.14,0.09,POS+CHROM+DEEP,50.056,2505.6461,-50.056,37.366,1396.2062,-37.366,12.724,161.9009,-12.724,34.834,1213.3754,-34.834
1180,before,1180_before_clip_0002,ok,150,108.0,77.0,14.7,22.33,76.95,0,111.55,53.26,1.51,0.044608782173347426,30.64,86.33,2.94,86.47,3.01,86.4,2.98,POS+CHROM,58.287,3397.3449,-58.287,25.217,635.9195,-25.217,25.081,629.0554,-25.081,25.149,632.4622,-25.149
1181,after,1181_after_clip_0000,ok,150,132.0,75.0,13.6,6.29,91.41,0,124.55,53.73,1.08,-0.0030762226946801944,32.9,64.98,1.73,65.46,1.07,65.21,1.4,POS+CHROM,70.817,5015.0642,-70.817,59.572,3548.8343,-59.572,59.09,3491.6366,-59.09,59.344,3521.7401,-59.344
1181,after,1181_after_clip_0001,ok,150,132.0,75.0,13.6,21.87,77.62,0,99.13,53.68,0.89,-0.22926974901074298,32.79,59.84,1.42,62.43,-0.83,58.36,0.49,POS+CHROM+DEEP,45.455,2066.1424,-45.455,39.288,1543.5316,-39.288,36.705,1347.2571,-36.705,40.774,1662.4949,-40.774
1181,after,1181_after_clip_0002,ok,150,132.0,75.0,13.6,37.49,54.33,0,107.12,53.85,1.12,0.09069547476939341,32.85,58.99,0.12,139.73,-3.1,56.2,0.62,POS+DEEP,53.268,2837.5151,-53.268,48.129,2316.4173,-48.129,32.615,1063.7587,32.615,50.912,2592.0719,-50.912
1181,before,1181_before_clip_0000,ok,150,117.0,74.0,13.6,25.82,63.11,0,102.84,53.52,0.92,-0.14889910068600368,34.96,78.31,3.8,83.02,2.55,80.42,3.17,POS+CHROM,49.322,2432.6262,-49.322,24.53,601.7171,-24.53,19.817,392.7268,-19.817,22.418,502.5633,-22.418
1181,before,1181_before_clip_0001,ok,150,117.0,74.0,13.6,35.07,51.77,0,81.25,53.94,1.14,0.021767395562045048,33.36,84.18,-0.33,77.94,0.93,80.73,0.3,POS+CHROM,27.313,746.0249,-27.313,2.926,8.5597,2.926,3.314,10.9793,-3.314,0.52,0.2704,-0.52
1181,before,1181_before_clip_0002,ok,150,117.0,74.0,13.6,44.44,50.76,0,94.78,53.58,0.94,0.06569644752490322,33.55,81.44,1.14,86.91,0.0,83.92,0.57,POS+CHROM,41.202,1697.6375,-41.202,13.338,177.9047,-13.338,7.871,61.9575,-7.871,10.863,118.0037,-10.863
1213,after,1213_after_clip_0000,ok,150,120.0,62.0,15.9,5.15,92.92,0,98.62,53.96,1.31,-0.07522274681323485,32.54,79.18,3.69,77.5,-2.26,78.72,0.71,POS+CHROM,44.658,1994.3688,-44.658,19.44,377.9168,-19.44,21.12,446.0725,-21.12,19.895,395.8105,-19.895
1213,after,1213_after_clip_0001,ok,150,120.0,62.0,15.9,13.86,83.75,0,99.54,53.87,1.19,0.007121080367187396,32.86,79.17,4.82,81.73,-1.7,79.81,1.56,POS+CHROM,45.67,2085.7648,-45.67,20.37,414.9189,-20.37,17.81,317.1791,-17.81,19.724,389.0322,-19.724
1213,after,1213_after_clip_0002,ok,150,120.0,62.0,15.9,2.26,97.15,0,59.89,53.75,1.2,-0.03451931071738424,32.83,88.72,0.67,84.11,-1.58,86.84,-0.45,POS+CHROM,6.139,37.6845,-6.139,28.83,831.158,28.83,24.222,586.7087,24.222,26.952,726.4252,26.952
1213,before,1213_before_clip_0000,ok,150,108.0,74.0,15.9,7.31,91.73,0,111.83,54.02,1.25,0.04621478609390129,32.55,79.59,1.51,78.99,0.62,79.31,1.06,POS+CHROM,57.813,3342.3996,-57.813,32.244,1039.6584,-32.244,32.843,1078.6305,-32.843,32.521,1057.6169,-32.521
1213,before,1213_before_clip_0001,ok,150,108.0,74.0,15.9,2.65,96.44,0,129.96,54.02,1.31,-0.04593694636001642,32.97,95.15,-2.62,98.04,-0.32,96.87,-1.47,POS+CHROM,75.939,5766.7161,-75.939,34.809,1211.6969,-34.809,31.92,1018.8753,-31.92,33.091,1094.9834,-33.091
1213,before,1213_before_clip_0002,ok,150,108.0,74.0,15.9,11.05,88.07,0,101.63,53.99,1.22,-0.00755653149815633,33.0,78.53,3.55,78.28,1.21,78.43,2.38,POS+CHROM,47.641,2269.6733,-47.641,23.099,533.5711,-23.099,23.348,545.152,-23.348,23.2,538.2315,-23.2
1217,after,1217_after_clip_0000,ok,150,132.0,63.0,13.8,3.38,94.28,0,127.93,53.58,0.53,0.04508843281621361,34.12,64.21,-1.88,62.99,1.97,63.41,0.05,POS+CHROM,74.346,5527.3691,-74.346,63.717,4059.8661,-63.717,64.932,4216.1794,-64.932,64.513,4161.9603,-64.513
1217,after,1217_after_clip_0001,ok,150,132.0,63.0,13.8,3.62,95.44,0,113.39,53.56,0.37,-0.009573259245495035,34.33,60.51,-2.58,61.79,-1.15,58.01,-1.12,POS+CHROM+DEEP,59.826,3579.1041,-59.826,52.876,2795.8565,-52.876,51.598,2662.3465,-51.598,55.372,3066.0801,-55.372
1217,after,1217_after_clip_0002,ok,150,132.0,63.0,13.8,0.48,99.03,0,60.42,53.93,0.88,-0.05655898732232866,35.93,62.56,-1.5,65.61,2.37,64.56,0.43,POS+CHROM,6.487,42.0796,-6.487,2.136,4.5631,2.136,5.19,26.9384,5.19,4.139,17.133,4.139
1217,before,1217_before_clip_0000,ok,150,132.0,63.0,13.8,8.11,77.26,0,61.71,54.0,1.1,-0.026315760061099796,33.42,62.88,5.7,59.81,6.36,59.95,4.39,POS+CHROM+DEEP,7.712,59.4706,-7.712,1.162,1.3508,1.162,1.905,3.6295,-1.905,1.763,3.1095,-1.763
1217,before,1217_before_clip_0001,ok,150,132.0,63.0,13.8,0.52,98.05,0,129.8,54.01,1.04,-0.010199206971270391,33.41,62.5,5.98,62.91,4.96,62.69,5.47,POS+CHROM,75.793,5744.5974,-75.793,67.304,4529.7644,-67.304,66.887,4473.8999,-66.887,67.113,4504.1632,-67.113
1217,before,1217_before_clip_0002,ok,150,132.0,63.0,13.8,0.12,99.57,0,101.25,53.96,0.97,0.01871579487199064,33.13,61.4,2.57,61.29,4.86,59.58,2.8,POS+CHROM+DEEP,47.296,2236.8658,-47.296,39.85,1588.0605,-39.85,39.962,1597.0012,-39.962,41.668,1736.1837,-41.668
1234,after,1234_after_clip_0000,ok,150,149.0,69.0,14.9,15.65,78.55,0,102.9,54.59,1.43,0.017300714575900253,33.37,83.2,-0.55,84.1,-1.96,83.6,-1.26,POS+CHROM,48.315,2334.3523,-48.315,19.698,388.0191,-19.698,18.804,353.6038,-18.804,19.304,372.6296,-19.304
1234,after,1234_after_clip_0001,ok,150,149.0,69.0,14.9,25.84,69.05,0,94.48,54.67,1.5,0.03818763463187999,33.38,107.96,-1.7,110.6,-1.21,109.33,-1.46,POS+CHROM,39.817,1585.3741,-39.817,13.475,181.585,13.475,16.111,259.5752,16.111,14.847,220.4461,14.847
1234,after,1234_after_clip_0002,ok,150,149.0,69.0,14.9,9.26,90.13,0,96.44,54.52,1.46,0.035695955903124355,34.07,85.74,-0.09,87.95,-4.23,86.48,-2.16,POS+CHROM,41.917,1757.0324,-41.917,10.691,114.2921,-10.691,8.485,71.9986,-8.485,9.954,99.0836,-9.954
1234,before,1234_before_clip_0000,ok,150,130.0,74.0,14.9,11.58,87.42,0,76.03,54.31,1.27,0.03279923330389364,33.35,80.69,1.94,81.09,1.51,80.88,1.73,POS+CHROM,21.717,471.6285,-21.717,4.66,21.72,4.66,5.065,25.6587,5.065,4.856,23.5777,4.856
1234,before,1234_before_clip_0001,ok,150,130.0,74.0,14.9,13.02,83.92,0,67.33,54.27,1.26,0.04356571541512252,32.59,87.92,-1.0,65.12,-1.52,67.19,-0.42,POS+CHROM+DEEP,13.065,170.6885,-13.065,20.592,424.0221,20.592,2.208,4.8747,-2.208,0.147,0.0217,-0.147
1234,before,1234_before_clip_0002,ok,150,130.0,74.0,14.9,6.51,91.95,0,101.43,54.33,1.32,0.020310811843783604,33.32,88.5,-1.03,57.8,-1.32,55.69,-0.0,CHROM+DEEP,47.1,2218.4479,-47.1,12.928,167.1343,-12.928,43.626,1903.2138,-43.626,45.739,2092.0797,-45.739
1259,after,1259_after_clip_0000,ok,150,115.0,70.0,17.3,43.44,51.25,0,131.17,54.01,1.21,0.019456772125100615,34.15,90.68,-0.25,92.66,-0.8,91.62,-0.53,POS+CHROM,77.162,5953.9978,-77.162,40.486,1639.125,-40.486,38.512,1483.1896,-38.512,39.544,1563.7296,-39.544
1259,after,1259_after_clip_0001,ok,150,115.0,70.0,17.3,49.99,43.81,0,97.61,54.09,0.95,0.26414115074834466,32.74,111.06,-0.26,111.71,-2.62,111.32,-1.44,POS+CHROM,43.519,1893.9466,-43.519,13.456,181.0576,13.456,14.102,198.8708,14.102,13.716,188.1373,13.716
1259,after,1259_after_clip_0002,ok,150,115.0,70.0,17.3,54.39,31.05,0,111.36,53.87,1.09,0.006805107729420394,32.99,97.24,-0.87,98.25,-1.94,97.7,-1.4,POS+CHROM,57.485,3304.5714,-57.485,14.12,199.3604,-14.12,13.113,171.9465,-13.113,13.661,186.6148,-13.661
1259,before,1259_before_clip_0000,ok,150,116.0,74.0,17.3,13.52,77.43,0,90.04,54.31,1.01,-0.14327070990941723,36.54,70.91,1.08,75.01,-0.68,72.66,0.2,POS+CHROM,35.737,1277.1205,-35.737,19.132,366.0366,-19.132,15.034,226.0077,-15.034,17.381,302.086,-17.381
1259,before,1259_before_clip_0001,ok,150,116.0,74.0,17.3,27.39,68.87,0,122.92,54.31,1.11,0.10417829378291124,33.16,140.82,-8.31,57.35,-0.07,55.68,0.52,CHROM+DEEP,68.608,4707.0506,-68.608,17.896,320.2682,17.896,65.568,4299.1569,-65.568,67.236,4520.7021,-67.236
1259,before,1259_before_clip_0002,ok,150,116.0,74.0,17.3,19.57,72.43,0,106.23,54.16,0.78,-0.026436309392507615,34.13,118.56,0.57,100.43,1.86,91.34,1.07,POS+CHROM+DEEP,52.071,2711.3862,-52.071,12.334,152.1395,12.334,5.801,33.6468,-5.801,14.888,221.638,-14.888
1266,after,1266_after_clip_0000,ok,150,142.0,72.0,14.6,4.79,94.6,0,115.66,53.22,0.97,-0.15502187698810535,31.73,86.4,2.01,86.06,0.85,86.25,1.43,POS+CHROM,62.445,3899.3392,-62.445,29.261,856.2039,-29.261,29.599,876.1053,-29.599,29.414,865.1743,-29.414
1266,after,1266_after_clip_0001,ok,150,142.0,72.0,14.6,13.64,85.55,0,80.81,53.32,1.0,0.097527228578144,31.74,120.6,-1.76,123.79,-2.33,122.12,-2.04,POS+CHROM,27.488,755.6041,-27.488,39.783,1582.6754,39.783,42.976,1846.9045,42.976,41.303,1705.9216,41.303
1266,after,1266_after_clip_0002,ok,150,142.0,72.0,14.6,24.3,71.74,0,125.86,53.6,1.11,-0.012015994414774878,31.39,77.34,0.14,75.05,-0.48,76.25,-0.17,POS+CHROM,72.262,5221.8519,-72.262,48.521,2354.2826,-48.521,50.81,2581.6198,-50.81,49.607,2460.825,-49.607
1266,before,1266_before_clip_0000,ok,150,117.0,66.0,14.6,11.16,86.65,0,97.98,54.06,1.45,0.026507930345566807,31.81,72.52,5.34,71.47,4.27,72.04,4.8,POS+CHROM,43.918,1928.8223,-43.918,25.46,648.2154,-25.46,26.515,703.0397,-26.515,25.941,672.9128,-25.941
1266,before,1266_before_clip_0001,ok,150,117.0,66.0,14.6,23.76,75.83,0,103.87,54.14,1.44,0.01868927722045493,32.59,68.19,6.17,69.72,4.11,68.82,5.14,POS+CHROM,49.731,2473.2111,-49.731,35.688,1273.6076,-35.688,34.152,1166.3898,-34.152,35.051,1228.5449,-35.051
1266,before,1266_before_clip_0002,ok,150,117.0,66.0,14.6,15.48,79.85,0,93.09,54.13,1.44,0.004038432567490523,32.59,65.38,2.52,66.13,0.93,65.71,1.72,POS+CHROM,38.962,1518.0284,-38.962,27.712,767.9417,-27.712,26.959,726.7979,-26.959,27.385,749.9451,-27.385
1275,after,1275_after_clip_0000,ok,150,109.0,90.0,10.5,25.4,51.45,0,121.44,52.97,1.35,-0.32875997483195196,30.6,66.14,-2.71,65.42,-1.0,65.73,-1.85,POS+CHROM,68.472,4688.4532,-68.472,55.304,3058.5845,-55.304,56.027,3139.0447,-56.027,55.717,3104.3861,-55.717
1275,after,1275_after_clip_0001,ok,150,109.0,90.0,10.5,74.58,22.09,1,72.08,52.9,1.39,-0.006506701421337904,30.53,86.96,-1.36,87.93,-0.79,87.47,-1.07,POS+CHROM,19.174,367.6298,-19.174,14.888,221.6632,14.888,15.857,251.4357,15.857,15.395,237.0193,15.395
1275,after,1275_after_clip_0002,ok,150,109.0,90.0,10.5,41.52,44.43,0,82.22,52.89,1.35,0.12042829343683922,30.57,62.73,-0.31,62.56,-0.03,62.64,-0.17,POS+CHROM,29.325,859.9315,-29.325,19.491,379.8841,-19.491,19.656,386.3436,-19.656,19.575,383.1833,-19.575
1275,before,1275_before_clip_0000,ok,150,108.0,80.0,10.5,63.56,24.8,1,72.61,53.0,1.3,-0.003896307849715099,30.58,100.68,-0.01,99.87,-0.19,100.28,-0.1,POS+CHROM,19.609,384.5233,-19.609,28.072,788.0465,28.072,27.267,743.4818,27.267,27.675,765.9313,27.675
1275,before,1275_before_clip_0001,ok,150,108.0,80.0,10.5,27.47,38.2,0,92.27,52.95,1.31,-0.03170458221765447,30.57,106.84,-0.61,106.63,-1.81,106.74,-1.21,POS+CHROM,39.319,1545.9727,-39.319,14.568,212.2387,14.568,14.365,206.3452,14.365,14.477,209.5754,14.477
1275,before,1275_before_clip_0002,ok,150,108.0,80.0,10.5,37.75,25.15,0,101.37,52.98,1.35,-0.06282057159055156,30.59,70.87,-2.43,97.26,-1.41,70.3,-0.83,POS+CHROM+DEEP,48.392,2341.8333,-48.392,30.5,930.2477,-30.5,4.108,16.8759,-4.108,31.067,965.1809,-31.067
1285,after,1285_after_clip_0000,ok,150,119.0,80.0,13.3,3.44,94.92,0,127.55,53.71,1.26,0.028968494025800342,31.78,125.39,0.34,128.12,-1.51,126.54,-0.58,POS+CHROM,73.839,5452.2583,-73.839,2.161,4.6683,-2.161,0.566,0.3208,0.566,1.006,1.0112,-1.006
1285,after,1285_after_clip_0001,ok,150,119.0,80.0,13.3,5.11,93.34,0,89.25,53.52,1.27,-0.04116783009200374,32.1,117.05,2.82,116.05,0.67,116.64,1.74,POS+CHROM,35.726,1276.3692,-35.726,27.798,772.7122,27.798,26.8,718.2505,26.8,27.388,750.0753,27.388
1285,after,1285_after_clip_0002,ok,150,119.0,80.0,13.3,4.01,93.92,0,106.7,53.65,1.24,0.08596858411423049,31.76,121.09,-2.57,78.32,0.2,77.47,-0.37,POS+CHROM+DEEP,53.044,2813.6816,-53.044,14.39,207.0705,14.39,28.381,805.4603,-28.381,29.231,854.4332,-29.231
1285,before,1285_before_clip_0000,ok,150,108.0,79.0,13.3,20.89,46.21,0,114.83,53.65,1.17,0.15323674016412822,33.01,99.06,-0.06,94.86,-1.36,97.19,-0.71,POS+CHROM,61.175,3742.3542,-61.175,15.766,248.5582,-15.766,19.973,398.9013,-19.973,17.642,311.2318,-17.642
1285,before,1285_before_clip_0001,ok,150,108.0,79.0,13.3,30.84,59.52,0,95.39,53.58,1.11,0.22106704725836623,33.02,117.72,-5.76,55.89,-0.74,54.56,0.19,CHROM+DEEP,41.806,1747.7059,-41.806,22.333,498.7754,22.333,39.498,1560.0996,-39.498,40.828,1666.9365,-40.828
1285,before,1285_before_clip_0002,ok,150,108.0,79.0,13.3,38.63,59.4,0,128.17,53.69,1.06,-0.04966419134826032,33.06,104.2,1.5,102.87,1.51,103.53,1.51,POS+CHROM,74.473,5546.2318,-74.473,23.969,574.523,-23.969,25.293,639.7371,-25.293,24.632,606.7175,-24.632
1287,after,1287_after_clip_0000,ok,150,100.0,70.0,14.6,19.98,74.98,0,85.18,53.59,1.19,0.030156186571739744,32.14,97.77,-2.49,87.6,-0.33,75.31,-0.54,POS+CHROM+DEEP,31.584,997.5717,-31.584,12.595,158.6379,12.595,2.424,5.8779,2.424,9.872,97.4634,-9.872
1287,after,1287_after_clip_0001,ok,150,100.0,70.0,14.6,29.86,47.29,0,106.88,53.47,1.02,0.016095447773628185,32.12,63.99,0.66,141.95,1.86,89.58,1.18,POS+CHROM+DEEP,53.411,2852.6938,-53.411,42.891,1839.6206,-42.891,35.072,1230.0172,35.072,17.301,299.3089,-17.301
1287,after,1287_after_clip_0002,ok,150,100.0,70.0,14.6,7.91,64.64,0,57.98,53.6,1.22,-0.04519872042775712,32.14,124.54,-4.46,108.66,-2.45,83.35,-1.9,POS+CHROM+DEEP,4.382,19.204,-4.382,66.554,4429.3986,66.554,50.674,2567.8248,50.674,25.366,643.4401,25.366
1287,before,1287_before_clip_0000,ok,150,93.0,71.0,14.6,21.13,71.37,0,67.75,53.34,1.26,-0.019200384146518673,31.5,80.12,-0.88,142.95,-4.51,78.8,-1.38,POS+CHROM+DEEP,14.409,207.6097,-14.409,12.372,153.0687,12.372,75.202,5655.3305,75.202,11.05,122.0988,11.05
1287,before,1287_before_clip_0001,ok,150,93.0,71.0,14.6,38.98,46.52,0,81.95,53.39,1.35,0.1782463407258447,31.5,71.08,0.01,144.39,-2.93,79.06,-0.52,POS+CHROM+DEEP,28.559,815.6116,-28.559,10.869,118.1408,-10.869,62.44,3898.7958,62.44,2.897,8.3906,-2.897
1287,before,1287_before_clip_0002,ok,150,93.0,71.0,14.6,19.21,77.04,0,105.98,53.3,1.2,0.15582743823163164,31.5,96.53,-1.81,135.8,0.51,93.24,-0.03,POS+CHROM+DEEP,52.678,2774.9943,-52.678,9.446,89.2259,-9.446,29.823,889.4084,29.823,12.735,162.1697,-12.735
1292,after,1292_after_clip_0000,ok,150,152.0,78.0,15.5,47.83,43.27,0,120.03,53.95,1.17,-0.13468213751097025,33.25,113.22,1.44,104.68,-7.0,86.52,-1.47,POS+CHROM+DEEP,66.075,4365.9153,-66.075,6.805,46.3067,-6.805,15.353,235.7125,-15.353,33.508,1122.805,-33.508
1292,after,1292_after_clip_0001,ok,150,152.0,78.0,15.5,33.92,17.3,0,65.12,53.87,0.92,-0.17191440723921486,33.97,101.63,-2.96,106.3,-5.42,103.49,-4.19,POS+CHROM,11.248,126.5188,-11.248,36.51,1332.9611,36.51,41.184,1696.1073,41.184,38.374,1472.5368,38.374
1292,after,1292_after_clip_0002,ok,150,152.0,78.0,15.5,32.25,14.37,0,80.69,53.87,0.95,-0.060244632197809005,33.65,101.49,-2.53,63.42,0.26,68.23,-0.44,POS+CHROM+DEEP,26.815,719.0375,-26.815,20.801,432.6706,20.801,17.273,298.3671,-17.273,12.459,155.2183,-12.459
1292,before,1292_before_clip_0000,ok,150,143.0,82.0,15.5,38.22,50.9,0,74.89,53.94,1.11,0.012122951059220392,33.28,70.67,0.86,67.01,0.15,68.95,0.51,POS+CHROM,20.954,439.0701,-20.954,4.224,17.8436,-4.224,7.879,62.0759,-7.879,5.944,35.3324,-5.944
1292,before,1292_before_clip_0001,ok,150,143.0,82.0,15.5,14.52,82.7,0,71.83,53.87,1.0,-0.047042639631199056,32.86,84.29,-1.79,92.22,-3.8,87.6,-2.8,POS+CHROM,17.96,322.5709,-17.96,12.455,155.1259,12.455,20.382,415.4226,20.382,15.762,248.4517,15.762
1292,before,1292_before_clip_0002,ok,150,143.0,82.0,15.5,16.59,71.38,0,81.33,53.92,1.04,0.20592700064077787,33.33,77.18,-2.38,78.34,-2.36,77.76,-2.37,POS+CHROM,27.406,751.0658,-27.406,4.152,17.2372,-4.152,2.991,8.9482,-2.991,3.571,12.7494,-3.571
1298,after,1298_after_clip_0000,ok,150,124.0,73.0,15.1,47.61,36.34,0,108.15,54.09,0.97,0.10861837297777616,33.57,72.94,-1.88,89.99,0.98,72.28,0.02,POS+CHROM+DEEP,54.054,2921.8673,-54.054,35.208,1239.5691,-35.208,18.152,329.4781,-18.152,35.868,1286.5284,-35.868
1298,after,1298_after_clip_0001,ok,150,124.0,73.0,15.1,23.23,59.65,0,86.32,53.88,1.04,-0.13614548044053737,33.6,60.47,-2.82,58.94,-2.85,56.86,-1.54,POS+CHROM+DEEP,32.435,1052.0241,-32.435,25.85,668.2344,-25.85,27.379,749.6185,-27.379,29.455,867.5893,-29.455
1298,after,1298_after_clip_0002,ok,150,124.0,73.0,15.1,38.11,39.12,0,100.82,54.78,1.41,0.13655725978887856,33.23,90.56,0.1,93.26,1.12,92.02,0.61,POS+CHROM,46.042,2119.8687,-46.042,10.259,105.2404,-10.259,7.562,57.1897,-7.562,8.796,77.3696,-8.796
1298,before,1298_before_clip_0000,ok,150,112.0,73.0,15.1,21.17,77.22,0,116.37,53.96,0.76,-0.0481678198331176,33.24,133.11,-5.06,90.82,-2.43,80.23,-2.24,POS+CHROM+DEEP,62.41,3895.0159,-62.41,16.743,280.3262,16.743,25.546,652.5741,-25.546,36.141,1306.1625,-36.141
1298,before,1298_before_clip_0001,ok,150,112.0,73.0,15.1,24.09,72.09,0,129.95,54.22,1.26,-0.05207938107743725,35.1,134.21,1.99,134.49,1.06,134.34,1.53,POS+CHROM,75.725,5734.2641,-75.725,4.265,18.1915,4.265,4.544,20.6476,4.544,4.394,19.3049,4.394
1298,before,1298_before_clip_0002,ok,150,112.0,73.0,15.1,9.81,86.92,0,90.92,54.49,1.63,-0.13708366963238117,36.95,75.82,-1.02,81.41,-2.07,78.37,-1.55,POS+CHROM,36.431,1327.2011,-36.431,15.098,227.9351,-15.098,9.512,90.4841,-9.512,12.547,157.4166,-12.547
1305,after,1305_after_clip_0000,ok,150,126.0,87.0,12.9,68.78,28.02,1,109.92,54.29,1.06,0.08041891420162782,33.44,109.25,-3.45,75.29,0.74,73.22,-0.55,POS+CHROM+DEEP,55.634,3095.1915,-55.634,0.673,0.4532,-0.673,34.627,1198.9948,-34.627,36.696,1346.5605,-36.696
1305,after,1305_after_clip_0001,ok,150,126.0,87.0,12.9,36.03,60.75,0,110.54,54.46,1.3,0.1203087953227729,33.4,111.03,-1.32,78.13,-1.68,77.07,-0.56,POS+CHROM+DEEP,56.073,3144.2276,-56.073,0.489,0.2393,0.489,32.407,1050.2007,-32.407,33.466,1119.9917,-33.466
1305,after,1305_after_clip_0002,ok,150,126.0,87.0,12.9,35.04,60.19,0,126.35,54.39,1.21,0.16741895345957972,34.2,104.71,1.11,71.21,-3.13,77.74,-0.27,POS+CHROM+DEEP,71.96,5178.1888,-71.96,21.643,468.4111,-21.643,55.141,3040.5762,-55.141,48.614,2363.3386,-48.614
1305,before,1305_before_clip_0000,ok,150,115.0,84.0,12.9,69.98,17.27,1,104.72,54.61,1.25,0.005805539678832983,33.7,76.08,-1.34,80.01,-2.19,77.9,-1.76,POS+CHROM,50.118,2511.8272,-50.118,28.649,820.7704,-28.649,24.715,610.8176,-24.715,26.822,719.4364,-26.822
1305,before,1305_before_clip_0001,ok,150,115.0,84.0,12.9,40.45,16.17,0,95.26,54.56,1.29,-0.05437161947869367,33.68,72.77,4.82,73.46,-0.17,72.98,2.33,POS+CHROM,40.701,1656.5642,-40.701,22.493,505.9554,-22.493,21.806,475.4965,-21.806,22.285,496.619,-22.285
1305,before,1305_before_clip_0002,ok,150,115.0,84.0,12.9,51.66,14.51,1,117.46,54.37,1.13,-0.184675594908065,34.02,84.24,-0.81,83.16,-0.74,83.7,-0.77,POS+CHROM,63.094,3980.8117,-63.094,33.221,1103.6329,-33.221,34.303,1176.6713,-34.303,33.765,1140.0652,-33.765
1314,after,1314_after_clip_0000,ok,150,154.0,87.0,12.7,67.63,25.78,1,87.34,53.77,1.24,0.20883645910524215,32.82,95.48,4.94,97.02,3.62,96.16,4.28,POS+CHROM,33.571,1127.0368,-33.571,8.141,66.2796,8.141,9.681,93.7267,9.681,8.827,77.9133,8.827
1314,after,1314_after_clip_0001,ok,150,154.0,87.0,12.7,70.56,19.69,1,62.92,53.8,1.21,-0.3598815185343697,32.08,96.84,5.07,96.28,5.25,96.56,5.16,POS+CHROM,9.128,83.3243,-9.128,33.917,1150.3876,33.917,33.355,1112.5891,33.355,33.632,1131.1168,33.632
1314,after,1314_after_clip_0002,ok,150,154.0,87.0,12.7,89.03,7.25,1,74.67,53.87,1.23,0.2984200535686064,32.1,93.18,4.43,94.79,5.07,94.03,4.75,POS+CHROM,20.793,432.339,-20.793,18.517,342.8763,18.517,20.128,405.1278,20.128,19.365,375.0184,19.365
1314,before,1314_before_clip_0000,ok,150,144.0,84.0,12.7,30.24,2.2,0,75.14,53.76,1.2,-0.056795463724734346,32.86,104.19,4.7,106.89,3.52,105.41,4.11,POS+CHROM,21.38,457.0915,-21.38,29.045,843.6183,29.045,31.749,1008.0297,31.749,30.266,916.0097,30.266
1314,before,1314_before_clip_0001,ok,150,144.0,84.0,12.7,6.15,2.89,0,86.51,53.81,1.25,-0.10101814505739415,32.82,106.74,0.22,104.37,-1.08,105.68,-0.43,POS+CHROM,32.706,1069.6892,-32.706,20.226,409.1025,20.226,17.852,318.6938,17.852,19.167,367.3566,19.167
1314,before,1314_before_clip_0002,ok,150,144.0,84.0,12.7,61.23,12.69,1,70.99,53.8,1.2,-0.056169843114697984,32.5,105.31,3.48,104.42,4.69,104.82,4.08,POS+CHROM,17.182,295.2135,-17.182,34.325,1178.2265,34.325,33.437,1118.0573,33.437,33.837,1144.9251,33.837
1360,after,1360_after_clip_0000,ok,150,117.0,59.0,12.7,42.88,30.97,0,72.08,53.31,1.17,0.13722403781286174,31.92,76.35,2.4,76.65,0.54,76.48,1.47,POS+CHROM,18.77,352.3154,-18.77,4.274,18.2681,4.274,4.573,20.915,4.573,4.401,19.3656,4.401
1360,after,1360_after_clip_0001,ok,150,117.0,59.0,12.7,41.72,55.94,0,84.24,53.43,1.17,-0.006280807932778274,31.57,71.83,2.44,71.82,0.77,71.82,1.6,POS+CHROM,30.81,949.2573,-30.81,12.418,154.2096,-12.418,12.426,154.3972,-12.426,12.421,154.2904,-12.421
1360,after,1360_after_clip_0002,ok,150,117.0,59.0,12.7,27.92,24.1,0,68.14,53.42,1.18,-0.088704936704753,31.57,73.9,3.91,74.1,1.99,73.98,2.95,POS+CHROM,14.728,216.9035,-14.728,5.753,33.0953,5.753,5.954,35.4513,5.954,5.837,34.0758,5.837
1360,before,1360_before_clip_0000,ok,150,106.0,65.0,12.7,6.55,92.9,0,89.1,53.41,1.07,-0.015558322336833115,32.24,70.87,3.13,69.85,1.71,70.42,2.42,POS+CHROM,35.691,1273.8762,-35.691,18.235,332.5319,-18.235,19.251,370.5975,-19.251,18.683,349.067,-18.683
1360,before,1360_before_clip_0001,ok,150,106.0,65.0,12.7,2.49,95.14,0,60.13,53.48,1.06,0.07713946889431914,32.24,71.62,2.81,72.35,3.15,72.0,2.98,POS+CHROM,6.659,44.3488,-6.659,11.488,131.9775,11.488,12.216,149.231,12.216,11.862,140.7168,11.862
1360,before,1360_before_clip_0002,ok,150,106.0,65.0,12.7,8.13,87.68,0,75.88,53.46,1.02,-0.016456992809325114,32.25,68.64,5.34,69.17,3.74,68.87,4.54,POS+CHROM,22.417,502.5425,-22.417,7.245,52.4873,-7.245,6.712,45.0509,-6.712,7.014,49.1923,-7.014
1362,after,1362_after_clip_0000,ok,150,113.0,74.0,13.4,51.61,26.79,1,103.82,53.4,1.19,0.055000005076643224,31.84,61.17,0.75,60.93,-0.07,58.26,0.62,POS+CHROM+DEEP,50.417,2541.8252,-50.417,42.643,1818.4566,-42.643,42.889,1839.4438,-42.889,45.555,2075.2521,-45.555
1362,after,1362_after_clip_0001,ok,150,113.0,74.0,13.4,30.12,69.62,0,108.47,53.5,1.44,0.15263429512760676,31.82,99.12,-1.22,96.77,-2.4,98.06,-1.81,POS+CHROM,54.97,3021.6814,-54.97,9.346,87.3464,-9.346,11.692,136.703,-11.692,10.404,108.249,-10.404
1362,after,1362_after_clip_0002,ok,150,113.0,74.0,13.4,45.69,48.26,0,85.64,53.43,1.25,0.25225527999097286,31.46,100.89,-0.05,60.66,-0.2,56.62,0.53,CHROM+DEEP,32.209,1037.4027,-32.209,15.246,232.4436,15.246,24.978,623.9103,-24.978,29.027,842.5702,-29.027
1362,before,1362_before_clip_0000,ok,150,111.0,79.0,13.4,46.52,23.66,0,91.34,53.5,1.47,-0.12418236434394403,31.43,105.92,-1.65,108.65,-3.45,107.08,-2.55,POS+CHROM,37.84,1431.8673,-37.84,14.58,212.5644,14.58,17.305,299.4611,17.305,15.739,247.7267,15.739
1362,before,1362_before_clip_0001,ok,150,111.0,79.0,13.4,60.71,24.0,1,99.48,53.5,1.45,-0.0678966519676322,31.44,103.58,2.46,103.21,1.72,103.4,2.09,POS+CHROM,45.981,2114.2626,-45.981,4.099,16.801,4.099,3.728,13.8975,3.728,3.925,15.4046,3.925
1362,before,1362_before_clip_0002,ok,150,111.0,79.0,13.4,31.95,30.83,0,102.64,53.5,1.48,0.05632963842673321,31.45,102.49,2.55,101.11,1.17,101.88,1.86,POS+CHROM,49.146,2415.2896,-49.146,0.15,0.0225,-0.15,1.526,2.3295,-1.526,0.76,0.5769,-0.76
1386,after,1386_after_clip_0000,ok,150,152.0,90.0,15.4,17.05,21.18,0,73.59,54.0,1.17,0.15618246532142477,32.98,91.99,-3.32,92.56,-3.04,92.28,-3.18,POS+CHROM,19.586,383.594,-19.586,18.403,338.6748,18.403,18.965,359.689,18.965,18.691,349.3489,18.691
1386,after,1386_after_clip_0001,ok,150,152.0,90.0,15.4,42.72,41.32,0,96.07,54.07,1.15,-0.06379575335991451,32.62,96.17,-3.68,94.28,-2.85,95.16,-3.27,POS+CHROM,42.002,1764.1734,-42.002,0.094,0.0089,0.094,1.793,3.2151,-1.793,0.915,0.8366,-0.915
1386,after,1386_after_clip_0002,ok,150,152.0,90.0,15.4,57.49,33.35,0,134.52,54.11,1.23,0.0021565636005766962,32.58,88.58,-0.39,87.93,-1.74,88.29,-1.06,POS+CHROM,80.413,6466.2018,-80.413,45.946,2111.0391,-45.946,46.595,2171.1248,-46.595,46.234,2137.6098,-46.234
1386,before,1386_before_clip_0000,ok,150,140.0,82.0,15.4,34.83,51.47,0,92.47,54.12,1.2,-0.1238480502538652,32.63,91.46,-0.19,88.24,-0.35,89.87,-0.27,POS+CHROM,38.354,1471.0222,-38.354,1.015,1.0309,-1.015,4.23,17.895,-4.23,2.601,6.7658,-2.601
1386,before,1386_before_clip_0001,ok,150,140.0,82.0,15.4,38.08,44.37,0,81.27,54.07,1.19,-0.31424903210844335,33.05,105.74,2.45,105.74,2.81,105.74,2.63,POS+CHROM,27.194,739.5281,-27.194,24.471,598.8242,24.471,24.47,598.7921,24.47,24.471,598.8077,24.471
1386,before,1386_before_clip_0002,ok,150,140.0,82.0,15.4,27.37,23.84,0,101.24,54.09,1.18,-0.18024922344756977,33.11,64.8,-2.07,61.59,-0.48,59.18,-0.46,POS+CHROM+DEEP,47.149,2223.0421,-47.149,36.435,1327.4822,-36.435,39.647,1571.9232,-39.647,42.055,1768.6339,-42.055
1399,after,1399_after_clip_0000,ok,150,102.0,54.0,12.0,2.3,97.04,0,137.74,53.89,1.17,-0.09896573632917113,32.67,66.31,1.49,74.42,-0.22,64.2,0.81,POS+CHROM+DEEP,83.847,7030.3862,-83.847,71.427,5101.8262,-71.427,63.317,4009.1008,-63.317,73.532,5406.984,-73.532
1399,after,1399_after_clip_0001,ok,150,102.0,54.0,12.0,14.06,84.61,0,81.21,53.98,1.19,0.02584674583493945,32.69,57.82,3.24,59.46,2.85,57.37,2.42,POS+CHROM+DEEP,27.225,741.1966,-27.225,23.39,547.0822,-23.39,21.753,473.1852,-21.753,23.839,568.3194,-23.839
1399,after,1399_after_clip_0002,ok,150,102.0,54.0,12.0,0.79,98.09,0,123.99,53.6,1.01,0.019973634233225106,33.34,115.84,0.79,113.32,-1.35,114.8,-0.28,POS+CHROM,70.397,4955.7027,-70.397,8.155,66.5087,-8.155,10.675,113.9516,-10.675,9.193,84.509,-9.193
1399,before,1399_before_clip_0000,ok,150,88.0,53.0,12.0,1.46,98.4,0,105.06,53.79,1.13,0.01818002344475713,33.05,58.18,3.7,58.75,2.09,57.18,2.31,POS+CHROM+DEEP,51.267,2628.2794,-51.267,46.88,2197.6964,-46.88,46.302,2143.8934,-46.302,47.88,2292.4525,-47.88
1399,before,1399_before_clip_0001,ok,150,88.0,53.0,12.0,0.85,98.9,0,86.32,53.83,1.13,-0.023405313355733162,33.05,57.2,1.23,106.23,-4.44,55.53,1.18,POS+DEEP,32.496,1056.0152,-32.496,29.126,848.3395,-29.126,19.904,396.1809,19.904,30.797,948.4561,-30.797
1399,before,1399_before_clip_0002,ok,150,88.0,53.0,12.0,0.68,99.1,0,68.34,53.78,1.12,-0.01199682297738885,33.05,55.21,2.53,57.3,1.08,55.41,1.58,POS+CHROM+DEEP,14.56,211.9811,-14.56,13.13,172.3871,-13.13,11.036,121.7978,-11.036,12.931,167.2059,-12.931
1414,after,1414_after_clip_0000,ok,150,134.0,75.0,13.3,3.95,92.57,0,90.24,54.12,1.0,0.01072360765548059,33.62,86.33,0.24,81.86,-0.23,84.18,0.01,POS+CHROM,36.122,1304.794,-36.122,3.913,15.3084,-3.913,8.381,70.2397,-8.381,6.059,36.7142,-6.059
1414,after,1414_after_clip_0001,ok,150,134.0,75.0,13.3,4.53,95.29,0,119.74,54.17,1.05,0.0014441535374066859,33.59,78.13,2.05,77.19,2.04,77.66,2.04,POS+CHROM,65.572,4299.6421,-65.572,41.61,1731.4253,-41.61,42.553,1810.7858,-42.553,42.082,1770.8619,-42.082
1414,after,1414_after_clip_0002,ok,150,134.0,75.0,13.3,0.64,99.23,0,56.88,54.15,1.03,0.069477640972589,33.65,81.05,-0.97,82.01,-2.01,81.49,-1.49,POS+CHROM,2.729,7.4487,-2.729,24.176,584.4658,24.176,25.131,631.5855,25.131,24.613,605.7806,24.613
1414,before,1414_before_clip_0000,ok,150,124.0,67.0,13.3,6.01,92.55,0,122.17,54.32,1.04,0.14665629337425173,34.2,69.21,0.78,68.7,-1.27,69.0,-0.24,POS+CHROM,67.849,4603.5315,-67.849,52.962,2804.9692,-52.962,53.476,2859.6451,-53.476,53.175,2827.6111,-53.175
1414,before,1414_before_clip_0001,ok,150,124.0,67.0,13.3,11.27,85.66,0,94.88,54.34,1.04,-0.03536470449951615,34.15,74.49,0.32,74.1,-1.94,74.33,-0.81,POS+CHROM,40.547,1644.0331,-40.547,20.39,415.7645,-20.39,20.783,431.944,-20.783,20.55,422.3169,-20.55
1414,before,1414_before_clip_0002,ok,150,124.0,67.0,13.3,5.67,93.88,0,83.69,54.34,1.01,-0.10044229901377735,34.26,72.44,1.23,102.84,-1.38,73.3,0.28,POS+CHROM+DEEP,29.343,861.0288,-29.343,11.248,126.5148,-11.248,19.154,366.8933,19.154,10.388,107.905,-10.388
1442,after,1442_after_clip_0000,ok,150,122.0,70.0,13.4,29.05,69.45,0,133.63,53.62,1.06,0.0024820972646631464,33.25,91.05,-0.14,92.16,-1.74,91.53,-0.94,POS+CHROM,80.005,6400.7765,-80.005,42.58,1813.0811,-42.58,41.465,1719.3463,-41.465,42.097,1772.1285,-42.097
1442,after,1442_after_clip_0001,ok,150,122.0,70.0,13.4,23.43,69.76,0,71.58,53.66,1.08,-0.0062461495514525775,32.85,93.03,-0.46,89.57,-0.05,91.24,-0.26,POS+CHROM,17.924,321.2819,-17.924,21.442,459.7804,21.442,17.988,323.5716,17.988,19.657,386.4008,19.657
1442,after,1442_after_clip_0002,ok,150,122.0,70.0,13.4,4.05,91.07,0,61.07,53.53,1.07,-0.037574730258477906,33.27,100.46,2.63,107.13,0.49,103.2,1.56,POS+CHROM,7.538,56.828,-7.538,39.384,1551.067,39.384,46.06,2121.5545,46.06,42.132,1775.0634,42.132
1442,before,1442_before_clip_0000,ok,150,112.0,74.0,13.4,7.14,90.4,0,62.1,53.81,1.0,-0.037895153588276505,33.41,69.87,0.92,60.16,1.48,57.11,1.24,CHROM+DEEP,8.288,68.695,-8.288,7.769,60.3553,7.769,1.938,3.7546,-1.938,4.986,24.8572,-4.986
1442,before,1442_before_clip_0001,ok,150,112.0,74.0,13.4,38.71,57.6,0,93.58,53.81,0.96,-0.04634081923683396,33.07,80.99,1.95,79.6,0.17,80.4,1.06,POS+CHROM,39.769,1581.6079,-39.769,12.595,158.6424,-12.595,13.977,195.3682,-13.977,13.185,173.8383,-13.185
1442,before,1442_before_clip_0002,ok,150,112.0,74.0,13.4,16.35,79.78,0,68.96,53.87,1.01,-0.11631863943355486,33.43,84.13,1.89,80.18,-0.21,82.5,0.84,POS+CHROM,15.093,227.7951,-15.093,15.171,230.1471,15.171,11.222,125.9444,11.222,13.539,183.2972,13.539
1474,after,1474_after_clip_0000,ok,150,137.0,80.0,9.5,21.5,20.89,0,94.82,53.23,1.24,0.08027827182113995,31.67,125.78,2.09,125.5,2.59,125.63,2.34,POS+CHROM,41.588,1729.5839,-41.588,30.964,958.7871,30.964,30.682,941.4054,30.682,30.817,949.7125,30.817
1474,after,1474_after_clip_0001,ok,150,137.0,80.0,9.5,18.28,6.94,0,115.24,53.27,1.22,-0.009886539329971453,31.67,115.45,1.16,116.31,-0.52,115.82,0.32,POS+CHROM,61.974,3840.7839,-61.974,0.2,0.0402,0.2,1.064,1.1324,1.064,0.572,0.3273,0.572
1474,after,1474_after_clip_0002,ok,150,137.0,80.0,9.5,19.27,11.75,0,107.64,53.15,1.25,-0.04399222809879708,31.68,111.98,1.96,112.05,-0.72,112.01,0.62,POS+CHROM,54.486,2968.7689,-54.486,4.339,18.831,4.339,4.408,19.4302,4.408,4.366,19.0635,4.366
1474,before,1474_before_clip_0000,ok,150,106.0,73.0,9.5,26.07,65.49,0,109.61,53.19,1.42,-0.06858352582402416,30.28,106.86,1.24,107.94,0.12,107.35,0.68,POS+CHROM,56.417,3182.8298,-56.417,2.751,7.5657,-2.751,1.662,2.7611,-1.662,2.257,5.0939,-2.257
1474,before,1474_before_clip_0001,ok,150,106.0,73.0,9.5,59.78,24.32,1,114.24,53.27,1.42,0.10070717433734655,30.38,108.58,3.57,108.19,3.62,108.38,3.59,POS+CHROM,60.972,3717.6255,-60.972,5.665,32.0904,-5.665,6.052,36.6311,-6.052,5.859,34.332,-5.859
1474,before,1474_before_clip_0002,ok,150,106.0,73.0,9.5,67.58,26.87,1,101.48,53.21,1.37,-0.036206184729462805,30.35,93.05,1.65,94.73,0.91,93.84,1.28,POS+CHROM,48.264,2329.4498,-48.264,8.432,71.0941,-8.432,6.749,45.5473,-6.749,7.642,58.403,-7.642
1477,after,1477_after_clip_0000,ok,150,129.0,79.0,17.0,18.73,69.05,0,124.45,53.92,1.18,0.14207362651482594,33.15,105.66,2.36,104.74,2.13,105.21,2.24,POS+CHROM,70.529,4974.3556,-70.529,18.79,353.0491,-18.79,19.71,388.4934,-19.71,19.241,370.2303,-19.241
1477,after,1477_after_clip_0001,ok,150,129.0,79.0,17.0,28.09,59.48,0,109.55,54.01,1.2,-0.07772928609460757,33.16,103.81,-1.55,107.38,-1.85,105.55,-1.7,POS+CHROM,55.535,3084.1533,-55.535,5.736,32.9059,-5.736,2.168,4.7018,-2.168,3.998,15.9804,-3.998
1477,after,1477_after_clip_0002,ok,150,129.0,79.0,17.0,26.67,54.73,0,81.05,53.84,1.02,-0.018110667712195615,33.16,96.71,-1.25,100.45,-0.16,98.75,-0.7,POS+CHROM,27.212,740.5178,-27.212,15.658,245.1697,15.658,19.403,376.4708,19.403,17.7,313.2959,17.7
1477,before,1477_before_clip_0000,ok,150,125.0,71.0,17.0,5.8,90.45,0,95.58,53.79,1.09,0.04368210819613612,33.17,76.01,3.05,75.36,2.06,75.71,2.56,POS+CHROM,41.791,1746.478,-41.791,19.57,383.0013,-19.57,20.22,408.8314,-20.22,19.868,394.7475,-19.868
1477,before,1477_before_clip_0001,ok,150,125.0,71.0,17.0,19.76,74.18,0,67.3,53.83,1.07,-0.21068672350108578,32.79,70.65,-1.53,69.84,-1.04,70.23,-1.28,POS+CHROM,13.471,181.4784,-13.471,3.353,11.2406,3.353,2.54,6.4499,2.54,2.93,8.5837,2.93
1477,before,1477_before_clip_0002,ok,150,125.0,71.0,17.0,23.83,72.83,0,102.17,53.82,1.13,0.14403311402764243,33.18,77.73,3.45,78.06,3.79,77.9,3.62,POS+CHROM,48.353,2338.0031,-48.353,24.44,597.3025,-24.44,24.11,581.2856,-24.11,24.27,589.0395,-24.27
1513,after,1513_after_clip_0000,ok,150,165.0,83.0,13.4,44.86,48.43,0,62.1,54.01,1.03,0.19183125607178503,33.65,86.77,-3.42,88.31,-4.04,87.5,-3.73,POS+CHROM,8.097,65.5573,-8.097,24.664,608.3263,24.664,26.203,686.591,26.203,25.393,644.8289,25.393
1513,after,1513_after_clip_0001,ok,150,165.0,83.0,13.4,22.37,74.43,0,61.33,53.99,1.04,-0.2688024851050748,33.62,75.52,0.75,74.46,2.57,74.91,1.66,POS+CHROM,7.343,53.9223,-7.343,14.188,201.3004,14.188,13.13,172.3873,13.13,13.579,184.3904,13.579
1513,after,1513_after_clip_0002,ok,150,165.0,83.0,13.4,35.18,56.36,0,118.27,54.05,1.04,0.08745380682223758,33.63,109.65,-1.02,107.45,-1.7,108.61,-1.36,POS+CHROM,64.221,4124.2913,-64.221,8.618,74.2648,-8.618,10.824,117.1502,-10.824,9.659,93.2959,-9.659
1513,before,1513_before_clip_0000,ok,150,132.0,77.0,13.4,10.99,80.42,0,107.17,54.02,1.08,0.11088206977242068,33.69,75.44,-2.02,117.92,-1.34,78.52,-0.76,POS+CHROM+DEEP,53.149,2824.7697,-53.149,31.723,1006.3543,-31.723,10.755,115.6748,10.755,28.652,820.9498,-28.652
1513,before,1513_before_clip_0001,ok,150,132.0,77.0,13.4,38.63,42.49,0,79.13,54.06,1.09,-0.34509922293739315,33.61,58.15,-3.17,59.88,-1.6,56.75,-1.23,POS+CHROM+DEEP,25.072,628.6071,-25.072,20.985,440.3856,-20.985,19.259,370.9183,-19.259,22.387,501.1965,-22.387
1513,before,1513_before_clip_0002,ok,150,132.0,77.0,13.4,45.03,50.96,0,111.98,53.95,1.06,-0.08060406000634844,33.71,64.14,2.74,59.6,2.24,59.7,2.01,POS+CHROM+DEEP,58.024,3366.8349,-58.024,47.838,2288.4494,-47.838,52.378,2743.4231,-52.378,52.275,2732.7045,-52.275
1531,after,1531_after_clip_0000,ok,150,107.0,61.0,10.7,12.51,85.98,0,102.81,53.62,1.16,-0.009764073843777707,32.53,74.42,-2.87,97.59,2.17,76.88,0.15,POS+CHROM+DEEP,49.193,2419.9799,-49.193,28.393,806.1828,-28.393,5.223,27.2784,-5.223,25.928,672.2769,-25.928
1531,after,1531_after_clip_0001,ok,150,107.0,61.0,10.7,7.33,89.81,0,107.7,53.56,1.17,-0.001330897356751572,32.12,99.07,3.62,96.64,3.62,97.86,3.62,POS+CHROM,54.144,2931.5569,-54.144,8.632,74.5199,-8.632,11.064,122.4012,-11.064,9.848,96.9823,-9.848
1531,after,1531_after_clip_0002,ok,150,107.0,61.0,10.7,4.93,94.55,0,63.97,53.58,1.19,-0.03532136584574802,31.72,97.94,-1.0,103.3,-5.32,99.69,-3.16,POS+CHROM,10.392,107.9952,-10.392,33.969,1153.8905,33.969,39.329,1546.7992,39.329,35.723,1276.137,35.723
1531,before,1531_before_clip_0000,ok,150,88.0,62.0,10.7,6.11,88.5,0,67.17,53.66,1.0,0.031839547263034965,32.94,124.47,-1.33,106.17,-7.67,85.23,-2.67,POS+CHROM+DEEP,13.508,182.4766,-13.508,57.305,3283.9192,57.305,39.006,1521.5013,39.006,18.065,326.3431,18.065
1531,before,1531_before_clip_0001,ok,150,88.0,62.0,10.7,18.84,76.74,0,64.43,53.67,0.99,0.061785446933067076,32.9,80.84,-0.1,59.82,1.5,56.88,1.24,CHROM+DEEP,10.757,115.7203,-10.757,16.413,269.3989,16.413,4.607,21.2266,-4.607,7.551,57.0164,-7.551
1531,before,1531_before_clip_0002,ok,150,88.0,62.0,10.7,23.14,60.43,0,78.06,53.73,1.05,-0.13194212463904476,32.91,92.68,1.74,90.68,-0.33,91.85,0.7,POS+CHROM,24.337,592.2991,-24.337,14.614,213.5708,14.614,12.617,159.1946,12.617,13.786,190.0597,13.786
1541,after,1541_after_clip_0000,ok,150,150.0,80.0,13.2,3.73,95.58,0,128.92,53.83,1.14,0.004293777463314273,32.71,77.81,2.17,78.66,1.34,78.2,1.75,POS+CHROM,75.093,5639.001,-75.093,51.111,2612.2965,-51.111,50.268,2526.847,-50.268,50.718,2572.3544,-50.718
1541,after,1541_after_clip_0001,ok,150,150.0,80.0,13.2,4.42,95.03,0,113.69,53.76,1.15,0.059211275788399576,31.93,75.6,5.68,74.98,3.66,75.34,4.67,POS+CHROM,59.928,3591.3903,-59.928,38.092,1451.0029,-38.092,38.712,1498.6347,-38.712,38.35,1470.7411,-38.35
1541,after,1541_after_clip_0002,ok,150,150.0,80.0,13.2,6.09,93.71,0,108.35,53.81,1.14,-0.12498192333735623,32.67,76.89,3.47,75.79,2.54,76.38,3.01,POS+CHROM,54.54,2974.6315,-54.54,31.457,989.5465,-31.457,32.559,1060.0696,-32.559,31.965,1021.7716,-31.965
1541,before,1541_before_clip_0000,ok,150,115.0,67.0,13.2,2.93,96.78,0,81.49,53.31,1.4,-0.007010701644852617,30.68,65.76,4.02,67.88,2.94,66.72,3.48,POS+CHROM,28.181,794.1812,-28.181,15.732,247.4961,-15.732,13.607,185.1586,-13.607,14.764,217.9891,-14.764
1541,before,1541_before_clip_0001,ok,150,115.0,67.0,13.2,5.26,94.48,0,65.45,53.2,1.35,0.006981890194676101,31.13,69.05,5.05,70.47,3.95,69.7,4.5,POS+CHROM,12.25,150.0706,-12.25,3.6,12.9625,3.6,5.016,25.1574,5.016,4.244,18.0077,4.244
1541,before,1541_before_clip_0002,ok,150,115.0,67.0,13.2,3.35,96.39,0,103.53,53.21,1.39,-0.04769831894963466,31.1,78.22,4.13,77.34,2.55,77.84,3.34,POS+CHROM,50.321,2532.239,-50.321,25.307,640.4585,-25.307,26.196,686.2151,-26.196,25.693,660.1485,-25.693
1543,after,1543_after_clip_0000,ok,150,147.0,63.0,16.6,3.57,95.89,0,117.99,54.35,1.01,-0.00930503868170899,35.14,105.32,-1.04,81.62,-0.88,77.34,-0.3,POS+CHROM+DEEP,63.647,4050.8888,-63.647,12.677,160.6951,-12.677,36.376,1323.2241,-36.376,40.655,1652.8093,-40.655
1543,after,1543_after_clip_0001,ok,150,147.0,63.0,16.6,4.06,92.4,0,107.58,54.27,1.02,-0.04104155219375016,32.85,99.1,0.86,77.53,-0.25,76.72,0.54,POS+CHROM+DEEP,53.308,2841.7483,-53.308,8.477,71.8585,-8.477,30.046,902.7611,-30.046,30.851,951.7566,-30.851
1543,after,1543_after_clip_0002,ok,150,147.0,63.0,16.6,7.04,92.08,0,111.96,54.38,1.02,0.12705650169132468,32.86,64.77,3.46,65.3,3.47,65.04,3.47,POS+CHROM,57.578,3315.2061,-57.578,47.185,2226.4699,-47.185,46.653,2176.5087,-46.653,46.919,2201.3804,-46.919
1543,before,1543_before_clip_0000,ok,150,124.0,69.0,16.6,8.92,87.51,0,119.43,54.31,1.02,0.17823142530871836,33.77,65.24,2.52,66.08,2.56,65.66,2.54,POS+CHROM,65.119,4240.5262,-65.119,54.187,2936.2206,-54.187,53.347,2845.9463,-53.347,53.766,2890.7787,-53.766
1543,before,1543_before_clip_0001,ok,150,124.0,69.0,16.6,12.83,84.35,0,60.47,54.32,0.98,-0.049106410168497476,33.78,73.24,4.39,74.59,2.82,73.83,3.61,POS+CHROM,6.159,37.9335,-6.159,12.767,163.0016,12.767,14.114,199.1997,14.114,13.353,178.29,13.353
1543,before,1543_before_clip_0002,ok,150,124.0,69.0,16.6,9.47,89.96,0,131.9,54.3,1.02,-0.005013650038697376,33.76,62.05,3.62,61.23,2.56,59.76,2.4,POS+CHROM+DEEP,77.601,6021.9705,-77.601,69.848,4878.7631,-69.848,70.671,4994.3248,-70.671,72.147,5205.228,-72.147
1563,after,1563_after_clip_0000,ok,150,118.0,66.0,14.1,2.41,96.47,0,102.62,53.23,1.19,0.027038615975061284,30.99,89.71,-0.14,136.34,-7.45,77.23,-2.13,POS+CHROM+DEEP,49.387,2439.0437,-49.387,12.907,166.584,-12.907,33.724,1137.309,33.724,25.393,644.8229,-25.393
1563,after,1563_after_clip_0001,ok,150,118.0,66.0,14.1,11.98,87.52,0,81.45,53.89,1.45,-0.06444055313312505,31.73,113.01,-4.21,96.77,-2.2,77.86,-1.65,POS+CHROM+DEEP,27.557,759.408,-27.557,31.563,996.2202,31.563,15.322,234.7739,15.322,3.582,12.8311,-3.582
1563,after,1563_after_clip_0002,ok,150,118.0,66.0,14.1,3.98,95.04,0,118.77,53.12,1.22,0.003764612709584897,36.38,117.26,-2.05,115.54,-2.44,116.43,-2.24,POS+CHROM,65.65,4309.9831,-65.65,1.508,2.2753,-1.508,3.222,10.3834,-3.222,2.337,5.4637,-2.337
1563,before,1563_before_clip_0000,ok,150,107.0,65.0,14.1,37.74,43.86,0,92.02,53.29,1.26,-0.12846571218750757,31.4,73.42,0.07,93.53,2.24,74.6,1.19,POS+CHROM+DEEP,38.736,1500.4593,-38.736,18.602,346.0332,-18.602,1.509,2.278,1.509,17.427,303.7011,-17.427
1563,before,1563_before_clip_0001,ok,150,107.0,65.0,14.1,24.67,72.52,0,106.22,53.35,1.23,0.06144840610262422,31.76,82.37,0.32,57.25,-2.34,54.74,-0.55,CHROM+DEEP,52.874,2795.6515,-52.874,23.846,568.6493,-23.846,48.964,2397.506,-48.964,51.484,2650.5835,-51.484
1563,before,1563_before_clip_0002,ok,150,107.0,65.0,14.1,40.37,47.53,0,103.66,53.42,1.22,0.07759980023908232,31.84,86.46,0.59,85.27,1.65,85.81,1.12,POS+CHROM,50.244,2524.5015,-50.244,17.201,295.8823,-17.201,18.388,338.1011,-18.388,17.847,318.5058,-17.847
1581,after,1581_after_clip_0000,ok,150,114.0,68.0,13.1,47.06,19.2,0,111.86,53.69,1.22,-0.27619189078283457,32.09,96.91,-1.37,97.94,-0.63,97.46,-1.0,POS+CHROM,58.166,3383.2614,-58.166,14.94,223.2147,-14.94,13.911,193.519,-13.911,14.394,207.1952,-14.394
1581,after,1581_after_clip_0001,ok,150,114.0,68.0,13.1,45.69,38.64,0,67.52,53.67,1.2,0.2815494155471987,32.14,115.28,-0.76,72.6,0.14,77.24,0.2,POS+CHROM+DEEP,13.85,191.8232,-13.85,47.764,2281.4262,47.764,5.076,25.7707,5.076,9.717,94.4244,9.717
1581,after,1581_after_clip_0002,ok,150,114.0,68.0,13.1,54.08,19.22,1,70.18,53.5,1.24,-0.10269957352053084,32.08,119.12,-2.77,80.29,-0.83,77.19,-0.78,POS+CHROM+DEEP,16.684,278.3468,-16.684,48.938,2394.9109,48.938,10.103,102.0736,10.103,7.01,49.1352,7.01
1581,before,1581_before_clip_0000,ok,150,91.0,69.0,13.1,11.69,87.48,0,112.72,53.66,1.23,-0.1963294189227612,32.06,123.0,-1.09,118.49,-0.46,120.63,-0.78,POS+CHROM,59.066,3488.737,-59.066,10.283,105.7333,10.283,5.772,33.3177,5.772,7.91,62.5666,7.91
1581,before,1581_before_clip_0001,ok,150,91.0,69.0,13.1,26.08,69.34,0,99.5,53.71,1.24,-0.2518893025631163,32.06,110.94,-2.85,110.86,-2.78,110.9,-2.82,POS+CHROM,45.787,2096.4767,-45.787,11.443,130.9376,11.443,11.368,129.2409,11.368,11.405,130.0827,11.405
1581,before,1581_before_clip_0002,ok,150,91.0,69.0,13.1,54.85,40.81,0,68.51,53.5,1.24,-0.26040944170589747,31.65,83.71,2.51,79.76,2.82,81.68,2.66,POS+CHROM,15.007,225.2053,-15.007,15.204,231.173,15.204,11.25,126.5627,11.25,13.176,173.6073,13.176
1589,after,1589_after_clip_0000,ok,150,106.0,68.0,12.4,24.38,65.59,0,80.55,53.53,1.21,0.02037414262052716,37.28,63.53,-3.1,111.65,-1.15,73.91,-1.01,POS+CHROM+DEEP,27.029,730.5434,-27.029,17.025,289.8383,-17.025,31.098,967.0611,31.098,6.646,44.1688,-6.646
1589,after,1589_after_clip_0001,ok,150,106.0,68.0,12.4,9.83,79.52,0,124.75,53.95,0.75,-0.04189437791837364,34.53,79.98,1.96,127.51,-0.24,84.62,0.82,POS+CHROM+DEEP,70.795,5011.9974,-70.795,44.771,2004.4161,-44.771,2.764,7.6402,2.764,40.125,1610.0184,-40.125
1589,after,1589_after_clip_0002,ok,150,106.0,68.0,12.4,21.5,64.7,0,73.25,53.72,0.84,0.10661977124720148,34.92,98.8,0.36,98.41,-1.98,98.64,-0.81,POS+CHROM,19.527,381.2887,-19.527,25.551,652.8499,25.551,25.161,633.0742,25.161,25.394,644.8347,25.394
1589,before,1589_before_clip_0000,ok,150,92.0,60.0,12.4,2.37,96.84,0,105.13,54.42,1.35,0.008524823926703987,34.04,57.41,2.58,74.58,2.5,56.07,1.97,POS+DEEP,50.718,2572.2954,-50.718,47.723,2277.5237,-47.723,30.55,933.2871,-30.55,49.067,2407.5374,-49.067
1589,before,1589_before_clip_0001,ok,150,92.0,60.0,12.4,3.46,94.58,0,108.36,54.5,1.03,-0.05568489781354125,35.45,111.01,-2.52,96.19,0.63,82.73,-0.29,POS+CHROM+DEEP,53.864,2901.3051,-53.864,2.652,7.0315,2.652,12.174,148.2096,-12.174,25.632,656.9797,-25.632
1589,before,1589_before_clip_0002,ok,150,92.0,60.0,12.4,13.68,78.54,0,87.06,54.16,1.03,0.030013514426177716,33.19,58.22,-0.16,60.71,2.13,57.87,1.0,POS+CHROM+DEEP,32.9,1082.389,-32.9,28.834,831.3926,-28.834,26.342,693.8988,-26.342,29.19,852.0699,-29.19
1601,after,1601_after_clip_0000,ok,150,128.0,76.0,14.5,15.71,80.6,0,102.46,53.25,1.69,0.05020558618976063,30.9,63.64,0.62,63.79,0.01,63.71,0.31,POS+CHROM,49.211,2421.749,-49.211,38.82,1506.9891,-38.82,38.68,1496.1261,-38.68,38.753,1501.8284,-38.753
1601,after,1601_after_clip_0001,ok,150,128.0,76.0,14.5,7.08,91.74,0,112.49,53.03,1.17,0.03167873488697961,30.72,83.87,-0.9,83.82,-1.4,83.85,-1.15,POS+CHROM,59.462,3535.7017,-59.462,28.616,818.8978,-28.616,28.671,822.0275,-28.671,28.643,820.3963,-28.643
1601,after,1601_after_clip_0002,ok,150,128.0,76.0,14.5,11.91,87.81,0,121.32,53.07,1.31,0.04656130817607199,30.89,65.62,2.38,66.07,3.03,65.86,2.7,POS+CHROM,68.257,4658.9575,-68.257,55.701,3102.5472,-55.701,55.249,3052.4804,-55.249,55.463,3076.0966,-55.463
1601,before,1601_before_clip_0000,ok,150,112.0,73.0,14.5,7.05,91.94,0,100.21,54.16,1.27,0.016088205264609565,32.93,86.47,-2.58,92.05,-3.45,89.06,-3.02,POS+CHROM,46.046,2120.278,-46.046,13.736,188.6753,-13.736,8.154,66.4953,-8.154,11.148,124.2725,-11.148
1601,before,1601_before_clip_0001,ok,150,112.0,73.0,14.5,7.99,91.33,0,72.73,54.15,1.32,0.10764708356150322,32.9,61.32,-0.89,108.07,-4.46,57.08,0.21,POS+DEEP,18.577,345.1214,-18.577,11.408,130.1493,-11.408,35.344,1249.2305,35.344,15.648,244.8581,-15.648
1601,before,1601_before_clip_0002,ok,150,112.0,73.0,14.5,11.34,85.32,0,124.11,54.08,1.19,0.08849070852832756,33.67,77.5,-0.03,73.14,-0.74,75.45,-0.39,POS+CHROM,70.032,4904.4499,-70.032,46.611,2172.5654,-46.611,50.968,2597.7598,-50.968,48.661,2367.8484,-48.661
1609,after,1609_after_clip_0000,ok,150,104.0,72.0,13.2,20.18,79.62,0,119.58,53.62,1.24,-0.06634020525046291,32.13,111.99,2.17,110.51,3.24,111.19,2.7,POS+CHROM,65.954,4349.8843,-65.954,7.582,57.4821,-7.582,9.066,82.1877,-9.066,8.389,70.3822,-8.389
1609,after,1609_after_clip_0001,ok,150,104.0,72.0,13.2,22.17,75.27,0,107.31,53.56,1.21,-0.28225704942488883,32.05,107.14,1.21,112.97,-1.48,109.42,-0.14,POS+CHROM,53.747,2888.7514,-53.747,0.168,0.0281,-0.168,5.663,32.0721,5.663,2.105,4.4316,2.105
1609,after,1609_after_clip_0002,ok,150,104.0,72.0,13.2,38.6,57.49,0,85.72,53.61,1.19,0.07787437147452406,32.96,90.23,-2.09,61.77,-1.89,65.6,-0.93,POS+CHROM+DEEP,32.108,1030.911,-32.108,4.507,20.3152,4.507,23.946,573.4198,-23.946,20.122,404.893,-20.122
1609,before,1609_before_clip_0000,ok,150,106.0,75.0,13.2,27.29,67.7,0,66.45,53.61,1.15,-0.017320322591776335,33.02,85.28,2.36,81.26,-4.49,84.31,-1.06,POS+CHROM,12.842,164.908,-12.842,18.823,354.2992,18.823,14.81,219.3299,14.81,17.852,318.6895,17.852
1609,before,1609_before_clip_0001,ok,150,106.0,75.0,13.2,41.17,52.63,0,65.95,54.07,1.21,0.0004311844415620139,32.74,82.76,3.89,83.89,1.45,83.22,2.67,POS+CHROM,11.878,141.0768,-11.878,16.813,282.6698,16.813,17.943,321.9522,17.943,17.265,298.0706,17.265
1609,before,1609_before_clip_0002,ok,150,106.0,75.0,13.2,44.57,47.53,0,63.97,54.0,1.55,0.16311173970823858,32.0,83.37,-4.06,108.99,-3.91,72.75,-2.14,POS+CHROM+DEEP,9.968,99.3577,-9.968,19.402,376.4354,19.402,45.017,2026.5533,45.017,8.782,77.122,8.782
1610,after,1610_after_clip_0000,ok,150,118.0,74.0,11.6,33.88,39.6,0,73.4,53.25,1.31,0.15828839684714616,31.56,107.92,-1.51,81.93,-0.07,76.79,-0.09,POS+CHROM+DEEP,20.154,406.1848,-20.154,34.522,1191.7664,34.522,8.53,72.7608,8.53,3.394,11.5199,3.394
1610,after,1610_after_clip_0001,ok,150,118.0,74.0,11.6,32.45,27.43,0,69.42,53.29,1.22,-0.020953354794814874,31.77,104.25,0.45,104.97,-1.66,104.55,-0.61,POS+CHROM,16.131,260.2132,-16.131,34.828,1213.0198,34.828,35.548,1263.6579,35.548,35.126,1233.8019,35.126
1610,after,1610_after_clip_0002,ok,150,118.0,74.0,11.6,23.53,39.41,0,59.25,53.43,1.27,0.00782404470210075,31.32,108.38,0.53,112.26,-0.7,110.12,-0.09,POS+CHROM,5.82,33.8776,-5.82,49.125,2413.3025,49.125,53.006,2809.6305,53.006,50.869,2587.6063,50.869
1610,before,1610_before_clip_0000,ok,150,113.0,66.0,11.6,38.41,46.3,0,70.68,53.42,1.32,-0.25973418040799784,31.32,67.69,-1.01,66.55,1.8,66.99,0.39,POS+CHROM,17.262,297.9782,-17.262,2.989,8.9324,-2.989,4.135,17.0974,-4.135,3.694,13.6431,-3.694
1610,before,1610_before_clip_0001,ok,150,113.0,66.0,11.6,37.99,45.58,0,64.78,53.24,1.29,-0.03028381548034125,31.65,99.03,-2.02,128.32,-2.34,85.0,-1.02,POS+CHROM+DEEP,11.542,133.2216,-11.542,34.248,1172.9202,34.248,63.546,4038.0312,63.546,20.226,409.1095,20.226
1610,before,1610_before_clip_0002,ok,150,113.0,66.0,11.6,27.44,37.78,0,70.2,53.52,1.56,-0.07647344882815307,31.35,93.82,-1.67,92.7,-1.46,93.25,-1.56,POS+CHROM,16.685,278.3741,-16.685,23.618,557.7917,23.618,22.494,505.9657,22.494,23.046,531.1106,23.046
1649,after,1649_after_clip_0000,ok,150,169.0,67.0,15.1,45.95,48.49,0,95.06,54.71,1.33,-0.14772725445937612,34.55,128.31,2.42,129.42,0.08,128.76,1.25,POS+CHROM,40.353,1628.3571,-40.353,33.245,1105.2086,33.245,34.355,1180.2492,34.355,33.693,1135.1899,33.693
1649,after,1649_after_clip_0001,ok,150,169.0,67.0,15.1,32.15,37.98,0,103.08,54.74,1.36,-0.1669698056894698,35.06,126.72,0.94,128.73,2.05,127.82,1.49,POS+CHROM,48.344,2337.133,-48.344,23.64,558.8521,23.64,25.65,657.901,25.65,24.738,611.9479,24.738
1649,after,1649_after_clip_0002,ok,150,169.0,67.0,15.1,34.92,52.19,0,88.73,54.75,1.36,-0.2680615166125861,35.25,125.56,-2.28,124.73,-3.73,125.2,-3.0,POS+CHROM,33.979,1154.5906,-33.979,36.83,1356.4187,36.83,36.002,1296.134,36.002,36.465,1329.728,36.465
1649,before,1649_before_clip_0000,ok,150,125.0,76.0,15.1,31.78,54.09,0,109.7,54.65,1.49,0.16319381020030585,35.1,90.26,2.35,90.03,2.53,90.14,2.44,POS+CHROM,55.041,3029.5336,-55.041,19.434,377.6913,-19.434,19.666,386.7595,-19.666,19.552,382.2799,-19.552
1649,before,1649_before_clip_0001,ok,150,125.0,76.0,15.1,39.45,55.44,0,72.11,54.85,1.37,-0.02658381883031591,34.84,89.25,0.8,87.7,0.92,88.47,0.86,POS+CHROM,17.262,297.9769,-17.262,17.141,293.803,17.141,15.591,243.0903,15.591,16.358,267.5937,16.358
1649,before,1649_before_clip_0002,ok,150,125.0,76.0,15.1,62.35,33.96,0,110.88,54.67,1.31,0.08938325108261587,34.25,87.19,2.91,86.63,2.9,86.91,2.91,POS+CHROM,56.21,3159.5709,-56.21,23.693,561.353,-23.693,24.247,587.8928,-24.247,23.97,574.5408,-23.97
1672,after,1672_after_clip_0000,ok,150,121.0,84.0,13.1,8.24,89.01,0,126.24,54.22,1.01,-0.06820330293887164,34.19,67.01,4.5,64.88,3.33,66.05,3.92,POS+CHROM,72.015,5186.1676,-72.015,59.228,3507.9441,-59.228,61.358,3764.7496,-61.358,60.19,3622.7868,-60.19
1672,after,1672_after_clip_0001,ok,150,121.0,84.0,13.1,1.74,96.04,0,119.93,54.2,1.06,0.10617725715338518,33.46,61.83,2.86,57.19,0.77,58.18,1.56,POS+CHROM+DEEP,65.725,4319.7377,-65.725,58.1,3375.5918,-58.1,62.737,3935.9142,-62.737,61.746,3812.5976,-61.746
1672,after,1672_after_clip_0002,ok,150,121.0,84.0,13.1,5.64,91.71,0,118.61,54.17,0.98,-0.004573099883501356,33.5,60.7,4.14,63.75,0.86,59.74,1.99,POS+CHROM+DEEP,64.441,4152.6384,-64.441,57.902,3352.6877,-57.902,54.854,3008.9476,-54.854,58.868,3465.458,-58.868
1672,before,1672_before_clip_0000,ok,150,135.0,83.0,13.1,5.2,87.44,0,102.49,54.16,1.08,-0.11672352277751682,33.43,65.66,3.84,64.92,1.66,65.36,2.75,POS+CHROM,48.331,2335.9223,-48.331,36.83,1356.4721,-36.83,37.567,1411.2993,-37.567,37.133,1378.8369,-37.133
1672,before,1672_before_clip_0001,ok,150,135.0,83.0,13.1,10.4,86.49,0,124.44,54.26,1.07,-0.004203625684224912,33.42,70.39,3.74,71.31,0.67,70.73,2.21,POS+CHROM,70.189,4926.5226,-70.189,54.053,2921.7363,-54.053,53.137,2823.5102,-53.137,53.71,2884.7386,-53.71
1672,before,1672_before_clip_0002,ok,150,135.0,83.0,13.1,3.21,95.58,0,77.39,54.28,1.04,-0.013254092684350915,33.4,78.09,5.16,78.09,3.99,78.09,4.58,POS+CHROM,23.111,534.1049,-23.111,0.696,0.4837,0.696,0.697,0.4865,0.697,0.696,0.485,0.696
1715,after,1715_after_clip_0000,ok,150,136.0,79.0,10.2,41.95,54.87,0,69.16,53.41,1.03,0.05496185193169685,32.95,86.87,-0.14,93.8,-2.46,89.68,-1.3,POS+CHROM,15.75,248.0596,-15.75,17.712,313.723,17.712,24.646,607.4302,24.646,20.519,421.0453,20.519
1715,after,1715_after_clip_0001,ok,150,136.0,79.0,10.2,15.93,79.04,0,128.24,53.29,1.1,0.044909915976563665,33.3,79.12,3.73,75.95,3.63,77.55,3.68,POS+CHROM,74.953,5617.8774,-74.953,49.12,2412.7652,-49.12,52.292,2734.4276,-52.292,50.693,2569.7591,-50.693
1715,after,1715_after_clip_0002,ok,150,136.0,79.0,10.2,19.59,78.47,0,122.89,53.4,1.11,-0.006810660622609294,32.56,72.35,2.87,72.61,-0.67,72.44,1.1,POS+CHROM,69.489,4828.7676,-69.489,50.54,2554.2828,-50.54,50.275,2527.5324,-50.275,50.445,2544.7265,-50.445
1715,before,1715_before_clip_0000,ok,150,120.0,86.0,10.2,20.06,63.17,0,127.01,53.68,1.03,0.11092057819755885,33.33,104.73,3.15,105.34,-2.97,104.89,0.09,POS+CHROM,73.326,5376.7471,-73.326,22.28,496.384,-22.28,21.671,469.6472,-21.671,22.118,489.228,-22.118
1715,before,1715_before_clip_0001,ok,150,120.0,86.0,10.2,46.66,49.16,0,122.68,53.71,1.01,-0.30899906456669907,33.33,99.63,-1.83,68.16,-3.15,70.58,-1.32,POS+CHROM+DEEP,68.976,4757.6219,-68.976,23.057,531.6401,-23.057,54.526,2973.0374,-54.526,52.103,2714.7351,-52.103
1715,before,1715_before_clip_0002,ok,150,120.0,86.0,10.2,67.8,27.72,1,107.48,53.68,1.03,0.10903633511117304,33.32,94.04,3.43,95.06,2.2,94.49,2.82,POS+CHROM,53.797,2894.0641,-53.797,13.443,180.7058,-13.443,12.423,154.319,-12.423,12.984,168.5961,-12.984
1745,after,1745_after_clip_0000,ok,150,114.0,65.0,14.3,8.69,79.56,0,120.4,53.59,1.29,-0.07486179360252912,31.2,74.66,0.7,75.67,-2.51,75.03,-0.91,POS+CHROM,66.807,4463.1733,-66.807,45.743,2092.3792,-45.743,44.732,2000.9601,-44.732,45.37,2058.4026,-45.37
1745,after,1745_after_clip_0001,ok,150,114.0,65.0,14.3,5.21,93.62,0,63.18,53.55,1.31,-0.053321809929004774,31.97,75.87,2.98,74.5,-1.15,75.41,0.92,POS+CHROM,9.63,92.7367,-9.63,12.688,160.9783,12.688,11.318,128.1055,11.318,12.23,149.5644,12.23
1745,after,1745_after_clip_0002,ok,150,114.0,65.0,14.3,9.64,85.38,0,73.84,53.57,1.34,-0.0717821057651986,31.94,79.1,2.34,77.63,1.37,78.43,1.86,POS+CHROM,20.269,410.8468,-20.269,5.264,27.7129,5.264,3.789,14.3594,3.789,4.586,21.0307,4.586
1745,before,1745_before_clip_0000,ok,150,117.0,68.0,14.3,6.97,90.66,0,63.06,53.43,1.23,0.05076635773048174,31.88,80.99,3.86,80.43,2.97,80.73,3.42,POS+CHROM,9.632,92.7756,-9.632,17.93,321.5005,17.93,17.372,301.8,17.372,17.672,312.2992,17.672
1745,before,1745_before_clip_0001,ok,150,117.0,68.0,14.3,15.96,83.1,0,81.48,53.58,1.35,0.028821384703573066,31.91,76.92,2.29,76.72,2.32,76.82,2.3,POS+CHROM,27.9,778.3948,-27.9,4.561,20.8055,-4.561,4.766,22.7133,-4.766,4.664,21.7514,-4.664
1745,before,1745_before_clip_0002,ok,150,117.0,68.0,14.3,4.01,95.27,0,112.26,53.62,1.36,-0.13920199805380687,31.56,76.12,3.34,73.65,2.33,74.99,2.84,POS+CHROM,58.642,3438.8813,-58.642,36.14,1306.1134,-36.14,38.612,1490.8613,-38.612,37.272,1389.2051,-37.272
1749,after,1749_after_clip_0000,ok,150,150.0,82.0,12.0,27.32,68.46,0,120.78,53.94,0.94,-0.12602019046966592,33.89,98.45,-0.41,72.11,-1.82,73.28,-0.43,POS+CHROM+DEEP,66.841,4467.7242,-66.841,22.329,498.5841,-22.329,48.668,2368.5619,-48.668,47.497,2255.9854,-47.497
1749,after,1749_after_clip_0001,ok,150,150.0,82.0,12.0,62.55,32.65,0,111.66,53.98,0.98,0.001352373495900713,33.54,104.91,-1.09,103.96,0.54,104.37,-0.28,POS+CHROM,57.687,3327.8215,-57.687,6.757,45.6614,-6.757,7.701,59.301,-7.701,7.293,53.1831,-7.293
1749,after,1749_after_clip_0002,ok,150,150.0,82.0,12.0,46.17,51.54,0,84.65,53.98,0.94,0.12269511419107261,33.91,96.27,2.17,96.17,2.31,96.21,2.24,POS+CHROM,30.671,940.6895,-30.671,11.615,134.9056,11.615,11.515,132.6032,11.515,11.565,133.7387,11.565
1749,before,1749_before_clip_0000,ok,150,119.0,78.0,12.0,7.36,91.69,0,107.84,53.85,0.84,0.08883032284934878,33.8,59.55,0.51,57.61,1.59,56.99,0.98,POS+CHROM+DEEP,53.985,2914.4279,-53.985,48.287,2331.5931,-48.287,50.222,2522.2187,-50.222,50.848,2585.5329,-50.848
1749,before,1749_before_clip_0001,ok,150,119.0,78.0,12.0,7.43,91.89,0,108.08,53.94,1.04,-0.026065419125974123,33.76,65.95,3.93,67.91,3.26,66.88,3.6,POS+CHROM,54.147,2931.9244,-54.147,42.134,1775.3154,-42.134,40.169,1613.5626,-40.169,41.207,1697.9811,-41.207
1749,before,1749_before_clip_0002,ok,150,119.0,78.0,12.0,2.11,94.66,0,107.82,53.96,1.01,-0.056985513170409355,33.75,74.4,0.3,72.41,0.86,73.36,0.58,POS+CHROM,53.861,2901.0212,-53.861,33.414,1116.4676,-33.414,35.405,1253.54,-35.405,34.456,1187.2322,-34.456
1760,after,1760_after_clip_0000,ok,150,136.0,74.0,15.4,27.95,66.2,0,91.41,53.77,1.39,-0.0735288931080601,31.21,82.58,0.75,85.94,-2.31,83.84,-0.78,POS+CHROM,37.638,1416.5838,-37.638,8.829,77.9425,-8.829,5.466,29.8762,-5.466,7.566,57.2429,-7.566
1760,after,1760_after_clip_0001,ok,150,136.0,74.0,15.4,25.54,68.57,0,90.84,53.69,1.44,-0.07499455981546237,31.18,67.51,-1.56,103.47,-3.1,68.98,-1.07,POS+CHROM+DEEP,37.146,1379.8495,-37.146,23.329,544.2615,-23.329,12.636,159.6704,12.636,21.856,477.698,-21.856
1760,after,1760_after_clip_0002,ok,150,136.0,74.0,15.4,25.99,71.8,0,121.59,53.8,1.38,-0.032027852358573236,31.61,70.18,-2.1,69.93,-1.85,70.05,-1.97,POS+CHROM,67.785,4594.8109,-67.785,51.407,2642.6332,-51.407,51.658,2668.5141,-51.658,51.535,2655.8205,-51.535
1760,before,1760_before_clip_0000,ok,150,120.0,70.0,15.4,21.25,58.37,0,117.96,53.67,1.48,-0.2738817080143371,31.27,86.06,0.29,79.19,0.54,82.55,0.41,POS+CHROM,64.291,4133.3339,-64.291,31.893,1017.1887,-31.893,38.773,1503.3153,-38.773,35.406,1253.5588,-35.406
1760,before,1760_before_clip_0001,ok,150,120.0,70.0,15.4,44.29,31.62,0,116.56,53.8,1.43,-0.07572526580865482,31.68,78.91,0.98,83.72,-4.05,80.36,-1.53,POS+CHROM,62.756,3938.3679,-62.756,37.646,1417.2203,-37.646,32.831,1077.8954,-32.831,36.192,1309.8771,-36.192
1760,before,1760_before_clip_0002,ok,150,120.0,70.0,15.4,23.25,68.45,0,69.27,53.76,1.41,-0.1554966602670152,32.04,72.49,-0.93,74.25,-0.43,73.41,-0.68,POS+CHROM,15.508,240.4915,-15.508,3.225,10.3975,3.225,4.986,24.8552,4.986,4.142,17.1569,4.142
1765,after,1765_after_clip_0000,ok,150,113.0,67.0,13.0,8.98,87.96,0,105.85,53.92,1.16,-0.04531722898762194,33.9,75.14,-1.81,57.12,0.05,55.37,0.6,CHROM+DEEP,51.929,2696.5796,-51.929,30.706,942.8874,-30.706,48.733,2374.8622,-48.733,50.478,2548.0689,-50.478
1765,after,1765_after_clip_0001,ok,150,113.0,67.0,13.0,20.82,70.43,0,114.05,53.8,0.98,0.10359666388714037,33.55,63.43,2.57,60.01,7.7,59.68,3.75,POS+CHROM+DEEP,60.25,3630.0041,-60.25,50.622,2562.5368,-50.622,54.038,2920.0746,-54.038,54.365,2955.5097,-54.365
1765,after,1765_after_clip_0002,ok,150,113.0,67.0,13.0,25.33,73.6,0,84.02,53.5,1.1,0.00281045749245633,32.56,61.91,3.77,64.86,-1.43,62.78,1.17,POS+CHROM,30.517,931.3057,-30.517,22.111,488.9087,-22.111,19.16,367.1158,-19.16,21.238,451.04,-21.238
1765,before,1765_before_clip_0000,ok,150,105.0,63.0,13.0,15.03,83.82,0,95.94,53.76,0.98,0.02141091864123469,32.9,54.08,4.01,108.01,-4.57,53.96,2.5,POS+DEEP,42.182,1779.2921,-42.182,41.854,1751.7966,-41.854,12.073,145.7671,12.073,41.978,1762.1169,-41.978
1765,before,1765_before_clip_0001,ok,150,105.0,63.0,13.0,4.76,91.18,0,93.06,53.6,1.0,-0.006360748351908179,33.3,56.94,4.82,88.47,-4.87,55.78,2.91,POS+DEEP,39.454,1556.6165,-39.454,36.121,1304.7051,-36.121,4.589,21.0615,-4.589,37.274,1389.3673,-37.274
1765,before,1765_before_clip_0002,ok,150,105.0,63.0,13.0,1.99,97.43,0,86.63,53.69,0.97,-0.03830265728170443,33.27,60.36,5.58,56.84,4.05,57.76,3.53,POS+CHROM+DEEP,32.934,1084.6376,-32.934,26.269,690.0577,-26.269,29.79,887.427,-29.79,28.869,833.4119,-28.869
1785,after,1785_after_clip_0000,ok,150,112.0,64.0,14.1,4.43,91.82,0,82.36,53.51,1.32,0.09132811863835105,31.72,74.9,1.83,75.41,1.16,75.14,1.49,POS+CHROM,28.85,832.3293,-28.85,7.461,55.6596,-7.461,6.949,48.2861,-6.949,7.219,52.1129,-7.219
1785,after,1785_after_clip_0001,ok,150,112.0,64.0,14.1,4.84,92.56,0,91.5,53.45,1.09,-0.03357372812296932,31.71,75.17,3.83,74.12,1.67,74.74,2.75,POS+CHROM,38.045,1447.4512,-38.045,16.329,266.6379,-16.329,17.376,301.9178,-17.376,16.759,280.8783,-16.759
1785,after,1785_after_clip_0002,ok,150,112.0,64.0,14.1,2.74,96.3,0,74.7,53.49,1.31,0.009489121977169382,31.69,76.37,-0.42,74.09,-0.91,75.28,-0.67,POS+CHROM,21.21,449.8715,-21.21,1.676,2.8096,1.676,0.604,0.3654,-0.604,0.582,0.339,0.582
1785,before,1785_before_clip_0000,ok,150,114.0,67.0,14.1,2.43,93.04,0,123.9,53.53,1.32,0.08109015405523515,32.03,86.73,1.08,80.8,-0.8,84.23,0.14,POS+CHROM,70.373,4952.3495,-70.373,37.171,1381.6836,-37.171,43.098,1857.4792,-43.098,39.676,1574.1868,-39.676
1785,before,1785_before_clip_0001,ok,150,114.0,67.0,14.1,5.33,92.85,0,101.12,53.54,1.33,-0.04961899286091274,32.03,67.02,0.77,66.63,0.11,66.84,0.44,POS+CHROM,47.585,2264.3488,-47.585,34.103,1162.9967,-34.103,34.493,1189.7505,-34.493,34.287,1175.5968,-34.287
1785,before,1785_before_clip_0002,ok,150,114.0,67.0,14.1,3.68,95.06,0,92.57,53.53,1.35,-0.04764020943789428,32.0,74.38,-1.18,74.24,-0.09,74.3,-0.63,POS+CHROM,39.043,1524.3309,-39.043,18.189,330.8348,-18.189,18.335,336.1618,-18.335,18.268,333.7354,-18.268
1790,after,1790_after_clip_0000,ok,150,170.0,89.0,14.9,27.2,34.68,0,77.68,53.71,1.32,0.13339358710920873,31.67,99.53,0.76,101.96,-1.77,100.49,-0.51,POS+CHROM,23.973,574.6893,-23.973,21.85,477.4305,21.85,24.284,589.7139,24.284,22.814,520.4636,22.814
1790,after,1790_after_clip_0001,ok,150,170.0,89.0,14.9,33.31,60.37,0,109.23,53.5,1.38,-0.03869768245899105,31.51,103.8,0.74,109.28,-2.62,105.79,-0.94,POS+CHROM,55.734,3106.2404,-55.734,5.434,29.5303,-5.434,0.049,0.0024,0.049,3.44,11.8368,-3.44
1790,after,1790_after_clip_0002,ok,150,170.0,89.0,14.9,15.74,11.92,0,59.14,53.46,1.28,-0.35209478928836185,31.14,76.49,-0.3,79.23,-0.26,77.86,-0.28,POS+CHROM,5.68,32.2663,-5.68,17.342,300.7301,17.342,20.083,403.3333,20.083,18.717,350.332,18.717
1790,before,1790_before_clip_0000,ok,150,126.0,87.0,14.9,7.33,91.89,0,102.54,53.89,1.39,-0.03094067524670793,31.79,76.14,1.35,73.65,0.7,74.96,1.03,POS+CHROM,48.654,2367.2422,-48.654,26.401,697.0038,-26.401,28.898,835.0983,-28.898,27.582,760.776,-27.582
1790,before,1790_before_clip_0001,ok,150,126.0,87.0,14.9,20.68,78.72,0,129.65,53.76,1.45,0.02472054751561186,31.39,91.03,-0.05,61.47,-1.99,56.54,-0.27,CHROM+DEEP,75.881,5757.8924,-75.881,38.613,1491.0009,-38.613,68.179,4648.4298,-68.179,73.103,5344.0123,-73.103
1790,before,1790_before_clip_0002,ok,150,126.0,87.0,14.9,4.97,93.57,0,74.93,53.91,1.4,0.09908152674021559,31.36,73.72,2.45,71.64,1.76,72.74,2.1,POS+CHROM,21.023,441.9555,-21.023,1.206,1.4552,-1.206,3.293,10.8447,-3.293,2.189,4.7934,-2.189
1838,after,1838_after_clip_0000,ok,150,150.0,92.0,16.5,67.16,30.5,0,96.09,52.47,-0.18,0.01051257367522028,35.53,58.36,-0.84,119.41,-4.84,55.25,-0.51,POS+DEEP,43.626,1903.2016,-43.626,37.736,1424.0121,-37.736,23.316,543.6359,23.316,40.842,1668.0726,-40.842
1838,after,1838_after_clip_0001,ok,150,150.0,92.0,16.5,50.99,29.17,1,76.8,53.68,1.37,-0.022387394071927386,34.24,57.07,-2.79,119.58,-4.68,54.81,-0.71,POS+DEEP,23.123,534.6717,-23.123,19.733,389.3871,-19.733,42.771,1829.3572,42.771,21.993,483.7014,-21.993
1838,after,1838_after_clip_0002,ok,150,150.0,92.0,16.5,36.72,48.89,0,100.42,54.39,1.38,-0.12180539519843911,32.94,75.11,-1.52,132.06,-1.21,82.3,-0.45,POS+CHROM+DEEP,46.03,2118.7274,-46.03,25.309,640.5257,-25.309,31.642,1001.2191,31.642,18.117,328.2249,-18.117
1838,before,1838_before_clip_0000,ok,150,144.0,79.0,16.5,47.24,50.29,0,82.72,54.2,0.91,-0.02975352623532393,33.57,63.38,4.21,67.26,1.24,64.85,2.72,POS+CHROM,28.523,813.5557,-28.523,19.341,374.086,-19.341,15.461,239.0472,-15.461,17.872,319.3964,-17.872
1838,before,1838_before_clip_0001,ok,150,144.0,79.0,16.5,36.65,56.2,0,120.13,54.16,1.19,-0.2662801079219162,34.12,63.78,2.74,63.06,2.83,63.41,2.78,POS+CHROM,65.968,4351.8231,-65.968,56.353,3175.6403,-56.353,57.073,3257.303,-57.073,56.716,3216.6565,-56.716
1838,before,1838_before_clip_0002,ok,150,144.0,79.0,16.5,42.71,47.64,0,107.8,54.08,1.17,0.061568085330254034,33.38,104.9,-0.98,97.46,-1.74,101.42,-1.36,POS+CHROM,53.724,2886.2418,-53.724,2.902,8.419,-2.902,10.343,106.9736,-10.343,6.387,40.7984,-6.387
1859,after,1859_after_clip_0000,ok,150,127.0,77.0,14.7,10.03,74.11,0,85.2,53.61,1.12,-0.044251049929845375,33.17,103.5,0.83,105.04,0.87,104.27,0.85,POS+CHROM,31.589,997.8858,-31.589,18.291,334.5778,18.291,19.838,393.5366,19.838,19.067,363.5614,19.067
1859,after,1859_after_clip_0001,ok,150,127.0,77.0,14.7,32.73,36.56,0,69.68,53.52,1.11,0.10914792818165574,33.53,86.72,-1.19,56.27,-1.24,54.63,-0.06,CHROM+DEEP,16.162,261.2046,-16.162,17.038,290.3055,17.038,13.407,179.741,-13.407,15.05,226.5133,-15.05
1859,after,1859_after_clip_0002,ok,150,127.0,77.0,14.7,43.87,42.54,0,68.0,53.52,1.09,-0.20912302347212533,33.53,62.79,-0.05,61.67,-1.28,62.29,-0.67,POS+CHROM,14.479,209.6381,-14.479,5.209,27.1289,-5.209,6.328,40.0428,-6.328,5.711,32.6155,-5.711
1859,before,1859_before_clip_0000,ok,150,127.0,71.0,14.7,20.21,78.55,0,102.69,53.03,1.26,0.008192220168143608,30.59,76.47,1.39,74.08,1.42,75.27,1.4,POS+CHROM,49.66,2466.0949,-49.66,26.218,687.4015,-26.218,28.608,818.4057,-28.608,27.417,751.6663,-27.417
1859,before,1859_before_clip_0001,ok,150,127.0,71.0,14.7,11.98,86.64,0,90.94,53.12,1.47,0.01286450320930839,30.55,76.6,1.01,77.04,1.4,76.83,1.2,POS+CHROM,37.82,1430.3495,-37.82,14.341,205.6742,-14.341,13.905,193.3512,-13.905,14.116,199.2655,-14.116
1859,before,1859_before_clip_0002,ok,150,127.0,71.0,14.7,21.73,75.85,0,89.95,52.89,1.29,0.01527576613521762,30.55,59.97,-2.67,59.51,-3.33,56.29,-1.57,POS+CHROM+DEEP,37.055,1373.1078,-37.055,29.979,898.7163,-29.979,30.437,926.3904,-30.437,33.66,1133.0238,-33.66
1922,after,1922_after_clip_0000,ok,150,118.0,64.0,14.4,59.18,21.01,1,76.94,53.75,1.03,-0.041174747232265274,32.91,104.45,-0.97,74.27,-2.23,74.75,-0.72,POS+CHROM+DEEP,23.186,537.5684,-23.186,27.511,756.8822,27.511,2.671,7.1355,-2.671,2.186,4.7798,-2.186
1922,after,1922_after_clip_0001,ok,150,118.0,64.0,14.4,32.27,42.74,0,70.67,53.8,1.03,-0.15778543227626163,33.27,60.03,3.09,60.4,5.07,58.77,3.06,POS+CHROM+DEEP,16.87,284.5913,-16.87,10.644,113.2888,-10.644,10.271,105.492,-10.271,11.902,141.6517,-11.902
1922,after,1922_after_clip_0002,ok,150,118.0,64.0,14.4,19.17,63.03,0,76.02,53.71,1.05,-0.0543824368876281,33.27,90.8,2.18,88.34,2.83,89.5,2.51,POS+CHROM,22.311,497.7985,-22.311,14.776,218.325,14.776,12.311,151.5719,12.311,13.477,181.6267,13.477
1922,before,1922_before_clip_0000,ok,150,117.0,64.0,14.4,52.75,41.62,0,89.18,53.84,1.03,-0.06102103718566047,33.29,83.57,2.42,86.49,1.01,84.86,1.72,POS+CHROM,35.339,1248.8176,-35.339,5.601,31.3723,-5.601,2.685,7.2081,-2.685,4.313,18.5994,-4.313
1922,before,1922_before_clip_0001,ok,150,117.0,64.0,14.4,34.89,55.98,0,107.52,53.8,1.02,-0.038042180520884525,33.25,82.29,-2.11,57.12,0.56,55.4,0.79,CHROM+DEEP,53.713,2885.1343,-53.713,25.23,636.5777,-25.23,50.393,2539.4956,-50.393,52.118,2716.2388,-52.118
1922,before,1922_before_clip_0002,ok,150,117.0,64.0,14.4,25.71,35.57,0,63.87,53.83,1.05,-0.24732585907302382,33.26,70.9,2.36,74.38,3.12,72.75,2.74,POS+CHROM,10.04,100.8057,-10.04,7.028,49.3995,7.028,10.511,110.4794,10.511,8.879,78.8448,8.879
1932,after,1932_after_clip_0000,ok,150,105.0,75.0,16.7,22.61,70.59,0,71.68,53.93,1.31,0.06506427630081257,33.25,104.92,0.68,113.93,-3.54,84.89,-0.51,POS+CHROM+DEEP,17.75,315.0633,-17.75,33.244,1105.1357,33.244,42.258,1785.7666,42.258,13.216,174.6749,13.216
1932,after,1932_after_clip_0001,ok,150,105.0,75.0,16.7,40.0,45.44,0,66.38,53.95,1.11,-0.015688989594437,33.29,108.08,-0.08,92.69,-3.95,81.07,-0.97,POS+CHROM+DEEP,12.431,154.5302,-12.431,41.704,1739.2347,41.704,26.315,692.455,26.315,14.696,215.9793,14.696
1932,after,1932_after_clip_0002,ok,150,105.0,75.0,16.7,21.12,73.31,0,84.49,53.81,0.95,0.08530704619984875,34.36,117.7,3.86,116.61,3.25,117.18,3.55,POS+CHROM,30.675,940.9611,-30.675,33.211,1102.9421,33.211,32.119,1031.5992,32.119,32.692,1068.7903,32.692
1932,before,1932_before_clip_0000,ok,150,110.0,74.0,16.7,21.62,71.58,0,58.06,53.92,0.88,0.12617906806378118,33.43,67.04,1.51,72.45,1.99,69.85,1.75,POS+CHROM,4.146,17.1894,-4.146,8.975,80.546,8.975,14.388,207.0011,14.388,11.79,139.0072,11.79
1932,before,1932_before_clip_0001,ok,150,110.0,74.0,16.7,21.3,76.8,0,69.92,54.19,1.17,-0.021591065786469656,32.38,77.68,-2.7,80.38,-2.12,79.09,-2.41,POS+CHROM,15.727,247.3384,-15.727,7.761,60.2303,7.761,10.462,109.4553,10.462,9.176,84.2069,9.176
1932,before,1932_before_clip_0002,ok,150,110.0,74.0,16.7,15.28,81.44,0,69.47,54.41,1.52,-0.08509731234494855,32.3,59.71,-2.12,94.53,-1.98,56.28,-0.3,POS+DEEP,15.061,226.833,-15.061,9.761,95.2803,-9.761,25.053,627.6407,25.053,13.192,174.0238,-13.192
1943,after,1943_after_clip_0000,ok,150,156.0,81.0,15.3,35.44,59.15,0,86.64,54.36,1.19,-0.1479458567898045,34.4,106.91,5.47,107.39,2.87,107.1,4.17,POS+CHROM,32.28,1041.9683,-32.28,20.269,410.8188,20.269,20.747,430.4349,20.747,20.457,418.4753,20.457
1943,after,1943_after_clip_0001,ok,150,156.0,81.0,15.3,22.99,70.18,0,99.74,54.46,1.25,0.215865581199662,33.58,104.12,-1.88,102.1,-1.29,103.06,-1.58,POS+CHROM,45.275,2049.8188,-45.275,4.382,19.2049,4.382,2.362,5.5797,2.362,3.323,11.0392,3.323
1943,after,1943_after_clip_0002,ok,150,156.0,81.0,15.3,56.63,34.16,0,116.46,54.43,1.2,0.15732789326928195,33.69,108.81,1.48,110.56,1.36,109.68,1.42,POS+CHROM,62.025,3847.0717,-62.025,7.649,58.5078,-7.649,5.896,34.7679,-5.896,6.781,45.9872,-6.781
1943,before,1943_before_clip_0000,ok,150,116.0,73.0,15.3,7.94,90.47,0,96.15,54.09,1.0,-0.031365485596757406,34.27,80.48,-1.78,83.2,-2.69,81.74,-2.24,POS+CHROM,42.06,1769.0602,-42.06,15.67,245.556,-15.67,12.957,167.8945,-12.957,14.417,207.8504,-14.417
1943,before,1943_before_clip_0001,ok,150,116.0,73.0,15.3,8.65,88.99,0,120.12,54.22,1.04,-0.08894173165224108,34.2,82.44,2.88,82.13,3.85,82.27,3.37,POS+CHROM,65.898,4342.5404,-65.898,37.676,1419.4533,-37.676,37.987,1442.9851,-37.987,37.844,1432.1456,-37.844
1943,before,1943_before_clip_0002,ok,150,116.0,73.0,15.3,14.04,82.39,0,77.22,54.19,1.04,0.0006347155249258342,33.43,72.2,3.05,72.01,3.18,72.1,3.12,POS+CHROM,23.029,530.3445,-23.029,5.023,25.2282,-5.023,5.211,27.1525,-5.211,5.118,26.1917,-5.118
1973,after,1973_after_clip_0000,ok,150,128.0,81.0,13.7,1.74,95.98,0,70.37,53.83,1.08,-0.004890399513267235,33.15,63.76,0.01,66.68,-0.02,65.22,-0.01,POS+CHROM,16.538,273.5196,-16.538,6.608,43.6636,-6.608,3.686,13.5863,-3.686,5.151,26.5286,-5.151
1973,after,1973_after_clip_0001,ok,150,128.0,81.0,13.7,1.17,98.45,0,109.8,53.87,1.09,0.010962721919282846,33.11,100.68,0.58,100.32,-1.66,100.53,-0.54,POS+CHROM,55.929,3128.0252,-55.929,9.127,83.2978,-9.127,9.487,90.005,-9.487,9.274,86.0007,-9.274
1973,after,1973_after_clip_0002,ok,150,128.0,81.0,13.7,1.68,98.12,0,130.26,53.86,1.11,-0.053377565862881345,32.72,103.05,2.61,103.47,0.03,103.22,1.32,POS+CHROM,76.396,5836.3903,-76.396,27.202,739.9394,-27.202,26.787,717.5403,-26.787,27.038,731.0755,-27.038
1973,before,1973_before_clip_0000,ok,150,120.0,71.0,13.7,8.64,89.74,0,129.54,53.65,1.13,-0.09473278785471413,32.37,81.02,3.61,77.37,1.95,79.44,2.78,POS+CHROM,75.895,5760.1216,-75.895,48.529,2355.0292,-48.529,52.178,2722.5569,-52.178,50.102,2510.1833,-50.102
1973,before,1973_before_clip_0001,ok,150,120.0,71.0,13.7,10.02,88.8,0,82.32,53.63,1.1,0.08686155583562648,33.15,82.79,4.15,83.64,0.21,83.08,2.18,POS+CHROM,28.692,823.2257,-28.692,0.472,0.2227,0.472,1.32,1.7433,1.32,0.762,0.5803,0.762
1973,before,1973_before_clip_0002,ok,150,120.0,71.0,13.7,25.15,73.27,0,121.73,53.67,1.09,0.06442218947299208,33.16,79.8,1.48,82.55,0.1,81.01,0.79,POS+CHROM,68.058,4631.8254,-68.058,41.935,1758.5066,-41.935,39.184,1535.3629,-39.184,40.716,1657.7963,-40.716
1981,after,1981_after_clip_0000,ok,150,112.0,71.0,13.5,14.31,84.66,0,74.33,53.88,0.99,-0.10075459599561844,32.94,86.61,2.74,90.02,-0.14,87.92,1.3,POS+CHROM,20.453,418.3156,-20.453,12.281,150.8339,12.281,15.696,246.3633,15.696,13.587,184.6165,13.587
1981,after,1981_after_clip_0001,ok,150,112.0,71.0,13.5,26.81,57.81,0,87.02,53.73,0.97,0.0981066039182635,33.29,65.26,-0.97,64.23,1.23,64.65,0.13,POS+CHROM,33.289,1108.187,-33.289,21.759,473.4601,-21.759,22.786,519.194,-22.786,22.365,500.2156,-22.365
1981,after,1981_after_clip_0002,ok,150,112.0,71.0,13.5,27.71,69.42,0,101.12,53.75,1.05,-0.02634323615234233,33.32,97.39,2.3,100.15,0.0,98.51,1.15,POS+CHROM,47.375,2244.3905,-47.375,3.738,13.9716,-3.738,0.971,0.9425,-0.971,2.615,6.8408,-2.615
1981,before,1981_before_clip_0000,ok,150,99.0,64.0,13.5,9.99,88.97,0,119.25,53.84,0.95,-0.0065912908953176495,33.34,91.31,-1.26,66.76,-1.18,68.46,-0.49,POS+CHROM+DEEP,65.405,4277.8741,-65.405,27.938,780.5214,-27.938,52.49,2755.1849,-52.49,50.788,2579.3876,-50.788
1981,before,1981_before_clip_0001,ok,150,99.0,64.0,13.5,9.52,83.15,0,117.7,53.87,0.9,0.10791294492603229,33.37,93.54,-1.48,66.54,-2.25,68.96,-0.94,POS+CHROM+DEEP,63.829,4074.1994,-63.829,24.153,583.3498,-24.153,51.158,2617.1046,-51.158,48.739,2375.454,-48.739
1981,before,1981_before_clip_0002,ok,150,99.0,64.0,13.5,11.27,82.59,0,109.45,53.88,0.94,-0.14579484536782228,33.33,121.83,0.17,121.23,-0.13,121.53,0.02,POS+CHROM,55.574,3088.484,-55.574,12.373,153.0843,12.373,11.773,138.6064,11.773,12.08,145.9353,12.08
2003,after,2003_after_clip_0000,ok,150,109.0,57.0,12.7,2.18,97.39,0,58.18,54.64,1.33,-0.01415457631642671,33.65,65.0,1.32,64.33,1.61,64.66,1.46,POS+CHROM,3.543,12.5552,-3.543,6.819,46.4939,6.819,6.149,37.8047,6.149,6.475,41.9308,6.475
2003,after,2003_after_clip_0001,ok,150,109.0,57.0,12.7,2.18,97.02,0,78.69,54.48,1.4,0.06496018008266137,33.66,59.19,0.05,59.48,0.87,57.55,0.77,POS+CHROM+DEEP,24.217,586.4604,-24.217,19.504,380.3896,-19.504,19.211,369.066,-19.211,21.142,446.9779,-21.142
2003,after,2003_after_clip_0002,ok,150,109.0,57.0,12.7,5.6,93.57,0,82.45,54.52,1.29,-0.08874599098842387,33.71,57.22,3.1,57.36,3.84,56.58,2.74,POS+CHROM+DEEP,27.935,780.3692,-27.935,25.229,636.5195,-25.229,25.089,629.4585,-25.089,25.871,669.3018,-25.871
2003,before,2003_before_clip_0000,ok,150,100.0,63.0,12.7,8.13,91.72,0,80.84,54.48,1.34,-0.04499708428688487,33.24,60.05,5.14,61.25,5.58,59.41,4.02,POS+CHROM+DEEP,26.366,695.1724,-26.366,20.793,432.3623,-20.793,19.59,383.7875,-19.59,21.431,459.3055,-21.431
2003,before,2003_before_clip_0001,ok,150,100.0,63.0,12.7,2.2,97.46,0,122.05,54.47,1.33,-0.037625312988193306,33.97,120.6,-4.56,122.49,-3.07,121.66,-3.82,POS+CHROM,67.579,4566.8655,-67.579,1.445,2.0884,-1.445,0.448,0.201,0.448,0.382,0.1458,-0.382
2003,before,2003_before_clip_0002,ok,150,100.0,63.0,12.7,0.61,98.41,0,105.27,54.45,1.34,-0.010940451323059467,33.97,119.69,-0.62,117.26,0.02,118.41,-0.3,POS+CHROM,50.812,2581.8537,-50.812,14.424,208.0382,14.424,11.991,143.7906,11.991,13.142,172.7227,13.142
2022,after,2022_after_clip_0000,ok,150,116.0,63.0,14.1,7.61,88.32,0,123.9,54.2,1.0,0.02463847341482708,33.44,105.1,1.06,101.98,-2.16,103.95,-0.55,POS+CHROM,69.698,4857.7688,-69.698,18.801,353.4748,-18.801,21.916,480.3159,-21.916,19.949,397.981,-19.949
2022,after,2022_after_clip_0001,ok,150,116.0,63.0,14.1,6.7,89.16,0,67.24,54.18,1.04,0.10118623264517032,33.41,89.82,1.53,86.46,-3.07,88.76,-0.77,POS+CHROM,13.053,170.3705,-13.053,22.589,510.2622,22.589,19.228,369.7276,19.228,21.523,463.2284,21.523
2022,after,2022_after_clip_0002,ok,150,116.0,63.0,14.1,16.94,80.34,0,82.0,54.24,1.08,-0.039020352173824976,33.43,86.35,-0.38,97.41,-2.4,75.28,-0.57,POS+CHROM+DEEP,27.764,770.8196,-27.764,4.351,18.9281,4.351,15.413,237.5565,15.413,6.715,45.0932,-6.715
2022,before,2022_before_clip_0000,ok,150,117.0,73.0,14.1,10.83,82.53,0,82.01,54.21,0.99,0.03725092962349728,33.12,83.56,-0.41,76.42,-0.25,79.94,-0.33,POS+CHROM,27.794,772.5341,-27.794,1.556,2.4221,1.556,5.585,31.194,-5.585,2.064,4.2588,-2.064
2022,before,2022_before_clip_0001,ok,150,117.0,73.0,14.1,5.08,94.12,0,135.06,54.16,1.05,-0.017025156711708064,33.44,90.11,0.07,90.96,-0.28,90.52,-0.1,POS+CHROM,80.897,6544.4048,-80.897,44.95,2020.4894,-44.95,44.097,1944.5626,-44.097,44.536,1983.4298,-44.536
2022,before,2022_before_clip_0002,ok,150,117.0,73.0,14.1,9.75,89.16,0,88.28,54.23,1.06,0.01653776617942039,33.42,82.55,3.41,78.24,3.98,80.3,3.7,POS+CHROM,34.056,1159.7968,-34.056,5.728,32.8145,-5.728,10.036,100.7207,-10.036,7.985,63.761,-7.985
2091,after,2091_after_clip_0000,ok,150,124.0,76.0,14.1,10.16,74.21,0,132.72,53.42,1.09,-0.1075441501271415,32.58,116.53,1.88,119.71,0.11,117.89,0.99,POS+CHROM,79.304,6289.164,-79.304,16.193,262.2256,-16.193,13.015,169.3825,-13.015,14.836,220.1116,-14.836
2091,after,2091_after_clip_0001,ok,150,124.0,76.0,14.1,28.56,65.11,0,79.59,53.44,1.1,-0.03852220960433507,32.12,121.57,-3.62,71.36,-0.56,73.59,-1.03,POS+CHROM+DEEP,26.147,683.6657,-26.147,41.983,1762.6002,41.983,8.227,67.685,-8.227,5.998,35.9715,-5.998
2091,after,2091_after_clip_0002,ok,150,124.0,76.0,14.1,24.43,72.11,0,89.01,53.36,1.05,0.09517316998050511,31.82,78.12,1.21,77.06,0.38,77.62,0.8,POS+CHROM,35.647,1270.7179,-35.647,10.889,118.5804,-10.889,11.948,142.7506,-11.948,11.382,129.5508,-11.382
2091,before,2091_before_clip_0000,ok,150,107.0,64.0,14.1,32.87,58.82,0,112.5,53.61,1.14,-0.2251714472961219,33.24,84.95,-0.07,87.21,-2.12,85.89,-1.09,POS+CHROM,58.881,3467.0272,-58.881,27.546,758.7762,-27.546,25.282,639.1584,-25.282,26.606,707.8568,-26.606
2091,before,2091_before_clip_0001,ok,150,107.0,64.0,14.1,28.16,49.97,0,122.57,53.57,1.07,-0.2081528775085371,32.87,96.77,0.59,101.83,-0.54,99.06,0.02,POS+CHROM,68.999,4760.8826,-68.999,25.805,665.8962,-25.805,20.738,430.0809,-20.738,23.511,552.761,-23.511
2091,before,2091_before_clip_0002,ok,150,107.0,64.0,14.1,48.48,38.95,0,79.19,53.57,1.13,-0.07661607809333496,33.25,125.14,-1.57,87.7,-2.04,83.09,-0.83,POS+CHROM+DEEP,25.617,656.2496,-25.617,45.951,2111.4727,45.951,8.509,72.4074,8.509,3.904,15.2382,3.904
2110,after,2110_after_clip_0000,ok,150,109.0,63.0,14.3,2.06,95.24,0,83.62,53.97,1.37,0.09231381135336084,36.82,88.99,-0.17,86.29,-0.79,87.71,-0.48,POS+CHROM,29.647,878.9522,-29.647,5.37,28.8337,5.37,2.667,7.1151,2.667,4.088,16.7091,4.088
2110,after,2110_after_clip_0001,ok,150,109.0,63.0,14.3,10.2,81.24,0,83.26,53.59,0.59,-0.04524630967430754,33.5,82.72,-2.47,70.37,1.27,66.93,-0.21,POS+CHROM+DEEP,29.67,880.3349,-29.67,0.538,0.2893,-0.538,12.889,166.1341,-12.889,16.329,266.6251,-16.329
2110,after,2110_after_clip_0002,ok,150,109.0,63.0,14.3,4.06,94.11,0,126.41,54.72,1.24,-0.18198032269241762,36.69,132.87,-2.66,89.7,-3.38,83.44,-1.6,POS+CHROM+DEEP,71.683,5138.4405,-71.683,6.463,41.7689,6.463,36.713,1347.828,-36.713,42.963,1845.814,-42.963
2110,before,2110_before_clip_0000,ok,150,99.0,57.0,14.3,20.18,76.64,0,97.58,53.8,0.98,0.07026430882775994,35.79,61.02,-2.45,65.09,-2.26,58.76,-1.24,POS+CHROM+DEEP,43.789,1917.4602,-43.789,36.563,1336.8481,-36.563,32.498,1056.1434,-32.498,38.823,1507.2006,-38.823
2110,before,2110_before_clip_0001,ok,150,99.0,57.0,14.3,3.75,93.56,0,62.35,54.88,1.39,0.022285826919807433,32.46,109.39,-8.51,97.66,-6.97,69.53,-4.7,POS+CHROM+DEEP,7.47,55.7982,-7.47,47.041,2212.8103,47.041,35.307,1246.5521,35.307,7.174,51.4604,7.174
2110,before,2110_before_clip_0002,ok,150,99.0,57.0,14.3,5.79,92.74,0,66.42,53.96,0.77,0.0026881233456619814,33.56,115.21,-4.34,117.88,-2.29,116.77,-3.32,POS+CHROM,12.459,155.2335,-12.459,48.792,2380.6545,48.792,51.466,2648.7122,51.466,50.355,2535.6635,50.355
2120,after,2120_after_clip_0000,ok,150,120.0,76.0,13.2,8.67,29.83,0,100.88,54.29,1.64,-0.0444179923561825,36.11,113.7,-0.91,136.17,-2.29,91.74,-0.52,POS+CHROM+DEEP,46.593,2170.8621,-46.593,12.825,164.4915,12.825,35.295,1245.7397,35.295,9.143,83.5876,-9.143
2120,after,2120_after_clip_0001,ok,150,120.0,76.0,13.2,20.46,75.31,0,58.23,54.06,1.39,-0.20845865360541568,35.67,101.02,0.58,67.11,-0.72,73.54,0.42,POS+CHROM+DEEP,4.174,17.4263,-4.174,42.791,1831.0423,42.791,8.876,78.7815,8.876,15.303,234.1845,15.303
2120,after,2120_after_clip_0002,ok,150,120.0,76.0,13.2,42.36,27.14,0,63.04,54.57,1.32,-0.11977132295756054,32.4,137.96,2.36,127.01,0.0,107.16,1.23,POS+CHROM+DEEP,8.472,71.774,-8.472,74.917,5612.5639,74.917,63.971,4092.3247,63.971,44.121,1946.6705,44.121
2120,before,2120_before_clip_0000,ok,150,100.0,50.0,13.2,20.39,70.87,0,109.28,54.4,1.34,0.15331471447044837,32.83,79.44,-2.87,71.82,-0.8,74.97,-1.83,POS+CHROM,54.874,3011.1627,-54.874,29.84,890.4176,-29.84,37.46,1403.2148,-37.46,34.302,1176.6228,-34.302
2120,before,2120_before_clip_0001,ok,150,100.0,50.0,13.2,18.26,70.45,0,103.49,54.56,1.42,-0.19476869974380012,33.27,71.2,-1.15,131.48,-1.11,81.13,-0.28,POS+CHROM+DEEP,48.934,2394.536,-48.934,32.292,1042.7981,-32.292,27.986,783.2383,27.986,22.357,499.8577,-22.357
2120,before,2120_before_clip_0002,ok,150,100.0,50.0,13.2,36.79,50.9,0,66.08,54.47,0.92,-0.01272310533044058,34.75,94.04,-1.48,98.4,-1.32,96.25,-1.4,POS+CHROM,11.611,134.8204,-11.611,27.958,781.6741,27.958,32.322,1044.6966,32.322,30.169,910.1714,30.169
2147,after,2147_after_clip_0000,ok,150,144.0,73.0,15.4,13.14,76.96,0,74.76,54.34,1.24,0.021939654453952948,32.4,99.54,0.91,100.67,-0.24,100.05,0.34,POS+CHROM,20.423,417.1177,-20.423,24.775,613.7915,24.775,25.908,671.2246,25.908,25.287,639.4504,25.287
2147,after,2147_after_clip_0001,ok,150,144.0,73.0,15.4,12.43,85.13,0,115.54,54.17,1.2,0.023315070924445423,33.21,102.34,-0.08,81.86,-3.19,76.99,-0.69,POS+CHROM+DEEP,61.369,3766.1112,-61.369,13.201,174.261,-13.201,33.677,1134.1624,-33.677,38.551,1486.1463,-38.551
2147,after,2147_after_clip_0002,ok,150,144.0,73.0,15.4,5.5,91.17,0,87.3,54.14,1.11,0.12461018157775393,33.21,99.91,4.44,99.27,4.57,99.59,4.51,POS+CHROM,33.164,1099.8544,-33.164,12.615,159.1259,12.615,11.966,143.184,11.966,12.287,150.9676,12.287
2147,before,2147_before_clip_0000,ok,150,140.0,78.0,15.4,4.22,88.37,0,58.41,54.12,1.13,0.06065241178281044,33.39,82.46,2.16,85.47,-1.29,83.55,0.44,POS+CHROM,4.296,18.4519,-4.296,24.047,578.2661,24.047,27.057,732.0608,27.057,25.131,631.5722,25.131
2147,before,2147_before_clip_0001,ok,150,140.0,78.0,15.4,12.58,77.63,0,61.02,54.07,1.11,-0.005266727875345811,33.36,89.42,1.57,71.76,-0.1,72.24,0.86,POS+CHROM+DEEP,6.954,48.3638,-6.954,28.399,806.4819,28.399,10.743,115.4115,10.743,11.216,125.7901,11.216
2147,before,2147_before_clip_0002,ok,150,140.0,78.0,15.4,32.95,57.36,0,125.11,54.02,1.1,0.028726725565001245,33.35,58.24,5.21,57.33,3.3,56.99,3.2,POS+CHROM+DEEP,71.09,5053.8003,-71.09,66.867,4471.1407,-66.867,67.776,4593.5572,-67.776,68.118,4640.0602,-68.118
2149,after,2149_after_clip_0000,ok,150,140.0,59.0,14.8,5.62,93.89,0,79.62,53.55,1.64,-0.05643143855810706,30.5,77.48,-0.8,134.74,-4.05,76.63,-1.07,POS+CHROM+DEEP,26.07,679.6211,-26.07,2.139,4.5773,-2.139,55.126,3038.905,55.126,2.986,8.9144,-2.986
2149,after,2149_after_clip_0001,ok,150,140.0,59.0,14.8,3.92,95.39,0,124.99,53.33,1.41,0.00015770440941154277,30.37,67.55,-0.36,107.66,-1.96,71.3,-0.3,POS+CHROM+DEEP,71.663,5135.6163,-71.663,57.446,3300.0656,-57.446,17.332,300.3853,-17.332,53.698,2883.4293,-53.698
2149,after,2149_after_clip_0002,ok,150,140.0,59.0,14.8,4.35,95.11,0,106.96,52.93,1.36,-0.01275466775020312,30.97,79.64,-1.76,78.87,1.08,79.17,-0.34,POS+CHROM,54.029,2919.0996,-54.029,27.319,746.3211,-27.319,28.087,788.853,-28.087,27.792,772.3954,-27.792
2149,before,2149_before_clip_0000,ok,150,123.0,54.0,14.8,1.9,97.13,0,56.22,53.42,1.42,0.09927075038289318,30.43,69.82,3.85,70.44,4.21,70.14,4.03,POS+CHROM,2.799,7.8338,-2.799,13.598,184.9133,13.598,14.221,202.2236,14.221,13.919,193.7292,13.919
2149,before,2149_before_clip_0001,ok,150,123.0,54.0,14.8,7.77,91.76,0,80.79,53.28,1.37,0.0420578343441718,30.42,72.08,3.84,75.84,3.72,73.94,3.78,POS+CHROM,27.505,756.5281,-27.505,8.711,75.8796,-8.711,4.949,24.4927,-4.949,6.85,46.918,-6.85
2149,before,2149_before_clip_0002,ok,150,123.0,54.0,14.8,5.36,91.55,0,77.78,53.34,1.4,0.06382440527838132,30.42,63.42,1.45,65.77,1.17,64.56,1.31,POS+CHROM,24.444,597.4906,-24.444,14.366,206.3781,-14.366,12.017,144.4008,-12.017,13.219,174.7544,-13.219
2153,after,2153_after_clip_0000,ok,150,96.0,58.0,9.3,17.84,76.35,0,86.13,53.03,1.33,-0.06304930875371492,33.27,82.27,0.33,102.29,-1.15,75.91,0.17,POS+CHROM+DEEP,33.1,1095.6301,-33.1,3.855,14.8596,-3.855,16.166,261.3521,16.166,10.223,104.5137,-10.223
2153,after,2153_after_clip_0001,ok,150,96.0,58.0,9.3,16.93,78.23,0,109.15,54.28,0.74,-0.11509836358447473,37.05,77.07,2.94,73.69,1.64,75.56,2.29,POS+CHROM,54.87,3010.7486,-54.87,32.079,1029.0877,-32.079,35.461,1257.5117,-35.461,33.588,1128.1495,-33.588
2153,after,2153_after_clip_0002,ok,150,96.0,58.0,9.3,3.34,84.99,0,122.51,53.41,0.1,-0.05145234707009058,34.92,78.79,-1.02,53.62,-1.0,53.51,-0.45,CHROM+DEEP,69.098,4774.5503,-69.098,43.726,1911.9256,-43.726,68.892,4746.1348,-68.892,69.005,4761.6398,-69.005
2153,before,2153_before_clip_0000,ok,150,107.0,65.0,9.3,15.03,83.68,0,67.9,53.11,0.7,0.04658407087722412,35.04,115.79,-1.28,66.79,2.84,73.64,0.76,POS+CHROM+DEEP,14.783,218.5331,-14.783,47.891,2293.5564,47.891,1.105,1.22,-1.105,5.739,32.9411,5.739
2153,before,2153_before_clip_0001,ok,150,107.0,65.0,9.3,7.82,89.72,0,75.18,55.09,1.49,-0.058404683358106745,36.6,100.23,-2.43,75.2,0.42,72.19,-0.17,POS+CHROM+DEEP,20.088,403.5102,-20.088,25.046,627.3125,25.046,0.018,0.0003,0.018,2.99,8.9372,-2.99
2153,before,2153_before_clip_0002,ok,150,107.0,65.0,9.3,8.33,90.1,0,76.08,53.12,0.82,0.04220044374091892,34.44,59.94,-2.96,85.58,1.82,55.49,-1.07,POS+DEEP,22.959,527.1206,-22.959,16.138,260.4307,-16.138,9.5,90.2563,9.5,20.589,423.9231,-20.589
2161,after,2161_after_clip_0000,ok,150,164.0,90.0,13.4,12.62,80.44,0,84.28,53.55,1.16,0.15559528743496007,33.15,118.01,2.28,116.34,1.63,117.22,1.96,POS+CHROM,30.727,944.1219,-30.727,33.729,1137.6322,33.729,32.059,1027.7587,32.059,32.939,1084.9675,32.939
2161,after,2161_after_clip_0001,ok,150,164.0,90.0,13.4,31.53,67.1,0,105.09,53.51,1.18,0.24598091181701331,32.79,109.06,-0.57,109.96,-1.89,109.46,-1.23,POS+CHROM,51.584,2660.9141,-51.584,3.969,15.7535,3.969,4.864,23.6622,4.864,4.367,19.0739,4.367
2161,after,2161_after_clip_0002,ok,150,164.0,90.0,13.4,34.47,63.5,0,98.0,53.63,1.12,0.07774801751055196,33.57,116.76,2.99,118.1,-1.77,117.17,0.61,POS+CHROM,44.369,1968.6239,-44.369,18.759,351.8896,18.759,20.1,404.0276,20.1,19.176,367.7267,19.176
2161,before,2161_before_clip_0000,ok,150,134.0,81.0,13.4,10.63,86.5,0,95.62,52.88,0.63,-0.05739237678959936,34.02,93.67,1.51,90.38,1.29,92.06,1.4,POS+CHROM,42.737,1826.41,-42.737,1.952,3.8106,-1.952,5.237,27.4308,-5.237,3.564,12.6998,-3.564
2161,before,2161_before_clip_0001,ok,150,134.0,81.0,13.4,22.45,76.95,0,123.88,54.36,1.26,0.03815929810422222,36.75,82.95,2.03,83.43,3.8,83.23,2.92,POS+CHROM,69.512,4831.8763,-69.512,40.923,1674.659,-40.923,40.444,1635.6841,-40.444,40.648,1652.2603,-40.648
2161,before,2161_before_clip_0002,ok,150,134.0,81.0,13.4,21.39,66.53,0,79.57,53.67,1.01,-0.08136299269523237,32.91,81.39,2.45,83.49,2.7,82.46,2.57,POS+CHROM,25.898,670.697,-25.898,1.815,3.2951,1.815,3.916,15.3384,3.916,2.887,8.3371,2.887
2183,after,2183_after_clip_0000,ok,150,136.0,73.0,13.1,38.51,49.29,0,102.09,54.01,1.15,0.07517024259454992,33.84,72.34,3.78,72.23,-0.9,72.3,1.44,POS+CHROM,48.073,2311.0139,-48.073,29.747,884.8699,-29.747,29.86,891.638,-29.86,29.782,886.9931,-29.782
2183,after,2183_after_clip_0001,ok,150,136.0,73.0,13.1,51.44,40.76,0,87.15,54.01,1.15,-0.15378984744634855,33.49,75.73,3.56,73.17,2.75,74.53,3.15,POS+CHROM,33.141,1098.3577,-33.141,11.42,130.4181,-11.42,13.98,195.4379,-13.98,12.614,159.1066,-12.614
2183,after,2183_after_clip_0002,ok,150,136.0,73.0,13.1,33.14,51.83,0,70.61,54.02,1.16,-0.13714923344461405,33.83,74.67,2.27,76.5,3.25,75.66,2.76,POS+CHROM,16.588,275.1492,-16.588,4.063,16.512,4.063,5.893,34.7298,5.893,5.053,25.534,5.053
2183,before,2183_before_clip_0000,ok,150,123.0,59.0,13.1,7.14,86.34,0,61.03,53.87,1.05,0.03203112609410517,33.04,81.56,3.34,85.87,0.45,83.2,1.89,POS+CHROM,7.164,51.3198,-7.164,20.524,421.2371,20.524,24.836,616.8297,24.836,22.17,491.5133,22.17
2183,before,2183_before_clip_0001,ok,150,123.0,59.0,13.1,6.03,92.19,0,102.26,54.06,1.19,0.061286844297011936,32.73,71.4,4.37,142.02,-3.08,76.82,0.82,POS+CHROM+DEEP,48.198,2323.0107,-48.198,30.86,952.3209,-30.86,39.757,1580.5927,39.757,25.438,647.1069,-25.438
2183,before,2183_before_clip_0002,ok,150,123.0,59.0,13.1,2.52,96.28,0,75.72,53.92,1.26,0.024081066083529345,33.04,66.29,3.22,74.36,-1.56,63.85,0.97,POS+CHROM+DEEP,21.797,475.092,-21.797,9.435,89.0147,-9.435,1.363,1.8589,-1.363,11.869,140.8616,-11.869
2187,after,2187_after_clip_0000,ok,150,120.0,79.0,11.4,72.21,21.17,1,73.71,54.08,1.04,-0.054707058969487785,33.6,118.71,-2.34,117.38,-0.33,117.94,-1.34,POS+CHROM,19.628,385.2457,-19.628,45.004,2025.3893,45.004,43.672,1907.2073,43.672,44.227,1956.07,44.227
2187,after,2187_after_clip_0001,ok,150,120.0,79.0,11.4,31.42,65.78,0,122.45,54.14,1.09,-0.28297757773990206,33.17,119.08,1.91,120.76,-3.49,119.57,-0.79,POS+CHROM,68.313,4666.6892,-68.313,3.375,11.3883,-3.375,1.691,2.86,-1.691,2.888,8.3393,-2.888
2187,after,2187_after_clip_0002,ok,150,120.0,79.0,11.4,33.1,45.75,0,72.45,54.05,1.11,-0.012224155556228062,33.54,121.03,-2.61,93.95,-5.67,80.33,-2.39,POS+CHROM+DEEP,18.399,338.5279,-18.399,48.577,2359.7293,48.577,21.501,462.2976,21.501,7.874,61.9998,7.874
2187,before,2187_before_clip_0000,ok,150,122.0,85.0,11.4,26.77,58.01,0,102.56,54.21,1.12,0.2486262613310812,33.4,101.07,1.07,97.32,-0.33,99.41,0.37,POS+CHROM,48.357,2338.3613,-48.357,1.496,2.2375,-1.496,5.247,27.5258,-5.247,3.153,9.9414,-3.153
2187,before,2187_before_clip_0001,ok,150,122.0,85.0,11.4,30.3,67.74,0,93.76,54.15,1.09,0.05442389718621563,33.36,92.99,0.69,59.63,2.4,57.19,1.75,CHROM+DEEP,39.619,1569.6502,-39.619,0.775,0.6004,-0.775,34.134,1165.1555,-34.134,36.578,1337.9261,-36.578
2187,before,2187_before_clip_0002,ok,150,122.0,85.0,11.4,28.24,57.13,0,130.64,54.15,1.1,-0.04934618669252626,33.35,139.87,-6.89,83.61,-2.11,75.72,-2.63,POS+CHROM+DEEP,76.485,5849.908,-76.485,9.23,85.1905,9.23,47.024,2211.2938,-47.024,54.92,3016.2186,-54.92
2194,after,2194_after_clip_0000,ok,150,114.0,68.0,13.5,1.36,98.59,0,63.15,53.99,0.99,-0.030235266095422094,33.88,84.37,5.25,81.82,1.16,83.51,3.2,POS+CHROM,9.157,83.8572,-9.157,21.222,450.3607,21.222,18.679,348.9077,18.679,20.368,414.8556,20.368
2194,after,2194_after_clip_0001,ok,150,114.0,68.0,13.5,1.29,98.52,0,103.62,54.04,1.01,0.007779517213897951,33.8,81.1,4.55,82.88,-2.84,81.5,0.85,POS+CHROM,49.58,2458.1759,-49.58,22.521,507.1964,-22.521,20.74,430.1433,-20.74,22.118,489.2238,-22.118
2194,after,2194_after_clip_0002,ok,150,114.0,68.0,13.5,0.91,98.62,0,106.5,54.29,1.03,0.027274213819151585,33.76,82.29,4.55,84.17,3.4,83.14,3.97,POS+CHROM,52.206,2725.4797,-52.206,24.211,586.1645,-24.211,22.324,498.3747,-22.324,23.357,545.5669,-23.357
2194,before,2194_before_clip_0000,ok,150,96.0,73.0,13.5,1.7,97.87,0,99.78,54.02,1.05,0.015654680719518494,34.26,74.71,-1.01,78.51,-5.53,75.92,-3.27,POS+CHROM,45.76,2093.9655,-45.76,25.077,628.8695,-25.077,21.276,452.6789,-21.276,23.86,569.3158,-23.86
2194,before,2194_before_clip_0001,ok,150,96.0,73.0,13.5,2.0,97.76,0,56.04,54.07,1.04,-0.027617539483624293,33.51,127.64,-2.2,131.29,-2.95,129.35,-2.58,POS+CHROM,1.969,3.8756,-1.969,71.607,5127.5737,71.607,75.252,5662.792,75.252,73.316,5375.2804,73.316
2194,before,2194_before_clip_0002,ok,150,96.0,73.0,13.5,1.86,98.03,0,117.09,54.06,1.0,-0.025598460377896187,33.86,84.24,1.34,77.27,1.61,80.68,1.47,POS+CHROM,63.03,3972.7541,-63.03,32.853,1079.3379,-32.853,39.816,1585.2965,-39.816,36.412,1325.8047,-36.412
2221,after,2221_after_clip_0000,ok,150,140.0,91.0,13.4,8.52,89.77,0,95.96,53.57,1.34,-0.2027969361408812,31.63,84.26,1.46,86.1,1.68,85.2,1.57,POS+CHROM,42.393,1797.1907,-42.393,11.708,137.0791,-11.708,9.861,97.2342,-9.861,10.767,115.9313,-10.767
2221,after,2221_after_clip_0001,ok,150,140.0,91.0,13.4,23.7,69.03,0,82.81,53.51,1.34,0.09057939304471256,31.6,87.19,2.56,88.3,1.12,87.68,1.84,POS+CHROM,29.304,858.7394,-29.304,4.383,19.2066,4.383,5.492,30.1582,5.492,4.871,23.7283,4.871
2221,after,2221_after_clip_0002,ok,150,140.0,91.0,13.4,5.94,92.7,0,93.76,53.47,1.13,0.10151426571771323,31.99,81.14,-2.21,111.45,-1.8,76.97,-0.96,POS+CHROM+DEEP,40.296,1623.7924,-40.296,12.628,159.454,-12.628,17.683,312.6933,17.683,16.789,281.8863,-16.789
2221,before,2221_before_clip_0000,ok,150,121.0,89.0,13.4,26.44,42.98,0,95.88,53.72,1.29,0.10746245720620223,32.39,98.88,1.12,97.23,2.52,97.96,1.82,POS+CHROM,42.16,1777.4653,-42.16,2.994,8.9619,2.994,1.346,1.8117,1.346,2.074,4.3029,2.074
2221,before,2221_before_clip_0001,ok,150,121.0,89.0,13.4,14.64,81.52,0,111.39,53.98,1.48,0.08334481366515147,36.4,79.53,0.15,80.1,-0.84,79.79,-0.34,POS+CHROM,57.414,3296.3521,-57.414,31.867,1015.533,-31.867,31.291,979.1091,-31.291,31.603,998.7444,-31.603
2221,before,2221_before_clip_0002,ok,150,121.0,89.0,13.4,27.46,62.74,0,69.52,53.87,1.16,0.08011180805762312,32.65,106.08,-2.81,74.57,-1.92,72.46,-1.19,POS+CHROM+DEEP,15.654,245.0331,-15.654,36.56,1336.6258,36.56,5.047,25.4757,5.047,2.934,8.6095,2.934
2233,after,2233_after_clip_0000,ok,150,118.0,72.0,13.7,58.79,20.65,1,73.39,53.71,1.05,-0.20420010489000928,33.32,63.17,2.28,62.71,1.9,62.95,2.09,POS+CHROM,19.681,387.3509,-19.681,10.224,104.5234,-10.224,10.681,114.0762,-10.681,10.445,109.0963,-10.445
2233,after,2233_after_clip_0001,ok,150,118.0,72.0,13.7,65.68,31.49,0,73.47,53.71,1.06,-0.13751744434192847,33.29,78.74,0.99,75.02,-1.42,77.25,-0.21,POS+CHROM,19.757,390.3569,-19.757,5.274,27.8109,5.274,1.554,2.4154,1.554,3.782,14.3044,3.782
2233,after,2233_after_clip_0002,ok,150,118.0,72.0,13.7,55.98,34.73,0,78.94,53.91,0.98,0.028056333557256254,33.37,108.71,-1.68,107.91,-0.94,108.29,-1.31,POS+CHROM,25.026,626.3039,-25.026,29.777,886.6628,29.777,28.974,839.4759,28.974,29.351,861.4561,29.351
2233,before,2233_before_clip_0000,ok,150,115.0,70.0,13.7,59.49,28.68,1,62.77,53.83,1.02,-0.19240146375211106,33.33,70.88,0.5,68.63,-2.31,70.01,-0.9,POS+CHROM,8.934,79.8104,-8.934,8.113,65.818,8.113,5.86,34.3411,5.86,7.245,52.491,7.245
2233,before,2233_before_clip_0001,ok,150,115.0,70.0,13.7,38.83,50.19,0,123.71,54.15,0.91,0.16461365891684815,32.46,124.66,-0.38,81.9,-1.26,84.59,-0.24,POS+CHROM+DEEP,69.568,4839.6639,-69.568,0.945,0.8934,0.945,41.817,1748.6753,-41.817,39.122,1530.4938,-39.122
2233,before,2233_before_clip_0002,ok,150,115.0,70.0,13.7,45.83,46.17,0,95.8,53.4,0.97,0.29458121616485494,34.55,132.37,-0.04,133.89,-1.06,133.06,-0.55,POS+CHROM,42.402,1797.8912,-42.402,36.566,1337.0589,36.566,38.084,1450.3819,38.084,37.26,1388.3364,37.26
2242,after,2242_after_clip_0000,ok,150,117.0,73.0,14.0,7.16,91.6,0,77.28,54.15,1.17,-0.09061220557195937,33.8,88.09,1.58,88.33,-0.16,88.19,0.71,POS+CHROM,23.131,535.0475,-23.131,10.805,116.758,10.805,11.051,122.1355,11.051,10.911,119.0456,10.911
2242,after,2242_after_clip_0001,ok,150,117.0,73.0,14.0,16.22,82.77,0,106.01,54.1,1.09,-0.06717074216504051,32.93,81.39,-0.16,71.93,0.53,68.2,0.49,POS+CHROM+DEEP,51.907,2694.3659,-51.907,24.624,606.3654,-24.624,34.081,1161.5149,-34.081,37.81,1429.622,-37.81
2242,after,2242_after_clip_0002,ok,150,117.0,73.0,14.0,7.91,91.29,0,122.78,53.93,1.18,-0.18123072811780855,36.63,76.8,-0.59,83.68,-1.48,79.99,-1.04,POS+CHROM,68.845,4739.6787,-68.845,45.974,2113.6102,-45.974,39.097,1528.5789,-39.097,42.79,1830.9968,-42.79
2242,before,2242_before_clip_0000,ok,150,109.0,71.0,14.0,5.76,93.45,0,124.26,54.07,1.25,0.02234251511939972,32.59,82.5,4.95,81.27,-0.49,82.14,2.23,POS+CHROM,70.19,4926.6131,-70.19,41.761,1743.9634,-41.761,42.99,1848.1179,-42.99,42.114,1773.6091,-42.114
2242,before,2242_before_clip_0001,ok,150,109.0,71.0,14.0,4.76,92.61,0,108.94,54.02,1.23,-0.10221225863272174,32.63,81.84,3.67,81.05,-0.05,81.56,1.81,POS+CHROM,54.918,3016.0246,-54.918,27.104,734.6487,-27.104,27.888,777.7582,-27.888,27.379,749.5971,-27.379
2242,before,2242_before_clip_0002,ok,150,109.0,71.0,14.0,4.05,95.23,0,117.54,53.92,1.23,-0.0034115034420297706,33.0,80.15,-1.64,77.89,2.21,78.67,0.28,POS+CHROM,63.621,4047.6788,-63.621,37.392,1398.1378,-37.392,39.654,1572.4533,-39.654,38.874,1511.2087,-38.874
2245,after,2245_after_clip_0000,ok,150,154.0,79.0,14.7,53.41,8.77,1,91.93,54.0,1.27,-0.02096479026276164,32.1,123.09,-1.4,120.95,-2.79,122.14,-2.1,POS+CHROM,37.934,1438.9596,-37.934,31.161,971.0084,31.161,29.015,841.8738,29.015,30.212,912.7604,30.212
2245,after,2245_after_clip_0001,ok,150,154.0,79.0,14.7,23.82,24.95,0,69.78,53.67,1.06,-0.011682095899001821,33.27,123.96,-1.01,63.59,-2.02,77.81,-0.66,POS+CHROM+DEEP,16.109,259.5076,-16.109,54.183,2935.7451,54.183,6.186,38.2634,-6.186,8.029,64.4655,8.029
2245,after,2245_after_clip_0002,ok,150,154.0,79.0,14.7,22.86,9.54,0,96.21,53.99,1.25,-0.030067357808161405,31.94,98.2,-1.6,60.3,-0.91,56.58,0.17,CHROM+DEEP,42.216,1782.219,-42.216,1.994,3.9747,1.994,35.905,1289.1831,-35.905,39.623,1570.0217,-39.623
2245,before,2245_before_clip_0000,ok,150,120.0,66.0,14.7,8.9,88.83,0,83.72,54.11,1.21,-0.039988618975920966,32.67,87.66,2.62,88.83,2.6,88.24,2.61,POS+CHROM,29.611,876.7921,-29.611,3.944,15.5562,3.944,5.11,26.1103,5.11,4.526,20.4846,4.526
2245,before,2245_before_clip_0001,ok,150,120.0,66.0,14.7,3.17,93.95,0,117.64,53.73,1.14,0.03537834908974577,32.53,127.8,-1.98,125.19,-1.67,126.46,-1.82,POS+CHROM,63.912,4084.7655,-63.912,10.159,103.2069,10.159,7.55,57.0003,7.55,8.821,77.8129,8.821
2245,before,2245_before_clip_0002,ok,150,120.0,66.0,14.7,10.28,84.79,0,68.53,53.63,1.2,-0.0069827587825025406,32.58,78.23,0.6,74.06,0.76,76.12,0.68,POS+CHROM,14.902,222.0757,-14.902,9.703,94.1528,9.703,5.527,30.5482,5.527,7.588,57.5705,7.588
2246,after,2246_after_clip_0000,ok,150,127.0,64.0,15.1,0.65,99.14,0,90.04,54.19,0.95,-0.04626610521714643,33.7,81.6,-1.15,78.49,-3.61,80.36,-2.38,POS+CHROM,35.853,1285.4101,-35.853,8.441,71.2584,-8.441,11.555,133.5093,-11.555,9.683,93.7608,-9.683
2246,after,2246_after_clip_0001,ok,150,127.0,64.0,15.1,0.83,98.53,0,77.74,54.26,0.98,-0.1739202701197756,33.7,78.12,0.9,77.04,-0.68,77.65,0.11,POS+CHROM,23.484,551.5026,-23.484,0.374,0.1399,0.374,0.7,0.4903,-0.7,0.093,0.0086,-0.093
2246,after,2246_after_clip_0002,ok,150,127.0,64.0,15.1,16.91,64.39,0,63.89,54.22,0.96,0.026664573447398348,33.68,82.34,2.85,83.4,-0.61,82.73,1.12,POS+CHROM,9.666,93.4382,-9.666,18.454,340.5329,18.454,19.513,380.7378,19.513,18.834,354.7347,18.834
2246,before,2246_before_clip_0000,ok,150,124.0,85.0,15.1,0.42,99.44,0,100.2,54.14,1.04,0.00946483937327917,33.02,82.27,2.28,82.68,0.4,82.44,1.34,POS+CHROM,46.059,2121.4665,-46.059,17.936,321.7086,-17.936,17.528,307.2383,-17.528,17.764,315.5573,-17.764
2246,before,2246_before_clip_0001,ok,150,124.0,85.0,15.1,3.05,96.67,0,90.09,54.09,1.05,-0.061187085097412025,32.97,116.95,-1.79,82.16,-1.79,79.31,-0.84,POS+CHROM+DEEP,35.994,1295.5909,-35.994,26.858,721.3515,26.858,7.924,62.792,-7.924,10.777,116.1526,-10.777
2246,before,2246_before_clip_0002,ok,150,124.0,85.0,15.1,3.74,95.8,0,83.44,54.06,1.08,-0.01997339543747383,33.71,82.24,-0.59,82.78,-1.01,82.5,-0.8,POS+CHROM,29.381,863.2337,-29.381,1.201,1.4425,-1.201,0.666,0.4441,-0.666,0.943,0.8896,-0.943
2247,after,2247_after_clip_0000,ok,150,140.0,71.0,12.8,3.83,94.41,0,127.23,53.9,0.87,-0.0801809133448852,33.77,72.47,2.58,70.84,-0.81,71.88,0.88,POS+CHROM,73.33,5377.328,-73.33,54.763,2998.9476,-54.763,56.388,3179.6158,-56.388,55.352,3063.8445,-55.352
2247,after,2247_after_clip_0001,ok,150,140.0,71.0,12.8,10.79,82.02,0,128.69,54.03,1.0,0.032434845752479735,33.77,79.88,0.77,80.18,-0.56,80.02,0.1,POS+CHROM,74.656,5573.5212,-74.656,48.806,2382.0451,-48.806,48.508,2353.027,-48.508,48.673,2369.106,-48.673
2247,after,2247_after_clip_0002,ok,150,140.0,71.0,12.8,2.05,96.89,0,92.2,53.98,1.01,-0.04798860622271445,33.77,71.72,3.98,72.2,3.97,71.96,3.98,POS+CHROM,38.219,1460.6962,-38.219,20.478,419.3476,-20.478,19.995,399.791,-19.995,20.237,409.5179,-20.237
2247,before,2247_before_clip_0000,ok,150,120.0,73.0,12.8,11.3,87.17,0,130.97,53.95,1.04,-0.09725825796259943,33.82,72.13,1.08,68.88,-1.96,70.9,-0.44,POS+CHROM,77.027,5933.1109,-77.027,58.847,3462.9262,-58.847,62.097,3856.028,-62.097,60.068,3608.1264,-60.068
2247,before,2247_before_clip_0001,ok,150,120.0,73.0,12.8,5.34,93.73,0,97.99,53.91,0.83,-0.000213175670658526,33.83,68.46,2.71,60.0,3.21,57.55,2.02,CHROM+DEEP,44.078,1942.8972,-44.078,29.524,871.6436,-29.524,37.983,1442.6805,-37.983,40.434,1634.877,-40.434
2247,before,2247_before_clip_0002,ok,150,120.0,73.0,12.8,5.43,92.98,0,114.5,53.95,1.04,0.14055353590535405,33.45,68.99,3.67,66.96,3.66,67.98,3.66,POS+CHROM,60.547,3665.8952,-60.547,45.512,2071.2977,-45.512,47.537,2259.7921,-47.537,46.524,2164.4794,-46.524
2253,after,2253_after_clip_0000,ok,150,106.0,64.0,12.4,22.73,46.63,0,55.28,53.96,1.04,0.059440628547738086,34.14,111.18,-3.11,103.97,-1.3,107.04,-2.21,POS+CHROM,1.316,1.7319,-1.316,55.905,3125.3401,55.905,48.695,2371.2196,48.695,51.76,2679.1339,51.76
2253,after,2253_after_clip_0001,ok,150,106.0,64.0,12.4,7.45,90.82,0,99.76,53.88,0.93,-0.031118024954597853,34.09,73.94,3.84,73.34,2.68,73.67,3.26,POS+CHROM,45.887,2105.612,-45.887,25.825,666.9374,-25.825,26.421,698.091,-26.421,26.095,680.9257,-26.095
2253,after,2253_after_clip_0002,ok,150,106.0,64.0,12.4,22.52,76.21,0,102.21,53.85,0.91,-0.22903767965020438,34.04,90.7,-2.03,65.93,-1.96,67.33,-1.03,POS+CHROM+DEEP,48.36,2338.6551,-48.36,11.511,132.5106,-11.511,36.278,1316.0899,-36.278,34.883,1216.8576,-34.883
2253,before,2253_before_clip_0000,ok,150,108.0,76.0,12.4,53.92,37.7,0,103.85,53.75,0.94,0.05991499783050224,33.32,64.07,-2.79,66.9,-2.24,65.55,-2.52,POS+CHROM,50.099,2509.8769,-50.099,39.777,1582.1983,-39.777,36.953,1365.5519,-36.953,38.299,1466.8475,-38.299
2253,before,2253_before_clip_0001,ok,150,108.0,76.0,12.4,43.22,28.64,0,70.55,53.9,1.01,-0.11467179488609044,33.29,88.53,1.29,86.96,-0.22,87.85,0.53,POS+CHROM,16.647,277.1069,-16.647,17.988,323.5829,17.988,16.414,269.4177,16.414,17.3,299.2863,17.3
2253,before,2253_before_clip_0002,ok,150,108.0,76.0,12.4,41.72,36.43,0,97.08,53.77,1.02,-0.2149113275826061,33.26,69.48,0.88,78.75,-1.06,66.07,0.28,POS+CHROM+DEEP,43.308,1875.5619,-43.308,27.6,761.7382,-27.6,18.332,336.0505,-18.332,31.01,961.603,-31.01
2284,after,2284_after_clip_0000,ok,150,127.0,87.0,13.5,65.61,14.42,1,70.99,54.04,1.11,0.08948334552312046,33.89,90.81,-0.87,93.48,-3.77,91.83,-2.32,POS+CHROM,16.949,287.2843,-16.949,19.828,393.1674,19.828,22.493,505.9433,22.493,20.846,434.5409,20.846
2284,after,2284_after_clip_0001,ok,150,127.0,87.0,13.5,56.0,29.23,1,92.98,53.95,1.16,-0.08534339458762451,33.5,88.9,-1.21,86.36,-0.66,87.57,-0.94,POS+CHROM,39.021,1522.6642,-39.021,4.076,16.6108,-4.076,6.616,43.7748,-6.616,5.405,29.2089,-5.405
2284,after,2284_after_clip_0002,ok,150,127.0,87.0,13.5,57.98,29.03,1,113.38,53.88,1.0,0.07884921148023537,33.13,58.41,-1.83,92.66,-0.87,55.62,-0.42,POS+DEEP,59.496,3539.7865,-59.496,54.966,3021.2432,-54.966,20.723,429.443,-20.723,57.756,3335.7438,-57.756
2284,before,2284_before_clip_0000,ok,150,105.0,78.0,13.5,53.64,39.81,0,130.95,54.24,1.09,0.10941457372396336,33.94,78.07,-0.78,74.79,-0.56,76.4,-0.67,POS+CHROM,76.712,5884.6638,-76.712,52.882,2796.4965,-52.882,56.163,3154.2549,-56.163,54.553,2975.9756,-54.553
2284,before,2284_before_clip_0001,ok,150,105.0,78.0,13.5,34.48,62.46,0,112.66,54.34,1.11,-0.013698092574532361,33.91,88.45,0.75,93.68,0.04,90.91,0.4,POS+CHROM,58.321,3401.3552,-58.321,24.213,586.2908,-24.213,18.979,360.211,-18.979,21.751,473.1205,-21.751
2284,before,2284_before_clip_0002,ok,150,105.0,78.0,13.5,62.53,11.51,1,103.3,54.25,1.13,0.037626004759284994,33.89,133.84,-2.69,131.46,-3.72,132.75,-3.21,POS+CHROM,49.047,2405.6257,-49.047,30.545,932.9938,30.545,28.16,792.9976,28.16,29.455,867.6061,29.455
2285,after,2285_after_clip_0000,ok,150,103.0,65.0,13.7,9.09,85.57,0,119.38,53.19,1.54,0.02452681932561441,30.9,83.75,0.67,86.01,-2.06,84.62,-0.7,POS+CHROM,66.184,4380.3604,-66.184,35.633,1269.7447,-35.633,33.374,1113.796,-33.374,34.756,1207.9713,-34.756
2285,after,2285_after_clip_0001,ok,150,103.0,65.0,13.7,4.24,93.19,0,88.0,53.2,1.53,-0.14655919524952604,30.88,69.65,1.82,73.75,-0.61,71.29,0.61,POS+CHROM,34.796,1210.7565,-34.796,18.35,336.7208,-18.35,14.253,203.1559,-14.253,16.711,279.2595,-16.711
2285,after,2285_after_clip_0002,ok,150,103.0,65.0,13.7,14.4,85.35,0,74.63,53.18,1.49,-0.28969044445180064,30.88,80.36,3.34,77.91,1.74,79.3,2.54,POS+CHROM,21.448,460.0337,-21.448,5.732,32.8568,5.732,3.275,10.7269,3.275,4.667,21.7783,4.667
2285,before,2285_before_clip_0000,ok,150,108.0,66.0,13.7,3.4,95.37,0,124.88,53.58,1.38,-0.0007927904472314903,31.52,87.27,0.07,89.32,-0.83,88.22,-0.38,POS+CHROM,71.301,5083.7834,-71.301,37.607,1414.2778,-37.607,35.556,1264.2243,-35.556,36.658,1343.7957,-36.658
2285,before,2285_before_clip_0001,ok,150,108.0,66.0,13.7,20.55,76.39,0,135.04,53.54,1.38,0.1156127040254198,31.12,114.51,-3.35,110.1,-2.08,112.08,-2.72,POS+CHROM,81.501,6642.4728,-81.501,20.527,421.3715,-20.527,24.935,621.734,-24.935,22.964,527.3335,-22.964
2285,before,2285_before_clip_0002,ok,150,108.0,66.0,13.7,28.84,61.83,0,99.09,53.55,1.34,0.12052473455823891,31.51,80.12,1.02,81.28,-0.72,80.62,0.15,POS+CHROM,45.534,2073.3184,-45.534,18.967,359.7611,-18.967,17.808,317.139,-17.808,18.471,341.1853,-18.471
2291,after,2291_after_clip_0000,ok,150,110.0,65.0,13.5,10.63,88.09,0,129.7,54.21,1.14,-0.0882065097935186,33.32,87.01,2.96,84.25,-0.39,86.0,1.28,POS+CHROM,75.491,5698.9174,-75.491,42.695,1822.8871,-42.695,45.452,2065.8705,-45.452,43.699,1909.6134,-43.699
2291,after,2291_after_clip_0001,ok,150,110.0,65.0,13.5,11.12,85.26,0,129.02,54.21,1.19,-0.07078468707860822,34.11,92.02,2.62,92.22,0.91,92.11,1.77,POS+CHROM,74.808,5596.2038,-74.808,36.997,1368.7973,-36.997,36.796,1353.979,-36.796,36.911,1362.4243,-36.911
2291,after,2291_after_clip_0002,ok,150,110.0,65.0,13.5,21.78,69.85,0,111.29,54.16,1.11,-0.078259995084105,33.02,90.88,1.01,91.02,-0.8,90.94,0.11,POS+CHROM,57.124,3263.2004,-57.124,20.406,416.4,-20.406,20.266,410.7089,-20.266,20.346,413.9764,-20.346
2291,before,2291_before_clip_0000,ok,150,104.0,58.0,13.5,5.89,93.41,0,94.19,54.1,1.13,0.026029468240435713,33.5,67.12,4.51,69.49,3.37,68.19,3.94,POS+CHROM,40.098,1607.8162,-40.098,27.073,732.9405,-27.073,24.705,610.3208,-24.705,26.0,676.0055,-26.0
2291,before,2291_before_clip_0001,ok,150,104.0,58.0,13.5,6.44,90.3,0,76.23,53.96,1.1,-0.10000224954807185,33.56,66.81,1.29,71.56,-0.4,68.85,0.44,POS+CHROM,22.265,495.7393,-22.265,9.421,88.7583,-9.421,4.668,21.7915,-4.668,7.378,54.4358,-7.378
2291,before,2291_before_clip_0002,ok,150,104.0,58.0,13.5,6.25,91.76,0,57.78,53.96,1.16,0.006908021142470407,33.93,65.78,1.81,59.92,1.97,60.1,1.65,POS+CHROM+DEEP,3.819,14.581,-3.819,7.994,63.9086,7.994,2.143,4.593,2.143,2.315,5.3587,2.315
2323,after,2323_after_clip_0000,ok,150,100.0,78.0,13.2,7.37,87.21,0,107.52,53.46,1.06,-0.13610787506594973,32.82,60.72,-1.45,78.13,-3.94,56.34,-0.2,POS+DEEP,54.063,2922.8377,-54.063,46.803,2190.5226,-46.803,29.392,863.882,-29.392,51.183,2619.6492,-51.183
2323,after,2323_after_clip_0001,ok,150,100.0,78.0,13.2,7.82,74.56,0,103.26,53.41,1.04,-0.08816874079122662,32.46,68.14,-2.56,58.86,0.81,56.08,0.92,CHROM+DEEP,49.852,2485.2416,-49.852,35.116,1233.1266,-35.116,44.4,1971.3492,-44.4,47.177,2225.6993,-47.177
2323,after,2323_after_clip_0002,ok,150,100.0,78.0,13.2,6.45,89.68,0,83.54,53.38,1.03,0.12246247545407961,32.36,77.87,0.85,114.49,-4.06,74.19,-0.73,POS+CHROM+DEEP,30.169,910.1628,-30.169,5.673,32.1881,-5.673,30.946,957.6814,30.946,9.349,87.4121,-9.349
2323,before,2323_before_clip_0000,ok,150,104.0,74.0,13.2,10.74,83.65,0,75.98,53.52,1.25,-0.10591171441815558,32.9,99.36,-2.37,75.62,-0.78,71.59,-0.63,POS+CHROM+DEEP,22.46,504.451,-22.46,23.389,547.0255,23.389,0.357,0.1272,-0.357,4.388,19.2541,-4.388
2323,before,2323_before_clip_0001,ok,150,104.0,74.0,13.2,17.6,76.83,0,107.23,53.48,1.23,0.034843101170900156,32.09,67.05,-3.54,104.53,0.01,74.57,-0.77,POS+CHROM+DEEP,53.753,2889.3945,-53.753,40.177,1614.1863,-40.177,2.697,7.2758,-2.697,32.667,1067.1186,-32.667
2323,before,2323_before_clip_0002,ok,150,104.0,74.0,13.2,8.75,89.69,0,99.51,53.5,1.19,-0.09426931671244926,32.47,87.61,-1.47,125.63,-4.39,78.23,-1.55,POS+CHROM+DEEP,46.014,2117.2761,-46.014,11.907,141.7765,-11.907,26.118,682.1287,26.118,21.283,452.9868,-21.283
2339,after,2339_after_clip_0000,ok,150,112.0,64.0,13.0,6.82,92.36,0,107.03,54.29,1.12,-0.016008600287443404,33.92,93.01,0.67,94.37,0.82,93.7,0.74,POS+CHROM,52.744,2781.9537,-52.744,14.026,196.716,-14.026,12.666,160.4197,-12.666,13.337,177.8831,-13.337
2339,after,2339_after_clip_0001,ok,150,112.0,64.0,13.0,29.51,62.81,0,102.13,54.19,1.11,-0.15917046082443093,33.92,84.28,4.03,84.37,0.61,84.31,2.32,POS+CHROM,47.941,2298.3583,-47.941,17.847,318.5317,-17.847,17.759,315.3941,-17.759,17.816,317.3968,-17.816
2339,after,2339_after_clip_0002,ok,150,112.0,64.0,13.0,17.57,75.73,0,120.51,54.2,1.12,-0.08961087414916498,33.9,59.66,0.87,59.11,2.03,57.7,1.34,POS+CHROM+DEEP,66.317,4398.0075,-66.317,60.858,3703.6687,-60.858,61.406,3770.6844,-61.406,62.81,3945.1557,-62.81
2339,before,2339_before_clip_0000,ok,150,105.0,68.0,13.0,11.99,86.45,0,98.76,53.82,1.06,-0.03840032457304362,33.45,64.4,0.87,67.72,2.22,66.24,1.54,POS+CHROM,44.939,2019.5313,-44.939,34.359,1180.5246,-34.359,31.042,963.5956,-31.042,32.515,1057.2067,-32.515
2339,before,2339_before_clip_0001,ok,150,105.0,68.0,13.0,9.9,88.44,0,85.56,54.06,1.15,0.04720477973780824,33.16,85.01,0.96,86.95,1.4,86.02,1.18,POS+CHROM,31.502,992.3737,-31.502,0.548,0.3007,-0.548,1.386,1.9211,1.386,0.455,0.2067,0.455
2339,before,2339_before_clip_0002,ok,150,105.0,68.0,13.0,10.43,75.79,0,70.65,53.95,1.18,-0.029494584261191684,33.53,75.19,-2.31,121.05,-0.32,81.38,-0.48,POS+CHROM+DEEP,16.707,279.1329,-16.707,4.541,20.6219,4.541,50.4,2540.1658,50.4,10.723,114.9921,10.723
2375,after,2375_after_clip_0000,ok,150,104.0,70.0,11.9,2.09,96.9,0,80.68,53.53,1.27,0.033754909141298355,31.97,76.23,-0.17,121.31,-4.99,73.05,-1.3,POS+CHROM+DEEP,27.149,737.0927,-27.149,4.456,19.8525,-4.456,40.624,1650.2848,40.624,7.638,58.3372,-7.638
2375,after,2375_after_clip_0001,ok,150,104.0,70.0,11.9,3.14,93.79,0,60.09,53.54,1.3,0.11817429810847584,31.54,82.71,0.01,114.12,0.57,82.2,0.63,POS+CHROM+DEEP,6.548,42.8809,-6.548,22.62,511.6513,22.62,54.03,2919.2347,54.03,22.109,488.8235,22.109
2375,after,2375_after_clip_0002,ok,150,104.0,70.0,11.9,21.04,53.12,0,65.25,53.49,1.33,-0.060739617370564575,31.15,77.44,0.77,102.29,-3.13,72.36,-0.34,POS+CHROM+DEEP,11.761,138.31,-11.761,12.188,148.5535,12.188,37.043,1372.1898,37.043,7.115,50.6261,7.115
2375,before,2375_before_clip_0000,ok,150,94.0,72.0,11.9,9.06,89.32,0,127.5,53.54,1.18,0.014846714143121751,32.13,86.75,1.74,85.43,2.17,86.07,1.96,POS+CHROM,73.96,5470.1235,-73.96,40.749,1660.4456,-40.749,42.076,1770.4153,-42.076,41.436,1716.9538,-41.436
2375,before,2375_before_clip_0001,ok,150,94.0,72.0,11.9,12.95,85.76,0,92.15,53.56,1.25,-0.08563979631956414,32.12,83.61,-1.91,83.56,1.62,83.58,-0.15,POS+CHROM,38.591,1489.2432,-38.591,8.533,72.8073,-8.533,8.588,73.7452,-8.588,8.568,73.4093,-8.568
2375,before,2375_before_clip_0002,ok,150,94.0,72.0,11.9,9.72,89.29,0,62.54,53.12,0.91,0.09028270710677393,32.18,118.33,-3.8,61.57,-0.8,69.46,-1.23,POS+CHROM+DEEP,9.42,88.7359,-9.42,55.793,3112.8999,55.793,0.965,0.9318,-0.965,6.925,47.9576,6.925
2414,after,2414_after_clip_0000,ok,150,122.0,68.0,14.2,34.24,59.75,0,124.19,54.01,1.23,-0.021896310044438677,32.73,71.58,3.31,73.16,1.03,72.22,2.17,POS+CHROM,70.183,4925.5846,-70.183,52.61,2767.793,-52.61,51.026,2603.6878,-51.026,51.967,2700.5305,-51.967
2414,after,2414_after_clip_0001,ok,150,122.0,68.0,14.2,11.65,81.71,0,118.44,54.03,1.23,0.08481407241705918,32.73,71.08,4.07,71.34,2.92,71.2,3.49,POS+CHROM,64.405,4147.9655,-64.405,47.358,2242.7383,-47.358,47.101,2218.5492,-47.101,47.242,2231.7868,-47.242
2414,after,2414_after_clip_0002,ok,150,122.0,68.0,14.2,30.03,48.78,0,130.79,54.0,1.23,0.05078561501457763,33.09,68.51,2.5,68.48,1.42,68.5,1.96,POS+CHROM,76.79,5896.7603,-76.79,62.274,3878.1095,-62.274,62.311,3882.6882,-62.311,62.291,3880.1947,-62.291
2414,before,2414_before_clip_0000,ok,150,116.0,61.0,14.2,51.42,45.58,0,86.05,53.94,1.11,0.022778780354059593,33.05,84.69,4.4,85.75,2.94,85.16,3.67,POS+CHROM,32.118,1031.5776,-32.118,1.361,1.8519,-1.361,0.308,0.0951,-0.308,0.898,0.807,-0.898
2414,before,2414_before_clip_0001,ok,150,116.0,61.0,14.2,33.44,58.36,0,129.45,54.05,1.1,0.06200160582178001,33.01,75.53,5.07,74.92,4.46,75.24,4.77,POS+CHROM,75.401,5685.3266,-75.401,53.919,2907.2352,-53.919,54.533,2973.8195,-54.533,54.21,2938.742,-54.21
2414,before,2414_before_clip_0002,ok,150,116.0,61.0,14.2,32.26,48.06,0,96.27,53.84,0.87,0.2178857400010757,33.33,85.78,2.06,87.34,-1.11,86.36,0.48,POS+CHROM,42.434,1800.6694,-42.434,10.494,110.119,-10.494,8.927,79.6986,-8.927,9.913,98.2624,-9.913
2439,after,2439_after_clip_0000,ok,150,116.0,73.0,12.2,36.53,53.11,0,99.99,53.68,1.2,0.012092039689765884,31.79,89.85,-3.13,73.37,-3.74,67.31,-1.89,POS+CHROM+DEEP,46.307,2144.3768,-46.307,10.14,102.8261,-10.14,26.618,708.4932,-26.618,32.682,1068.0948,-32.682
2439,after,2439_after_clip_0001,ok,150,116.0,73.0,12.2,29.2,64.34,0,59.3,53.62,1.16,0.1189121840171201,32.2,128.36,1.6,115.72,-0.27,98.78,0.83,POS+CHROM+DEEP,5.685,32.3237,-5.685,69.057,4768.8846,69.057,56.414,3182.5681,56.414,39.48,1558.6647,39.48
2439,after,2439_after_clip_0002,ok,150,116.0,73.0,12.2,14.7,73.55,0,105.24,53.53,1.17,0.07016595209098099,32.24,68.93,-0.44,107.24,-2.01,71.97,-0.43,POS+CHROM+DEEP,51.71,2673.9686,-51.71,36.307,1318.231,-36.307,2.0,4.0017,2.0,33.267,1106.7079,-33.267
2439,before,2439_before_clip_0000,ok,150,99.0,71.0,12.2,39.47,55.01,0,63.2,53.61,1.09,0.16577846520100295,33.51,99.25,2.87,99.31,1.1,99.27,1.99,POS+CHROM,9.589,91.952,-9.589,36.049,1299.4957,36.049,36.113,1304.1278,36.113,36.076,1301.4704,36.076
2439,before,2439_before_clip_0001,ok,150,99.0,71.0,12.2,33.7,63.26,0,133.72,53.61,1.12,0.15112787784553447,32.3,94.98,3.71,95.12,-4.32,95.01,-0.3,POS+CHROM,80.106,6417.0346,-80.106,38.735,1500.395,-38.735,38.595,1489.6058,-38.595,38.706,1498.1493,-38.706
2439,before,2439_before_clip_0002,ok,150,99.0,71.0,12.2,8.0,88.78,0,103.31,53.6,1.14,0.20181665098704127,32.24,97.99,3.83,97.01,1.28,97.6,2.55,POS+CHROM,49.7,2470.1132,-49.7,5.315,28.2442,-5.315,6.291,39.5713,-6.291,5.701,32.4967,-5.701
2445,after,2445_after_clip_0000,ok,150,132.0,82.0,13.1,53.58,37.6,0,56.37,53.96,1.02,0.19567525041825343,34.21,74.71,-0.71,72.41,0.25,73.47,-0.23,POS+CHROM,2.417,5.8418,-2.417,18.335,336.1794,18.335,16.034,257.0994,16.034,17.094,292.1946,17.094
2445,after,2445_after_clip_0001,ok,150,132.0,82.0,13.1,32.28,47.53,0,63.62,53.91,0.85,0.11733805808767982,34.25,75.93,0.17,76.42,-1.68,76.14,-0.76,POS+CHROM,9.715,94.387,-9.715,12.31,151.5481,12.31,12.797,163.7709,12.797,12.517,156.6662,12.517
2445,after,2445_after_clip_0002,ok,150,132.0,82.0,13.1,58.73,31.93,0,78.19,53.69,0.18,0.025214076535459946,35.17,67.17,0.13,66.74,-1.09,66.97,-0.48,POS+CHROM,24.502,600.3393,-24.502,11.023,121.5069,-11.023,11.456,131.2296,-11.456,11.217,125.8283,-11.217
2445,before,2445_before_clip_0000,ok,150,116.0,78.0,13.1,21.97,59.79,0,132.56,53.64,1.06,-0.3004093948855353,32.83,80.03,1.85,67.76,2.33,67.72,1.75,POS+CHROM+DEEP,78.919,6228.2844,-78.919,52.536,2759.9803,-52.536,64.809,4200.1963,-64.809,64.841,4204.4007,-64.841
2445,before,2445_before_clip_0001,ok,150,116.0,78.0,13.1,21.43,51.99,0,102.08,53.69,1.07,-0.05950729235869203,33.19,76.27,0.75,97.07,-2.87,71.48,-0.35,POS+CHROM+DEEP,48.386,2341.241,-48.386,25.812,666.2421,-25.812,5.006,25.0619,-5.006,30.595,936.0815,-30.595
2445,before,2445_before_clip_0002,ok,150,116.0,78.0,13.1,49.2,37.35,0,80.46,53.65,1.05,0.028444519641363773,33.25,124.27,-1.18,123.26,0.68,123.69,-0.25,POS+CHROM,26.814,718.9932,-26.814,43.805,1918.9066,43.805,42.801,1831.962,42.801,43.226,1868.4961,43.226
2446,after,2446_after_clip_0000,ok,150,152.0,85.0,15.2,24.89,68.36,0,118.41,54.0,1.17,-0.031323775864953704,33.15,95.42,-0.27,95.37,-1.25,95.4,-0.76,POS+CHROM,64.415,4149.3281,-64.415,22.994,528.7452,-22.994,23.048,531.2219,-23.048,23.019,529.8825,-23.019
2446,after,2446_after_clip_0001,ok,150,152.0,85.0,15.2,21.63,73.01,0,125.19,54.02,1.11,0.06430838586068026,33.92,95.49,1.52,57.76,1.48,55.95,1.3,CHROM+DEEP,71.167,5064.6743,-71.167,29.695,881.7775,-29.695,67.427,4546.3646,-67.427,69.239,4793.9783,-69.239
2446,after,2446_after_clip_0002,ok,150,152.0,85.0,15.2,15.86,81.32,0,72.33,53.61,0.82,0.04276434657057093,34.46,96.62,-2.46,94.42,-2.61,95.54,-2.53,POS+CHROM,18.722,350.5245,-18.722,24.294,590.1867,24.294,22.094,488.1337,22.094,23.207,538.5844,23.207
2446,before,2446_before_clip_0000,ok,150,166.0,87.0,15.2,14.33,83.16,0,74.44,53.78,1.07,0.054701481253765546,33.83,89.48,3.5,91.38,-2.89,89.97,0.31,POS+CHROM,20.656,426.6628,-20.656,15.044,226.3124,15.044,16.939,286.9143,16.939,15.529,241.1587,15.529
2446,before,2446_before_clip_0001,ok,150,166.0,87.0,15.2,13.56,80.84,0,70.04,53.96,1.1,0.040082517919638176,34.24,90.17,-2.27,73.94,-2.05,68.98,-1.07,POS+CHROM+DEEP,16.081,258.5842,-16.081,20.122,404.8808,20.122,3.895,15.1724,3.895,1.064,1.1329,-1.064
2446,before,2446_before_clip_0002,ok,150,166.0,87.0,15.2,8.89,81.35,0,79.56,55.0,1.36,-0.003596732656771666,36.79,68.05,3.85,68.14,1.69,68.09,2.77,POS+CHROM,24.558,603.1123,-24.558,11.506,132.3974,-11.506,11.415,130.3133,-11.415,11.469,131.5394,-11.469
2459,after,2459_after_clip_0000,ok,150,124.0,72.0,15.6,15.78,78.05,0,113.99,54.14,1.35,-0.3028616891894028,33.22,84.43,3.09,85.87,2.24,85.1,2.67,POS+CHROM,59.851,3582.124,-59.851,29.555,873.5018,-29.555,28.115,790.429,-28.115,28.886,834.3866,-28.886
2459,after,2459_after_clip_0001,ok,150,124.0,72.0,15.6,42.55,50.64,0,83.91,54.08,1.3,0.06565914131316328,32.49,81.4,1.18,81.43,-0.93,81.41,0.12,POS+CHROM,29.829,889.7624,-29.829,2.502,6.2612,-2.502,2.479,6.1451,-2.479,2.493,6.2131,-2.493
2459,after,2459_after_clip_0002,ok,150,124.0,72.0,15.6,31.32,53.47,0,100.02,54.02,1.29,-0.11718682199279579,32.51,88.01,1.89,88.25,1.88,88.13,1.88,POS+CHROM,45.992,2115.2843,-45.992,12.005,144.131,-12.005,11.767,138.4548,-11.767,11.886,141.2813,-11.886
2459,before,2459_before_clip_0000,ok,150,112.0,84.0,15.6,43.35,34.35,0,70.91,54.25,1.21,0.0838802969628493,32.55,93.83,0.01,90.79,-2.31,92.6,-1.15,POS+CHROM,16.656,277.4076,-16.656,22.926,525.6069,22.926,19.887,395.4944,19.887,21.697,470.7732,21.697
2459,before,2459_before_clip_0001,ok,150,112.0,84.0,15.6,33.64,57.24,0,90.12,53.98,1.32,-0.14748348986892867,32.91,103.56,1.66,103.89,0.95,103.71,1.3,POS+CHROM,36.14,1306.0834,-36.14,13.442,180.682,13.442,13.776,189.7893,13.776,13.599,184.9376,13.599
2459,before,2459_before_clip_0002,ok,150,112.0,84.0,15.6,30.91,65.97,0,83.23,54.02,1.34,-0.02214441940105353,32.2,102.22,-1.55,103.15,-2.28,102.66,-1.91,POS+CHROM,29.209,853.1483,-29.209,18.996,360.8411,18.996,19.919,396.7811,19.919,19.43,377.5055,19.43
2462,after,2462_after_clip_0000,ok,150,164.0,92.0,11.6,10.34,18.08,0,98.7,53.83,1.1,-0.04148271901721114,33.24,102.7,2.28,103.76,1.74,103.21,2.01,POS+CHROM,44.869,2013.2061,-44.869,4.0,16.0021,4.0,5.058,25.5808,5.058,4.505,20.2963,4.505
2462,after,2462_after_clip_0001,ok,150,164.0,92.0,11.6,8.52,14.01,0,55.44,53.63,1.01,-0.17579940599370808,32.8,99.27,1.23,98.04,1.16,98.66,1.19,POS+CHROM,1.818,3.3056,-1.818,43.827,1920.8322,43.827,42.593,1814.1502,42.593,43.213,1867.3814,43.213
2462,after,2462_after_clip_0002,ok,150,164.0,92.0,11.6,26.08,25.45,0,56.32,53.93,1.2,-0.005596776462477225,32.63,82.86,-2.19,110.75,-6.76,71.11,-2.58,POS+CHROM+DEEP,2.391,5.7157,-2.391,26.542,704.452,26.542,54.432,2962.8056,54.432,14.792,218.7968,14.792
2462,before,2462_before_clip_0000,ok,150,161.0,91.0,11.6,44.09,18.81,0,57.42,54.05,1.09,0.056526415807278324,33.29,99.54,0.69,65.78,-3.02,73.92,-0.41,POS+CHROM+DEEP,3.367,11.3368,-3.367,42.116,1773.7762,42.116,8.36,69.8895,8.36,16.504,272.3967,16.504
2462,before,2462_before_clip_0001,ok,150,161.0,91.0,11.6,79.16,9.25,1,59.23,53.87,0.84,0.2455489199148316,33.51,70.11,-1.16,74.24,-0.91,72.21,-1.03,POS+CHROM,5.362,28.7481,-5.362,10.88,118.3842,10.88,15.009,225.2678,15.009,12.988,168.6785,12.988
2462,before,2462_before_clip_0002,ok,150,161.0,91.0,11.6,56.33,36.81,0,58.76,53.91,0.99,0.22947860051216196,33.28,96.76,-2.34,97.69,-2.07,97.24,-2.2,POS+CHROM,4.844,23.4628,-4.844,38.001,1444.0551,38.001,38.935,1515.9304,38.935,38.478,1480.569,38.478
2463,after,2463_after_clip_0000,ok,150,116.0,76.0,14.2,38.35,47.41,0,106.34,53.84,1.17,0.07927536795707235,32.48,82.36,-2.53,82.46,-4.4,82.4,-3.46,POS+CHROM,52.496,2755.7993,-52.496,23.98,575.0306,-23.98,23.883,570.3977,-23.883,23.939,573.0711,-23.939
2463,after,2463_after_clip_0001,ok,150,116.0,76.0,14.2,36.68,52.18,0,108.62,53.8,1.07,-0.001722477091488048,32.95,84.52,2.25,85.03,0.79,84.74,1.52,POS+CHROM,54.827,3006.0365,-54.827,24.101,580.8664,-24.101,23.597,556.8358,-23.597,23.88,570.2483,-23.88
2463,after,2463_after_clip_0002,ok,150,116.0,76.0,14.2,26.28,57.51,0,124.6,53.9,1.12,-0.1572100158914967,32.56,89.62,-2.1,88.08,-0.57,88.76,-1.34,POS+CHROM,70.695,4997.7241,-70.695,34.973,1223.1045,-34.973,36.516,1333.4196,-36.516,35.843,1284.697,-35.843
2463,before,2463_before_clip_0000,ok,150,132.0,72.0,14.2,13.3,77.79,0,68.97,53.64,1.13,-0.022752248949744976,32.95,89.21,-0.2,84.57,2.89,86.31,1.34,POS+CHROM,15.328,234.9351,-15.328,20.242,409.7351,20.242,15.606,243.5436,15.606,17.34,300.6649,17.34
2463,before,2463_before_clip_0001,ok,150,132.0,72.0,14.2,21.31,66.11,0,131.97,53.74,1.19,0.11313525355930751,32.52,86.59,1.38,90.2,-0.98,88.05,0.2,POS+CHROM,78.233,6120.4672,-78.233,45.377,2059.0582,-45.377,41.768,1744.5814,-41.768,43.923,1929.2712,-43.923
2463,before,2463_before_clip_0002,ok,150,132.0,72.0,14.2,32.51,64.58,0,96.59,53.79,1.09,0.061774901235374595,32.56,76.46,0.77,122.52,-6.13,72.52,-1.42,POS+CHROM+DEEP,42.806,1832.3673,-42.806,20.136,405.4727,-20.136,25.926,672.1536,25.926,24.07,579.3759,-24.07
2508,after,2508_after_clip_0000,ok,150,111.0,60.0,14.6,38.11,47.62,0,68.94,53.54,1.01,-0.05306668555840248,32.97,133.61,-3.75,131.57,-7.94,132.93,-5.84,POS+CHROM,15.407,237.3851,-15.407,64.67,4182.2578,64.67,62.622,3921.501,62.622,63.99,4094.7572,63.99
2508,after,2508_after_clip_0001,ok,150,111.0,60.0,14.6,25.49,57.37,0,84.66,53.61,1.07,0.05418669600126868,32.93,65.12,2.35,137.77,-3.4,73.6,0.01,POS+CHROM+DEEP,31.048,964.0057,-31.048,19.536,381.6585,-19.536,53.112,2820.8676,53.112,11.056,122.2285,-11.056
2508,after,2508_after_clip_0002,ok,150,111.0,60.0,14.6,14.6,50.67,0,65.29,53.51,1.1,-0.07124460804098277,32.54,67.99,3.75,65.16,-1.85,67.19,0.95,POS+CHROM,11.783,138.8351,-11.783,2.698,7.2792,2.698,0.125,0.0157,-0.125,1.901,3.6126,1.901
2508,before,2508_before_clip_0000,ok,150,107.0,53.0,14.6,17.66,77.51,0,76.08,53.88,0.98,0.05752011339003015,33.27,62.84,4.58,54.36,1.51,54.13,1.24,CHROM+DEEP,22.2,492.858,-22.2,13.232,175.075,-13.232,21.72,471.7584,-21.72,21.95,481.7888,-21.95
2508,before,2508_before_clip_0001,ok,150,107.0,53.0,14.6,7.59,86.87,0,96.14,53.85,0.98,-0.004862093362902467,33.23,61.87,0.22,83.21,-4.68,61.99,-1.16,POS+CHROM+DEEP,42.287,1788.1532,-42.287,34.275,1174.76,-34.275,12.927,167.1168,-12.927,34.148,1166.0971,-34.148
2508,before,2508_before_clip_0002,ok,150,107.0,53.0,14.6,7.09,87.86,0,93.13,53.87,1.02,-0.059587011493262836,32.95,56.63,1.39,55.94,1.03,55.51,1.15,POS+CHROM+DEEP,39.257,1541.0885,-39.257,36.498,1332.1374,-36.498,37.184,1382.687,-37.184,37.622,1415.4363,-37.622
2527,after,2527_after_clip_0000,ok,150,111.0,67.0,12.3,8.49,90.45,0,136.57,53.45,1.09,0.01800495457605349,31.7,119.33,-2.1,119.03,-1.37,119.17,-1.74,POS+CHROM,83.122,6909.2179,-83.122,17.241,297.2406,-17.241,17.546,307.8732,-17.546,17.403,302.8608,-17.403
2527,after,2527_after_clip_0001,ok,150,111.0,67.0,12.3,32.98,65.12,0,105.95,53.51,1.3,0.2681601755649588,31.71,87.41,1.23,88.06,-2.94,87.62,-0.86,POS+CHROM,52.434,2749.3063,-52.434,18.54,343.7144,-18.54,17.889,319.9989,-17.889,18.323,335.7198,-18.323
2527,after,2527_after_clip_0002,ok,150,111.0,67.0,12.3,52.5,44.35,0,86.28,53.54,1.28,-0.09384785204352383,31.69,93.89,2.73,93.23,-1.98,93.68,0.37,POS+CHROM,32.736,1071.6457,-32.736,7.617,58.0145,7.617,6.951,48.319,6.951,7.408,54.8814,7.408
2527,before,2527_before_clip_0000,ok,150,100.0,65.0,12.3,11.39,80.38,0,95.75,54.19,1.33,0.24918243653947106,32.47,86.98,0.84,86.79,-0.84,86.9,-0.0,POS+CHROM,41.559,1727.1125,-41.559,8.775,76.9968,-8.775,8.965,80.3741,-8.965,8.857,78.4411,-8.857
2527,before,2527_before_clip_0001,ok,150,100.0,65.0,12.3,25.12,53.75,0,103.12,54.1,1.33,-0.09828396680681721,32.46,85.26,3.11,82.72,3.56,83.94,3.34,POS+CHROM,49.022,2403.1201,-49.022,17.863,319.0848,-17.863,20.405,416.3828,-20.405,19.182,367.9417,-19.182
2527,before,2527_before_clip_0002,ok,150,100.0,65.0,12.3,31.54,61.74,0,114.02,54.19,1.35,0.06141909486352443,33.21,79.22,0.98,78.39,0.41,78.82,0.7,POS+CHROM,59.832,3579.921,-59.832,34.805,1211.3661,-34.805,35.636,1269.9245,-35.636,35.201,1239.088,-35.201
2558,after,2558_after_clip_0000,ok,150,101.0,59.0,12.0,30.48,42.02,0,65.48,53.79,1.01,-0.37860015654800866,33.84,68.59,-0.19,69.31,0.02,68.96,-0.09,POS+CHROM,11.683,136.5035,-11.683,3.113,9.6902,3.113,3.837,14.7198,3.837,3.481,12.1179,3.481
2558,after,2558_after_clip_0001,ok,150,101.0,59.0,12.0,60.25,22.45,1,64.49,53.63,0.98,0.0312997217271388,33.73,63.38,-2.65,111.69,-0.41,75.6,-0.69,POS+CHROM+DEEP,10.861,117.9582,-10.861,1.107,1.2252,-1.107,47.202,2228.0128,47.202,11.109,123.4143,11.109
2558,after,2558_after_clip_0002,ok,150,101.0,59.0,12.0,39.6,41.13,0,109.58,53.57,1.01,-0.025348163971229926,34.13,109.92,-2.66,108.67,-2.79,109.3,-2.73,POS+CHROM,56.016,3137.8346,-56.016,0.342,0.117,0.342,0.911,0.8297,-0.911,0.278,0.0771,-0.278
2558,before,2558_before_clip_0000,ok,150,100.0,57.0,12.0,5.42,94.34,0,103.32,53.7,0.98,-0.04692080178144229,33.38,92.54,-0.61,62.18,-2.32,68.49,-0.65,POS+CHROM+DEEP,49.62,2462.1652,-49.62,10.776,116.1316,-10.776,41.134,1691.9787,-41.134,34.821,1212.5162,-34.821
2558,before,2558_before_clip_0001,ok,150,100.0,57.0,12.0,12.81,86.67,0,115.53,53.64,0.96,-0.0259799700414339,33.38,63.94,-1.78,75.96,-1.72,62.78,-0.85,POS+CHROM+DEEP,61.892,3830.6677,-61.892,51.593,2661.8347,-51.593,39.572,1565.962,-39.572,52.744,2781.974,-52.744
2558,before,2558_before_clip_0002,ok,150,100.0,57.0,12.0,16.74,79.84,0,126.31,53.71,1.09,0.031368204760301895,32.93,62.21,0.7,62.06,0.59,62.14,0.65,POS+CHROM,72.594,5269.9039,-72.594,64.102,4109.0482,-64.102,64.246,4127.4916,-64.246,64.173,4118.1841,-64.173
2619,after,2619_after_clip_0000,ok,150,123.0,59.0,14.8,13.29,83.53,0,69.17,53.84,1.18,0.049092073213624056,31.87,55.78,-1.67,100.02,-3.59,54.58,-0.24,POS+DEEP,15.332,235.0699,-15.332,13.383,179.108,-13.383,30.853,951.8971,30.853,14.585,212.7192,-14.585
2619,after,2619_after_clip_0001,ok,150,123.0,59.0,14.8,11.65,87.27,0,114.57,53.67,1.05,-0.017458654689660923,33.0,90.79,1.79,88.14,-0.26,89.69,0.77,POS+CHROM,60.903,3709.1608,-60.903,23.787,565.8003,-23.787,26.431,698.592,-26.431,24.885,619.2551,-24.885
2619,after,2619_after_clip_0002,ok,150,123.0,59.0,14.8,28.85,64.24,0,114.36,53.73,1.03,-0.015597752088136694,33.38,89.43,-3.14,124.89,-3.47,79.82,-1.86,POS+CHROM+DEEP,60.626,3675.5197,-60.626,24.926,621.3105,-24.926,10.534,110.9635,10.534,34.535,1192.6431,-34.535
2619,before,2619_before_clip_0000,ok,150,125.0,74.0,14.8,51.78,33.5,0,72.74,55.51,1.8,0.07568834162407376,36.1,56.62,-4.92,64.95,-2.37,55.78,-1.56,POS+DEEP,17.233,296.9793,-17.233,16.127,260.0868,-16.127,7.789,60.6753,-7.789,16.961,287.6721,-16.961
2619,before,2619_before_clip_0001,ok,150,125.0,74.0,14.8,45.85,38.32,0,62.55,53.93,1.43,-0.06055424614461502,34.44,75.09,-1.04,126.06,-0.13,82.54,0.09,POS+CHROM+DEEP,8.616,74.2379,-8.616,12.543,157.3186,12.543,63.511,4033.6672,63.511,19.997,399.8901,19.997
2619,before,2619_before_clip_0002,ok,150,125.0,74.0,14.8,50.54,37.64,0,65.64,54.69,1.88,0.04587364706103446,32.22,70.86,1.16,78.28,-4.15,73.03,-1.49,POS+CHROM,10.952,119.9498,-10.952,5.219,27.2372,5.219,12.643,159.8497,12.643,7.388,54.5865,7.388
2625,after,2625_after_clip_0000,ok,150,144.0,80.0,16.3,16.73,73.64,0,80.12,53.96,1.2,-0.08881329663805382,33.1,94.4,0.81,94.06,-0.71,94.25,0.05,POS+CHROM,26.157,684.2144,-26.157,14.28,203.9065,14.28,13.943,194.3934,13.943,14.132,199.7186,14.132
2625,after,2625_after_clip_0001,ok,150,144.0,80.0,16.3,24.12,59.16,0,85.1,54.07,1.13,0.09840717504167519,33.09,92.12,2.56,88.33,0.17,90.6,1.36,POS+CHROM,31.034,963.1243,-31.034,7.021,49.2996,7.021,3.227,10.4156,3.227,5.497,30.2205,5.497
2625,after,2625_after_clip_0002,ok,150,144.0,80.0,16.3,15.51,72.0,0,103.3,54.16,1.24,-0.026164534942467885,32.72,70.05,-0.94,71.14,0.7,70.66,-0.12,POS+CHROM,49.141,2414.818,-49.141,33.251,1105.6002,-33.251,32.161,1034.3583,-32.161,32.632,1064.8743,-32.632
2625,before,2625_before_clip_0000,ok,150,139.0,82.0,16.3,27.54,63.35,0,117.0,54.14,1.15,-0.21682863171721353,32.29,79.48,4.63,81.32,4.0,80.36,4.31,POS+CHROM,62.859,3951.1936,-62.859,37.514,1407.3027,-37.514,35.677,1272.8414,-35.677,36.643,1342.7293,-36.643
2625,before,2625_before_clip_0001,ok,150,139.0,82.0,16.3,15.36,75.49,0,69.35,54.07,1.17,0.08022922453697938,32.7,89.05,3.34,85.81,1.39,87.69,2.36,POS+CHROM,15.288,233.7302,-15.288,19.696,387.9233,19.696,16.453,270.6923,16.453,18.335,336.1889,18.335
2625,before,2625_before_clip_0002,ok,150,139.0,82.0,16.3,29.27,63.78,0,84.71,54.08,1.14,0.06089652629377304,33.1,91.93,1.81,96.89,0.19,94.08,1.0,POS+CHROM,30.629,938.1302,-30.629,7.217,52.0806,7.217,12.178,148.305,12.178,9.364,87.6911,9.364
2638,after,2638_after_clip_0000,ok,150,124.0,79.0,13.4,7.25,85.51,0,143.73,53.21,0.39,-0.09096483694208957,35.67,80.51,-1.01,64.33,-1.97,65.02,-0.86,POS+CHROM+DEEP,90.515,8192.9082,-90.515,63.212,3995.8107,-63.212,79.398,6304.0236,-79.398,78.706,6194.6391,-78.706
2638,after,2638_after_clip_0001,ok,150,124.0,79.0,13.4,7.09,88.17,0,65.49,53.66,0.99,-0.116879640540562,36.74,107.81,-5.2,79.35,-2.87,71.09,-2.36,POS+CHROM+DEEP,11.828,139.8984,-11.828,42.326,1791.5157,42.326,13.859,192.0697,13.859,5.603,31.396,5.603
2638,after,2638_after_clip_0002,ok,150,124.0,79.0,13.4,9.09,89.2,0,83.37,54.11,0.92,0.1107431911247598,33.81,72.16,-1.8,61.65,0.02,57.59,0.47,CHROM+DEEP,29.26,856.1545,-29.26,11.208,125.6098,-11.208,21.725,471.9634,-21.725,25.776,664.3893,-25.776
2638,before,2638_before_clip_0000,ok,150,113.0,81.0,13.4,11.09,86.22,0,86.71,53.75,1.1,-0.018172172843335364,33.01,74.65,0.12,106.11,-4.38,70.97,-1.05,POS+CHROM+DEEP,32.961,1086.457,-32.961,12.066,145.586,-12.066,19.399,376.3091,19.399,15.741,247.7787,-15.741
2638,before,2638_before_clip_0001,ok,150,113.0,81.0,13.4,25.84,70.56,0,103.62,53.88,1.09,0.12837026158699513,33.06,78.49,3.65,109.15,-3.27,75.25,0.49,POS+CHROM+DEEP,49.737,2473.7572,-49.737,25.131,631.5886,-25.131,5.529,30.5662,5.529,28.37,804.8503,-28.37
2638,before,2638_before_clip_0002,ok,150,113.0,81.0,13.4,28.5,66.73,0,83.19,53.84,1.11,-0.07826905459766695,33.43,76.45,2.87,49.98,-1.48,52.32,-0.19,CHROM+DEEP,29.351,861.4731,-29.351,6.74,45.4227,-6.74,33.211,1102.9505,-33.211,30.871,952.995,-30.871
2646,after,2646_after_clip_0000,ok,150,135.0,91.0,13.0,64.76,13.29,1,66.18,53.4,1.4,-0.1584311330721032,30.72,92.43,1.45,90.58,0.89,91.55,1.17,POS+CHROM,12.787,163.4956,-12.787,26.242,688.6595,26.242,24.401,595.3953,24.401,25.365,643.3878,25.365
2646,after,2646_after_clip_0001,ok,150,135.0,91.0,13.0,59.03,15.94,1,68.25,53.38,1.4,-0.034462627161699795,30.73,96.93,-0.15,95.61,-0.44,96.29,-0.3,POS+CHROM,14.865,220.9746,-14.865,28.683,822.6967,28.683,27.364,748.7879,27.364,28.039,786.1978,28.039
2646,after,2646_after_clip_0002,ok,150,135.0,91.0,13.0,82.63,10.09,1,72.81,53.67,1.58,0.07927895416810171,30.4,97.54,3.02,97.05,2.97,97.29,3.0,POS+CHROM,19.134,366.1162,-19.134,24.732,611.67,24.732,24.241,587.6376,24.241,24.488,599.6458,24.488
2646,before,2646_before_clip_0000,ok,150,125.0,94.0,13.0,14.65,80.16,0,108.43,53.39,1.28,0.15104974423726678,31.39,82.65,3.71,82.43,4.39,82.53,4.05,POS+CHROM,55.042,3029.6698,-55.042,25.784,664.8073,-25.784,26.003,676.1817,-26.003,25.9,670.8016,-25.9
2646,before,2646_before_clip_0001,ok,150,125.0,94.0,13.0,35.64,48.35,0,93.35,53.78,1.48,0.25018526796412094,31.1,113.75,-1.54,115.16,0.16,114.56,-0.69,POS+CHROM,39.573,1566.008,-39.573,20.401,416.1963,20.401,21.813,475.8126,21.813,21.206,449.7138,21.206
2646,before,2646_before_clip_0002,ok,150,125.0,94.0,13.0,36.18,52.84,0,110.25,53.49,1.55,0.21747124296279785,31.05,90.82,0.27,96.75,1.27,94.03,0.77,POS+CHROM,56.757,3221.4116,-56.757,19.421,377.1838,-19.421,13.494,182.0976,-13.494,16.213,262.8721,-16.213
2651,after,2651_after_clip_0000,ok,150,127.0,74.0,15.2,0.72,98.68,0,84.59,53.87,1.09,-0.03110879264053593,33.58,127.28,-0.8,128.32,2.13,127.92,0.67,POS+CHROM,30.715,943.4142,-30.715,42.686,1822.0999,42.686,43.731,1912.4411,43.731,43.334,1877.8346,43.334
2651,after,2651_after_clip_0001,ok,150,127.0,74.0,15.2,0.85,98.81,0,99.26,53.76,1.03,-0.0014423767269688055,33.63,118.42,2.59,116.4,0.86,117.55,1.72,POS+CHROM,45.5,2070.2924,-45.5,19.156,366.962,19.156,17.135,293.6003,17.135,18.291,334.5466,18.291
2651,after,2651_after_clip_0002,ok,150,127.0,74.0,15.2,0.8,98.96,0,57.43,53.84,1.01,0.004361001859714675,32.88,103.18,-0.04,111.12,-0.17,107.11,-0.1,POS+CHROM,3.595,12.9247,-3.595,45.75,2093.0734,45.75,53.682,2881.7578,53.682,49.674,2467.5373,49.674
2651,before,2651_before_clip_0000,ok,150,119.0,75.0,15.2,53.72,24.83,1,107.13,53.92,1.08,0.21172631897696417,32.82,99.35,-3.04,98.57,-3.91,98.99,-3.47,POS+CHROM,53.21,2831.3522,-53.21,7.775,60.4449,-7.775,8.555,73.1883,-8.555,8.136,66.2021,-8.136
2651,before,2651_before_clip_0001,ok,150,119.0,75.0,15.2,58.61,35.96,0,76.63,53.79,1.09,0.09461453589279846,32.82,102.98,-2.17,106.33,0.52,105.02,-0.82,POS+CHROM,22.838,521.5902,-22.838,26.353,694.4888,26.353,29.698,881.9989,29.698,28.394,806.2095,28.394
2651,before,2651_before_clip_0002,ok,150,119.0,75.0,15.2,49.08,39.71,0,80.74,53.6,0.96,0.19068130212506534,33.25,85.28,0.8,84.48,-0.44,84.92,0.18,POS+CHROM,27.133,736.1797,-27.133,4.539,20.5996,4.539,3.741,13.9973,3.741,4.181,17.4806,4.181
2659,after,2659_after_clip_0000,ok,150,114.0,82.0,12.9,30.79,58.52,0,131.05,53.98,1.19,0.1886620250174636,32.86,70.99,-2.63,96.06,-1.67,70.31,-1.04,POS+CHROM+DEEP,77.069,5939.6823,-77.069,60.056,3606.7665,-60.056,34.99,1224.2729,-34.99,60.74,3689.335,-60.74
2659,after,2659_after_clip_0001,ok,150,114.0,82.0,12.9,47.87,41.97,0,117.96,53.85,0.99,0.0036462229849565284,32.84,65.53,2.49,66.95,2.7,66.26,2.6,POS+CHROM,64.102,4109.0078,-64.102,52.42,2747.8953,-52.42,51.0,2601.0432,-51.0,51.698,2672.6616,-51.698
2659,after,2659_after_clip_0002,ok,150,114.0,82.0,12.9,60.93,18.65,1,63.24,53.87,0.98,0.19731588033746977,32.85,62.99,-1.35,67.19,1.02,65.5,-0.17,POS+CHROM,9.371,87.8096,-9.371,0.253,0.064,-0.253,3.955,15.6384,3.955,2.26,5.1082,2.26
2659,before,2659_before_clip_0000,ok,150,108.0,78.0,12.9,40.83,55.8,0,128.51,53.94,1.18,0.037084206140100655,33.25,110.29,-1.44,102.77,-1.1,106.42,-1.27,POS+CHROM,74.564,5559.7471,-74.564,18.22,331.9743,-18.22,25.74,662.5262,-25.74,22.084,487.6853,-22.084
2659,before,2659_before_clip_0001,ok,150,108.0,78.0,12.9,12.05,86.78,0,91.5,53.81,0.93,0.05889085031443326,33.27,105.06,0.18,111.07,-0.12,107.99,0.03,POS+CHROM,37.691,1420.6359,-37.691,13.562,183.9302,13.562,19.574,383.1463,19.574,16.494,272.0447,16.494
2659,before,2659_before_clip_0002,ok,150,108.0,78.0,12.9,12.81,80.91,0,66.82,53.97,1.16,0.1339279966440399,33.27,102.43,3.14,101.86,-1.79,102.26,0.67,POS+CHROM,12.859,165.3636,-12.859,35.607,1267.8787,35.607,35.031,1227.1902,35.031,35.431,1255.3827,35.431
2672,after,2672_after_clip_0000,ok,150,117.0,75.0,13.7,11.29,83.63,0,61.82,52.9,1.27,0.10515970737074741,30.88,86.91,3.0,84.26,1.05,85.8,2.03,POS+CHROM,8.917,79.5142,-8.917,25.088,629.3976,25.088,22.436,503.388,22.436,23.976,574.8275,23.976
2672,after,2672_after_clip_0001,ok,150,117.0,75.0,13.7,7.84,91.29,0,77.1,53.14,1.48,-0.028235103857417496,30.53,85.56,0.68,66.41,-0.75,67.77,0.47,POS+CHROM+DEEP,23.962,574.1993,-23.962,8.453,71.4557,8.453,10.696,114.4088,-10.696,9.331,87.0594,-9.331
2672,after,2672_after_clip_0002,ok,150,117.0,75.0,13.7,2.38,97.1,0,104.06,52.99,1.33,0.05106552671100387,30.5,71.54,3.9,70.41,4.03,70.97,3.97,POS+CHROM,51.068,2607.9001,-51.068,32.522,1057.6554,-32.522,33.65,1132.3112,-33.65,33.092,1095.0693,-33.092
2672,before,2672_before_clip_0000,ok,150,112.0,68.0,13.7,6.88,91.5,0,97.58,53.2,1.64,-0.00026161956183374564,30.8,65.94,2.48,67.08,1.08,66.44,1.78,POS+CHROM,44.382,1969.7226,-44.382,31.646,1001.466,-31.646,30.499,930.1668,-30.499,31.139,969.6449,-31.139
2672,before,2672_before_clip_0001,ok,150,112.0,68.0,13.7,4.29,94.7,0,105.81,52.83,1.35,-0.03178543250149837,30.87,70.31,5.91,71.01,4.99,70.64,5.45,POS+CHROM,52.976,2806.5062,-52.976,35.496,1259.9364,-35.496,34.799,1210.9622,-34.799,35.174,1237.2013,-35.174
2672,before,2672_before_clip_0002,ok,150,112.0,68.0,13.7,5.6,93.45,0,95.98,53.04,1.35,-0.10502457732134625,30.9,63.96,4.08,64.0,3.12,63.98,3.6,POS+CHROM,42.946,1844.3715,-42.946,32.028,1025.7931,-32.028,31.982,1022.8483,-31.982,32.007,1024.4376,-32.007
2676,after,2676_after_clip_0000,ok,150,110.0,60.0,15.3,19.17,60.59,0,123.46,53.59,1.4,-0.019774885017807116,31.75,79.83,3.08,80.36,0.95,80.05,2.01,POS+CHROM,69.871,4881.9355,-69.871,43.637,1904.1601,-43.637,43.103,1857.8811,-43.103,43.417,1885.0225,-43.417
2676,after,2676_after_clip_0001,ok,150,110.0,60.0,15.3,6.61,84.47,0,134.99,53.48,1.49,0.04599877279536203,31.54,82.71,0.01,84.41,1.16,83.64,0.59,POS+CHROM,81.512,6644.1723,-81.512,52.282,2733.411,-52.282,50.589,2559.247,-50.589,51.355,2637.3385,-51.355
2676,after,2676_after_clip_0002,ok,150,110.0,60.0,15.3,33.9,60.03,0,112.71,53.54,1.63,0.1097768172378843,31.49,74.52,3.8,73.28,-0.17,74.1,1.81,POS+CHROM,59.171,3501.1791,-59.171,38.197,1459.0042,-38.197,39.439,1555.398,-39.439,38.62,1491.4784,-38.62
2676,before,2676_before_clip_0000,ok,150,104.0,68.0,15.3,4.63,94.17,0,123.95,53.1,1.42,-0.044303908022708116,33.54,63.23,1.0,60.9,4.51,59.34,2.31,POS+CHROM+DEEP,70.849,5019.6088,-70.849,60.714,3686.2259,-60.714,63.044,3974.5513,-63.044,64.607,4174.1095,-64.607
2676,before,2676_before_clip_0001,ok,150,104.0,68.0,15.3,2.84,96.86,0,119.45,53.21,0.65,0.045186771269375724,31.94,85.02,-2.76,86.26,-1.57,85.7,-2.17,POS+CHROM,66.233,4386.8521,-66.233,34.428,1185.3175,-34.428,33.187,1101.352,-33.187,33.746,1138.82,-33.746
2676,before,2676_before_clip_0002,ok,150,104.0,68.0,15.3,9.14,88.17,0,114.8,54.51,1.4,0.01320081361974739,35.49,72.82,-0.47,81.72,-0.26,68.18,0.22,POS+CHROM+DEEP,60.284,3634.1071,-60.284,41.983,1762.5693,-41.983,33.081,1094.3198,-33.081,46.617,2173.1602,-46.617
2704,after,2704_after_clip_0000,ok,150,136.0,79.0,11.5,42.03,56.97,0,134.47,53.3,1.29,-0.11032668997408047,31.72,87.45,-0.31,88.49,-0.77,87.95,-0.54,POS+CHROM,81.174,6589.1511,-81.174,47.02,2210.9115,-47.02,45.983,2114.4324,-45.983,46.522,2164.2806,-46.522
2704,after,2704_after_clip_0001,ok,150,136.0,79.0,11.5,6.81,91.53,0,64.21,53.44,1.27,-0.15946738117531478,31.38,70.67,-1.07,67.45,-1.24,69.08,-1.15,POS+CHROM,10.768,115.9473,-10.768,6.464,41.7896,6.464,3.241,10.502,3.241,4.876,23.7718,4.876
2704,after,2704_after_clip_0002,ok,150,136.0,79.0,11.5,37.74,57.07,0,126.13,53.31,1.24,-0.21351273149512778,31.78,95.2,-0.97,97.06,-2.24,96.03,-1.6,POS+CHROM,72.814,5301.9431,-72.814,30.929,956.6181,-30.929,29.065,844.7625,-29.065,30.095,905.7269,-30.095
2704,before,2704_before_clip_0000,ok,150,118.0,81.0,11.5,9.42,88.39,0,114.83,54.23,1.33,0.0952638094533288,33.21,76.3,2.68,75.61,2.24,75.97,2.46,POS+CHROM,60.603,3672.6846,-60.603,38.529,1484.4841,-38.529,39.218,1538.066,-39.218,38.861,1510.1815,-38.861
2704,before,2704_before_clip_0001,ok,150,118.0,81.0,11.5,6.33,89.07,0,109.42,54.19,1.31,-0.14825265470317683,33.25,79.95,-1.25,77.43,-0.69,78.63,-0.97,POS+CHROM,55.222,3049.4901,-55.222,29.47,868.456,-29.47,31.987,1023.142,-31.987,30.787,947.8224,-30.787
2704,before,2704_before_clip_0002,ok,150,118.0,81.0,11.5,16.03,79.69,0,119.39,54.28,1.29,-0.16773316438391422,33.25,98.74,-0.85,120.04,-2.0,84.64,-0.52,POS+CHROM+DEEP,65.104,4238.5559,-65.104,20.646,426.2405,-20.646,0.649,0.421,0.649,34.751,1207.6054,-34.751
2732,after,2732_after_clip_0000,ok,150,132.0,67.0,12.0,17.56,78.84,0,57.37,53.98,1.06,-0.08597539378718137,33.4,73.93,3.48,74.18,4.86,74.07,4.17,POS+CHROM,3.391,11.5006,-3.391,16.555,274.0663,16.555,16.807,282.4761,16.807,16.695,278.7374,16.695
2732,after,2732_after_clip_0001,ok,150,132.0,67.0,12.0,9.38,88.53,0,112.19,53.95,1.01,-0.08970502800848916,33.74,84.08,2.6,82.29,1.02,83.3,1.81,POS+CHROM,58.241,3392.0294,-58.241,28.111,790.2356,-28.111,29.899,893.969,-29.899,28.889,834.5666,-28.889
2732,after,2732_after_clip_0002,ok,150,132.0,67.0,12.0,10.92,87.78,0,128.74,53.97,1.08,0.09847739933195461,33.75,88.36,1.13,88.72,1.59,88.55,1.36,POS+CHROM,74.768,5590.3017,-74.768,40.382,1630.7058,-40.382,40.017,1601.3834,-40.017,40.193,1615.4441,-40.193
2732,before,2732_before_clip_0000,ok,150,107.0,64.0,12.0,16.61,76.35,0,78.46,53.85,0.89,-0.04839770751158286,33.78,70.72,5.02,68.57,3.9,69.75,4.46,POS+CHROM,24.609,605.5939,-24.609,7.732,59.7905,-7.732,9.883,97.6791,-9.883,8.707,75.8131,-8.707
2732,before,2732_before_clip_0001,ok,150,107.0,64.0,12.0,16.37,57.97,0,99.61,54.0,1.04,-0.08456225708091286,33.39,67.87,0.91,72.43,-1.3,69.74,-0.2,POS+CHROM,45.606,2079.8916,-45.606,31.739,1007.3391,-31.739,27.175,738.4568,-27.175,29.873,892.3683,-29.873
2732,before,2732_before_clip_0002,ok,150,107.0,64.0,12.0,32.22,62.58,0,95.69,53.85,0.89,-0.0896170120558229,33.8,119.79,-3.79,119.97,-2.3,119.89,-3.04,POS+CHROM,41.84,1750.5966,-41.84,24.101,580.878,24.101,24.281,589.5577,24.281,24.202,585.7482,24.202
2751,after,2751_after_clip_0000,ok,150,119.0,75.0,13.5,17.51,74.1,0,91.56,53.57,1.27,0.04013997168849507,32.16,75.52,0.44,74.73,-0.78,75.16,-0.17,POS+CHROM,37.996,1443.6781,-37.996,16.042,257.3544,-16.042,16.831,283.2781,-16.831,16.397,268.8457,-16.397
2751,after,2751_after_clip_0001,ok,150,119.0,75.0,13.5,19.49,73.85,0,86.99,53.59,1.25,0.07217787985586172,32.18,75.22,3.49,75.05,2.59,75.14,3.04,POS+CHROM,33.395,1115.2072,-33.395,11.766,138.4277,-11.766,11.935,142.4451,-11.935,11.844,140.2798,-11.844
2751,after,2751_after_clip_0002,ok,150,119.0,75.0,13.5,14.6,74.33,0,109.04,53.53,1.23,-0.21142548794552138,32.2,77.27,-1.2,70.46,-2.1,74.12,-1.65,POS+CHROM,55.511,3081.5135,-55.511,31.77,1009.3091,-31.77,38.58,1488.3803,-38.58,34.919,1219.3472,-34.919
2751,before,2751_before_clip_0000,ok,150,111.0,68.0,13.5,6.01,93.16,0,111.8,53.6,1.14,0.06290764190651649,33.16,69.4,1.05,69.74,2.73,69.59,1.89,POS+CHROM,58.196,3386.8236,-58.196,42.399,1797.6847,-42.399,42.057,1768.791,-42.057,42.204,1781.2011,-42.204
2751,before,2751_before_clip_0001,ok,150,111.0,68.0,13.5,3.27,96.19,0,99.33,53.69,1.08,0.07211534997688737,32.78,126.93,-2.78,126.12,-3.34,126.54,-3.06,POS+CHROM,45.637,2082.7603,-45.637,27.6,761.7368,27.6,26.792,717.793,26.792,27.214,740.6256,27.214
2751,before,2751_before_clip_0002,ok,150,111.0,68.0,13.5,11.46,87.26,0,89.91,53.82,1.04,0.01752662557989426,33.27,74.05,-0.64,99.58,-1.84,72.18,-0.48,POS+CHROM+DEEP,36.096,1302.9431,-36.096,15.865,251.7002,-15.865,9.664,93.3902,9.664,17.73,314.3473,-17.73
2755,after,2755_after_clip_0000,ok,150,113.0,67.0,14.8,4.7,93.05,0,76.62,53.54,1.24,-0.05580643250561684,31.72,67.37,1.86,67.92,2.11,67.65,1.99,POS+CHROM,23.075,532.4514,-23.075,9.246,85.4934,-9.246,8.695,75.5982,-8.695,8.965,80.3682,-8.965
2755,after,2755_after_clip_0001,ok,150,113.0,67.0,14.8,2.19,97.41,0,62.73,53.49,1.3,0.002291557903263214,31.73,67.68,4.91,64.72,4.71,66.23,4.81,POS+CHROM,9.243,85.4275,-9.243,4.956,24.5656,4.956,1.989,3.9556,1.989,3.498,12.2335,3.498
2755,after,2755_after_clip_0002,ok,150,113.0,67.0,14.8,1.36,98.51,0,104.19,53.68,1.32,0.029221923562118494,31.35,63.28,4.53,64.53,3.28,63.84,3.91,POS+CHROM,50.512,2551.4203,-50.512,40.914,1673.9432,-40.914,39.663,1573.1422,-39.663,40.353,1628.3939,-40.353
2755,before,2755_before_clip_0000,ok,150,95.0,57.0,14.8,34.97,43.31,0,79.12,53.58,1.16,0.0012338665323209448,33.0,80.49,5.05,78.74,1.74,79.85,3.39,POS+CHROM,25.545,652.5706,-25.545,1.365,1.8629,1.365,0.381,0.145,-0.381,0.727,0.5279,0.727
2755,before,2755_before_clip_0001,ok,150,95.0,57.0,14.8,1.23,98.35,0,85.71,53.59,1.16,-0.05167377094648001,33.02,75.91,4.94,74.49,4.05,75.26,4.49,POS+CHROM,32.116,1031.4437,-32.116,9.795,95.9478,-9.795,11.218,125.8456,-11.218,10.455,109.2981,-10.455
2755,before,2755_before_clip_0002,ok,150,95.0,57.0,14.8,3.34,95.99,0,127.81,53.74,1.14,0.0630985874759352,33.02,67.82,4.77,64.86,2.02,66.67,3.4,POS+CHROM,74.068,5486.0762,-74.068,59.993,3599.217,-59.993,62.953,3963.057,-62.953,61.14,3738.075,-61.14
2778,after,2778_after_clip_0000,ok,150,140.0,72.0,13.8,52.47,40.09,0,61.26,53.91,0.88,0.16631607722255687,33.72,92.53,2.18,96.69,1.82,94.54,2.0,POS+CHROM,7.351,54.0369,-7.351,31.264,977.4512,31.264,35.429,1255.2442,35.429,33.284,1107.8087,33.284
2778,after,2778_after_clip_0001,ok,150,140.0,72.0,13.8,35.9,52.34,0,93.91,53.92,1.1,0.3615154310137438,34.01,95.54,4.3,94.39,3.35,95.01,3.83,POS+CHROM,39.995,1599.6125,-39.995,1.629,2.6523,1.629,0.471,0.2223,0.471,1.095,1.1998,1.095
2778,after,2778_after_clip_0002,ok,150,140.0,72.0,13.8,64.52,32.12,0,97.21,53.95,1.08,0.11033144645264799,34.08,66.65,1.08,68.26,1.2,67.46,1.14,POS+CHROM,43.268,1872.1486,-43.268,30.569,934.4927,-30.569,28.955,838.369,-28.955,29.753,885.2691,-29.753
2778,before,2778_before_clip_0000,ok,150,124.0,70.0,13.8,39.38,50.59,0,91.81,53.9,0.85,0.040555195891184226,33.65,67.34,-2.28,99.03,-2.18,69.92,-1.2,POS+CHROM+DEEP,37.914,1437.482,-37.914,24.469,598.719,-24.469,7.221,52.1418,7.221,21.889,479.1066,-21.889
2778,before,2778_before_clip_0001,ok,150,124.0,70.0,13.8,58.81,35.6,0,64.99,53.93,1.09,-0.05204141333546816,33.66,107.05,-1.55,106.44,0.01,106.7,-0.77,POS+CHROM,11.059,122.2908,-11.059,42.055,1768.6487,42.055,41.451,1718.1513,41.451,41.714,1740.0333,41.714
2778,before,2778_before_clip_0002,ok,150,124.0,70.0,13.8,40.87,56.66,0,71.73,53.85,0.9,0.10842153060595502,33.68,78.13,-2.42,79.01,0.12,78.66,-1.15,POS+CHROM,17.88,319.6863,-17.88,6.4,40.9538,6.4,7.279,52.9795,7.279,6.931,48.0342,6.931
2801,after,2801_after_clip_0000,ok,150,131.0,66.0,14.4,4.63,94.38,0,112.4,53.76,1.18,-0.0023004405220794955,32.9,69.31,2.62,66.89,1.63,68.2,2.12,POS+CHROM,58.646,3439.3512,-58.646,43.089,1856.6848,-43.089,45.512,2071.3708,-45.512,44.2,1953.6729,-44.2
2801,after,2801_after_clip_0001,ok,150,131.0,66.0,14.4,0.85,95.18,0,86.28,53.82,1.18,-0.018834796734326358,32.92,70.84,4.34,70.41,2.35,70.66,3.35,POS+CHROM,32.464,1053.8886,-32.464,15.439,238.3574,-15.439,15.867,251.7485,-15.867,15.618,243.9108,-15.618
2801,after,2801_after_clip_0002,ok,150,131.0,66.0,14.4,4.0,95.7,0,115.12,53.88,1.16,0.06087906894914205,32.91,74.48,4.27,75.15,4.47,74.82,4.37,POS+CHROM,61.243,3750.6861,-61.243,40.641,1651.7309,-40.641,39.973,1597.8778,-39.973,40.302,1624.2332,-40.302
2801,before,2801_before_clip_0000,ok,150,120.0,74.0,14.4,4.49,94.45,0,76.51,53.72,0.61,-0.006989523644539874,33.26,100.65,-2.03,111.73,-2.61,82.51,-1.34,POS+CHROM+DEEP,22.792,519.483,-22.792,24.14,582.7321,24.14,35.218,1240.3083,35.218,6.004,36.0525,6.004
2801,before,2801_before_clip_0001,ok,150,120.0,74.0,14.4,2.64,95.2,0,71.53,53.93,1.02,-0.04974480660948488,37.0,57.2,0.32,136.28,-1.27,55.47,0.67,POS+DEEP,17.605,309.9339,-17.605,14.334,205.4646,-14.334,64.748,4192.2479,64.748,16.065,258.0786,-16.065
2801,before,2801_before_clip_0002,ok,150,120.0,74.0,14.4,6.08,92.91,0,134.24,54.25,1.31,0.04027232400118488,31.96,115.86,-2.56,134.94,0.77,97.75,-0.16,POS+CHROM+DEEP,79.983,6397.3155,-79.983,18.38,337.8374,-18.38,0.706,0.499,0.706,36.488,1331.3524,-36.488
2802,after,2802_after_clip_0000,ok,150,116.0,67.0,12.7,11.41,86.69,0,60.28,53.83,1.04,-0.004314892529306209,32.89,87.13,2.72,86.87,1.49,87.01,2.11,POS+CHROM,6.447,41.5592,-6.447,26.846,720.7113,26.846,26.586,706.8058,26.586,26.729,714.4514,26.729
2802,after,2802_after_clip_0001,ok,150,116.0,67.0,12.7,7.35,91.93,0,88.0,53.75,1.02,0.04466800324864435,33.32,90.96,-0.65,90.31,-0.74,90.64,-0.69,POS+CHROM,34.255,1173.3967,-34.255,2.964,8.7826,2.964,2.309,5.3296,2.309,2.639,6.9618,2.639
2802,after,2802_after_clip_0002,ok,150,116.0,67.0,12.7,10.2,88.9,0,137.97,53.76,1.04,-0.02905970450807302,33.31,91.45,-0.43,66.97,-1.45,69.41,-0.28,POS+CHROM+DEEP,84.216,7092.3811,-84.216,46.525,2164.5318,-46.525,71.005,5041.662,-71.005,68.565,4701.217,-68.565
2802,before,2802_before_clip_0000,ok,150,114.0,66.0,12.7,3.07,96.44,0,114.01,53.74,1.03,-0.0478891968840107,33.29,86.82,0.34,86.24,0.13,86.53,0.23,POS+CHROM,60.269,3632.321,-60.269,27.196,739.6124,-27.196,27.767,771.0108,-27.767,27.476,754.9554,-27.476
2802,before,2802_before_clip_0001,ok,150,114.0,66.0,12.7,1.57,97.77,0,129.99,53.74,1.06,0.08939837300118496,33.3,59.83,-1.81,59.56,-0.16,57.24,-0.3,POS+CHROM+DEEP,76.254,5814.6025,-76.254,70.158,4922.1254,-70.158,70.43,4960.4015,-70.43,72.752,5292.8669,-72.752
2802,before,2802_before_clip_0002,ok,150,114.0,66.0,12.7,7.07,91.51,0,114.82,53.73,1.04,-0.03599204948254028,33.29,60.04,0.52,58.62,1.27,57.41,0.95,POS+CHROM+DEEP,61.091,3732.081,-61.091,54.782,3001.0633,-54.782,56.198,3158.261,-56.198,57.414,3296.3317,-57.414
2818,after,2818_after_clip_0000,ok,150,141.0,84.0,12.3,9.87,50.46,0,69.4,54.03,1.12,-0.05265136568503828,33.5,94.63,2.79,95.19,1.63,94.88,2.21,POS+CHROM,15.368,236.1883,-15.368,25.233,636.7213,25.233,25.787,664.9799,25.787,25.484,649.4219,25.484
2818,after,2818_after_clip_0001,ok,150,141.0,84.0,12.3,17.7,71.78,0,115.18,54.02,1.14,-0.043447471047910295,33.12,87.3,0.69,86.93,0.78,87.11,0.73,POS+CHROM,61.157,3740.2075,-61.157,27.881,777.3469,-27.881,28.247,797.9212,-28.247,28.065,787.6694,-28.065
2818,after,2818_after_clip_0002,ok,150,141.0,84.0,12.3,25.11,67.23,0,114.48,54.06,1.12,0.050986138012909944,33.47,91.28,3.13,92.26,0.35,91.66,1.74,POS+CHROM,60.42,3650.576,-60.42,23.202,538.3139,-23.202,22.226,493.9876,-22.226,22.825,520.9616,-22.825
2818,before,2818_before_clip_0000,ok,150,122.0,87.0,12.3,35.39,49.48,0,80.67,53.95,1.23,0.1163001917589292,32.98,90.3,2.6,92.97,2.55,91.63,2.58,POS+CHROM,26.723,714.1277,-26.723,9.631,92.7617,9.631,12.302,151.3375,12.302,10.961,120.137,10.961
2818,before,2818_before_clip_0001,ok,150,122.0,87.0,12.3,29.31,68.47,0,103.35,53.9,1.08,-0.02322909606621115,32.59,102.58,-1.59,86.01,-0.07,77.31,-0.19,POS+CHROM+DEEP,49.446,2444.8652,-49.446,0.761,0.5791,-0.761,17.338,300.5919,-17.338,26.04,678.0812,-26.04
2818,before,2818_before_clip_0002,ok,150,122.0,87.0,12.3,50.12,45.4,0,119.18,53.9,1.13,-0.018727499037877588,32.95,89.17,1.5,90.37,3.64,89.87,2.57,POS+CHROM,65.284,4261.9805,-65.284,30.009,900.5136,-30.009,28.815,830.305,-28.815,29.307,858.8802,-29.307
2823,after,2823_after_clip_0000,ok,150,120.0,76.0,16.2,9.91,84.9,0,108.56,54.1,1.15,-0.07723938016143261,33.23,89.64,-1.51,132.32,-0.72,87.83,-0.36,POS+CHROM+DEEP,54.464,2966.3196,-54.464,18.922,358.0394,-18.922,23.763,564.6575,23.763,20.735,429.9523,-20.735
2823,after,2823_after_clip_0001,ok,150,120.0,76.0,16.2,31.98,63.55,0,124.09,53.91,0.73,0.0830349814837849,33.72,72.52,-0.47,69.47,0.28,70.9,-0.09,POS+CHROM,70.186,4926.0715,-70.186,51.573,2659.7924,-51.573,54.622,2983.5633,-54.622,53.193,2829.5033,-53.193
2823,after,2823_after_clip_0002,ok,150,120.0,76.0,16.2,10.94,81.34,0,134.31,53.97,1.15,-0.0017850966969653475,33.92,99.17,-1.95,98.25,0.36,98.63,-0.79,POS+CHROM,80.338,6454.1798,-80.338,35.138,1234.6578,-35.138,36.061,1300.3692,-36.061,35.687,1273.5389,-35.687
2823,before,2823_before_clip_0000,ok,150,115.0,80.0,16.2,16.36,52.34,0,91.73,54.21,1.09,-0.11057870746053809,33.46,98.47,0.83,82.48,-0.16,77.81,0.59,POS+CHROM+DEEP,37.524,1408.0185,-37.524,6.74,45.4231,6.74,9.245,85.4716,-9.245,13.921,193.7975,-13.921
2823,before,2823_before_clip_0001,ok,150,115.0,80.0,16.2,32.01,62.31,0,103.29,54.32,1.04,0.2128096872024309,33.3,80.06,-1.8,88.65,-0.42,72.17,-0.4,POS+CHROM+DEEP,48.973,2398.3721,-48.973,23.231,539.6588,-23.231,14.64,214.3269,-14.64,31.128,968.9604,-31.128
2823,before,2823_before_clip_0002,ok,150,115.0,80.0,16.2,30.65,68.69,0,83.69,54.15,1.09,-0.07248881901594116,36.01,61.72,1.08,62.57,0.08,59.31,0.75,POS+CHROM+DEEP,29.542,872.7007,-29.542,21.971,482.7357,-21.971,21.116,445.8839,-21.116,24.38,594.3718,-24.38
2842,after,2842_after_clip_0000,ok,150,120.0,73.0,13.2,36.24,49.27,0,66.81,53.93,1.14,-0.16822835154030447,33.44,90.2,-0.22,68.97,-0.96,69.72,-0.02,POS+CHROM+DEEP,12.883,165.9671,-12.883,23.394,547.2836,23.394,2.165,4.6889,2.165,2.913,8.4863,2.913
2842,after,2842_after_clip_0001,ok,150,120.0,73.0,13.2,17.84,80.64,0,114.87,54.02,1.15,-0.01993326186404446,33.48,92.99,3.18,90.88,2.5,91.99,2.84,POS+CHROM,60.846,3702.2517,-60.846,21.883,478.8801,-21.883,23.987,575.3855,-23.987,22.875,523.285,-22.875
2842,after,2842_after_clip_0002,ok,150,120.0,73.0,13.2,16.18,75.71,0,101.14,54.0,1.01,0.07531259076717728,34.03,95.44,1.65,99.15,0.22,97.07,0.93,POS+CHROM,47.143,2222.429,-47.143,5.708,32.583,-5.708,1.992,3.9698,-1.992,4.07,16.5636,-4.07
2842,before,2842_before_clip_0000,ok,150,123.0,76.0,13.2,4.3,95.07,0,93.37,54.13,1.06,0.05752072670390144,33.51,95.27,0.82,75.01,0.49,74.52,0.79,POS+CHROM+DEEP,39.24,1539.8105,-39.24,1.9,3.6089,1.9,18.362,337.1734,-18.362,18.856,355.5458,-18.856
2842,before,2842_before_clip_0001,ok,150,123.0,76.0,13.2,8.6,89.53,0,109.87,53.98,1.06,-0.020231038076350752,33.55,86.07,1.05,86.95,-0.6,86.45,0.23,POS+CHROM,55.894,3124.1253,-55.894,23.803,566.5852,-23.803,22.922,525.435,-22.922,23.423,548.6427,-23.423
2842,before,2842_before_clip_0002,ok,150,123.0,76.0,13.2,5.71,85.34,0,68.08,54.07,1.09,0.03806759821297106,33.52,66.37,0.59,65.45,-2.67,66.03,-1.04,POS+CHROM,14.007,196.183,-14.007,1.708,2.9171,-1.708,2.627,6.9037,-2.627,2.046,4.1865,-2.046
2851,after,2851_after_clip_0000,ok,150,130.0,69.0,15.2,5.53,93.08,0,82.57,54.25,1.06,-0.026146119602280055,33.45,81.81,3.6,83.63,3.1,82.68,3.35,POS+CHROM,28.319,801.9602,-28.319,0.763,0.5817,-0.763,1.06,1.124,1.06,0.111,0.0124,0.111
2851,after,2851_after_clip_0001,ok,150,130.0,69.0,15.2,12.76,85.15,0,103.42,54.2,1.06,-0.14947741490563157,33.42,74.23,3.63,77.34,2.35,75.62,2.99,POS+CHROM,49.222,2422.8371,-49.222,29.194,852.2622,-29.194,26.084,680.3763,-26.084,27.803,773.0245,-27.803
2851,after,2851_after_clip_0002,ok,150,130.0,69.0,15.2,16.42,81.45,0,117.92,54.38,1.34,0.22857700734667222,33.03,70.32,3.37,68.89,1.97,69.69,2.67,POS+CHROM,63.533,4036.5043,-63.533,47.595,2265.2726,-47.595,49.026,2403.5836,-49.026,48.228,2325.8918,-48.228
2851,before,2851_before_clip_0000,ok,150,130.0,70.0,15.2,14.16,83.68,0,71.63,54.23,1.04,-0.180313501266048,33.1,88.18,5.28,88.14,2.37,88.17,3.83,POS+CHROM,17.402,302.8219,-17.402,16.55,273.909,16.55,16.51,272.5868,16.51,16.535,273.4046,16.535
2851,before,2851_before_clip_0001,ok,150,130.0,70.0,15.2,27.27,60.76,0,91.74,54.15,1.12,-0.14734111645436562,33.41,78.62,2.07,82.18,-1.04,79.95,0.51,POS+CHROM,37.596,1413.4391,-37.596,13.125,172.2568,-13.125,9.559,91.3747,-9.559,11.794,139.0926,-11.794
2851,before,2851_before_clip_0002,ok,150,130.0,70.0,15.2,40.6,58.01,0,100.93,54.17,1.12,-0.08855581824832472,33.4,67.1,5.45,66.88,5.51,66.99,5.48,POS+CHROM,46.754,2185.9324,-46.754,33.828,1144.3288,-33.828,34.046,1159.1337,-34.046,33.938,1151.7556,-33.938
2852,after,2852_after_clip_0000,ok,150,146.0,77.0,16.1,11.38,88.03,0,122.57,53.98,1.15,-0.09796889277664197,33.42,77.34,0.57,75.05,-1.92,76.43,-0.67,POS+CHROM,68.592,4704.9072,-68.592,45.233,2046.0119,-45.233,47.526,2258.7621,-47.526,46.145,2129.3988,-46.145
2852,after,2852_after_clip_0001,ok,150,146.0,77.0,16.1,6.11,93.7,0,74.54,54.03,1.17,0.03502738807675675,33.43,86.35,-1.27,82.74,-0.12,84.37,-0.7,POS+CHROM,20.504,420.4167,-20.504,11.808,139.4239,11.808,8.199,67.2293,8.199,9.83,96.637,9.83
2852,after,2852_after_clip_0002,ok,150,146.0,77.0,16.1,12.34,85.82,0,110.97,54.28,1.15,0.096243026838591,33.27,79.46,-2.09,133.36,-3.06,80.2,-1.33,POS+CHROM+DEEP,56.698,3214.67,-56.698,31.51,992.8592,-31.51,22.388,501.2283,22.388,30.771,946.8309,-30.771
2852,before,2852_before_clip_0000,ok,150,126.0,71.0,16.1,21.4,74.8,0,76.15,54.16,1.17,0.12859160803539887,33.32,63.94,4.28,63.81,4.98,63.87,4.63,POS+CHROM,21.996,483.8194,-21.996,12.215,149.2112,-12.215,12.34,152.2732,-12.34,12.281,150.8276,-12.281
2852,before,2852_before_clip_0001,ok,150,126.0,71.0,16.1,9.57,85.36,0,72.86,54.1,1.17,0.06709351812509931,33.34,78.64,0.62,81.21,-0.45,79.81,0.08,POS+CHROM,18.759,351.9186,-18.759,5.777,33.373,5.777,8.352,69.7607,8.352,6.949,48.2923,6.949
2852,before,2852_before_clip_0002,ok,150,126.0,71.0,16.1,5.22,93.15,0,92.61,54.18,1.16,0.05971769734999449,32.92,65.98,2.94,65.7,1.73,65.85,2.34,POS+CHROM,38.424,1476.4302,-38.424,26.626,708.9239,-26.626,26.905,723.8892,-26.905,26.751,715.6368,-26.751
2857,after,2857_after_clip_0000,ok,150,130.0,73.0,14.3,32.45,49.0,0,86.71,54.29,1.14,0.2395979484186945,33.95,85.29,2.59,86.35,1.12,85.76,1.86,POS+CHROM,32.419,1050.9856,-32.419,1.424,2.0271,-1.424,0.359,0.1289,-0.359,0.956,0.9145,-0.956
2857,after,2857_after_clip_0001,ok,150,130.0,73.0,14.3,44.38,54.03,0,100.95,54.34,1.17,-0.04932079826337027,33.94,94.83,-0.44,91.63,-2.09,93.44,-1.27,POS+CHROM,46.61,2172.5252,-46.61,6.129,37.5696,-6.129,9.329,87.0255,-9.329,7.51,56.4057,-7.51
2857,after,2857_after_clip_0002,ok,150,130.0,73.0,14.3,34.44,59.78,0,133.89,54.3,1.16,-0.19724552534095163,33.96,95.52,1.02,96.32,0.4,95.9,0.71,POS+CHROM,79.596,6335.5345,-79.596,38.377,1472.7836,-38.377,37.578,1412.1262,-37.578,37.998,1443.8619,-37.998
2857,before,2857_before_clip_0000,ok,150,130.0,70.0,14.3,19.27,42.97,0,64.16,54.16,1.13,-0.1080806898673837,33.99,90.08,-3.55,113.43,-5.43,74.42,-2.62,POS+CHROM+DEEP,10.004,100.0794,-10.004,25.915,671.5626,25.915,49.267,2427.2078,49.267,10.259,105.2513,10.259
2857,before,2857_before_clip_0001,ok,150,130.0,70.0,14.3,17.65,67.45,0,115.8,54.26,1.26,0.01338807697685157,36.07,74.54,4.32,74.97,3.55,74.74,3.93,POS+CHROM,61.533,3786.3021,-61.533,41.256,1702.0625,-41.256,40.826,1666.7931,-40.826,41.055,1685.4992,-41.055
2857,before,2857_before_clip_0002,ok,150,130.0,70.0,14.3,13.7,80.87,0,69.18,54.23,1.19,-0.07051996083183466,33.19,77.54,5.06,78.29,4.16,77.89,4.61,POS+CHROM,14.946,223.3899,-14.946,8.362,69.9266,8.362,9.11,82.997,9.11,8.708,75.8338,8.708
2874,after,2874_after_clip_0000,ok,150,144.0,79.0,14.6,4.34,95.41,0,128.96,54.05,1.19,0.05070249922101995,32.55,71.61,1.69,71.08,-0.36,71.39,0.67,POS+CHROM,74.918,5612.654,-74.918,57.356,3289.7416,-57.356,57.885,3350.6937,-57.885,57.576,3314.9955,-57.576
2874,after,2874_after_clip_0001,ok,150,144.0,79.0,14.6,1.36,98.27,0,83.64,54.01,1.19,0.07507921451624808,32.57,76.68,2.93,78.2,1.57,77.35,2.25,POS+CHROM,29.627,877.7489,-29.627,6.957,48.3943,-6.957,5.438,29.568,-5.438,6.283,39.4721,-6.283
2874,after,2874_after_clip_0002,ok,150,144.0,79.0,14.6,6.42,90.56,0,125.11,54.08,1.17,0.2270965613021644,33.0,78.52,4.33,78.21,1.28,78.4,2.8,POS+CHROM,71.028,5045.0358,-71.028,46.584,2170.0939,-46.584,46.898,2199.4041,-46.898,46.702,2181.0708,-46.702
2874,before,2874_before_clip_0000,ok,150,134.0,80.0,14.6,12.03,87.09,0,107.55,54.1,1.13,0.022099476980123166,33.34,81.12,4.23,82.93,2.66,81.9,3.44,POS+CHROM,53.456,2857.5529,-53.456,26.437,698.9391,-26.437,24.626,606.4372,-24.626,25.649,657.8834,-25.649
2874,before,2874_before_clip_0001,ok,150,134.0,80.0,14.6,3.62,96.28,0,71.94,54.16,1.11,0.015456401585527635,33.36,81.87,4.19,79.07,-3.07,81.23,0.56,POS+CHROM,17.783,316.2383,-17.783,9.924,98.4774,9.924,7.129,50.8274,7.129,9.282,86.1521,9.282
2874,before,2874_before_clip_0002,ok,150,134.0,80.0,14.6,1.49,97.28,0,56.43,54.02,1.12,-0.010396032871432375,33.36,79.81,3.06,81.04,1.37,80.34,2.22,POS+CHROM,2.412,5.8193,-2.412,23.38,546.601,23.38,24.614,605.8421,24.614,23.911,571.7126,23.911
2875,after,2875_after_clip_0000,ok,150,118.0,78.0,13.1,51.4,24.8,1,77.46,53.93,1.34,-0.10507412156750243,32.96,106.0,-1.41,104.42,-0.7,105.16,-1.05,POS+CHROM,23.537,554.0102,-23.537,28.532,814.0826,28.532,26.953,726.4568,26.953,27.696,767.0727,27.696
2875,after,2875_after_clip_0001,ok,150,118.0,78.0,13.1,58.66,25.44,1,95.66,53.91,1.24,0.21807496901768092,32.93,61.07,-1.74,64.85,0.12,59.42,-0.13,POS+CHROM+DEEP,41.756,1743.602,-41.756,34.597,1196.9534,-34.597,30.817,949.6633,-30.817,36.249,1313.9721,-36.249
2875,after,2875_after_clip_0002,ok,150,118.0,78.0,13.1,47.55,46.25,0,122.67,53.88,1.16,0.19653275280528157,32.94,78.07,-1.1,78.52,-1.96,78.28,-1.53,POS+CHROM,68.793,4732.4549,-68.793,44.597,1988.9188,-44.597,44.153,1949.4603,-44.153,44.391,1970.5445,-44.391
2875,before,2875_before_clip_0000,ok,150,112.0,82.0,13.1,16.31,79.64,0,126.74,54.12,1.3,0.12959128007049392,32.91,128.68,-3.22,129.24,-2.13,128.99,-2.68,POS+CHROM,72.616,5273.0506,-72.616,1.947,3.7925,1.947,2.5,6.2511,2.5,2.249,5.057,2.249
2875,before,2875_before_clip_0001,ok,150,112.0,82.0,13.1,23.03,73.78,0,125.92,53.46,0.88,0.01757290116905453,33.23,81.97,1.63,76.52,-3.66,80.37,-1.02,POS+CHROM,72.462,5250.7799,-72.462,43.953,1931.8606,-43.953,49.409,2441.2214,-49.409,45.55,2074.7932,-45.55
2875,before,2875_before_clip_0002,ok,150,112.0,82.0,13.1,20.08,78.1,0,128.36,53.81,1.08,0.05971997352953871,33.07,132.7,-1.82,133.29,-0.94,133.02,-1.38,POS+CHROM,74.543,5556.7252,-74.543,4.348,18.9031,4.348,4.93,24.3059,4.93,4.66,21.7184,4.66
2895,after,2895_after_clip_0000,ok,150,112.0,72.0,13.9,4.7,90.64,0,73.55,53.92,1.09,-0.004691212880543711,33.99,84.39,-3.77,82.77,0.79,83.29,-1.49,POS+CHROM,19.631,385.3667,-19.631,10.84,117.5017,10.84,9.216,84.936,9.216,9.733,94.7397,9.733
2895,after,2895_after_clip_0001,ok,150,112.0,72.0,13.9,8.85,86.1,0,96.88,54.19,1.04,0.00815162023576634,32.28,83.46,0.64,132.91,0.29,88.58,0.66,POS+CHROM+DEEP,42.697,1823.0544,-42.697,13.422,180.1446,-13.422,36.022,1297.5722,36.022,8.308,69.0209,-8.308
2895,after,2895_after_clip_0002,ok,150,112.0,72.0,13.9,17.34,68.93,0,95.11,54.01,1.14,0.01175565032500855,32.89,58.94,2.78,101.4,-3.86,56.81,1.96,POS+DEEP,41.1,1689.2277,-41.1,36.167,1308.0416,-36.167,6.295,39.6259,6.295,38.299,1466.8233,-38.299
2895,before,2895_before_clip_0000,ok,150,100.0,66.0,13.9,11.64,82.27,0,63.88,53.84,0.59,-0.1533334346879662,31.42,67.4,-0.79,80.09,0.25,66.83,0.02,POS+CHROM+DEEP,10.037,100.7424,-10.037,3.523,12.415,3.523,16.212,262.843,16.212,2.948,8.693,2.948
2895,before,2895_before_clip_0001,ok,150,100.0,66.0,13.9,12.61,86.27,0,119.51,53.53,1.02,-0.21818451328102123,31.67,82.21,-1.24,80.61,0.61,81.29,-0.32,POS+CHROM,65.981,4353.4773,-65.981,37.302,1391.4514,-37.302,38.896,1512.928,-38.896,38.221,1460.8325,-38.221
2895,before,2895_before_clip_0002,ok,150,100.0,66.0,13.9,18.33,72.43,0,68.16,54.44,1.53,0.028574580189828936,35.18,69.52,-0.56,68.25,-1.35,68.92,-0.95,POS+CHROM,13.725,188.3677,-13.725,1.353,1.8314,1.353,0.084,0.007,0.084,0.76,0.5773,0.76
2907,after,2907_after_clip_0000,ok,150,146.0,87.0,14.7,15.64,83.13,0,67.69,54.19,1.0,-0.05363243905623229,33.61,86.6,5.16,87.92,2.59,87.12,3.88,POS+CHROM,13.501,182.2665,-13.501,18.906,357.4433,18.906,20.23,409.2679,20.23,19.429,377.4757,19.429
2907,after,2907_after_clip_0001,ok,150,146.0,87.0,14.7,3.72,94.21,0,78.83,54.18,1.03,0.07703825213650835,33.6,88.48,5.97,86.19,1.89,87.71,3.93,POS+CHROM,24.649,607.5544,-24.649,9.653,93.1832,9.653,7.363,54.221,7.363,8.883,78.9089,8.883
2907,after,2907_after_clip_0002,ok,150,146.0,87.0,14.7,40.74,58.48,0,127.67,54.25,1.0,0.02919298241220136,33.6,88.67,2.85,88.73,2.16,88.69,2.51,POS+CHROM,73.422,5390.8136,-73.422,39.006,1521.4624,-39.006,38.949,1517.0142,-38.949,38.979,1519.3655,-38.979
2907,before,2907_before_clip_0000,ok,150,126.0,90.0,14.7,12.08,86.78,0,112.28,54.27,1.02,-0.026827795744175834,33.62,77.37,4.75,77.45,3.73,77.41,4.24,POS+CHROM,58.003,3364.3724,-58.003,34.908,1218.5961,-34.908,34.825,1212.7822,-34.825,34.87,1215.9354,-34.87
2907,before,2907_before_clip_0001,ok,150,126.0,90.0,14.7,20.23,75.79,0,111.5,54.19,1.01,0.19546349871936364,33.65,75.17,5.62,75.92,1.72,75.43,3.67,POS+CHROM,57.312,3284.7074,-57.312,36.33,1319.8395,-36.33,35.578,1265.8161,-35.578,36.072,1301.1901,-36.072
2907,before,2907_before_clip_0002,ok,150,126.0,90.0,14.7,27.98,69.39,0,97.57,54.2,0.99,0.07469899072805536,33.63,74.09,2.54,74.24,0.77,74.16,1.66,POS+CHROM,43.367,1880.7308,-43.367,23.476,551.1395,-23.476,23.323,543.9827,-23.323,23.411,548.079,-23.411
2916,after,2916_after_clip_0000,ok,150,136.0,88.0,14.5,3.28,96.38,0,81.3,52.89,1.12,0.23833595121140755,31.28,126.52,0.63,128.03,1.12,127.31,0.88,POS+CHROM,28.403,806.7306,-28.403,45.228,2045.5282,45.228,46.73,2183.6966,46.73,46.01,2116.8947,46.01
2916,after,2916_after_clip_0001,ok,150,136.0,88.0,14.5,45.92,46.33,0,97.76,52.98,1.14,-0.12619129740941162,31.0,87.07,3.35,86.95,3.04,87.01,3.2,POS+CHROM,44.789,2006.0367,-44.789,10.693,114.3298,-10.693,10.818,117.0184,-10.818,10.753,115.6354,-10.753
2916,after,2916_after_clip_0002,ok,150,136.0,88.0,14.5,15.59,83.5,0,114.49,53.72,1.66,-0.02529487115214099,30.9,92.12,3.56,91.41,3.28,91.77,3.42,POS+CHROM,60.775,3693.5775,-60.775,22.374,500.5832,-22.374,23.08,532.705,-23.08,22.719,516.1475,-22.719
2916,before,2916_before_clip_0000,ok,150,126.0,77.0,14.5,41.79,57.01,0,74.34,53.26,1.47,0.014356064684048582,30.91,60.31,1.14,60.63,2.75,58.22,1.79,POS+CHROM+DEEP,21.081,444.3877,-21.081,14.033,196.9222,-14.033,13.708,187.9112,-13.708,16.119,259.8315,-16.119
2916,before,2916_before_clip_0001,ok,150,126.0,77.0,14.5,5.63,87.59,0,93.81,53.19,1.2,0.06915425257724563,31.17,105.41,0.17,106.24,1.39,105.86,0.78,POS+CHROM,40.617,1649.7436,-40.617,11.598,134.522,11.598,12.429,154.4709,12.429,12.055,145.332,12.055
2916,before,2916_before_clip_0002,ok,150,126.0,77.0,14.5,28.27,60.56,0,58.09,52.73,1.09,-0.13013823430217691,31.42,67.86,-3.65,66.28,-2.84,67.02,-3.25,POS+CHROM,5.355,28.6769,-5.355,9.774,95.5246,9.774,8.188,67.0422,8.188,8.927,79.6872,8.927
2928,after,2928_after_clip_0000,ok,150,177.0,91.0,16.2,8.48,86.9,0,133.7,54.03,1.19,-0.07513684868738436,33.08,101.35,-0.78,101.62,-4.27,101.45,-2.52,POS+CHROM,79.662,6345.9598,-79.662,32.344,1046.1525,-32.344,32.08,1029.1461,-32.08,32.25,1040.0396,-32.25
2928,after,2928_after_clip_0001,ok,150,177.0,91.0,16.2,4.31,94.54,0,128.55,54.05,1.14,-0.17853559590777787,33.85,97.83,-0.82,97.34,-2.25,97.61,-1.53,POS+CHROM,74.5,5550.1797,-74.5,30.721,943.7773,-30.721,31.209,974.0067,-31.209,30.936,957.04,-30.936
2928,after,2928_after_clip_0002,ok,150,177.0,91.0,16.2,37.04,59.52,0,125.72,54.02,1.16,0.2153779066704641,33.86,96.37,-3.37,57.7,0.9,55.82,1.03,CHROM+DEEP,71.706,5141.7829,-71.706,29.354,861.6837,-29.354,68.017,4626.3365,-68.017,69.902,4886.2235,-69.902
2928,before,2928_before_clip_0000,ok,150,125.0,80.0,16.2,38.05,55.48,0,72.6,54.15,1.21,0.002688985816858728,33.25,83.45,2.09,83.7,1.38,83.57,1.73,POS+CHROM,18.452,340.4633,-18.452,10.856,117.843,10.856,11.098,123.1686,11.098,10.97,120.3346,10.97
2928,before,2928_before_clip_0001,ok,150,125.0,80.0,16.2,26.04,61.13,0,96.77,54.14,1.19,-0.17726986522487065,33.27,66.63,-0.83,67.7,2.09,67.29,0.63,POS+CHROM,42.632,1817.4946,-42.632,30.142,908.5294,-30.142,29.068,844.9216,-29.068,29.476,868.8603,-29.476
2928,before,2928_before_clip_0002,ok,150,125.0,80.0,16.2,27.77,44.86,0,67.36,54.07,1.17,-0.039734693573886655,33.26,85.91,2.33,80.85,2.06,83.44,2.19,POS+CHROM,13.292,176.6755,-13.292,18.544,343.8727,18.544,13.488,181.9253,13.488,16.074,258.3651,16.074
2948,after,2948_after_clip_0000,ok,150,140.0,79.0,10.3,27.64,63.91,0,117.5,54.97,1.8,0.13936034570060485,36.26,132.18,-3.51,130.46,-3.01,131.28,-3.26,POS+CHROM,62.531,3910.1188,-62.531,14.676,215.3825,14.676,12.962,168.0211,12.962,13.783,189.972,13.783
2948,after,2948_after_clip_0001,ok,150,140.0,79.0,10.3,38.24,60.37,0,126.1,55.12,1.36,0.1375766189328242,36.75,77.53,-0.04,75.71,-1.2,76.71,-0.62,POS+CHROM,70.98,5038.1034,-70.98,48.572,2359.2672,-48.572,50.388,2538.9673,-50.388,49.393,2439.6678,-49.393
2948,after,2948_after_clip_0002,ok,150,140.0,79.0,10.3,6.88,92.03,0,99.37,54.01,1.09,0.024909038862450116,33.08,112.89,-0.53,111.87,1.99,112.27,0.73,POS+CHROM,45.365,2057.9387,-45.365,13.518,182.7427,13.518,12.497,156.1639,12.497,12.902,166.4536,12.902
2948,before,2948_before_clip_0000,ok,150,140.0,79.0,10.3,58.64,24.69,1,63.89,53.84,1.01,0.11522282903532056,34.02,102.35,-3.13,96.17,-3.34,99.32,-3.24,POS+CHROM,10.055,101.0985,-10.055,38.458,1479.0141,38.458,32.279,1041.9542,32.279,35.424,1254.8697,35.424
2948,before,2948_before_clip_0001,ok,150,140.0,79.0,10.3,65.45,18.16,1,108.43,54.06,1.13,-0.10239718099484837,34.0,129.49,-0.37,79.89,-1.24,85.11,-0.16,POS+CHROM+DEEP,54.368,2955.8635,-54.368,21.058,443.4258,21.058,28.539,814.4685,-28.539,23.317,543.6699,-23.317
2948,before,2948_before_clip_0002,ok,150,140.0,79.0,10.3,32.86,21.01,0,104.67,53.99,1.05,0.22775513011336912,33.31,103.5,-0.91,68.95,-1.35,73.13,-0.4,POS+CHROM+DEEP,50.676,2568.0696,-50.676,1.162,1.351,-1.162,35.713,1275.4095,-35.713,31.537,994.6118,-31.537
2962,after,2962_after_clip_0000,ok,150,125.0,68.0,14.9,32.53,57.19,0,132.22,54.51,1.58,0.08100379577328816,35.76,106.84,-2.74,110.04,-2.19,108.51,-2.47,POS+CHROM,77.7,6037.3153,-77.7,25.374,643.8154,-25.374,22.175,491.7106,-22.175,23.701,561.7284,-23.701
2962,after,2962_after_clip_0001,ok,150,125.0,68.0,14.9,15.51,71.29,0,101.5,53.84,0.85,-0.09157693940025913,33.86,108.89,-5.47,105.34,-7.73,107.44,-6.6,POS+CHROM,47.656,2271.0561,-47.656,7.387,54.5696,7.387,3.839,14.7414,3.839,5.944,35.3253,5.944
2962,after,2962_after_clip_0002,ok,150,125.0,68.0,14.9,15.68,80.39,0,103.69,54.19,0.94,0.19376618902917084,31.5,89.75,0.39,91.6,-1.66,90.52,-0.64,POS+CHROM,49.494,2449.6096,-49.494,13.936,194.223,-13.936,12.088,146.1182,-12.088,13.168,173.4058,-13.168
2962,before,2962_before_clip_0000,ok,150,136.0,69.0,14.9,13.68,83.07,0,126.47,53.83,1.34,0.06178081248731873,33.33,91.96,-3.64,104.31,-3.98,74.09,-2.09,POS+CHROM+DEEP,72.644,5277.1517,-72.644,34.515,1191.306,-34.515,22.16,491.0591,-22.16,52.381,2743.8066,-52.381
2962,before,2962_before_clip_0001,ok,150,136.0,69.0,14.9,25.42,72.36,0,63.67,54.43,1.28,0.015552595146068849,32.01,84.18,-10.0,105.4,-2.69,72.92,-3.81,POS+CHROM+DEEP,9.244,85.4481,-9.244,20.513,420.7988,20.513,41.732,1741.5824,41.732,9.249,85.5407,9.249
2962,before,2962_before_clip_0002,ok,150,136.0,69.0,14.9,20.23,76.35,0,101.17,54.01,0.96,0.027386908600417693,34.24,77.89,-0.5,79.66,-4.41,78.5,-2.45,POS+CHROM,47.156,2223.7116,-47.156,23.273,541.6311,-23.273,21.506,462.5157,-21.506,22.668,513.8169,-22.668
2964,after,2964_after_clip_0000,ok,150,124.0,76.0,14.4,6.95,91.7,0,106.02,53.76,1.07,0.04996822545590713,32.76,61.03,-0.25,123.03,-6.65,57.0,0.41,POS+DEEP,52.265,2731.5856,-52.265,44.993,2024.3504,-44.993,17.009,289.3122,17.009,49.029,2403.8326,-49.029
2964,after,2964_after_clip_0001,ok,150,124.0,76.0,14.4,9.13,89.87,0,121.28,53.73,1.0,-0.02260812506900347,32.12,133.44,-7.88,132.87,-5.97,133.11,-6.93,POS+CHROM,67.548,4562.736,-67.548,12.158,147.8206,12.158,11.584,134.1819,11.584,11.826,139.8487,11.826
2964,after,2964_after_clip_0002,ok,150,124.0,76.0,14.4,2.63,96.73,0,88.06,53.67,1.01,-0.09510249328451369,32.85,59.39,2.29,58.05,-1.83,57.1,0.49,POS+CHROM+DEEP,34.381,1182.0842,-34.381,28.671,822.0322,-28.671,30.007,900.4455,-30.007,30.959,958.4504,-30.959
2964,before,2964_before_clip_0000,ok,150,110.0,64.0,14.4,1.41,98.36,0,104.62,53.68,1.11,0.06524419331273139,31.94,65.33,1.8,111.67,-5.32,67.04,-0.8,POS+CHROM+DEEP,50.937,2594.6061,-50.937,39.293,1543.9359,-39.293,7.046,49.6403,7.046,37.585,1412.6038,-37.585
2964,before,2964_before_clip_0001,ok,150,110.0,64.0,14.4,3.14,95.67,0,86.47,54.07,1.16,0.02913309458714835,33.13,68.23,2.23,104.4,-5.85,67.07,-0.82,POS+CHROM+DEEP,32.403,1049.9665,-32.403,18.24,332.6922,-18.24,17.93,321.4677,17.93,19.405,376.5352,-19.405
2964,before,2964_before_clip_0002,ok,150,110.0,64.0,14.4,2.55,96.6,0,111.34,54.1,1.47,0.01525473858100377,32.04,115.48,-1.31,116.26,0.25,115.92,-0.53,POS+CHROM,57.238,3276.1995,-57.238,4.144,17.1687,4.144,4.924,24.2476,4.924,4.584,21.0137,4.584
2967,after,2967_after_clip_0000,ok,150,130.0,77.0,12.0,3.46,96.25,0,105.25,53.79,1.08,0.0269672591748164,32.57,80.37,0.34,82.38,-1.42,81.23,-0.54,POS+CHROM,51.458,2647.9305,-51.458,24.884,619.2261,-24.884,22.869,522.9957,-22.869,24.023,577.118,-24.023
2967,after,2967_after_clip_0001,ok,150,130.0,77.0,12.0,5.47,93.1,0,64.62,53.93,1.23,-0.01618907026227256,33.0,79.54,1.45,55.92,-1.61,54.69,-0.19,CHROM+DEEP,10.693,114.3506,-10.693,14.916,222.5018,14.916,8.705,75.778,-8.705,9.93,98.6094,-9.93
2967,after,2967_after_clip_0002,ok,150,130.0,77.0,12.0,8.66,87.93,0,55.52,53.84,1.08,0.009762692453721133,32.99,77.79,0.94,79.26,1.16,78.54,1.05,POS+CHROM,1.684,2.8364,-1.684,22.27,495.9606,22.27,23.743,563.7368,23.743,23.02,529.9381,23.02
2967,before,2967_before_clip_0000,ok,150,140.0,82.0,12.0,4.64,93.64,0,113.32,53.88,1.04,0.07350887088414729,32.61,74.97,2.39,72.87,2.49,73.91,2.44,POS+CHROM,59.441,3533.214,-59.441,38.353,1470.9267,-38.353,40.452,1636.3476,-40.452,39.411,1553.2591,-39.411
2967,before,2967_before_clip_0001,ok,150,140.0,82.0,12.0,9.56,83.72,0,95.9,53.83,1.01,0.02952805026748666,33.04,66.9,4.48,67.58,-0.12,67.11,2.18,POS+CHROM,42.072,1770.0116,-42.072,29.001,841.0684,-29.001,28.32,802.0327,-28.32,28.785,828.5928,-28.785
2967,before,2967_before_clip_0002,ok,150,140.0,82.0,12.0,16.44,82.35,0,134.29,53.82,1.08,0.17046532722976218,32.64,69.98,4.07,68.21,3.74,69.12,3.91,POS+CHROM,80.467,6474.8817,-80.467,64.309,4135.6018,-64.309,66.08,4366.6064,-66.08,65.17,4247.1162,-65.17
2968,after,2968_after_clip_0000,ok,150,132.0,78.0,15.6,4.69,94.72,0,84.68,55.13,0.65,-0.28375891799419806,31.39,77.69,-1.11,100.06,-2.66,73.53,-1.04,POS+CHROM+DEEP,29.549,873.1555,-29.549,6.998,48.971,-6.998,15.381,236.5744,15.381,11.151,124.3548,-11.151
2968,after,2968_after_clip_0001,ok,150,132.0,78.0,15.6,20.73,79.11,0,84.68,56.15,1.67,-0.12820974345253122,37.02,61.96,-1.78,60.49,-2.26,58.8,-0.79,POS+CHROM+DEEP,28.535,814.2209,-28.535,22.728,516.5627,-22.728,24.199,585.5975,-24.199,25.885,670.0193,-25.885
2968,after,2968_after_clip_0002,ok,150,132.0,78.0,15.6,10.37,88.28,0,137.59,53.25,0.19,0.05792808331405091,33.59,68.54,0.17,68.03,-0.74,68.3,-0.28,POS+CHROM,84.338,7112.8912,-84.338,69.054,4768.4021,-69.054,69.559,4838.4871,-69.559,69.287,4800.7435,-69.287
2968,before,2968_before_clip_0000,ok,150,112.0,72.0,15.6,24.11,74.05,0,118.67,53.52,0.87,-0.023963567507080757,36.97,91.47,-2.46,85.13,-5.8,89.16,-4.13,POS+CHROM,65.153,4244.8653,-65.153,27.202,739.9724,-27.202,33.543,1125.1059,-33.543,29.512,870.9357,-29.512
2968,before,2968_before_clip_0001,ok,150,112.0,72.0,15.6,3.06,95.08,0,123.66,53.65,0.64,-0.14799629310107043,33.66,73.41,1.07,73.11,2.34,73.24,1.7,POS+CHROM,70.003,4900.4141,-70.003,50.25,2525.0286,-50.25,50.548,2555.1322,-50.548,50.415,2541.6419,-50.415
2968,before,2968_before_clip_0002,ok,150,112.0,72.0,15.6,9.21,87.74,0,123.08,55.03,1.08,-0.16081190426669542,33.07,111.03,-7.09,68.79,-0.42,67.34,-2.15,POS+CHROM+DEEP,68.057,4631.6922,-68.057,12.056,145.3498,-12.056,54.297,2948.213,-54.297,55.742,3107.156,-55.742
3000,after,3000_after_clip_0000,ok,150,112.0,68.0,12.4,23.38,75.35,0,101.41,53.03,1.27,-0.07852281844741675,30.76,95.51,-0.38,66.61,-1.98,70.19,-0.37,POS+CHROM+DEEP,48.381,2340.7185,-48.381,5.904,34.8588,-5.904,34.802,1211.1735,-34.802,31.226,975.0866,-31.226
3000,after,3000_after_clip_0001,ok,150,112.0,68.0,12.4,18.73,78.94,0,63.68,53.11,1.4,-0.044584797340450115,30.78,98.09,2.14,98.17,0.57,98.12,1.36,POS+CHROM,10.569,111.6991,-10.569,34.413,1184.2866,34.413,34.493,1189.7906,34.493,34.448,1186.6788,34.448
3000,after,3000_after_clip_0002,ok,150,112.0,68.0,12.4,45.38,49.88,0,93.62,53.32,1.4,-0.037159618992700934,30.43,98.17,2.99,97.02,3.04,97.59,3.01,POS+CHROM,40.3,1624.053,-40.3,4.545,20.6599,4.545,3.403,11.5835,3.403,3.972,15.778,3.972
3000,before,3000_before_clip_0000,ok,150,100.0,68.0,12.4,20.06,68.8,0,87.82,53.35,0.37,-0.05380962998012448,35.37,58.38,2.38,64.11,-0.31,58.4,0.81,POS+CHROM+DEEP,34.476,1188.6076,-34.476,29.446,867.0693,-29.446,23.71,562.1794,-23.71,29.418,865.4234,-29.418
3000,before,3000_before_clip_0001,ok,150,100.0,68.0,12.4,11.15,82.88,0,91.55,55.55,1.96,0.1379302668331177,36.08,131.82,-1.3,136.77,-0.05,134.55,-0.68,POS+CHROM,35.997,1295.7776,-35.997,40.271,1621.729,40.271,45.223,2045.1609,45.223,43.004,1849.3406,43.004
3000,before,3000_before_clip_0002,ok,150,100.0,68.0,12.4,25.78,48.94,0,75.63,52.65,0.76,0.048423675913335205,36.38,82.58,-1.64,75.94,-1.81,79.31,-1.73,POS+CHROM,22.988,528.4436,-22.988,6.945,48.2284,6.945,0.31,0.0962,0.31,3.675,13.505,3.675
3006,after,3006_after_clip_0000,ok,150,124.0,83.0,11.3,20.77,70.96,0,66.78,53.45,1.23,0.11070605482648575,31.48,87.35,-1.25,86.31,-1.06,86.82,-1.15,POS+CHROM,13.327,177.6082,-13.327,20.572,423.2021,20.572,19.535,381.6224,19.535,20.045,401.8116,20.045
3006,after,3006_after_clip_0001,ok,150,124.0,83.0,11.3,43.13,55.42,0,127.64,53.53,1.38,-0.29214190799480466,31.48,86.69,-0.85,84.87,0.75,85.66,-0.05,POS+CHROM,74.116,5493.2147,-74.116,40.952,1677.0869,-40.952,42.77,1829.2456,-42.77,41.981,1762.4199,-41.981
3006,after,3006_after_clip_0002,ok,150,124.0,83.0,11.3,22.04,60.76,0,66.36,53.5,1.44,-0.03813837526883554,31.1,93.89,-0.31,95.1,-0.04,94.51,-0.18,POS+CHROM,12.862,165.4381,-12.862,27.533,758.0606,27.533,28.742,826.0872,28.742,28.151,792.4696,28.151
3006,before,3006_before_clip_0000,ok,150,115.0,82.0,11.3,7.67,87.11,0,112.38,53.5,1.38,0.023627938801583138,31.5,69.73,4.01,70.72,3.96,70.22,3.99,POS+CHROM,58.871,3465.7762,-58.871,42.648,1818.8651,-42.648,41.657,1735.2875,-41.657,42.155,1777.0038,-42.155
3006,before,3006_before_clip_0001,ok,150,115.0,82.0,11.3,26.56,62.97,0,72.62,53.71,1.35,-0.005307747948736455,31.22,67.33,1.67,67.09,1.61,67.21,1.64,POS+CHROM,18.909,357.5582,-18.909,5.287,27.9511,-5.287,5.526,30.54,-5.526,5.406,29.2255,-5.406
3006,before,3006_before_clip_0002,ok,150,115.0,82.0,11.3,6.09,91.17,0,105.73,53.42,1.16,0.07602332899690613,31.57,70.41,-2.37,89.87,-0.8,69.11,-0.67,POS+CHROM+DEEP,52.31,2736.3602,-52.31,35.318,1247.3457,-35.318,15.863,251.6324,-15.863,36.62,1340.997,-36.62
3016,after,3016_after_clip_0000,ok,150,169.0,93.0,16.7,36.57,57.54,0,99.48,53.76,1.1,0.0814925771319299,33.1,113.44,2.95,112.32,-0.91,113.05,1.02,POS+CHROM,45.723,2090.5755,-45.723,13.958,194.8389,13.958,12.84,164.8648,12.84,13.573,184.227,13.573
3016,after,3016_after_clip_0001,ok,150,169.0,93.0,16.7,53.92,43.24,0,104.29,53.83,1.11,0.3074787217686252,32.74,108.75,2.49,108.18,0.25,108.52,1.37,POS+CHROM,50.463,2546.5283,-50.463,4.464,19.9236,4.464,3.892,15.1513,3.892,4.231,17.8987,4.231
3016,after,3016_after_clip_0002,ok,150,169.0,93.0,16.7,54.34,25.29,1,70.38,53.77,1.09,-0.029146340086173204,33.13,61.97,-2.63,60.77,-2.33,57.75,-1.29,POS+CHROM+DEEP,16.609,275.8639,-16.609,8.409,70.7116,-8.409,9.609,92.3416,-9.609,12.629,159.488,-12.629
3016,before,3016_before_clip_0000,ok,150,147.0,85.0,16.7,26.45,70.28,0,93.37,54.12,1.11,0.17609598131100404,33.44,87.05,2.0,85.7,1.72,86.39,1.86,POS+CHROM,39.252,1540.6988,-39.252,6.321,39.9598,-6.321,7.666,58.7704,-7.666,6.978,48.6951,-6.978
3016,before,3016_before_clip_0001,ok,150,147.0,85.0,16.7,43.74,51.57,0,99.21,54.15,1.13,0.06776747965689459,33.1,85.78,2.98,86.04,0.89,85.89,1.93,POS+CHROM,45.06,2030.3946,-45.06,13.431,180.3899,-13.431,13.172,173.503,-13.172,13.324,177.523,-13.324
3016,before,3016_before_clip_0002,ok,150,147.0,85.0,16.7,40.59,53.52,0,79.6,54.08,1.15,-0.3749852471664548,33.45,95.19,2.05,94.92,0.85,95.06,1.45,POS+CHROM,25.516,651.0496,-25.516,15.589,243.0044,15.589,15.318,234.6484,15.318,15.467,239.2256,15.467
3059,after,3059_after_clip_0000,ok,150,132.0,67.0,15.3,16.27,74.56,0,61.4,53.62,1.4,0.08511012083673403,32.83,92.46,-0.39,108.37,-4.46,76.96,-1.15,POS+CHROM+DEEP,7.781,60.5369,-7.781,31.063,964.9161,31.063,46.973,2206.4675,46.973,15.556,241.9745,15.556
3059,after,3059_after_clip_0001,ok,150,132.0,67.0,15.3,8.66,85.7,0,90.49,53.48,1.19,-0.08095419281823624,32.1,100.33,2.72,95.15,-1.59,98.64,0.56,POS+CHROM,37.011,1369.8423,-37.011,9.839,96.8134,9.839,4.658,21.6981,4.658,8.142,66.2972,8.142
3059,after,3059_after_clip_0002,ok,150,132.0,67.0,15.3,6.09,88.07,0,82.0,53.71,1.21,0.11114207655362664,32.55,90.83,2.27,93.02,1.06,91.82,1.67,POS+CHROM,28.283,799.9429,-28.283,8.833,78.0215,8.833,11.028,121.6191,11.028,9.82,96.4274,9.82
3059,before,3059_before_clip_0000,ok,150,133.0,73.0,15.3,9.52,86.5,0,66.36,53.63,1.13,0.016143608246730157,33.2,67.32,3.46,58.51,1.36,56.12,1.24,CHROM+DEEP,12.735,162.1703,-12.735,0.953,0.9086,0.953,7.852,61.6498,-7.852,10.245,104.9684,-10.245
3059,before,3059_before_clip_0001,ok,150,133.0,73.0,15.3,11.12,75.75,0,130.8,53.31,0.76,0.05653495190945532,35.29,65.58,-2.28,74.01,0.22,63.76,-0.43,POS+CHROM+DEEP,77.496,6005.5689,-77.496,65.225,4254.3273,-65.225,56.792,3225.3279,-56.792,67.043,4494.7331,-67.043
3059,before,3059_before_clip_0002,ok,150,133.0,73.0,15.3,19.21,73.29,0,93.2,53.7,1.24,0.04355805305046843,36.54,114.74,-2.92,55.04,-3.24,54.13,-1.0,CHROM+DEEP,39.5,1560.288,-39.5,21.541,464.0075,21.541,38.161,1456.2565,-38.161,39.07,1526.4661,-39.07
3066,after,3066_after_clip_0000,ok,150,143.0,95.0,13.6,10.81,88.91,0,102.7,53.61,1.14,0.13508201515717908,33.11,81.29,1.31,82.27,1.16,81.77,1.24,POS+CHROM,49.096,2410.3951,-49.096,21.418,458.7212,-21.418,20.431,417.4299,-20.431,20.931,438.086,-20.931
3066,after,3066_after_clip_0001,ok,150,143.0,95.0,13.6,11.57,87.67,0,89.62,53.66,1.15,0.05467202432077749,32.72,64.43,1.13,62.59,0.24,63.58,0.68,POS+CHROM,35.96,1293.1369,-35.96,25.191,634.6096,-25.191,27.024,730.2968,-27.024,26.04,678.0662,-26.04
3066,after,3066_after_clip_0002,ok,150,143.0,95.0,13.6,29.63,70.0,0,82.6,53.64,1.16,-0.0815573641834849,33.14,84.57,0.78,80.51,0.67,82.56,0.73,POS+CHROM,28.952,838.2252,-28.952,1.97,3.8815,1.97,2.088,4.3596,-2.088,0.04,0.0016,-0.04
3066,before,3066_before_clip_0000,ok,150,125.0,89.0,13.6,6.18,92.98,0,106.15,54.16,1.07,-0.14118555323136203,33.65,91.95,-4.14,127.65,-3.04,81.67,-2.04,POS+CHROM+DEEP,51.997,2703.6806,-51.997,14.206,201.8057,-14.206,21.501,462.312,21.501,24.487,599.6336,-24.487
3066,before,3066_before_clip_0001,ok,150,125.0,89.0,13.6,9.55,88.6,0,113.29,54.07,1.08,0.146218333031797,33.26,82.91,-0.45,79.76,0.51,81.21,0.03,POS+CHROM,59.218,3506.7314,-59.218,30.383,923.1046,-30.383,33.53,1124.2724,-33.53,32.082,1029.2733,-32.082
3066,before,3066_before_clip_0002,ok,150,125.0,89.0,13.6,18.74,78.77,0,104.78,54.04,1.11,-0.061323253537832786,33.61,67.76,1.24,70.33,0.65,68.98,0.94,POS+CHROM,50.736,2574.1806,-50.736,37.012,1369.9188,-37.012,34.445,1186.4748,-34.445,35.792,1281.0349,-35.792
3077,after,3077_after_clip_0000,ok,150,173.0,63.0,15.5,44.04,45.12,0,89.61,53.8,0.8,0.051415003207743795,35.19,123.41,0.87,125.23,0.12,124.26,0.5,POS+CHROM,35.808,1282.2346,-35.808,33.797,1142.2646,33.797,35.62,1268.7735,35.62,34.652,1200.7386,34.652
3077,after,3077_after_clip_0001,ok,150,173.0,63.0,15.5,43.14,53.81,0,75.6,54.34,1.32,0.04381777896229828,36.48,74.29,1.96,74.05,3.63,74.16,2.8,POS+CHROM,21.254,451.7367,-21.254,1.303,1.6967,-1.303,1.542,2.3778,-1.542,1.439,2.0703,-1.439
3077,after,3077_after_clip_0002,ok,150,173.0,63.0,15.5,23.98,69.96,0,76.27,53.93,1.23,0.11712298534527074,33.3,62.35,-1.82,62.88,-2.11,62.61,-1.97,POS+CHROM,22.333,498.7437,-22.333,13.917,193.6812,-13.917,13.39,179.3011,-13.39,13.66,186.598,-13.66
3077,before,3077_before_clip_0000,ok,150,140.0,62.0,15.5,13.64,66.76,0,90.74,52.35,0.56,-0.13636247837556506,32.02,125.81,-2.31,93.4,-5.4,82.87,-2.38,POS+CHROM+DEEP,38.395,1474.1735,-38.395,35.063,1229.4056,35.063,2.653,7.0404,2.653,7.877,62.0437,-7.877
3077,before,3077_before_clip_0001,ok,150,140.0,62.0,15.5,35.55,60.53,0,87.03,53.11,1.6,0.04975685952336076,30.7,112.86,-2.43,120.35,-2.48,116.59,-2.46,POS+CHROM,33.913,1150.1169,-33.913,25.829,667.1304,25.829,33.32,1110.2227,33.32,29.559,873.7169,29.559
3077,before,3077_before_clip_0002,ok,150,140.0,62.0,15.5,40.77,52.07,0,115.03,53.05,1.56,0.09669269471811452,31.39,84.02,1.44,86.46,0.5,85.14,0.97,POS+CHROM,61.981,3841.6822,-61.981,31.012,961.7338,-31.012,28.567,816.0966,-28.567,29.885,893.1108,-29.885
3096,after,3096_after_clip_0000,ok,150,131.0,94.0,16.1,5.59,93.56,0,127.66,54.0,1.15,-0.07052240475495081,33.26,137.13,-5.7,86.95,-2.61,77.81,-2.38,POS+CHROM+DEEP,73.668,5427.015,-73.668,9.462,89.5338,9.462,40.708,1657.1706,-40.708,49.852,2485.179,-49.852
3096,after,3096_after_clip_0001,ok,150,131.0,94.0,16.1,5.07,89.96,0,86.55,53.12,0.59,0.09762390373179275,35.65,82.59,1.49,79.02,-3.32,81.48,-0.91,POS+CHROM,33.43,1117.5916,-33.43,3.958,15.6639,-3.958,7.529,56.683,-7.529,5.064,25.6398,-5.064
3096,after,3096_after_clip_0002,ok,150,131.0,94.0,16.1,5.01,94.6,0,86.27,53.72,1.42,-0.058464427553021996,35.11,62.13,1.92,60.01,5.15,59.0,2.83,POS+CHROM+DEEP,32.544,1059.1239,-32.544,24.143,582.877,-24.143,26.261,689.6553,-26.261,27.269,743.6177,-27.269
3096,before,3096_before_clip_0000,ok,150,139.0,93.0,16.1,8.91,85.96,0,66.67,54.03,1.05,0.11845932619026162,33.35,90.01,-0.24,90.92,-0.19,90.47,-0.22,POS+CHROM,12.646,159.9264,-12.646,23.34,544.7651,23.34,24.251,588.0897,24.251,23.797,566.304,23.797
3096,before,3096_before_clip_0001,ok,150,139.0,93.0,16.1,10.33,88.41,0,128.85,54.28,1.2,-0.05249770673183564,32.61,89.61,-0.48,59.44,-0.96,56.4,0.12,CHROM+DEEP,74.566,5560.1597,-74.566,39.233,1539.2564,-39.233,69.403,4816.7826,-69.403,72.446,5248.3999,-72.446
3096,before,3096_before_clip_0002,ok,150,139.0,93.0,16.1,12.12,87.39,0,119.36,53.48,0.85,-0.012484061161142805,33.26,79.7,-1.83,79.95,-0.01,79.84,-0.92,POS+CHROM,65.88,4340.1504,-65.88,39.653,1572.3323,-39.653,39.406,1552.8384,-39.406,39.511,1561.1059,-39.511
3133,after,3133_after_clip_0000,ok,150,147.0,80.0,15.3,21.56,76.1,0,67.55,54.04,1.04,0.15537712162305997,33.8,64.0,-1.11,96.32,-1.44,68.84,-0.5,POS+CHROM+DEEP,13.513,182.5994,-13.513,3.556,12.6485,-3.556,28.765,827.407,28.765,1.289,1.6618,1.289
3133,after,3133_after_clip_0001,ok,150,147.0,80.0,15.3,13.62,84.26,0,110.97,54.13,1.03,-0.10764440479169202,33.8,85.55,1.32,85.84,-0.41,85.67,0.45,POS+CHROM,56.832,3229.821,-56.832,25.419,646.1062,-25.419,25.127,631.349,-25.127,25.293,639.7601,-25.293
3133,after,3133_after_clip_0002,ok,150,147.0,80.0,15.3,8.27,89.19,0,95.9,53.98,1.05,-0.07348141655901833,33.81,62.06,2.75,62.62,0.93,62.3,1.84,POS+CHROM,41.917,1757.0351,-41.917,33.839,1145.0475,-33.839,33.285,1107.8806,-33.285,33.603,1129.1835,-33.603
3133,before,3133_before_clip_0000,ok,150,155.0,81.0,15.3,23.09,76.29,0,101.03,54.1,1.01,-0.0032525171788522025,32.92,60.71,1.11,62.48,0.79,59.07,0.97,POS+CHROM+DEEP,46.931,2202.4794,-46.931,40.319,1625.6112,-40.319,38.557,1486.6179,-38.557,41.965,1761.0704,-41.965
3133,before,3133_before_clip_0001,ok,150,155.0,81.0,15.3,10.97,87.83,0,82.04,54.19,1.13,-0.06145400674685607,32.9,64.96,-0.16,64.7,0.03,64.83,-0.06,POS+CHROM,27.851,775.6631,-27.851,17.082,291.7954,-17.082,17.346,300.8953,-17.346,17.216,296.3975,-17.216
3133,before,3133_before_clip_0002,ok,150,155.0,81.0,15.3,8.25,83.34,0,69.7,54.3,1.07,0.01629691302716534,32.89,57.81,1.97,57.52,0.03,56.56,1.02,POS+CHROM+DEEP,15.403,237.2508,-15.403,11.885,141.2465,-11.885,12.184,148.4421,-12.184,13.14,172.6552,-13.14
3142,after,3142_after_clip_0000,ok,150,152.0,91.0,17.0,20.75,70.47,0,131.6,54.47,1.02,0.07855791190329377,32.97,70.23,-3.37,127.18,-2.39,78.29,-1.58,POS+CHROM+DEEP,77.122,5947.8057,-77.122,61.367,3765.8575,-61.367,4.416,19.5024,-4.416,53.309,2841.8347,-53.309
3142,after,3142_after_clip_0001,ok,150,152.0,91.0,17.0,10.12,87.84,0,127.47,54.47,0.98,-0.06979910777196886,31.56,74.5,-0.79,74.16,-0.91,74.33,-0.85,POS+CHROM,73.005,5329.6955,-73.005,52.972,2806.003,-52.972,53.309,2841.8819,-53.309,53.139,2823.7426,-53.139
3142,after,3142_after_clip_0002,ok,150,152.0,91.0,17.0,21.29,78.11,0,125.67,53.94,1.04,-0.10241417342482402,36.94,125.89,-3.19,118.69,0.03,121.35,-1.58,POS+CHROM,71.728,5144.8537,-71.728,0.222,0.0494,0.222,6.983,48.7627,-6.983,4.323,18.6921,-4.323
3142,before,3142_before_clip_0000,ok,150,137.0,90.0,17.0,5.8,91.97,0,127.06,54.06,0.92,-0.09373907278943064,35.33,91.23,-1.41,80.56,-1.92,72.19,-0.81,POS+CHROM+DEEP,73.0,5328.9641,-73.0,35.822,1283.251,-35.822,46.498,2162.0516,-46.498,54.866,3010.2633,-54.866
3142,before,3142_before_clip_0001,ok,150,137.0,90.0,17.0,7.14,91.46,0,82.14,53.4,0.74,0.01826726505762161,37.12,81.98,-3.32,68.49,1.68,65.42,-0.3,POS+CHROM+DEEP,28.743,826.1424,-28.743,0.162,0.0263,-0.162,13.651,186.348,-13.651,16.727,279.7937,-16.727
3142,before,3142_before_clip_0002,ok,150,137.0,90.0,17.0,2.14,97.23,0,84.41,53.87,0.85,0.030374970615549734,32.28,82.4,-0.64,76.27,1.12,78.89,0.24,POS+CHROM,30.542,932.7927,-30.542,2.008,4.0308,-2.008,8.144,66.3188,-8.144,5.522,30.4943,-5.522
3150,after,3150_after_clip_0000,ok,150,116.0,80.0,12.9,30.22,38.48,0,96.43,53.56,1.25,0.1839085616433254,31.33,111.23,-3.76,114.88,-1.07,113.46,-2.42,POS+CHROM,42.865,1837.4418,-42.865,14.8,219.0384,14.8,18.448,340.3311,18.448,17.026,289.8849,17.026
3150,after,3150_after_clip_0001,ok,150,116.0,80.0,12.9,20.92,55.64,0,85.75,53.51,1.3,-0.11189197619546695,31.23,104.57,-0.4,101.28,1.47,102.67,0.53,POS+CHROM,32.241,1039.4822,-32.241,18.812,353.8863,18.812,15.528,241.1055,15.528,16.915,286.129,16.915
3150,after,3150_after_clip_0002,ok,150,116.0,80.0,12.9,30.48,65.79,0,115.99,53.48,1.28,0.16169515509189875,31.99,61.3,-0.77,141.4,-7.52,56.73,0.26,POS+DEEP,62.507,3907.1391,-62.507,54.692,2991.1868,-54.692,25.412,645.7724,25.412,59.263,3512.1166,-59.263
3150,before,3150_before_clip_0000,ok,150,118.0,84.0,12.9,31.19,67.36,0,78.47,53.44,1.21,-0.13089500126694198,31.49,99.14,-0.54,101.25,-0.09,100.24,-0.32,POS+CHROM,25.028,626.4242,-25.028,20.668,427.1511,20.668,22.781,518.9598,22.781,21.764,473.6529,21.764
3150,before,3150_before_clip_0001,ok,150,118.0,84.0,12.9,13.56,80.74,0,114.1,53.45,1.22,0.03280336807173146,31.47,108.35,1.28,104.64,0.32,106.64,0.8,POS+CHROM,60.655,3678.9733,-60.655,5.753,33.0961,-5.753,9.462,89.5229,-9.462,7.458,55.6244,-7.458
3150,before,3150_before_clip_0002,ok,150,118.0,84.0,12.9,24.48,56.21,0,76.16,53.39,1.24,0.15965622858693715,31.44,67.45,0.59,73.54,2.25,70.91,1.42,POS+CHROM,22.775,518.7226,-22.775,8.717,75.98,-8.717,2.625,6.8926,-2.625,5.252,27.5833,-5.252
3153,after,3153_after_clip_0000,ok,150,96.0,66.0,12.0,3.12,94.53,0,96.76,53.94,1.17,-0.07783298050315576,32.69,95.67,-1.02,124.51,-6.16,78.96,-2.0,POS+CHROM+DEEP,42.827,1834.1861,-42.827,1.095,1.1983,-1.095,27.742,769.6438,27.742,17.807,317.0963,-17.807
3153,after,3153_after_clip_0001,ok,150,96.0,66.0,12.0,3.84,94.78,0,57.91,53.94,1.17,-0.05306868159973564,33.12,96.82,2.22,66.16,-0.17,74.28,1.08,POS+CHROM+DEEP,3.974,15.7962,-3.974,38.907,1513.7709,38.907,8.251,68.076,8.251,16.369,267.9578,16.369
3153,after,3153_after_clip_0002,ok,150,96.0,66.0,12.0,4.35,93.91,0,127.26,53.93,1.2,0.08735349597053839,32.68,52.97,-1.3,79.22,-6.13,53.55,-0.05,POS+DEEP,73.325,5376.507,-73.325,74.29,5518.948,-74.29,48.034,2307.3046,-48.034,73.708,5432.9074,-73.708
3153,before,3153_before_clip_0000,ok,150,87.0,59.0,12.0,3.94,94.34,0,116.27,53.93,1.16,0.03262024010902048,32.82,73.82,-1.15,91.53,-2.21,69.48,-0.73,POS+CHROM+DEEP,62.342,3886.4842,-62.342,42.453,1802.2455,-42.453,24.739,611.9985,-24.739,46.795,2189.7305,-46.795
3153,before,3153_before_clip_0001,ok,150,87.0,59.0,12.0,7.07,77.58,0,56.62,53.95,1.19,0.04212908101835533,33.15,123.24,-1.53,107.32,-7.25,84.31,-2.53,POS+CHROM+DEEP,2.676,7.1601,-2.676,66.613,4437.275,66.613,50.698,2570.3003,50.698,27.691,766.7973,27.691
3153,before,3153_before_clip_0002,ok,150,87.0,59.0,12.0,19.47,72.47,0,63.59,53.92,1.03,0.070028152863868,33.11,135.22,-1.29,132.35,-10.0,134.68,-5.65,POS+CHROM,9.675,93.6109,-9.675,71.632,5131.151,71.632,68.76,4727.9046,68.76,71.087,5053.3256,71.087
3155,after,3155_after_clip_0000,ok,150,112.0,77.0,12.4,26.35,66.32,0,85.21,53.43,1.2,0.06119146032865922,31.44,89.43,-0.18,82.58,-9.02,88.15,-4.6,POS+CHROM,31.781,1010.062,-31.781,4.216,17.773,4.216,2.635,6.9445,-2.635,2.939,8.6364,2.939
3155,after,3155_after_clip_0001,ok,150,112.0,77.0,12.4,32.25,62.37,0,102.54,53.4,1.15,0.3419907293497872,31.45,85.59,1.09,141.45,-5.44,79.75,-1.07,POS+CHROM+DEEP,49.141,2414.8201,-49.141,16.951,287.3308,-16.951,38.905,1513.6149,38.905,22.795,519.6338,-22.795
3155,after,3155_after_clip_0002,ok,150,112.0,77.0,12.4,45.56,33.03,0,99.13,53.42,1.12,0.12662914422716462,31.93,75.06,0.91,117.84,-8.3,69.2,-2.09,POS+CHROM+DEEP,45.702,2088.7049,-45.702,24.064,579.0729,-24.064,18.711,350.0999,18.711,29.924,895.4384,-29.924
3155,before,3155_before_clip_0000,ok,150,108.0,72.0,12.4,6.61,90.06,0,106.96,53.63,1.07,0.04142412303269015,32.88,88.17,-1.24,90.67,0.9,89.64,-0.17,POS+CHROM,53.332,2844.2669,-53.332,18.791,353.1046,-18.791,16.292,265.4259,-16.292,17.321,300.0045,-17.321
3155,before,3155_before_clip_0001,ok,150,108.0,72.0,12.4,6.44,92.63,0,103.72,53.6,1.06,0.07498535981188328,33.32,69.73,-2.32,98.22,-6.49,65.4,-2.58,POS+CHROM+DEEP,50.115,2511.4948,-50.115,33.986,1155.0639,-33.986,5.498,30.2243,-5.498,38.322,1468.5405,-38.322
3155,before,3155_before_clip_0002,ok,150,108.0,72.0,12.4,6.42,93.0,0,103.76,53.64,1.03,-0.004568193699890983,33.31,61.01,1.3,127.42,-4.03,57.41,1.16,POS+DEEP,50.126,2512.5941,-50.126,42.754,1827.9057,-42.754,23.655,559.578,23.655,46.357,2149.0141,-46.357
3180,after,3180_after_clip_0000,ok,150,136.0,64.0,16.9,28.53,68.17,0,122.15,53.9,1.08,-0.1634541149965924,32.78,88.9,1.79,87.08,-1.34,88.22,0.22,POS+CHROM,68.245,4657.4125,-68.245,33.248,1105.4265,-33.248,35.069,1229.8469,-35.069,33.926,1150.9949,-33.926
3180,after,3180_after_clip_0001,ok,150,136.0,64.0,16.9,23.65,68.64,0,78.22,53.76,1.07,0.10017944094899008,33.17,95.4,-0.74,113.58,-3.71,80.12,-1.13,POS+CHROM+DEEP,24.462,598.3756,-24.462,17.184,295.2924,17.184,35.363,1250.5768,35.363,1.906,3.6331,1.906
3180,after,3180_after_clip_0002,ok,150,136.0,64.0,16.9,52.15,32.46,0,122.63,53.75,1.1,0.08857392618119413,32.74,93.31,0.39,96.97,0.84,95.21,0.62,POS+CHROM,68.877,4744.0917,-68.877,29.321,859.7361,-29.321,25.662,658.523,-25.662,27.422,751.9702,-27.422
3180,before,3180_before_clip_0000,ok,150,138.0,76.0,16.9,41.53,53.85,0,113.22,53.85,1.14,-0.013755472040965909,33.12,86.71,2.82,87.31,3.93,87.04,3.37,POS+CHROM,59.365,3524.2299,-59.365,26.505,702.5347,-26.505,25.905,671.0844,-25.905,26.178,685.2625,-26.178
3180,before,3180_before_clip_0001,ok,150,138.0,76.0,16.9,53.15,43.01,0,103.0,53.67,1.06,-0.07166099795097478,32.76,82.27,1.21,82.08,0.42,82.18,0.82,POS+CHROM,49.329,2433.3061,-49.329,20.727,429.6058,-20.727,20.921,437.6808,-20.921,20.818,433.37,-20.818
3180,before,3180_before_clip_0002,ok,150,138.0,76.0,16.9,31.92,60.43,0,87.81,53.83,1.11,0.3517539748133661,32.76,63.47,3.73,64.91,2.9,64.14,3.31,POS+CHROM,33.98,1154.6327,-33.98,24.343,592.5634,-24.343,22.902,524.5102,-22.902,23.672,560.363,-23.672
3192,after,3192_after_clip_0000,ok,150,102.0,90.0,11.4,12.99,54.81,0,75.66,54.01,0.9,-0.01895326096414368,34.05,56.11,0.63,53.25,0.98,54.43,0.83,POS+CHROM+DEEP,21.645,468.5182,-21.645,19.545,381.9884,-19.545,22.401,501.815,-22.401,21.227,450.5858,-21.227
3192,after,3192_after_clip_0001,ok,150,102.0,90.0,11.4,3.53,92.1,0,101.5,54.05,0.93,0.13174150461950965,33.99,87.31,0.52,85.11,1.25,86.14,0.89,POS+CHROM,47.449,2251.391,-47.449,14.189,201.3137,-14.189,16.389,268.5876,-16.389,15.356,235.8031,-15.356
3192,after,3192_after_clip_0002,ok,150,102.0,90.0,11.4,18.5,47.88,0,66.93,54.15,0.88,-0.029316651617718955,33.96,61.55,-1.22,94.89,-1.43,57.21,-0.17,POS+DEEP,12.786,163.4906,-12.786,5.386,29.0094,-5.386,27.952,781.3136,27.952,9.727,94.6174,-9.727
3192,before,3192_before_clip_0000,ok,150,105.0,76.0,11.4,8.27,76.7,0,87.17,53.96,0.86,0.01766685238873239,34.78,115.57,-4.32,120.68,-5.0,117.98,-4.66,POS+CHROM,33.211,1102.9493,-33.211,28.398,806.4329,28.398,33.504,1122.5203,33.504,30.806,949.0268,30.806
3192,before,3192_before_clip_0001,ok,150,105.0,76.0,11.4,3.34,92.04,0,60.49,54.09,0.91,0.041662623103717385,33.94,86.22,-1.46,83.78,2.62,84.6,0.58,POS+CHROM,6.408,41.0669,-6.408,25.723,661.6692,25.723,23.288,542.3273,23.288,24.107,581.1395,24.107
3192,before,3192_before_clip_0002,ok,150,105.0,76.0,11.4,2.75,96.36,0,81.16,54.27,0.88,-0.001899609440989789,33.98,91.54,-0.14,57.39,-0.92,55.6,-0.02,CHROM+DEEP,26.89,723.0798,-26.89,10.377,107.68,10.377,23.767,564.8582,-23.767,25.562,653.3982,-25.562
3194,after,3194_after_clip_0000,ok,150,140.0,90.0,14.0,3.58,86.14,0,95.06,53.73,1.03,-0.07310658090053068,32.89,110.86,-0.02,106.9,1.96,108.56,0.97,POS+CHROM,41.337,1708.7176,-41.337,15.798,249.5634,15.798,11.835,140.0586,11.835,13.493,182.0621,13.493
3194,after,3194_after_clip_0001,ok,150,140.0,90.0,14.0,9.1,90.33,0,131.44,53.69,1.05,0.016064061147412753,33.26,90.5,-0.2,83.27,-2.21,87.49,-1.2,POS+CHROM,77.756,6046.0379,-77.756,40.943,1676.3628,-40.943,48.17,2320.3779,-48.17,43.956,1932.1402,-43.956
3194,after,3194_after_clip_0002,ok,150,140.0,90.0,14.0,5.82,93.42,0,90.8,53.74,1.07,0.05375042915615334,33.24,139.81,-2.79,106.94,-6.91,86.85,-2.88,POS+CHROM+DEEP,37.054,1372.9845,-37.054,49.008,2401.7954,49.008,16.144,260.6173,16.144,3.948,15.5879,-3.948
3194,before,3194_before_clip_0000,ok,150,127.0,84.0,14.0,12.62,83.7,0,128.64,53.64,0.99,-0.009601021491999899,33.42,110.68,-4.55,109.42,-3.47,109.99,-4.01,POS+CHROM,75.006,5625.9013,-75.006,17.958,322.4732,-17.958,19.225,369.6116,-19.225,18.648,347.7483,-18.648
3194,before,3194_before_clip_0001,ok,150,127.0,84.0,14.0,4.85,93.83,0,116.43,53.63,1.01,0.045111248106587204,33.35,88.75,-1.12,90.11,2.35,89.62,0.61,POS+CHROM,62.801,3943.9032,-62.801,27.68,766.1882,-27.68,26.322,692.824,-26.322,26.81,718.7546,-26.81
3194,before,3194_before_clip_0002,ok,150,127.0,84.0,14.0,10.84,88.3,0,117.8,53.75,1.04,-0.016214853869064082,33.02,78.37,1.78,79.4,1.61,78.88,1.69,POS+CHROM,64.044,4101.6929,-64.044,39.426,1554.4202,-39.426,38.4,1474.5332,-38.4,38.92,1514.7701,-38.92
3196,after,3196_after_clip_0000,ok,150,114.0,77.0,13.1,1.17,97.77,0,63.75,53.44,1.09,0.029981952260058075,32.76,101.7,4.86,100.47,0.87,101.28,2.86,POS+CHROM,10.305,106.1998,-10.305,37.956,1440.6737,37.956,36.719,1348.3025,36.719,37.536,1408.9647,37.536
3196,after,3196_after_clip_0001,ok,150,114.0,77.0,13.1,2.46,97.0,0,105.38,53.53,1.28,-0.005216849362559557,32.37,104.78,2.02,100.2,-1.32,103.11,0.35,POS+CHROM,51.85,2688.4158,-51.85,0.606,0.3673,-0.606,5.185,26.8819,-5.185,2.273,5.1684,-2.273
3196,after,3196_after_clip_0002,ok,150,114.0,77.0,13.1,3.29,96.16,0,111.56,53.44,1.11,0.024143182984847845,32.37,95.94,2.85,95.39,-0.11,95.73,1.37,POS+CHROM,58.117,3377.5472,-58.117,15.62,243.9733,-15.62,16.173,261.5522,-16.173,15.829,250.5694,-15.829
3196,before,3196_before_clip_0000,ok,150,107.0,63.0,13.1,3.52,80.16,0,120.92,53.59,1.17,0.04739094546757938,32.29,80.97,5.2,84.62,1.18,82.21,3.19,POS+CHROM,67.328,4533.0457,-67.328,39.944,1595.5089,-39.944,36.298,1317.5568,-36.298,38.71,1498.4435,-38.71
3196,before,3196_before_clip_0001,ok,150,107.0,63.0,13.1,6.6,89.44,0,102.65,53.5,1.2,0.046771006118264166,33.3,76.33,5.33,72.84,1.49,75.13,3.41,POS+CHROM,49.15,2415.6917,-49.15,26.318,692.6277,-26.318,29.81,888.6399,-29.81,27.524,757.5701,-27.524
3196,before,3196_before_clip_0002,ok,150,107.0,63.0,13.1,8.08,88.29,0,71.56,53.58,1.25,0.15572669762420535,32.11,73.33,5.49,73.73,2.74,73.49,4.11,POS+CHROM,17.987,323.5402,-17.987,1.768,3.1273,1.768,2.166,4.6926,2.166,1.923,3.6961,1.923
3220,after,3220_after_clip_0000,ok,150,113.0,69.0,11.7,47.7,44.65,0,90.46,53.94,1.12,-0.2240025163040694,33.98,92.5,3.64,92.36,3.12,92.43,3.38,POS+CHROM,36.52,1333.7448,-36.52,2.037,4.1484,2.037,1.901,3.6128,1.901,1.972,3.8877,1.972
3220,after,3220_after_clip_0001,ok,150,113.0,69.0,11.7,53.26,44.98,0,109.32,54.03,1.16,0.153291939613459,33.97,81.23,3.82,82.38,0.93,81.67,2.37,POS+CHROM,55.292,3057.1859,-55.292,28.09,789.0556,-28.09,26.937,725.6189,-26.937,27.65,764.5105,-27.65
3220,after,3220_after_clip_0002,ok,150,113.0,69.0,11.7,57.75,41.33,0,100.36,53.9,0.98,0.14246836566796056,33.98,92.02,0.36,93.97,0.34,93.0,0.35,POS+CHROM,46.46,2158.5177,-46.46,8.337,69.505,-8.337,6.392,40.8607,-6.392,7.366,54.2573,-7.366
3220,before,3220_before_clip_0000,ok,150,104.0,69.0,11.7,6.64,93.31,0,83.78,53.96,1.03,-0.07881012037582068,34.14,80.48,0.21,80.82,-3.03,80.61,-1.41,POS+CHROM,29.819,889.187,-29.819,3.292,10.8353,-3.292,2.954,8.7253,-2.954,3.167,10.032,-3.167
3220,before,3220_before_clip_0001,ok,150,104.0,69.0,11.7,4.42,95.24,0,61.61,53.92,1.03,-0.10297313134389838,34.21,87.06,1.31,84.5,-0.43,85.97,0.44,POS+CHROM,7.683,59.0297,-7.683,25.453,647.8413,25.453,22.898,524.3399,22.898,24.36,593.4046,24.36
3220,before,3220_before_clip_0002,ok,150,104.0,69.0,11.7,8.05,90.36,0,84.86,53.85,0.89,-0.05143395065033284,34.16,70.87,-0.84,95.64,0.45,73.11,0.17,POS+CHROM+DEEP,31.01,961.5913,-31.01,13.989,195.685,-13.989,10.782,116.2475,10.782,11.748,138.0133,-11.748
3232,after,3232_after_clip_0000,ok,150,120.0,66.0,14.2,12.6,84.5,0,85.52,53.51,1.4,0.042592080192251226,31.1,73.71,1.15,111.39,-0.48,76.45,0.69,POS+CHROM+DEEP,32.009,1024.5455,-32.009,11.81,139.4699,-11.81,25.873,669.3911,25.873,9.074,82.3359,-9.074
3232,after,3232_after_clip_0001,ok,150,120.0,66.0,14.2,7.79,88.12,0,71.31,53.62,1.43,-0.1986460815196787,31.1,79.9,0.28,113.96,-4.3,73.93,-0.86,POS+CHROM+DEEP,17.693,313.0361,-17.693,8.59,73.7856,8.59,42.653,1819.3062,42.653,2.619,6.861,2.619
3232,after,3232_after_clip_0002,ok,150,120.0,66.0,14.2,14.74,75.21,0,123.53,53.43,1.14,0.09783335767000631,31.17,76.18,0.07,79.12,0.65,77.72,0.36,POS+CHROM,70.097,4913.5886,-70.097,47.354,2242.4331,-47.354,44.411,1972.3226,-44.411,45.812,2098.7764,-45.812
3232,before,3232_before_clip_0000,ok,150,110.0,65.0,14.2,12.83,85.39,0,112.42,53.77,0.95,0.047511820279061846,33.42,59.24,6.27,55.81,2.17,57.16,3.13,POS+CHROM+DEEP,58.656,3440.5113,-58.656,53.182,2828.2903,-53.182,56.611,3204.8229,-56.611,55.261,3053.8187,-55.261
3232,before,3232_before_clip_0001,ok,150,110.0,65.0,14.2,11.75,77.7,0,71.08,53.71,0.94,-0.06001776018288553,33.41,64.55,1.26,64.55,-0.72,64.55,0.27,POS+CHROM,17.373,301.8274,-17.373,6.533,42.6777,-6.533,6.536,42.7163,-6.536,6.534,42.6938,-6.534
3232,before,3232_before_clip_0002,ok,150,110.0,65.0,14.2,11.71,76.75,0,66.93,53.77,0.93,0.15148396752534923,33.06,66.53,0.2,108.12,-1.55,72.32,-0.14,POS+CHROM+DEEP,13.16,173.175,-13.16,0.404,0.1634,-0.404,41.182,1695.9712,41.182,5.388,29.0265,5.388
3235,after,3235_after_clip_0000,ok,150,106.0,65.0,8.7,1.24,98.32,0,121.81,54.46,1.27,0.054506271547116326,33.23,95.88,0.37,96.64,-1.22,96.21,-0.42,POS+CHROM,67.349,4535.8247,-67.349,25.929,672.3242,-25.929,25.166,633.3062,-25.166,25.598,655.2404,-25.598
3235,after,3235_after_clip_0001,ok,150,106.0,65.0,8.7,2.2,97.43,0,69.39,54.2,1.16,-0.025296041407396542,33.99,90.47,0.46,91.14,0.24,90.79,0.35,POS+CHROM,15.192,230.7959,-15.192,21.071,444.0038,21.071,21.741,472.6907,21.741,21.4,457.9709,21.4
3235,after,3235_after_clip_0002,ok,150,106.0,65.0,8.7,5.05,93.59,0,68.89,54.49,1.29,0.007818107179969015,33.25,74.32,-2.14,75.66,-0.33,75.09,-1.24,POS+CHROM,14.404,207.4845,-14.404,5.427,29.4474,5.427,6.771,45.8417,6.771,6.2,38.4352,6.2
3235,before,3235_before_clip_0000,ok,150,100.0,59.0,8.7,2.65,88.42,0,92.07,54.22,1.18,-0.13511915229866048,33.27,62.01,0.7,60.48,0.39,58.75,0.76,POS+CHROM+DEEP,37.847,1432.4318,-37.847,30.057,903.4267,-30.057,31.59,997.9299,-31.59,33.319,1110.1421,-33.319
3235,before,3235_before_clip_0001,ok,150,100.0,59.0,8.7,5.73,94.16,0,95.78,54.2,1.22,-0.0057306823129777374,33.27,61.28,-0.33,60.82,-0.78,58.3,0.04,POS+CHROM+DEEP,41.584,1729.2011,-41.584,34.502,1190.3745,-34.502,34.968,1222.7838,-34.968,37.483,1404.9634,-37.483
3235,before,3235_before_clip_0002,ok,150,100.0,59.0,8.7,9.61,89.6,0,118.5,54.21,1.14,-0.07243248470218676,33.34,91.25,1.81,92.27,3.53,91.83,2.67,POS+CHROM,64.292,4133.5205,-64.292,27.258,742.9763,-27.258,26.231,688.0684,-26.231,26.671,711.3542,-26.671
3245,after,3245_after_clip_0000,ok,150,116.0,69.0,12.8,5.89,91.55,0,80.47,54.05,1.14,-0.035668971146435545,33.5,67.5,4.61,71.05,3.18,69.06,3.89,POS+CHROM,26.411,697.5395,-26.411,12.966,168.1232,-12.966,9.418,88.6911,-9.418,11.401,129.9925,-11.401
3245,after,3245_after_clip_0001,ok,150,116.0,69.0,12.8,7.51,87.88,0,118.5,54.01,1.13,0.011992732360822664,33.49,67.03,4.25,64.19,4.54,65.58,4.39,POS+CHROM,64.494,4159.4999,-64.494,51.47,2649.1378,-51.47,54.315,2950.0706,-54.315,52.926,2801.1959,-52.926
3245,after,3245_after_clip_0002,ok,150,116.0,69.0,12.8,7.53,88.94,0,96.97,54.14,1.1,-0.06636417741626265,33.48,64.17,4.15,64.83,3.3,64.48,3.73,POS+CHROM,42.829,1834.3257,-42.829,32.799,1075.7592,-32.799,32.141,1033.0556,-32.141,32.493,1055.8062,-32.493
3245,before,3245_before_clip_0000,ok,150,106.0,70.0,12.8,10.24,85.59,0,83.24,54.01,1.11,0.17551383615108773,33.58,80.59,1.04,80.74,-3.8,80.63,-1.38,POS+CHROM,29.232,854.4998,-29.232,2.654,7.0414,-2.654,2.501,6.2549,-2.501,2.607,6.7938,-2.607
3245,before,3245_before_clip_0001,ok,150,106.0,70.0,12.8,17.45,80.38,0,109.53,54.11,1.11,-0.14383409707177036,33.17,69.03,3.32,67.49,1.25,68.39,2.28,POS+CHROM,55.423,3071.6877,-55.423,40.503,1640.5284,-40.503,42.047,1767.9521,-42.047,41.144,1692.788,-41.144
3245,before,3245_before_clip_0002,ok,150,106.0,70.0,12.8,18.03,74.19,0,110.96,54.01,1.13,-0.11143310902768816,33.51,67.7,5.8,64.97,4.58,66.48,5.19,POS+CHROM,56.951,3243.4295,-56.951,43.261,1871.4939,-43.261,45.994,2115.4332,-45.994,44.488,1979.18,-44.488
3254,after,3254_after_clip_0000,ok,150,103.0,63.0,13.4,2.55,80.6,0,57.62,54.24,1.12,-0.006589997190912312,33.9,113.71,0.67,112.03,1.2,112.83,0.93,POS+CHROM,3.379,11.4195,-3.379,56.092,3146.3077,56.092,54.403,2959.7014,54.403,55.21,3048.1925,55.21
3254,after,3254_after_clip_0001,ok,150,103.0,63.0,13.4,6.02,69.95,0,68.2,54.34,1.14,0.23132555979805858,33.9,94.68,1.91,93.92,3.64,94.24,2.78,POS+CHROM,13.856,191.9809,-13.856,26.479,701.1308,26.479,25.721,661.5794,25.721,26.046,678.3903,26.046
3254,after,3254_after_clip_0002,ok,150,103.0,63.0,13.4,57.4,35.13,0,95.01,54.35,1.1,0.06885992079409953,33.92,118.67,-0.78,112.1,-0.47,115.3,-0.62,POS+CHROM,40.655,1652.8025,-40.655,23.66,559.7917,23.66,17.095,292.2237,17.095,20.29,411.7026,20.29
3254,before,3254_before_clip_0000,ok,150,116.0,75.0,13.4,3.72,94.32,0,126.9,54.32,1.11,-0.03587703511359112,33.25,89.63,0.27,88.4,1.05,88.97,0.66,POS+CHROM,72.583,5268.2526,-72.583,37.273,1389.3042,-37.273,38.504,1482.5607,-38.504,37.929,1438.6159,-37.929
3254,before,3254_before_clip_0001,ok,150,116.0,75.0,13.4,43.1,53.58,0,112.23,54.28,1.16,-0.12301373730008978,33.22,124.47,-3.89,122.83,-2.19,123.53,-3.04,POS+CHROM,57.951,3358.3305,-57.951,12.233,149.6386,12.233,10.593,112.2018,10.593,11.297,127.6214,11.297
3254,before,3254_before_clip_0002,ok,150,116.0,75.0,13.4,68.34,13.64,1,89.98,54.17,1.08,-0.20652931625694737,34.04,81.53,-1.86,79.71,-1.51,80.59,-1.68,POS+CHROM,35.812,1282.4786,-35.812,8.45,71.406,-8.45,10.263,105.3251,-10.263,9.384,88.0514,-9.384
3315,after,3315_after_clip_0000,ok,150,130.0,76.0,10.3,9.45,90.4,0,98.91,53.78,1.05,-0.12058178610762971,33.17,81.56,0.64,81.16,-0.19,81.37,0.22,POS+CHROM,45.126,2036.381,-45.126,17.346,300.8708,-17.346,17.749,315.0093,-17.749,17.533,307.4097,-17.533
3315,after,3315_after_clip_0001,ok,150,130.0,76.0,10.3,7.93,91.2,0,89.18,53.77,1.1,0.032023561486602306,32.77,82.32,1.76,82.11,3.04,82.2,2.4,POS+CHROM,35.409,1253.8069,-35.409,6.86,47.0638,-6.86,7.076,50.0766,-7.076,6.98,48.7189,-6.98
3315,after,3315_after_clip_0002,ok,150,130.0,76.0,10.3,1.38,97.81,0,78.69,53.69,1.12,-0.23525945416044236,33.12,92.81,-0.06,94.4,-0.86,93.55,-0.46,POS+CHROM,24.997,624.8474,-24.997,14.121,199.4086,14.121,15.709,246.764,15.709,14.862,220.8878,14.862
3315,before,3315_before_clip_0000,ok,150,107.0,67.0,10.3,9.09,90.14,0,115.82,53.82,1.17,-0.06628221277422368,31.85,139.92,-2.43,96.26,-4.54,86.69,-1.93,POS+CHROM+DEEP,61.998,3843.7794,-61.998,24.099,580.7701,24.099,19.562,382.66,-19.562,29.132,848.6498,-29.132
3315,before,3315_before_clip_0001,ok,150,107.0,67.0,10.3,17.38,80.36,0,110.26,53.64,1.14,0.20393051119084407,33.01,88.54,-0.91,79.96,-3.74,70.58,-1.17,POS+CHROM+DEEP,56.618,3205.5429,-56.618,21.715,471.5325,-21.715,30.291,917.5505,-30.291,39.678,1574.3692,-39.678
3315,before,3315_before_clip_0002,ok,150,107.0,67.0,10.3,39.56,48.07,0,81.02,53.76,1.19,-0.06917098026939394,32.98,89.63,2.69,91.67,1.45,90.54,2.07,POS+CHROM,27.261,743.1613,-27.261,8.606,74.0598,8.606,10.646,113.3345,10.646,9.521,90.6472,9.521
3326,after,3326_after_clip_0000,ok,150,116.0,76.0,12.4,29.35,54.04,0,68.79,53.73,0.94,-0.097946518265317,33.42,81.48,4.4,83.19,3.69,82.28,4.05,POS+CHROM,15.061,226.8195,-15.061,12.692,161.0836,12.692,14.399,207.3309,14.399,13.495,182.106,13.495
3326,after,3326_after_clip_0001,ok,150,116.0,76.0,12.4,32.05,58.76,0,99.04,53.82,0.94,0.022628638412311823,33.44,85.07,3.38,121.72,-4.41,79.49,-0.03,POS+CHROM+DEEP,45.216,2044.446,-45.216,13.963,194.9712,-13.963,22.682,514.4901,22.682,19.543,381.9389,-19.543
3326,after,3326_after_clip_0002,ok,150,116.0,76.0,12.4,19.51,70.12,0,72.2,53.77,0.94,0.015331988779999422,33.43,84.14,2.47,125.71,-3.96,79.74,-0.18,POS+CHROM+DEEP,18.433,339.7617,-18.433,11.938,142.521,11.938,53.507,2863.0518,53.507,7.544,56.9149,7.544
3326,before,3326_before_clip_0000,ok,150,140.0,76.0,12.4,28.21,68.1,0,67.1,53.41,1.16,-0.2107766484252551,31.21,81.39,-0.17,65.63,0.95,65.78,0.65,POS+CHROM+DEEP,13.688,187.3678,-13.688,14.296,204.3819,14.296,1.464,2.1419,-1.464,1.318,1.7368,-1.318
3326,before,3326_before_clip_0001,ok,150,140.0,76.0,12.4,32.39,59.32,0,58.93,53.54,1.35,0.03161877786474697,31.18,85.51,4.61,86.04,3.02,85.74,3.81,POS+CHROM,5.391,29.0682,-5.391,26.573,706.138,26.573,27.112,735.0579,27.112,26.807,718.6239,26.807
3326,before,3326_before_clip_0002,ok,150,140.0,76.0,12.4,15.78,79.76,0,103.61,53.44,1.14,-0.026471867544298724,31.19,86.78,3.86,87.75,2.33,87.21,3.09,POS+CHROM,50.17,2517.019,-50.17,16.828,283.1934,-16.828,15.853,251.3164,-15.853,16.402,269.035,-16.402
3342,after,3342_after_clip_0000,ok,150,119.0,84.0,11.2,24.87,68.22,0,117.1,53.89,0.95,0.1513589115738703,33.36,85.37,-1.96,84.52,-2.53,84.96,-2.24,POS+CHROM,63.216,3996.2093,-63.216,31.737,1007.2208,-31.737,32.584,1061.7259,-32.584,32.14,1032.9906,-32.14
3342,after,3342_after_clip_0001,ok,150,119.0,84.0,11.2,32.13,57.52,0,64.54,53.84,0.95,0.11779644190354649,33.37,95.58,-2.58,64.45,-2.33,67.58,-1.32,POS+CHROM+DEEP,10.694,114.356,-10.694,31.039,963.4033,31.039,0.086,0.0074,-0.086,3.045,9.2735,3.045
3342,after,3342_after_clip_0002,ok,150,119.0,84.0,11.2,25.64,61.0,0,74.38,53.82,1.02,0.02618249891608745,33.33,77.91,-0.73,98.89,0.52,76.11,0.27,POS+CHROM+DEEP,20.565,422.9043,-20.565,3.525,12.4237,3.525,24.505,600.4974,24.505,1.73,2.9931,1.73
3342,before,3342_before_clip_0000,ok,150,112.0,78.0,11.2,14.06,84.16,0,116.92,53.84,1.03,-0.15735656628979555,33.31,91.33,-0.98,91.18,-3.12,91.27,-2.05,POS+CHROM,63.081,3979.2369,-63.081,25.591,654.8739,-25.591,25.74,662.5663,-25.74,25.652,658.0341,-25.652
3342,before,3342_before_clip_0001,ok,150,112.0,78.0,11.2,16.12,75.03,0,72.68,53.9,0.96,0.10206666297356055,33.35,63.74,1.62,60.67,1.82,59.65,1.46,POS+CHROM+DEEP,18.78,352.6917,-18.78,8.938,79.8791,-8.938,12.003,144.0725,-12.003,13.029,169.7561,-13.029
3342,before,3342_before_clip_0002,ok,150,112.0,78.0,11.2,33.03,66.23,0,139.68,53.94,1.19,0.12197444096549498,32.93,112.36,-4.3,140.43,-5.66,83.6,-2.92,POS+CHROM+DEEP,85.742,7351.6493,-85.742,27.319,746.3074,-27.319,0.749,0.561,0.749,56.087,3145.7362,-56.087
3345,after,3345_after_clip_0000,ok,150,137.0,79.0,14.7,52.84,29.44,1,92.17,53.92,1.06,-0.047011303605856675,33.06,74.37,-2.78,74.47,-2.19,74.42,-2.49,POS+CHROM,38.246,1462.7198,-38.246,17.804,316.9972,-17.804,17.698,313.2294,-17.698,17.749,315.0187,-17.749
3345,after,3345_after_clip_0001,ok,150,137.0,79.0,14.7,43.87,38.85,0,79.13,53.89,0.92,0.1530822908886616,33.42,84.16,-0.9,86.34,2.43,85.55,0.76,POS+CHROM,25.238,636.9454,-25.238,5.034,25.3377,5.034,7.217,52.0886,7.217,6.421,41.2297,6.421
3345,after,3345_after_clip_0002,ok,150,137.0,79.0,14.7,73.54,19.08,1,69.03,53.91,0.94,-0.07266686531996025,33.42,117.49,-2.05,74.83,0.79,76.76,-0.11,POS+CHROM+DEEP,15.112,228.3872,-15.112,48.462,2348.5919,48.462,5.806,33.709,5.806,7.735,59.8367,7.735
3345,before,3345_before_clip_0000,ok,150,115.0,80.0,14.7,24.77,67.3,0,72.63,54.05,1.14,0.1301715999220019,33.29,80.95,0.94,81.58,-0.21,81.24,0.37,POS+CHROM,18.585,345.4142,-18.585,8.32,69.2205,8.32,8.953,80.1519,8.953,8.606,74.0655,8.606
3345,before,3345_before_clip_0001,ok,150,115.0,80.0,14.7,49.91,43.32,0,114.57,54.03,1.13,0.010145660053968298,34.02,84.55,-0.14,81.84,0.57,83.11,0.22,POS+CHROM,60.539,3664.9796,-60.539,30.017,901.0502,-30.017,32.724,1070.8522,-32.724,31.45,989.1106,-31.45
3345,before,3345_before_clip_0002,ok,150,115.0,80.0,14.7,27.04,46.01,0,63.64,54.02,1.13,-0.26320061721725535,33.28,90.2,1.28,91.17,-0.12,90.63,0.58,POS+CHROM,9.62,92.5491,-9.62,26.565,705.7143,26.565,27.531,757.9822,27.531,26.992,728.5767,26.992
3348,after,3348_after_clip_0000,ok,150,112.0,68.0,14.4,78.25,19.1,1,69.91,53.46,1.11,-0.0257164669207452,32.08,120.49,-2.43,121.79,-2.63,121.13,-2.53,POS+CHROM,16.449,270.5691,-16.449,50.583,2558.6673,50.583,51.879,2691.4303,51.879,51.22,2623.486,51.22
3348,after,3348_after_clip_0001,ok,150,112.0,68.0,14.4,19.02,6.43,0,68.7,53.52,1.29,-0.18798658555797773,32.1,76.62,1.94,76.66,0.9,76.63,1.42,POS+CHROM,15.174,230.2535,-15.174,7.92,62.7295,7.92,7.958,63.3232,7.958,7.937,63.0003,7.937
3348,after,3348_after_clip_0002,ok,150,112.0,68.0,14.4,57.06,24.46,1,85.85,53.53,1.31,0.0685809916396914,32.1,108.42,3.06,108.94,2.59,108.67,2.83,POS+CHROM,32.322,1044.7084,-32.322,22.565,509.1835,22.565,23.082,532.787,23.082,22.814,520.4635,22.814
3348,before,3348_before_clip_0000,ok,150,112.0,76.0,14.4,44.67,27.7,0,114.22,53.24,1.45,0.03377953219964846,30.7,107.42,0.16,100.19,-1.15,104.2,-0.5,POS+CHROM,60.978,3718.332,-60.978,6.803,46.2856,-6.803,14.027,196.7521,-14.027,10.021,100.4297,-10.021
3348,before,3348_before_clip_0001,ok,150,112.0,76.0,14.4,27.52,44.33,0,66.11,53.0,1.29,-0.12361442425421147,31.02,107.27,0.31,65.4,0.47,73.9,0.69,POS+CHROM+DEEP,13.116,172.0203,-13.116,41.153,1693.5746,41.153,0.713,0.5079,-0.713,7.788,60.6485,7.788
3348,before,3348_before_clip_0002,ok,150,112.0,76.0,14.4,50.87,11.91,1,57.25,53.17,1.48,-0.3418117858785593,30.68,99.06,2.14,76.44,1.25,77.08,1.62,POS+CHROM+DEEP,4.075,16.6051,-4.075,41.813,1748.335,41.813,19.195,368.4471,19.195,19.833,393.3605,19.833
3351,after,3351_after_clip_0000,ok,150,103.0,79.0,12.5,7.99,89.43,0,80.59,53.48,1.36,-0.05548082207732447,31.13,81.0,0.09,81.25,-2.75,81.1,-1.33,POS+CHROM,27.108,734.8419,-27.108,0.413,0.171,0.413,0.661,0.4365,0.661,0.508,0.2584,0.508
3351,after,3351_after_clip_0001,ok,150,103.0,79.0,12.5,28.3,67.67,0,100.14,53.62,1.34,0.0411043446230034,31.2,80.43,1.87,82.03,2.43,81.27,2.15,POS+CHROM,46.522,2164.3052,-46.522,19.706,388.3443,-19.706,18.113,328.0824,-18.113,18.873,356.182,-18.873
3351,after,3351_after_clip_0002,ok,150,103.0,79.0,12.5,5.93,93.48,0,97.02,53.66,1.29,0.04017309272665095,31.22,88.91,1.95,98.56,-0.87,78.78,0.79,POS+CHROM+DEEP,43.368,1880.7511,-43.368,8.111,65.7949,-8.111,1.54,2.3703,1.54,18.25,333.0466,-18.25
3351,before,3351_before_clip_0000,ok,150,103.0,79.0,12.5,4.63,93.45,0,99.51,53.42,1.27,0.06439852972652453,31.37,61.79,4.14,60.35,5.69,59.37,3.7,POS+CHROM+DEEP,46.082,2123.5549,-46.082,37.715,1422.3848,-37.715,39.152,1532.9162,-39.152,40.133,1610.6819,-40.133
3351,before,3351_before_clip_0001,ok,150,103.0,79.0,12.5,16.31,81.02,0,120.32,53.51,1.42,0.06941556752843393,31.06,77.64,-2.12,75.15,0.74,76.11,-0.69,POS+CHROM,66.805,4462.9091,-66.805,42.679,1821.5077,-42.679,45.164,2039.8068,-45.164,44.213,1954.7556,-44.213
3351,before,3351_before_clip_0002,ok,150,103.0,79.0,12.5,9.75,89.12,0,127.42,53.53,1.38,-0.027570346084791728,31.45,59.02,4.28,63.3,1.09,58.62,2.25,POS+CHROM+DEEP,73.892,5460.0841,-73.892,68.404,4679.078,-68.404,64.116,4110.8445,-64.116,68.797,4732.9705,-68.797
3363,after,3363_after_clip_0000,ok,150,104.0,76.0,12.3,24.84,73.72,0,95.92,53.6,1.16,0.14355146161589,33.52,72.15,5.6,70.97,4.82,71.6,5.21,POS+CHROM,42.323,1791.2396,-42.323,23.775,565.2709,-23.775,24.949,622.4308,-24.949,24.324,591.6581,-24.324
3363,after,3363_after_clip_0001,ok,150,104.0,76.0,12.3,19.62,79.91,0,93.8,53.61,1.16,-0.04838791759130898,32.77,72.58,4.62,75.13,1.93,73.57,3.27,POS+CHROM,40.191,1615.2952,-40.191,21.222,450.3538,-21.222,18.665,348.3856,-18.665,20.225,409.0487,-20.225
3363,after,3363_after_clip_0002,ok,150,104.0,76.0,12.3,10.27,83.03,0,129.13,53.57,1.2,-0.12501872118226326,33.49,72.6,2.47,76.37,-0.02,74.1,1.23,POS+CHROM,75.556,5708.7011,-75.556,56.527,3195.3324,-56.527,52.758,2783.3723,-52.758,55.027,3028.0152,-55.027
3363,before,3363_before_clip_0000,ok,150,106.0,68.0,12.3,10.07,79.4,0,109.15,53.77,0.98,0.03082188044684098,33.34,58.51,4.33,59.81,5.67,58.12,3.66,POS+CHROM+DEEP,55.378,3066.7708,-55.378,50.642,2564.5616,-50.642,49.346,2435.0038,-49.346,51.028,2603.8703,-51.028
3363,before,3363_before_clip_0001,ok,150,106.0,68.0,12.3,3.62,92.42,0,63.91,53.77,1.0,0.01016744881743047,33.37,65.0,2.68,64.95,2.34,64.98,2.51,POS+CHROM,10.14,102.8283,-10.14,1.086,1.1804,1.086,1.038,1.0771,1.038,1.063,1.1296,1.063
3363,before,3363_before_clip_0002,ok,150,106.0,68.0,12.3,3.81,95.83,0,74.27,53.85,0.98,0.028853468269651843,33.35,64.93,4.4,66.69,3.08,65.71,3.74,POS+CHROM,20.418,416.9056,-20.418,9.346,87.3433,-9.346,7.583,57.4947,-7.583,8.561,73.2843,-8.561
3364,after,3364_after_clip_0000,ok,150,145.0,76.0,17.0,7.77,91.34,0,120.69,54.05,1.13,-0.1772431842045157,33.28,99.57,1.14,95.85,-0.05,97.89,0.54,POS+CHROM,66.647,4441.8406,-66.647,21.121,446.0918,-21.121,24.848,617.3998,-24.848,22.801,519.8644,-22.801
3364,after,3364_after_clip_0001,ok,150,145.0,76.0,17.0,29.04,64.83,0,89.78,54.4,1.35,0.09048826588372245,32.96,98.94,0.79,100.28,0.98,99.62,0.88,POS+CHROM,35.372,1251.2106,-35.372,9.164,83.9753,9.164,10.507,110.3994,10.507,9.846,96.9481,9.846
3364,after,3364_after_clip_0002,ok,150,145.0,76.0,17.0,13.54,85.4,0,90.14,54.28,1.38,0.04344293867501967,32.59,94.86,-1.35,92.97,-1.04,93.89,-1.2,POS+CHROM,35.862,1286.0715,-35.862,4.72,22.2765,4.72,2.826,7.9879,2.826,3.748,14.0463,3.748
3364,before,3364_before_clip_0000,ok,150,152.0,75.0,17.0,23.2,68.1,0,93.84,54.02,1.2,0.14958745397349782,33.41,60.51,1.56,59.14,0.76,57.92,1.17,POS+CHROM+DEEP,39.824,1585.9447,-39.824,33.329,1110.8316,-33.329,34.697,1203.8492,-34.697,35.924,1290.5519,-35.924
3364,before,3364_before_clip_0001,ok,150,152.0,75.0,17.0,23.52,73.54,0,91.8,54.08,1.18,-0.17535994434926563,33.41,85.35,2.71,87.38,1.39,86.25,2.05,POS+CHROM,37.724,1423.0648,-37.724,6.451,41.6116,-6.451,4.422,19.5533,-4.422,5.547,30.7707,-5.547
3364,before,3364_before_clip_0002,ok,150,152.0,75.0,17.0,9.67,82.24,0,115.76,54.06,1.19,0.030343745668181096,33.43,83.98,2.16,82.64,2.81,83.27,2.48,POS+CHROM,61.7,3806.8712,-61.7,31.778,1009.8181,-31.778,33.117,1096.7433,-33.117,32.484,1055.1947,-32.484
3375,after,3375_after_clip_0000,ok,150,106.0,75.0,13.5,45.62,15.22,0,95.91,54.2,0.97,0.201330396244994,33.11,85.5,-4.17,71.45,0.64,66.69,-0.85,POS+CHROM+DEEP,41.703,1739.1593,-41.703,10.408,108.3228,-10.408,24.457,598.15,-24.457,29.222,853.9436,-29.222
3375,after,3375_after_clip_0001,ok,150,106.0,75.0,13.5,44.99,20.5,0,64.85,53.9,0.71,-0.17903392675350094,34.17,66.09,-0.05,85.1,-3.85,64.68,-1.07,POS+CHROM+DEEP,10.952,119.9369,-10.952,1.24,1.5386,1.24,20.246,409.8854,20.246,0.167,0.0278,-0.167
3375,after,3375_after_clip_0002,ok,150,106.0,75.0,13.5,42.23,9.9,0,73.47,54.38,1.21,0.19483259232054936,32.76,124.49,-3.79,101.08,-4.22,81.23,-2.27,POS+CHROM+DEEP,19.084,364.2082,-19.084,51.027,2603.7876,51.027,27.614,762.5159,27.614,7.766,60.3138,7.766
3375,before,3375_before_clip_0000,ok,150,118.0,73.0,13.5,58.67,35.84,0,121.15,54.28,0.83,0.18279566076753717,36.62,78.06,-3.52,86.42,-6.03,66.35,-2.91,POS+CHROM+DEEP,66.873,4471.9773,-66.873,43.09,1856.7426,-43.09,34.725,1205.8397,-34.725,54.798,3002.8738,-54.798
3375,before,3375_before_clip_0001,ok,150,118.0,73.0,13.5,70.32,24.11,1,83.91,54.85,1.53,-0.2658032847612646,36.38,93.35,-1.85,81.79,-2.26,72.11,-0.86,POS+CHROM+DEEP,29.057,844.3188,-29.057,9.437,89.0639,9.437,2.12,4.4947,-2.12,11.798,139.2034,-11.798
3375,before,3375_before_clip_0002,ok,150,118.0,73.0,13.5,62.19,32.86,0,99.33,54.28,1.2,-0.07573284393188566,36.62,93.48,-2.72,91.88,-2.5,92.66,-2.61,POS+CHROM,45.052,2029.6715,-45.052,5.851,34.2353,-5.851,7.455,55.5735,-7.455,6.668,44.4605,-6.668
3385,after,3385_after_clip_0000,ok,150,124.0,66.0,13.8,2.45,97.08,0,116.15,53.45,1.28,0.043609514406830155,31.51,93.58,0.59,96.3,-1.11,94.75,-0.26,POS+CHROM,62.7,3931.3385,-62.7,22.578,509.764,-22.578,19.851,394.0591,-19.851,21.406,458.2376,-21.406
3385,after,3385_after_clip_0001,ok,150,124.0,66.0,13.8,2.67,97.11,0,116.2,53.44,1.26,0.08299296778080972,31.52,100.12,-0.65,52.87,4.15,53.09,2.7,CHROM+DEEP,62.757,3938.4272,-62.757,16.083,258.6624,-16.083,63.335,4011.2664,-63.335,63.114,3983.3821,-63.114
3385,after,3385_after_clip_0002,ok,150,124.0,66.0,13.8,6.47,91.07,0,86.17,53.4,1.3,-0.0009717003394435124,31.51,130.99,-5.06,115.83,-0.8,87.97,-1.52,POS+CHROM+DEEP,32.771,1073.9547,-32.771,44.821,2008.927,44.821,29.658,879.5961,29.658,1.796,3.2245,1.796
3385,before,3385_before_clip_0000,ok,150,112.0,56.0,13.8,11.81,86.42,0,101.76,53.73,1.14,-0.007124470049248392,33.03,77.78,0.93,79.96,0.74,78.85,0.83,POS+CHROM,48.032,2307.0934,-48.032,23.977,574.8752,-23.977,21.8,475.2201,-21.8,22.905,524.6535,-22.905
3385,before,3385_before_clip_0001,ok,150,112.0,56.0,13.8,13.38,81.48,0,116.89,53.76,1.15,-0.015751883049311445,32.61,111.98,-0.52,113.37,-4.15,112.47,-2.33,POS+CHROM,63.125,3984.8225,-63.125,4.903,24.0396,-4.903,3.517,12.3716,-3.517,4.414,19.4823,-4.414
3385,before,3385_before_clip_0002,ok,150,112.0,56.0,13.8,5.73,92.67,0,63.04,53.7,1.13,-0.05961402442875003,33.01,73.72,0.69,80.41,0.46,77.0,0.58,POS+CHROM,9.335,87.1492,-9.335,10.681,114.0857,10.681,17.374,301.8618,17.374,13.964,194.9873,13.964
3394,after,3394_after_clip_0000,ok,150,113.0,73.0,11.8,39.49,53.94,0,88.48,54.13,1.22,-0.07782686833970477,32.57,75.15,-1.54,75.97,-2.09,75.54,-1.81,POS+CHROM,34.357,1180.3841,-34.357,13.329,177.6493,-13.329,12.515,156.6271,-12.515,12.94,167.4557,-12.94
3394,after,3394_after_clip_0001,ok,150,113.0,73.0,11.8,42.25,53.65,0,129.95,54.11,1.27,0.16384452903676305,33.33,115.18,-3.55,113.42,-2.55,114.23,-3.05,POS+CHROM,75.847,5752.7143,-75.847,14.776,218.3237,-14.776,16.534,273.3755,-16.534,15.728,247.3629,-15.728
3394,after,3394_after_clip_0002,ok,150,113.0,73.0,11.8,32.77,55.42,0,115.17,54.17,1.32,-0.010727076822193506,33.24,99.89,2.63,98.78,4.15,99.27,3.39,POS+CHROM,60.997,3720.6529,-60.997,15.281,233.51,-15.281,16.392,268.6855,-16.392,15.906,253.0004,-15.906
3394,before,3394_before_clip_0000,ok,150,112.0,77.0,11.8,19.06,78.57,0,124.63,54.12,1.24,-0.07528008718647446,33.23,68.69,2.24,67.8,1.63,68.27,1.94,POS+CHROM,70.506,4971.1109,-70.506,55.94,3129.2434,-55.94,56.826,3229.2418,-56.826,56.36,3176.4984,-56.36
3394,before,3394_before_clip_0001,ok,150,112.0,77.0,11.8,13.91,82.11,0,84.85,54.19,1.26,0.17657887309329498,32.46,82.61,1.76,90.85,-1.37,74.15,0.55,POS+CHROM+DEEP,30.659,939.9778,-30.659,2.233,4.9861,-2.233,6.007,36.0849,6.007,10.695,114.3887,-10.695
3394,before,3394_before_clip_0002,ok,150,112.0,77.0,11.8,13.31,85.16,0,121.92,54.2,1.25,0.004443689922559064,33.22,89.63,-0.52,92.84,0.0,91.3,-0.26,POS+CHROM,67.721,4586.098,-67.721,32.297,1043.1143,-32.297,29.086,845.9818,-29.086,30.621,937.6731,-30.621
3401,after,3401_after_clip_0000,ok,150,139.0,92.0,11.8,56.59,35.4,0,98.45,54.21,1.14,-0.2672202888265879,33.98,98.28,-1.79,94.22,-0.3,96.0,-1.05,POS+CHROM,44.236,1956.8613,-44.236,0.167,0.0279,-0.167,4.233,17.9187,-4.233,2.451,6.0095,-2.451
3401,after,3401_after_clip_0001,ok,150,139.0,92.0,11.8,66.26,29.29,1,97.54,54.23,1.09,0.38303736504992203,33.25,130.26,-1.08,131.63,-1.54,130.92,-1.31,POS+CHROM,43.31,1875.7667,-43.31,32.718,1070.4817,32.718,34.087,1161.9301,34.087,33.377,1113.9967,33.377
3401,after,3401_after_clip_0002,ok,150,139.0,92.0,11.8,72.09,26.03,1,71.37,54.23,1.12,0.3598466263683194,33.97,88.53,-0.83,88.5,-0.39,88.51,-0.61,POS+CHROM,17.134,293.581,-17.134,17.16,294.4523,17.16,17.136,293.6364,17.136,17.147,294.0291,17.147
3401,before,3401_before_clip_0000,ok,150,132.0,93.0,11.8,49.49,32.42,0,68.83,54.27,1.12,0.14090178009104107,33.91,85.68,0.09,79.8,0.56,82.63,0.32,POS+CHROM,14.564,212.1027,-14.564,16.85,283.9169,16.85,10.964,120.211,10.964,13.793,190.2356,13.793
3401,before,3401_before_clip_0001,ok,150,132.0,93.0,11.8,37.62,44.19,0,93.2,54.29,1.06,-0.07677835078209742,33.96,114.67,-2.86,58.42,-1.74,55.88,-0.34,CHROM+DEEP,38.911,1514.0864,-38.911,21.462,460.631,21.462,34.787,1210.1344,-34.787,37.323,1392.9851,-37.323
3401,before,3401_before_clip_0002,ok,150,132.0,93.0,11.8,63.65,21.03,1,77.82,54.29,1.12,0.13997557128430366,33.95,96.6,-2.54,80.58,-1.57,72.52,-1.0,POS+CHROM+DEEP,23.53,553.6756,-23.53,18.78,352.6903,18.78,2.758,7.6057,2.758,5.298,28.0669,-5.298
3406,after,3406_after_clip_0000,ok,150,104.0,59.0,13.2,32.57,45.84,0,117.16,54.88,1.44,0.05905065724127675,33.45,66.03,3.53,67.01,4.14,66.54,3.83,POS+CHROM,62.277,3878.4551,-62.277,51.126,2613.8551,-51.126,50.149,2514.9538,-50.149,50.613,2561.672,-50.613
3406,after,3406_after_clip_0001,ok,150,104.0,59.0,13.2,4.31,90.83,0,81.8,54.92,1.48,0.10832351597214702,36.71,67.59,-1.06,67.14,-0.89,67.36,-0.97,POS+CHROM,26.876,722.2956,-26.876,14.202,201.6916,-14.202,14.658,214.864,-14.658,14.433,208.3229,-14.433
3406,after,3406_after_clip_0002,ok,150,104.0,59.0,13.2,15.9,81.32,0,107.22,54.91,0.99,-0.012070735564210736,37.01,81.87,1.39,96.65,-3.07,74.32,-0.23,POS+CHROM+DEEP,52.308,2736.1272,-52.308,25.35,642.6112,-25.35,10.564,111.5912,-10.564,32.893,1081.9198,-32.893
3406,before,3406_before_clip_0000,ok,150,102.0,65.0,13.2,4.06,95.7,0,79.54,53.55,1.27,0.00037245491156196093,32.88,93.31,0.0,94.73,-0.94,93.97,-0.47,POS+CHROM,25.993,675.6101,-25.993,13.769,189.5955,13.769,15.192,230.805,15.192,14.425,208.0762,14.425
3406,before,3406_before_clip_0001,ok,150,102.0,65.0,13.2,3.91,95.15,0,88.25,53.84,1.08,-0.06661290059147354,32.57,74.49,1.31,68.16,1.57,71.26,1.44,POS+CHROM,34.406,1183.8046,-34.406,13.761,189.3746,-13.761,20.092,403.6885,-20.092,16.996,288.8642,-16.996
3406,before,3406_before_clip_0002,ok,150,102.0,65.0,13.2,2.86,95.62,0,116.44,53.73,1.13,0.13246304486890367,31.81,78.98,0.78,83.95,0.06,81.32,0.42,POS+CHROM,62.705,3931.9181,-62.705,37.457,1402.9901,-37.457,32.486,1055.3373,-32.486,35.121,1233.5186,-35.121
3418,after,3418_after_clip_0000,ok,150,125.0,78.0,11.2,26.06,58.63,0,102.92,54.21,1.06,0.22345098279321107,33.36,89.05,5.4,88.61,2.11,88.89,3.75,POS+CHROM,48.709,2372.5231,-48.709,13.868,192.3144,-13.868,14.306,204.6678,-14.306,14.028,196.7949,-14.028
3418,after,3418_after_clip_0001,ok,150,125.0,78.0,11.2,16.51,35.55,0,117.39,54.18,1.13,0.18304497615282295,33.33,85.8,3.87,86.25,1.91,85.99,2.89,POS+CHROM,63.215,3996.1268,-63.215,31.593,998.1441,-31.593,31.14,969.7291,-31.14,31.404,986.193,-31.404
3418,after,3418_after_clip_0002,ok,150,125.0,78.0,11.2,32.68,45.21,0,76.04,54.23,1.1,-0.11551793998431695,33.34,86.75,4.2,85.35,1.45,86.2,2.82,POS+CHROM,21.801,475.2698,-21.801,10.712,114.7459,10.712,9.312,86.72,9.312,10.17,103.4191,10.17
3418,before,3418_before_clip_0000,ok,150,103.0,79.0,11.2,16.67,78.55,0,62.33,54.19,1.07,0.042182994815436275,33.33,80.29,4.63,80.25,1.61,80.28,3.12,POS+CHROM,8.139,66.2509,-8.139,17.963,322.6759,17.963,17.914,320.91,17.914,17.945,322.0104,17.945
3418,before,3418_before_clip_0001,ok,150,103.0,79.0,11.2,2.9,94.89,0,84.54,54.23,1.04,-0.058671590103535,33.31,80.94,3.34,80.58,3.41,80.75,3.37,POS+CHROM,30.311,918.7418,-30.311,3.604,12.9874,-3.604,3.963,15.7054,-3.963,3.784,14.3219,-3.784
3418,before,3418_before_clip_0002,ok,150,103.0,79.0,11.2,2.31,97.34,0,61.33,54.28,1.02,0.05969872881751996,33.68,117.65,-1.42,76.83,-1.69,78.83,-0.7,POS+CHROM+DEEP,7.05,49.7005,-7.05,56.321,3172.0222,56.321,15.501,240.268,15.501,17.503,306.3491,17.503
3420,after,3420_after_clip_0000,ok,150,124.0,77.0,12.4,59.65,34.21,0,105.59,53.72,1.26,0.01695954321680225,30.67,118.49,-0.1,100.23,-2.35,86.59,-0.39,POS+CHROM+DEEP,51.872,2690.7244,-51.872,12.897,166.328,12.897,5.365,28.7832,-5.365,18.997,360.8831,-18.997
3420,after,3420_after_clip_0001,ok,150,124.0,77.0,12.4,27.45,67.37,0,87.36,54.05,1.54,-0.23477252794884274,32.81,108.99,-0.59,91.88,-1.28,80.79,-0.11,POS+CHROM+DEEP,33.304,1109.1518,-33.304,21.635,468.081,21.635,4.523,20.4611,4.523,6.57,43.1649,-6.57
3420,after,3420_after_clip_0002,ok,150,124.0,77.0,12.4,45.79,41.51,0,109.62,53.59,1.26,-0.036557286869732114,32.04,95.68,1.06,98.36,-1.03,96.79,0.01,POS+CHROM,56.036,3139.9951,-56.036,13.947,194.5319,-13.947,11.266,126.9144,-11.266,12.837,164.7947,-12.837
3420,before,3420_before_clip_0000,ok,150,123.0,76.0,12.4,33.75,26.14,0,68.2,52.88,1.04,-0.08533693238693855,36.92,129.17,-5.34,70.03,-1.31,71.65,-1.87,POS+CHROM+DEEP,15.318,234.6286,-15.318,60.977,3718.1852,60.977,1.837,3.3738,1.837,3.452,11.9143,3.452
3420,before,3420_before_clip_0001,ok,150,123.0,76.0,12.4,43.46,16.79,0,65.88,54.02,1.64,0.07003431524531491,36.64,94.05,-1.69,68.58,-0.79,68.61,-0.28,POS+CHROM+DEEP,11.852,140.4692,-11.852,28.173,793.7364,28.173,2.708,7.3348,2.708,2.733,7.4693,2.733
3420,before,3420_before_clip_0002,ok,150,123.0,76.0,12.4,58.22,16.72,1,88.67,53.6,1.31,0.16167597245049406,36.52,102.86,-1.09,101.61,-1.7,102.27,-1.39,POS+CHROM,35.07,1229.9034,-35.07,14.187,201.2745,14.187,12.935,167.3204,12.935,13.593,184.768,13.593
3448,after,3448_after_clip_0000,ok,150,116.0,75.0,14.0,25.1,69.64,0,108.19,53.43,1.24,-0.18790578749989217,31.37,103.87,-2.38,68.8,-3.92,70.73,-1.69,POS+CHROM+DEEP,54.754,2997.9639,-54.754,4.321,18.6689,-4.321,39.389,1551.4832,-39.389,37.452,1402.6687,-37.452
3448,after,3448_after_clip_0001,ok,150,116.0,75.0,14.0,45.4,52.77,0,114.01,53.42,1.24,-0.1134395984763002,31.41,93.52,-2.61,126.08,-1.65,84.2,-1.01,POS+CHROM+DEEP,60.587,3670.7805,-60.587,20.486,419.656,-20.486,12.077,145.8478,12.077,29.805,888.3096,-29.805
3448,after,3448_after_clip_0002,ok,150,116.0,75.0,14.0,21.48,66.49,0,100.31,53.42,1.25,-0.12252466956336149,31.39,107.07,-0.83,89.1,-1.26,79.38,-0.28,POS+CHROM+DEEP,46.893,2198.931,-46.893,6.757,45.6623,6.757,11.211,125.687,-11.211,20.929,438.0161,-20.929
3448,before,3448_before_clip_0000,ok,150,112.0,75.0,14.0,53.79,33.46,0,114.03,54.04,1.01,-0.07706773035252841,33.66,125.43,-3.8,124.25,-4.7,124.88,-4.25,POS+CHROM,59.984,3598.0883,-59.984,11.403,130.0376,11.403,10.228,104.6046,10.228,10.859,117.9258,10.859
3448,before,3448_before_clip_0001,ok,150,112.0,75.0,14.0,66.19,24.53,1,113.77,53.95,1.1,-0.08065497359774693,33.97,85.67,0.91,81.11,0.1,83.55,0.51,POS+CHROM,59.817,3578.1177,-59.817,28.094,789.2991,-28.094,32.654,1066.2727,-32.654,30.221,913.3039,-30.221
3448,before,3448_before_clip_0002,ok,150,112.0,75.0,14.0,40.98,47.99,0,103.04,53.97,1.1,-0.2051616508158503,33.59,62.02,-2.77,59.66,-2.74,57.49,-1.47,POS+CHROM+DEEP,49.072,2408.0982,-49.072,41.023,1682.864,-41.023,43.382,1881.9853,-43.382,45.552,2074.974,-45.552
3465,after,3465_after_clip_0000,ok,150,136.0,82.0,12.1,31.76,57.73,0,122.54,54.12,1.2,0.14525053983392272,33.32,107.54,1.49,93.0,-1.82,84.1,0.29,POS+CHROM+DEEP,68.419,4681.1799,-68.419,14.999,224.9808,-14.999,29.539,872.5474,-29.539,38.437,1477.3922,-38.437
3465,after,3465_after_clip_0001,ok,150,136.0,82.0,12.1,28.43,70.93,0,128.36,54.08,1.17,0.1682310839670712,32.97,106.41,-0.13,113.75,-3.35,109.12,-1.74,POS+CHROM,74.278,5517.2133,-74.278,21.947,481.6756,-21.947,14.611,213.4722,-14.611,19.242,370.2635,-19.242
3465,after,3465_after_clip_0002,ok,150,136.0,82.0,12.1,42.59,54.28,0,118.07,54.06,1.19,0.2867464950534783,33.3,101.43,0.7,94.6,1.43,97.81,1.07,POS+CHROM,64.003,4096.3369,-64.003,16.635,276.7272,-16.635,23.466,550.6326,-23.466,20.257,410.3638,-20.257
3465,before,3465_before_clip_0000,ok,150,119.0,67.0,12.1,25.4,72.82,0,121.23,53.96,1.23,0.10684171039020275,32.94,82.4,3.72,82.24,1.94,82.33,2.83,POS+CHROM,67.27,4525.3003,-67.27,38.836,1508.2626,-38.836,38.99,1520.2403,-38.99,38.902,1513.3644,-38.902
3465,before,3465_before_clip_0001,ok,150,119.0,67.0,12.1,17.4,81.45,0,122.1,54.08,1.21,0.015120387427755445,32.76,92.86,3.6,90.97,-2.39,92.35,0.6,POS+CHROM,68.022,4627.0047,-68.022,29.241,855.0429,-29.241,31.131,969.1565,-31.131,29.75,885.059,-29.75
3465,before,3465_before_clip_0002,ok,150,119.0,67.0,12.1,11.14,83.94,0,69.5,53.99,1.22,0.11999611076274717,32.9,66.33,2.42,124.38,-3.93,70.97,-0.1,POS+CHROM+DEEP,15.512,240.6186,-15.512,3.167,10.033,-3.167,54.882,3012.0708,54.882,1.474,2.1729,1.474
3494,after,3494_after_clip_0000,ok,150,116.0,76.0,13.3,25.4,51.93,0,137.88,53.01,1.32,-0.08956671783356715,30.85,63.89,-2.53,62.37,-0.85,63.02,-1.69,POS+CHROM,84.876,7203.9001,-84.876,73.992,5474.8471,-73.992,75.519,5703.0602,-75.519,74.862,5604.2745,-74.862
3494,after,3494_after_clip_0001,ok,150,116.0,76.0,13.3,16.66,82.2,0,124.34,52.98,1.37,-0.08456509156158408,30.9,57.07,-2.64,141.36,-2.29,54.37,-0.64,POS+DEEP,71.356,5091.6488,-71.356,67.273,4525.7153,-67.273,17.022,289.7342,17.022,69.973,4896.2612,-69.973
3494,after,3494_after_clip_0002,ok,150,116.0,76.0,13.3,17.52,76.11,0,77.93,52.94,1.34,-0.18126146570119098,30.89,91.52,3.33,92.65,3.26,92.08,3.29,POS+CHROM,24.989,624.4441,-24.989,13.588,184.6416,13.588,14.719,216.6562,14.719,14.151,200.2461,14.151
3494,before,3494_before_clip_0000,ok,150,100.0,60.0,13.3,20.43,77.2,0,114.13,53.02,1.35,-0.03024178206104555,30.75,91.17,-1.2,92.09,-1.9,91.6,-1.55,POS+CHROM,61.112,3734.6865,-61.112,22.957,527.0055,-22.957,22.041,485.826,-22.041,22.526,507.4024,-22.526
3494,before,3494_before_clip_0001,ok,150,100.0,60.0,13.3,6.16,92.88,0,90.97,52.95,1.29,0.11333092664126344,30.83,86.98,1.1,84.12,1.11,85.55,1.1,POS+CHROM,38.017,1445.33,-38.017,3.989,15.9152,-3.989,6.852,46.9552,-6.852,5.421,29.3916,-5.421
3494,before,3494_before_clip_0002,ok,150,100.0,60.0,13.3,21.62,65.79,0,103.26,52.83,1.33,0.04138496044802098,31.27,89.97,-0.51,93.39,-2.62,91.39,-1.57,POS+CHROM,50.432,2543.3443,-50.432,13.285,176.4786,-13.285,9.864,97.2998,-9.864,11.872,140.9418,-11.872
3508,after,3508_after_clip_0000,ok,150,130.0,74.0,11.8,19.36,77.6,0,76.66,54.33,1.05,-0.31739376527430324,34.05,112.73,-0.1,114.37,0.2,113.57,0.05,POS+CHROM,22.325,498.4051,-22.325,36.076,1301.5075,36.076,37.71,1422.0739,37.71,36.913,1362.602,36.913
3508,after,3508_after_clip_0001,ok,150,130.0,74.0,11.8,31.69,51.86,0,73.02,54.29,1.12,-0.012811768434575231,34.08,109.75,-1.58,79.33,-2.64,76.73,-1.04,POS+CHROM+DEEP,18.738,351.121,-18.738,36.724,1348.6593,36.724,6.307,39.7748,6.307,3.711,13.7684,3.711
3508,after,3508_after_clip_0002,ok,150,130.0,74.0,11.8,30.65,53.41,0,130.17,54.38,1.35,0.04098961027693983,33.82,111.03,1.19,109.06,1.45,110.02,1.32,POS+CHROM,75.792,5744.3635,-75.792,19.142,366.412,-19.142,21.109,445.5722,-21.109,20.147,405.8858,-20.147
3508,before,3508_before_clip_0000,ok,150,121.0,68.0,11.8,51.37,40.33,0,96.97,53.15,1.16,0.11941066345814887,31.86,91.67,4.41,93.36,4.71,92.54,4.56,POS+CHROM,43.821,1920.2977,-43.821,5.297,28.054,-5.297,3.613,13.0519,-3.613,4.433,19.6526,-4.433
3508,before,3508_before_clip_0001,ok,150,121.0,68.0,11.8,59.02,36.98,0,108.46,53.27,1.21,-0.06516518108205153,31.46,100.3,0.45,98.7,1.18,99.45,0.81,POS+CHROM,55.183,3045.1269,-55.183,8.159,66.5653,-8.159,9.76,95.2663,-9.76,9.008,81.1411,-9.008
3508,before,3508_before_clip_0002,ok,150,121.0,68.0,11.8,50.82,37.79,0,89.83,53.03,0.99,0.1025372543980257,31.74,89.56,4.0,89.36,4.11,89.46,4.05,POS+CHROM,36.807,1354.735,-36.807,0.272,0.0741,-0.272,0.478,0.2288,-0.478,0.376,0.1415,-0.376
3520,after,3520_after_clip_0000,ok,150,125.0,71.0,11.8,27.34,65.86,0,105.41,53.7,1.19,-0.1377486324421686,33.04,109.96,-4.19,108.36,-4.05,109.15,-4.12,POS+CHROM,51.705,2673.43,-51.705,4.553,20.7334,4.553,2.954,8.7269,2.954,3.744,14.0195,3.744
3520,after,3520_after_clip_0001,ok,150,125.0,71.0,11.8,50.41,48.3,0,104.06,53.7,1.13,0.055382477109754705,32.68,98.92,-3.63,102.29,-5.75,100.31,-4.69,POS+CHROM,50.359,2536.0598,-50.359,5.137,26.3923,-5.137,1.772,3.1397,-1.772,3.75,14.0599,-3.75
3520,after,3520_after_clip_0002,ok,150,125.0,71.0,11.8,16.32,82.48,0,79.96,53.58,1.16,-0.33854962838514296,32.98,102.89,0.24,98.44,2.58,100.24,1.41,POS+CHROM,26.387,696.2913,-26.387,22.922,525.4291,22.922,18.48,341.5276,18.48,20.273,410.9932,20.273
3520,before,3520_before_clip_0000,ok,150,115.0,59.0,11.8,1.85,97.14,0,62.15,53.66,1.2,-0.019154286917191905,32.17,77.71,-1.93,77.83,1.09,77.78,-0.42,POS+CHROM,8.495,72.1609,-8.495,15.553,241.9063,15.553,15.677,245.7596,15.677,15.63,244.3033,15.63
3520,before,3520_before_clip_0001,ok,150,115.0,59.0,11.8,4.99,94.04,0,103.92,53.76,1.23,0.03631593064905247,31.71,67.77,1.11,67.32,1.45,67.54,1.28,POS+CHROM,50.157,2515.6858,-50.157,36.146,1306.5328,-36.146,36.603,1339.7722,-36.603,36.381,1323.573,-36.381
3520,before,3520_before_clip_0002,ok,150,115.0,59.0,11.8,2.31,96.68,0,108.08,53.59,1.25,-0.0033780329550258765,32.83,63.81,3.65,53.19,1.96,53.38,1.61,CHROM+DEEP,54.495,2969.7385,-54.495,44.27,1959.8672,-44.27,54.896,3013.5492,-54.896,54.707,2992.9018,-54.707
3523,after,3523_after_clip_0000,ok,150,120.0,70.0,13.5,45.41,44.96,0,67.64,54.21,1.03,0.03341954923449885,33.78,58.57,-1.42,59.24,-1.06,56.93,-0.48,POS+CHROM+DEEP,13.434,180.4738,-13.434,9.071,82.2765,-9.071,8.406,70.6546,-8.406,10.713,114.7616,-10.713
3523,after,3523_after_clip_0001,ok,150,120.0,70.0,13.5,22.75,75.35,0,106.19,54.2,1.08,-0.3118457574147423,33.48,66.76,1.3,65.31,3.37,65.91,2.33,POS+CHROM,51.99,2702.9304,-51.99,39.43,1554.695,-39.43,40.884,1671.54,-40.884,40.281,1622.5639,-40.281
3523,after,3523_after_clip_0002,ok,150,120.0,70.0,13.5,45.36,50.83,0,88.12,54.07,0.96,0.09717357029088511,33.59,74.42,-2.37,64.54,0.27,62.59,-0.38,POS+CHROM+DEEP,34.046,1159.1641,-34.046,13.697,187.5997,-13.697,23.582,556.0942,-23.582,25.527,651.6161,-25.527
3523,before,3523_before_clip_0000,ok,150,106.0,58.0,13.5,22.71,74.69,0,105.9,54.17,1.04,0.018971090841348397,33.67,69.56,5.19,65.05,2.51,67.8,3.85,POS+CHROM,51.73,2676.0192,-51.73,36.337,1320.368,-36.337,40.842,1668.0878,-40.842,38.095,1451.2387,-38.095
3523,before,3523_before_clip_0001,ok,150,106.0,58.0,13.5,4.94,90.92,0,114.89,54.21,1.05,-0.036420917204206475,33.67,74.76,2.63,76.21,1.11,75.4,1.87,POS+CHROM,60.679,3681.9196,-60.679,40.124,1609.9737,-40.124,38.673,1495.6351,-38.673,39.49,1559.4715,-39.49
3523,before,3523_before_clip_0002,ok,150,106.0,58.0,13.5,19.39,72.28,0,110.84,54.11,0.97,0.09878641786904295,33.73,72.04,4.69,73.2,4.31,72.6,4.5,POS+CHROM,56.727,3217.9029,-56.727,38.795,1505.0814,-38.795,37.643,1416.9656,-37.643,38.237,1462.0986,-38.237
3524,after,3524_after_clip_0000,ok,150,116.0,69.0,16.2,21.91,40.98,0,81.91,54.04,1.08,-0.17305395315754127,33.24,103.44,-2.83,104.54,-1.9,104.03,-2.36,POS+CHROM,27.864,776.3812,-27.864,21.534,463.7134,21.534,22.633,512.2442,22.633,22.126,489.5613,22.126
3524,after,3524_after_clip_0001,ok,150,116.0,69.0,16.2,63.5,20.52,1,116.29,54.57,1.27,-0.17473830044744718,36.6,58.74,0.25,58.33,-1.39,56.96,0.04,POS+CHROM+DEEP,61.717,3809.0214,-61.717,57.55,3312.05,-57.55,57.964,3359.8577,-57.964,59.334,3520.4892,-59.334
3524,after,3524_after_clip_0002,ok,150,116.0,69.0,16.2,53.95,32.16,0,113.65,54.61,1.53,0.164811084009869,32.73,93.74,0.87,94.78,1.39,94.28,1.13,POS+CHROM,59.04,3485.7669,-59.04,19.918,396.7321,-19.918,18.874,356.2273,-18.874,19.373,375.3301,-19.373
3524,before,3524_before_clip_0000,ok,150,102.0,69.0,16.2,4.52,88.64,0,57.71,54.3,1.28,-0.005863971297068645,33.38,73.39,-2.17,73.44,-0.58,73.42,-1.37,POS+CHROM,3.413,11.6488,-3.413,15.677,245.7733,15.677,15.73,247.4467,15.73,15.707,246.7197,15.707
3524,before,3524_before_clip_0001,ok,150,102.0,69.0,16.2,6.3,92.81,0,104.32,54.35,1.29,-0.060561110365119235,33.35,122.96,-2.43,127.64,-1.39,125.5,-1.91,POS+CHROM,49.973,2497.2574,-49.973,18.644,347.595,18.644,23.318,543.7489,23.318,21.183,448.7152,21.183
3524,before,3524_before_clip_0002,ok,150,102.0,69.0,16.2,7.06,89.84,0,118.7,54.33,1.29,-0.01991824809901239,33.35,85.12,-2.27,116.46,-3.6,76.65,-1.53,POS+CHROM+DEEP,64.365,4142.859,-64.365,33.581,1127.6591,-33.581,2.241,5.0199,-2.241,42.048,1768.0267,-42.048
3526,after,3526_after_clip_0000,ok,150,141.0,69.0,16.1,10.31,82.23,0,78.17,54.33,1.14,-0.04265500899930003,33.96,107.33,-2.2,125.03,-1.34,88.85,-0.8,POS+CHROM+DEEP,23.848,568.716,-23.848,29.152,849.8316,29.152,46.859,2195.7475,46.859,10.676,113.9821,10.676
3526,after,3526_after_clip_0001,ok,150,141.0,69.0,16.1,4.8,86.86,0,114.0,54.33,1.2,0.06691706352700987,33.94,85.72,1.17,85.3,2.15,85.49,1.66,POS+CHROM,59.67,3560.4628,-59.67,28.283,799.9116,-28.283,28.709,824.1842,-28.709,28.513,812.9853,-28.513
3526,after,3526_after_clip_0002,ok,150,141.0,69.0,16.1,53.27,39.28,0,91.74,54.37,1.31,0.009611620548897781,33.92,84.05,0.89,83.31,0.13,83.71,0.51,POS+CHROM,37.363,1396.0233,-37.363,7.681,58.9901,-7.681,8.422,70.935,-8.422,8.028,64.4447,-8.028
3526,before,3526_before_clip_0000,ok,150,113.0,69.0,16.1,29.05,65.63,0,114.95,54.31,1.21,-0.08065865777982976,33.91,73.49,0.24,73.65,-1.19,73.56,-0.47,POS+CHROM,60.64,3677.2014,-60.64,41.453,1718.355,-41.453,41.301,1705.7424,-41.301,41.386,1712.7891,-41.386
3526,before,3526_before_clip_0001,ok,150,113.0,69.0,16.1,6.83,82.79,0,104.75,54.12,1.14,0.1690522796936599,33.99,100.87,0.7,100.76,0.92,100.82,0.81,POS+CHROM,50.631,2563.5312,-50.631,3.884,15.0883,-3.884,3.988,15.9021,-3.988,3.937,15.5,-3.937
3526,before,3526_before_clip_0002,ok,150,113.0,69.0,16.1,39.38,43.33,0,66.64,54.15,1.1,-0.037473453563382685,33.22,83.17,-3.53,58.8,-2.6,55.78,-0.75,CHROM+DEEP,12.494,156.1059,-12.494,16.525,273.0837,16.525,7.841,61.4765,-7.841,10.862,117.9865,-10.862
3529,after,3529_after_clip_0000,ok,150,114.0,78.0,12.5,5.03,90.58,0,78.6,54.02,1.15,-0.006087859180640717,32.92,64.44,1.04,61.18,0.12,59.78,0.77,POS+CHROM+DEEP,24.587,604.5317,-24.587,14.165,200.6503,-14.165,17.427,303.6833,-17.427,18.828,354.4804,-18.828
3529,after,3529_after_clip_0001,ok,150,114.0,78.0,12.5,15.54,80.23,0,65.47,53.93,1.13,-0.028904194930440465,33.3,63.33,-0.83,65.5,-1.17,64.38,-1.0,POS+CHROM,11.544,133.2592,-11.544,2.144,4.5978,-2.144,0.026,0.0007,0.026,1.09,1.1879,-1.09
3529,after,3529_after_clip_0002,ok,150,114.0,78.0,12.5,9.22,85.24,0,69.02,53.95,1.12,-0.019511274482824494,32.92,60.64,4.7,59.0,3.56,58.52,3.13,POS+CHROM+DEEP,15.064,226.9347,-15.064,8.374,70.1249,-8.374,10.016,100.3227,-10.016,10.495,110.1497,-10.495
3529,before,3529_before_clip_0000,ok,150,127.0,77.0,12.5,1.18,98.19,0,58.24,53.91,0.96,0.06322782588267173,34.04,71.09,3.24,103.38,-5.6,68.81,-0.46,POS+CHROM+DEEP,4.336,18.7972,-4.336,12.848,165.0631,12.848,45.136,2037.228,45.136,10.571,111.7469,10.571
3529,before,3529_before_clip_0001,ok,150,127.0,77.0,12.5,18.0,57.75,0,64.98,54.02,1.13,-0.04280590005225812,33.98,71.55,3.66,72.76,1.95,72.07,2.81,POS+CHROM,10.96,120.1116,-10.96,6.566,43.1089,6.566,7.781,60.5393,7.781,7.087,50.2287,7.087
3529,before,3529_before_clip_0002,ok,150,127.0,77.0,12.5,2.15,95.35,0,94.53,53.98,1.11,-0.046923942301743043,33.61,67.78,2.72,65.89,2.49,66.86,2.61,POS+CHROM,40.549,1644.2428,-40.549,26.751,715.6176,-26.751,28.638,820.1112,-28.638,27.676,765.9734,-27.676
3533,after,3533_after_clip_0000,ok,150,168.0,92.0,16.2,6.3,83.11,0,97.68,54.13,1.07,0.011248191035977729,33.69,71.57,4.42,68.55,2.43,70.31,3.42,POS+CHROM,43.548,1896.4388,-43.548,26.109,681.7016,-26.109,29.124,848.2139,-29.124,27.37,749.0946,-27.37
3533,after,3533_after_clip_0001,ok,150,168.0,92.0,16.2,2.81,94.55,0,68.78,54.04,1.04,-0.0018094752350986463,33.73,76.3,2.72,77.22,-0.11,76.65,1.3,POS+CHROM,14.739,217.2466,-14.739,7.517,56.4981,7.517,8.439,71.2134,8.439,7.871,61.9485,7.871
3533,after,3533_after_clip_0002,ok,150,168.0,92.0,16.2,1.4,92.28,0,55.74,54.13,1.08,0.02752505921005956,33.37,69.26,1.8,65.84,1.23,67.63,1.52,POS+CHROM,1.615,2.6076,-1.615,13.518,182.7472,13.518,10.099,101.9876,10.099,11.889,141.3535,11.889
3533,before,3533_before_clip_0000,ok,150,135.0,80.0,16.2,1.6,96.78,0,85.07,54.05,1.1,0.005184186035421329,34.2,67.41,2.98,63.02,1.71,65.45,2.35,POS+CHROM,31.02,962.2517,-31.02,17.656,311.722,-17.656,22.045,485.9621,-22.045,19.62,384.9464,-19.62
3533,before,3533_before_clip_0001,ok,150,135.0,80.0,16.2,0.86,96.81,0,79.75,54.1,1.08,-0.006690957127057709,33.04,70.35,4.29,69.63,3.32,70.02,3.81,POS+CHROM,25.652,658.0274,-25.652,9.402,88.4028,-9.402,10.12,102.4138,-10.12,9.732,94.7102,-9.732
3533,before,3533_before_clip_0002,ok,150,135.0,80.0,16.2,2.06,96.76,0,93.99,53.91,0.91,-0.008795790914902953,34.18,71.55,2.94,73.73,1.3,72.49,2.12,POS+CHROM,40.081,1606.5161,-40.081,22.444,503.7549,-22.444,20.263,410.5787,-20.263,21.502,462.3395,-21.502
3554,after,3554_after_clip_0000,ok,150,130.0,80.0,12.2,32.59,41.49,0,78.75,53.94,1.13,0.10027204090078805,33.26,111.68,0.05,61.14,0.33,57.3,0.73,CHROM+DEEP,24.812,615.6348,-24.812,32.931,1084.4744,32.931,17.606,309.9663,-17.606,21.449,460.0684,-21.449
3554,after,3554_after_clip_0001,ok,150,130.0,80.0,12.2,53.7,8.65,1,96.23,53.83,0.88,-0.03592921435859755,33.3,112.19,1.52,111.86,-1.38,112.06,0.07,POS+CHROM,42.398,1797.6241,-42.398,15.96,254.7256,15.96,15.633,244.3995,15.633,15.835,250.7615,15.835
3554,after,3554_after_clip_0002,ok,150,130.0,80.0,12.2,41.95,32.05,0,83.16,53.96,1.09,-0.10840171772971005,32.88,123.41,-2.65,120.28,-0.88,121.62,-1.76,POS+CHROM,29.199,852.6025,-29.199,40.253,1620.2861,40.253,37.125,1378.2545,37.125,38.46,1479.1603,38.46
3554,before,3554_before_clip_0000,ok,150,108.0,74.0,12.2,38.47,58.61,0,122.79,53.92,1.07,0.37173134977186906,33.4,94.15,2.37,94.16,1.66,94.16,2.01,POS+CHROM,68.865,4742.3294,-68.865,28.636,820.0491,-28.636,28.629,819.6116,-28.629,28.633,819.8431,-28.633
3554,before,3554_before_clip_0001,ok,150,108.0,74.0,12.2,64.87,31.73,0,80.96,53.94,1.05,-0.0755828903907669,33.4,96.11,4.32,96.38,0.68,96.2,2.5,POS+CHROM,27.024,730.3212,-27.024,15.144,229.3296,15.144,15.419,237.7421,15.419,15.241,232.2809,15.241
3554,before,3554_before_clip_0002,ok,150,108.0,74.0,12.2,60.72,22.31,1,84.83,53.92,0.88,-0.14450370873257815,33.39,93.52,2.96,94.18,-1.97,93.72,0.5,POS+CHROM,30.91,955.4477,-30.91,8.696,75.6123,8.696,9.354,87.4915,9.354,8.897,79.1503,8.897
3557,after,3557_after_clip_0000,ok,150,124.0,81.0,9.5,25.23,72.2,0,120.43,54.22,1.05,0.08589123399516378,34.35,89.31,-2.54,85.68,0.57,87.04,-0.99,POS+CHROM,66.212,4384.0446,-66.212,31.116,968.2049,-31.116,34.75,1207.5501,-34.75,33.393,1115.0696,-33.393
3557,after,3557_after_clip_0001,ok,150,124.0,81.0,9.5,4.02,95.18,0,84.3,54.21,1.06,0.045846030228408545,34.04,59.58,0.89,59.71,2.36,57.96,1.44,POS+CHROM+DEEP,30.084,905.043,-30.084,24.719,611.0532,-24.719,24.589,604.626,-24.589,26.338,693.6774,-26.338
3557,after,3557_after_clip_0002,ok,150,124.0,81.0,9.5,14.16,84.77,0,132.19,54.05,1.08,-0.0385955023428095,33.64,72.68,0.32,69.39,-1.73,71.32,-0.7,POS+CHROM,78.137,6105.3883,-78.137,59.506,3540.9129,-59.506,62.796,3943.3965,-62.796,60.872,3705.4443,-60.872
3557,before,3557_before_clip_0000,ok,150,124.0,82.0,9.5,12.04,81.0,0,116.02,53.73,0.94,-0.05771439760343101,36.83,54.5,-0.97,53.97,-0.26,54.03,-0.1,POS+CHROM+DEEP,62.286,3879.5362,-62.286,61.521,3784.8777,-61.521,62.051,3850.3732,-62.051,61.992,3843.0381,-61.992
3557,before,3557_before_clip_0001,ok,150,124.0,82.0,9.5,3.73,96.03,0,72.69,54.14,1.12,-0.1144955613133355,33.37,72.68,1.39,73.39,0.59,73.01,0.99,POS+CHROM,18.552,344.1815,-18.552,0.014,0.0002,-0.014,0.697,0.4864,0.697,0.318,0.1008,0.318
3557,before,3557_before_clip_0002,ok,150,124.0,82.0,9.5,11.49,87.0,0,84.84,54.04,1.06,-0.012299092255044875,33.75,130.86,-5.13,132.18,-4.97,131.53,-5.05,POS+CHROM,30.796,948.3792,-30.796,46.027,2118.4885,46.027,47.342,2241.296,47.342,46.694,2180.2909,46.694
3571,after,3571_after_clip_0000,ok,150,136.0,84.0,14.4,43.74,51.4,0,68.12,53.8,1.11,-0.04126247058252832,33.1,103.47,-3.84,105.22,-4.1,104.32,-3.97,POS+CHROM,14.319,205.0404,-14.319,35.345,1249.2806,35.345,37.099,1376.3615,37.099,36.203,1310.6693,36.203
3571,after,3571_after_clip_0001,ok,150,136.0,84.0,14.4,22.14,77.16,0,73.16,53.85,1.13,-0.061737752340810935,33.08,57.05,3.18,59.49,3.2,57.11,2.5,POS+CHROM+DEEP,19.306,372.7129,-19.306,16.113,259.6182,-16.113,13.671,186.8905,-13.671,16.045,257.4393,-16.045
3571,after,3571_after_clip_0002,ok,150,136.0,84.0,14.4,51.95,37.46,0,110.98,53.79,1.08,-0.2140696563275247,33.09,119.99,-3.06,119.57,-0.29,119.73,-1.68,POS+CHROM,57.184,3270.0667,-57.184,9.014,81.2478,9.014,8.598,73.9226,8.598,8.759,76.714,8.759
3571,before,3571_before_clip_0000,ok,150,127.0,78.0,14.4,13.32,86.41,0,128.03,53.89,1.12,-0.0300267445730036,32.93,99.1,-0.92,97.94,-0.87,98.52,-0.9,POS+CHROM,74.14,5496.7268,-74.14,28.926,836.6848,-28.926,30.094,905.6772,-30.094,29.513,871.0086,-29.513
3571,before,3571_before_clip_0001,ok,150,127.0,78.0,14.4,4.59,92.6,0,122.75,53.96,1.31,-0.06505490448676517,32.94,76.66,-1.76,65.0,-1.76,63.16,-0.74,POS+CHROM+DEEP,68.791,4732.2026,-68.791,46.095,2124.7789,-46.095,57.753,3335.3593,-57.753,59.59,3551.0195,-59.59
3571,before,3571_before_clip_0002,ok,150,127.0,78.0,14.4,2.73,96.86,0,103.78,53.91,1.15,-0.15482867152120178,32.94,72.65,1.15,72.37,0.95,72.51,1.05,POS+CHROM,49.873,2487.2782,-49.873,31.128,968.9533,-31.128,31.408,986.4885,-31.408,31.266,977.5553,-31.266
3581,after,3581_after_clip_0000,ok,150,118.0,70.0,12.1,1.35,92.66,0,88.77,54.15,1.05,-0.01160632509619236,33.52,134.09,-1.28,64.14,-1.2,79.97,-0.48,POS+CHROM+DEEP,34.621,1198.6325,-34.621,45.318,2053.725,45.318,24.634,606.8169,-24.634,8.795,77.3528,-8.795
3581,after,3581_after_clip_0001,ok,150,118.0,70.0,12.1,1.56,91.62,0,95.77,54.56,1.09,-0.012593580284861237,36.68,62.36,-1.55,62.0,-0.96,58.94,-0.47,POS+CHROM+DEEP,41.206,1697.9653,-41.206,33.41,1116.2589,-33.41,33.766,1140.1761,-33.766,36.829,1356.3423,-36.829
3581,after,3581_after_clip_0002,ok,150,118.0,70.0,12.1,1.15,90.23,0,77.43,54.23,1.18,0.019888618361079698,32.83,60.47,0.57,58.35,1.75,57.61,1.17,POS+CHROM+DEEP,23.2,538.2301,-23.2,16.956,287.5174,-16.956,19.08,364.0404,-19.08,19.813,392.5501,-19.813
3581,before,3581_before_clip_0000,ok,150,120.0,84.0,12.1,3.52,80.29,0,89.77,54.01,1.09,-0.03779575610677184,33.56,72.49,-0.56,73.35,-1.22,72.9,-0.89,POS+CHROM,35.754,1278.3487,-35.754,17.278,298.5344,-17.278,16.419,269.5923,-16.419,16.872,284.6767,-16.872
3581,before,3581_before_clip_0001,ok,150,120.0,84.0,12.1,4.29,88.64,0,68.91,54.41,1.23,0.017859671561262083,33.25,105.92,-0.68,103.1,-4.33,104.93,-2.51,POS+CHROM,14.501,210.2745,-14.501,37.014,1370.0004,37.014,34.19,1168.9394,34.19,36.019,1297.3885,36.019
3581,before,3581_before_clip_0002,ok,150,120.0,84.0,12.1,3.78,86.26,0,75.03,53.71,0.77,0.004418742661546803,33.45,111.88,-0.69,65.82,-0.37,75.01,-0.1,POS+CHROM+DEEP,21.325,454.7635,-21.325,36.849,1357.8625,36.849,9.215,84.9121,-9.215,0.021,0.0004,-0.021
3593,after,3593_after_clip_0000,ok,150,126.0,85.0,11.4,14.14,83.5,0,104.03,54.07,0.99,0.05454781460278816,34.44,68.19,-3.16,66.0,-0.12,66.83,-1.64,POS+CHROM,49.957,2495.7154,-49.957,35.837,1284.2776,-35.837,38.025,1445.8629,-38.025,37.202,1384.0184,-37.202
3593,after,3593_after_clip_0001,ok,150,126.0,85.0,11.4,17.85,73.45,0,72.27,54.16,0.96,0.10319970711020673,34.44,75.87,0.5,76.99,-0.5,76.38,0.0,POS+CHROM,18.113,328.0676,-18.113,3.593,12.913,3.593,4.719,22.2708,4.719,4.11,16.8898,4.11
3593,after,3593_after_clip_0002,ok,150,126.0,85.0,11.4,42.02,36.44,0,95.27,54.32,0.96,0.0451506194939319,34.43,78.28,3.23,79.2,1.93,78.69,2.58,POS+CHROM,40.952,1677.0826,-40.952,16.993,288.7488,-16.993,16.072,258.3095,-16.072,16.582,274.9534,-16.582
3593,before,3593_before_clip_0000,ok,150,107.0,71.0,11.4,6.51,90.89,0,97.12,54.3,1.13,0.0014964986691504358,34.01,96.08,-0.38,94.42,-1.03,95.29,-0.71,POS+CHROM,42.817,1833.2781,-42.817,1.039,1.0791,-1.039,2.699,7.286,-2.699,1.824,3.3271,-1.824
3593,before,3593_before_clip_0001,ok,150,107.0,71.0,11.4,5.39,91.75,0,69.21,54.17,1.17,0.04393775208412209,33.23,97.45,3.37,99.33,3.32,98.39,3.34,POS+CHROM,15.034,226.0266,-15.034,28.245,797.7525,28.245,30.12,907.1994,30.12,29.179,851.4032,29.179
3593,before,3593_before_clip_0002,ok,150,107.0,71.0,11.4,8.68,87.8,0,116.75,54.29,1.18,0.09124810947972684,33.21,85.45,1.51,84.02,2.09,84.7,1.8,POS+CHROM,62.459,3901.1349,-62.459,31.295,979.4053,-31.295,32.731,1071.3235,-32.731,32.048,1027.0519,-32.048
3600,after,3600_after_clip_0000,ok,150,129.0,76.0,13.2,1.56,97.95,0,106.87,53.87,1.32,0.032944313052165046,32.62,94.26,-3.74,73.58,3.12,69.7,0.24,POS+CHROM+DEEP,53.0,2809.0419,-53.0,12.602,158.8085,-12.602,33.282,1107.6846,-33.282,37.169,1381.5378,-37.169
3600,after,3600_after_clip_0001,ok,150,129.0,76.0,13.2,8.66,90.41,0,100.57,54.0,1.32,0.1722382169274481,31.58,117.13,-2.03,76.93,3.5,76.96,0.93,POS+CHROM+DEEP,46.57,2168.7263,-46.57,16.562,274.2893,16.562,23.636,558.6631,-23.636,23.606,557.2553,-23.606
3600,after,3600_after_clip_0002,ok,150,129.0,76.0,13.2,18.32,80.3,0,107.63,53.76,1.05,-0.0503766681268253,36.56,99.4,-0.48,88.75,0.93,79.05,0.5,POS+CHROM+DEEP,53.871,2902.0995,-53.871,8.228,67.707,-8.228,18.878,356.3893,-18.878,28.58,816.806,-28.58
3600,before,3600_before_clip_0000,ok,150,110.0,69.0,13.2,1.64,98.08,0,99.35,53.93,1.1,0.03153473420839967,35.96,61.25,0.98,59.39,-1.5,58.0,0.19,POS+CHROM+DEEP,45.419,2062.9005,-45.419,38.103,1451.8303,-38.103,39.964,1597.1061,-39.964,41.347,1709.5887,-41.347
3600,before,3600_before_clip_0001,ok,150,110.0,69.0,13.2,3.17,95.97,0,98.88,53.81,0.98,0.07221954354851974,31.64,59.71,-1.14,113.68,-3.53,56.24,-0.08,POS+DEEP,45.077,2031.9078,-45.077,39.173,1534.5416,-39.173,14.798,218.9915,14.798,42.641,1818.2875,-42.641
3600,before,3600_before_clip_0002,ok,150,110.0,69.0,13.2,11.57,87.37,0,68.84,53.2,0.55,0.005060414809555312,32.85,118.54,-1.53,138.49,-3.07,94.37,-1.35,POS+CHROM+DEEP,15.639,244.5827,-15.639,49.702,2470.2898,49.702,69.65,4851.0658,69.65,25.537,652.1547,25.537
3625,after,3625_after_clip_0000,ok,150,124.0,82.0,9.7,44.56,40.72,0,68.71,53.64,1.29,0.07016546628154545,31.32,144.04,-3.78,143.15,-2.71,143.56,-3.24,POS+CHROM,15.075,227.2556,-15.075,75.33,5674.5652,75.33,74.442,5541.5735,74.442,74.846,5601.9512,74.846
3625,after,3625_after_clip_0001,ok,150,124.0,82.0,9.7,59.56,37.16,0,98.65,53.57,1.27,0.24551793676255732,31.68,76.96,-0.22,71.76,-2.57,74.86,-1.39,POS+CHROM,45.084,2032.5481,-45.084,21.695,470.6664,-21.695,26.893,723.2598,-26.893,23.791,566.0351,-23.791
3625,after,3625_after_clip_0002,ok,150,124.0,82.0,9.7,56.86,29.88,1,103.97,53.68,1.31,-0.19351512548776129,32.05,98.41,0.09,85.64,-0.19,77.35,0.4,POS+CHROM+DEEP,50.286,2528.7014,-50.286,5.554,30.8505,-5.554,18.327,335.8737,-18.327,26.62,708.6278,-26.62
3625,before,3625_before_clip_0000,ok,150,115.0,81.0,9.7,5.91,79.08,0,120.37,53.24,1.47,0.13294958754603242,30.73,100.89,2.0,61.01,-0.05,56.64,0.71,CHROM+DEEP,67.135,4507.0924,-67.135,19.478,379.4065,-19.478,59.362,3523.8733,-59.362,63.738,4062.5192,-63.738
3625,before,3625_before_clip_0001,ok,150,115.0,81.0,9.7,10.13,80.99,0,68.05,53.39,1.43,0.20712027946798295,30.73,101.49,-2.25,101.62,-2.19,101.55,-2.22,POS+CHROM,14.661,214.9472,-14.661,33.437,1118.0504,33.437,33.563,1126.4809,33.563,33.5,1122.2816,33.5
3625,before,3625_before_clip_0002,ok,150,115.0,81.0,9.7,32.84,57.85,0,69.08,53.46,1.45,0.060762860828202495,30.66,79.4,3.18,78.05,3.49,78.7,3.34,POS+CHROM,15.618,243.9227,-15.618,10.314,106.3786,10.314,8.965,80.377,8.965,9.622,92.5821,9.622
3636,after,3636_after_clip_0000,ok,150,143.0,75.0,16.2,16.33,79.67,0,130.88,54.14,1.04,0.12262759788618538,33.48,125.16,-3.56,122.67,-0.7,123.62,-2.13,POS+CHROM,76.738,5888.6942,-76.738,5.718,32.6935,-5.718,8.216,67.5046,-8.216,7.259,52.6903,-7.259
3636,after,3636_after_clip_0001,ok,150,143.0,75.0,16.2,33.0,56.14,0,127.79,54.25,1.06,-0.051043641427520416,33.41,130.19,-1.53,129.51,-2.05,129.86,-1.79,POS+CHROM,73.539,5408.051,-73.539,2.398,5.752,2.398,1.72,2.9584,1.72,2.074,4.3011,2.074
3636,after,3636_after_clip_0002,ok,150,143.0,75.0,16.2,38.38,13.73,0,79.09,54.14,1.08,0.1269645591200476,33.46,63.06,0.77,58.56,1.19,58.51,1.02,POS+CHROM+DEEP,24.958,622.9062,-24.958,16.037,257.191,-16.037,20.531,421.5172,-20.531,20.585,423.7417,-20.585
3636,before,3636_before_clip_0000,ok,150,128.0,72.0,16.2,45.13,44.01,0,93.6,54.04,1.06,-0.0770202637011707,33.57,100.35,1.59,103.38,-1.61,101.47,-0.01,POS+CHROM,39.56,1565.006,-39.56,6.752,45.5896,6.752,9.785,95.7504,9.785,7.873,61.9906,7.873
3636,before,3636_before_clip_0001,ok,150,128.0,72.0,16.2,24.61,16.54,0,95.57,54.11,1.05,-0.1753143264507226,33.54,106.54,1.87,108.74,-0.37,107.44,0.75,POS+CHROM,41.463,1719.1538,-41.463,10.972,120.3768,10.972,13.172,173.5115,13.172,11.869,140.8823,11.869
3636,before,3636_before_clip_0002,ok,150,128.0,72.0,16.2,58.66,29.01,1,103.43,54.21,1.06,-0.20715060459242712,33.51,96.27,0.85,111.55,-3.35,82.06,-0.48,POS+CHROM+DEEP,49.215,2422.0856,-49.215,7.162,51.2904,-7.162,8.125,66.0181,8.125,21.366,456.5219,-21.366
3656,after,3656_after_clip_0000,ok,150,123.0,76.0,11.7,58.51,32.02,0,116.98,53.67,1.08,0.06467348578463225,32.57,113.58,1.39,110.48,-4.28,112.71,-1.45,POS+CHROM,63.312,4008.4262,-63.312,3.403,11.5811,-3.403,6.504,42.2968,-6.504,4.271,18.2388,-4.271
3656,after,3656_after_clip_0001,ok,150,123.0,76.0,11.7,34.37,62.19,0,95.81,53.74,1.07,0.2585890961229967,32.56,106.34,-1.16,63.94,-1.85,72.2,-0.65,POS+CHROM+DEEP,42.06,1769.08,-42.06,10.534,110.9626,10.534,31.87,1015.6751,-31.87,23.602,557.0455,-23.602
3656,after,3656_after_clip_0002,ok,150,123.0,76.0,11.7,55.37,37.02,0,101.2,53.51,1.12,0.31182736577919556,32.79,70.69,0.57,102.06,-6.35,66.99,-1.55,POS+CHROM+DEEP,47.696,2274.8949,-47.696,30.51,930.8317,-30.51,0.857,0.7341,0.857,34.212,1170.433,-34.212
3656,before,3656_before_clip_0000,ok,150,124.0,76.0,11.7,30.78,67.12,0,104.99,53.57,1.18,-0.08882338562350174,31.92,81.32,-1.1,82.75,3.01,82.27,0.96,POS+CHROM,51.42,2643.993,-51.42,23.673,560.4172,-23.673,22.246,494.8684,-22.246,22.724,516.3802,-22.724
3656,before,3656_before_clip_0001,ok,150,124.0,76.0,11.7,20.73,76.69,0,100.22,53.48,1.02,-0.0002601842697091692,32.62,99.8,1.44,99.5,-1.17,99.68,0.13,POS+CHROM,46.748,2185.3907,-46.748,0.425,0.1808,-0.425,0.727,0.5281,-0.727,0.544,0.2956,-0.544
3656,before,3656_before_clip_0002,ok,150,124.0,76.0,11.7,31.19,62.37,0,103.09,53.49,1.21,0.09834959524906114,31.5,110.04,-1.6,59.62,-2.43,55.65,-0.61,CHROM+DEEP,49.593,2459.4495,-49.593,6.952,48.3245,6.952,43.472,1889.8427,-43.472,47.433,2249.8794,-47.433
3658,after,3658_after_clip_0000,ok,150,117.0,74.0,13.8,62.59,31.88,0,108.98,53.75,1.17,-0.0667924033283999,32.59,106.86,-1.11,106.61,1.99,106.7,0.44,POS+CHROM,55.23,3050.3794,-55.23,2.123,4.5086,-2.123,2.371,5.6225,-2.371,2.279,5.1919,-2.279
3658,after,3658_after_clip_0001,ok,150,117.0,74.0,13.8,44.27,34.6,0,115.24,53.69,1.18,0.08283187819706699,31.8,110.44,-2.71,75.49,-0.25,73.97,-0.59,POS+CHROM+DEEP,61.548,3788.1594,-61.548,4.796,23.0024,-4.796,39.749,1579.9985,-39.749,41.269,1703.0931,-41.269
3658,after,3658_after_clip_0002,ok,150,117.0,74.0,13.8,66.5,24.32,1,105.54,53.84,1.18,-0.01489413616392897,32.92,60.66,1.17,102.93,-4.89,57.24,1.17,POS+DEEP,51.704,2673.2988,-51.704,44.881,2014.2694,-44.881,2.606,6.7893,-2.606,48.296,2332.5009,-48.296
3658,before,3658_before_clip_0000,ok,150,96.0,68.0,13.8,48.71,33.36,0,119.54,53.73,1.22,-0.04363612886307619,32.13,63.92,0.08,61.97,-0.31,62.98,-0.12,POS+CHROM,65.803,4329.9773,-65.803,55.617,3093.2041,-55.617,57.569,3314.2081,-57.569,56.561,3199.1519,-56.561
3658,before,3658_before_clip_0001,ok,150,96.0,68.0,13.8,46.77,23.38,0,125.96,53.7,1.16,0.10409022625762698,31.72,61.7,2.35,62.84,3.08,62.31,2.72,POS+CHROM,72.261,5221.6673,-72.261,64.255,4128.7303,-64.255,63.119,3984.0138,-63.119,63.652,4051.6143,-63.652
3658,before,3658_before_clip_0002,ok,150,96.0,68.0,13.8,45.99,30.11,0,110.1,53.68,1.18,-0.06652545336455619,32.08,60.06,-0.44,60.04,0.06,57.59,0.27,POS+CHROM+DEEP,56.424,3183.6647,-56.424,50.042,2504.2338,-50.042,50.064,2506.3815,-50.064,52.511,2757.4558,-52.511
3682,after,3682_after_clip_0000,ok,150,98.0,53.0,14.3,12.97,84.36,0,108.47,53.85,1.06,0.02010086486188438,32.57,76.37,0.03,75.51,-0.77,75.97,-0.37,POS+CHROM,54.615,2982.7985,-54.615,32.101,1030.4495,-32.101,32.954,1085.9475,-32.954,32.499,1056.1735,-32.499
3682,after,3682_after_clip_0001,ok,150,98.0,53.0,14.3,11.8,80.71,0,107.05,53.94,1.24,0.020150999104801927,32.97,75.87,1.37,72.78,1.7,74.28,1.54,POS+CHROM,53.106,2820.2134,-53.106,31.176,971.9652,-31.176,34.267,1174.2501,-34.267,32.765,1073.5297,-32.765
3682,after,3682_after_clip_0002,ok,150,98.0,53.0,14.3,18.47,73.62,0,94.24,54.05,1.24,0.09576974297870176,32.99,106.68,-2.26,71.1,1.34,72.19,0.11,POS+CHROM+DEEP,40.192,1615.4334,-40.192,12.434,154.6112,12.434,23.146,535.7197,-23.146,22.052,486.3021,-22.052
3682,before,3682_before_clip_0000,ok,150,108.0,86.0,14.3,12.22,86.05,0,104.34,54.07,1.18,-0.0849362455862993,33.31,72.21,-0.45,62.51,1.33,62.14,0.69,POS+CHROM+DEEP,50.271,2527.1267,-50.271,32.128,1032.1854,-32.128,41.827,1749.5228,-41.827,42.204,1781.1502,-42.204
3682,before,3682_before_clip_0001,ok,150,108.0,86.0,14.3,12.34,84.61,0,106.18,54.12,1.17,-0.0035134391844814893,33.35,63.7,0.23,94.83,-3.21,66.02,-0.6,POS+CHROM+DEEP,52.053,2709.5611,-52.053,42.472,1803.8359,-42.472,11.342,128.6513,-11.342,40.151,1612.0918,-40.151
3682,before,3682_before_clip_0002,ok,150,108.0,86.0,14.3,44.02,24.9,0,62.63,54.04,1.18,0.34741229483440456,33.3,55.4,0.01,86.58,-2.44,54.66,0.6,POS+DEEP,8.591,73.8006,-8.591,7.227,52.2309,-7.227,23.947,573.4747,23.947,7.975,63.5989,-7.975
3683,after,3683_after_clip_0000,ok,150,110.0,61.0,13.4,37.35,39.76,0,76.89,53.69,1.03,0.016263236669614427,33.19,91.96,-1.81,97.84,-3.03,94.6,-2.42,POS+CHROM,23.2,538.2349,-23.2,15.067,227.0183,15.067,20.952,438.9716,20.952,17.71,313.6571,17.71
3683,after,3683_after_clip_0001,ok,150,110.0,61.0,13.4,20.13,71.61,0,103.66,53.79,1.06,0.07262909562946245,32.74,65.59,3.09,68.61,2.83,67.06,2.96,POS+CHROM,49.868,2486.8216,-49.868,38.071,1449.4094,-38.071,35.05,1228.4877,-35.05,36.593,1339.0217,-36.593
3683,after,3683_after_clip_0002,ok,150,110.0,61.0,13.4,39.98,57.94,0,114.0,54.08,1.29,-0.1482633453489981,32.55,67.58,2.58,66.06,3.43,66.77,3.0,POS+CHROM,59.915,3589.8594,-59.915,46.413,2154.1614,-46.413,47.932,2297.4813,-47.932,47.227,2230.3458,-47.227
3683,before,3683_before_clip_0000,ok,150,97.0,62.0,13.4,6.44,93.14,0,109.97,53.92,1.06,0.04019182282230263,33.78,63.89,1.34,63.29,0.36,63.62,0.85,POS+CHROM,56.056,3142.301,-56.056,46.081,2123.458,-46.081,46.683,2179.2674,-46.683,46.357,2149.0022,-46.357
3683,before,3683_before_clip_0001,ok,150,97.0,62.0,13.4,3.56,93.58,0,110.49,53.96,1.23,-0.03487512084592724,33.39,70.9,1.94,69.19,2.32,70.02,2.13,POS+CHROM,56.531,3195.7295,-56.531,39.586,1567.0784,-39.586,41.299,1705.6485,-41.299,40.47,1637.7845,-40.47
3683,before,3683_before_clip_0002,ok,150,97.0,62.0,13.4,6.49,93.18,0,123.95,53.95,1.18,0.021268782359641407,33.75,117.82,-3.32,61.31,0.55,57.43,0.86,CHROM+DEEP,69.998,4899.7542,-69.998,6.132,37.5964,-6.132,62.642,3923.991,-62.642,66.514,4424.0783,-66.514
3699,after,3699_after_clip_0000,ok,150,131.0,56.0,11.7,14.66,84.43,0,88.57,53.84,1.08,0.009339398196523997,33.14,72.7,2.87,70.97,1.57,71.93,2.22,POS+CHROM,34.724,1205.7688,-34.724,15.867,251.7599,-15.867,17.596,309.6165,-17.596,16.638,276.825,-16.638
3699,after,3699_after_clip_0001,ok,150,131.0,56.0,11.7,30.25,64.03,0,97.54,53.82,1.13,-0.05199096299311128,33.07,82.93,0.75,73.73,-0.19,69.62,0.56,POS+CHROM+DEEP,43.714,1910.9216,-43.714,14.607,213.3707,-14.607,23.81,566.9255,-23.81,27.916,779.308,-27.916
3699,after,3699_after_clip_0002,ok,150,131.0,56.0,11.7,22.62,73.15,0,95.86,53.64,1.14,-0.04530482362835683,33.06,84.03,0.37,83.0,-0.63,83.56,-0.13,POS+CHROM,42.221,1782.6054,-42.221,11.832,140.0005,-11.832,12.866,165.5273,-12.866,12.306,151.4384,-12.306
3699,before,3699_before_clip_0000,ok,150,100.0,80.0,11.7,13.95,69.46,0,75.36,53.82,1.09,-0.06985425182589738,33.08,86.99,1.75,88.28,1.15,87.6,1.45,POS+CHROM,21.544,464.1614,-21.544,11.624,135.1107,11.624,12.923,167.0165,12.923,12.241,149.8392,12.241
3699,before,3699_before_clip_0001,ok,150,100.0,80.0,11.7,6.69,87.57,0,94.94,53.79,1.09,0.0699190876658842,33.06,72.25,0.97,71.99,-0.3,72.14,0.34,POS+CHROM,41.15,1693.2851,-41.15,22.689,514.7752,-22.689,22.953,526.8438,-22.953,22.807,520.1551,-22.807
3699,before,3699_before_clip_0002,ok,150,100.0,80.0,11.7,31.49,66.46,0,106.67,53.72,1.09,0.004288059025838019,33.05,74.86,1.81,74.86,2.97,74.86,2.39,POS+CHROM,52.948,2803.4697,-52.948,31.806,1011.6079,-31.806,31.805,1011.5381,-31.805,31.805,1011.5697,-31.805
3700,after,3700_after_clip_0000,ok,150,144.0,72.0,13.9,5.42,91.26,0,102.07,53.66,1.07,0.040258936124700086,33.06,69.64,0.41,74.3,-2.15,71.48,-0.87,POS+CHROM,48.408,2343.3479,-48.408,32.435,1052.0287,-32.435,27.771,771.216,-27.771,30.594,935.9835,-30.594
3700,after,3700_after_clip_0001,ok,150,144.0,72.0,13.9,2.23,95.05,0,121.33,53.24,1.08,0.02767904114875181,32.18,67.01,-2.53,92.58,-3.62,65.97,-1.69,POS+CHROM+DEEP,68.084,4635.4127,-68.084,54.32,2950.6199,-54.32,28.75,826.585,-28.75,55.358,3064.485,-55.358
3700,after,3700_after_clip_0002,ok,150,144.0,72.0,13.9,11.86,86.74,0,121.96,53.93,0.75,0.014562539540197537,33.38,58.12,-3.16,66.98,0.05,55.37,-1.2,POS+DEEP,68.031,4628.1902,-68.031,63.847,4076.4045,-63.847,54.983,3023.0843,-54.983,66.597,4435.2193,-66.597
3700,before,3700_before_clip_0000,ok,150,140.0,58.0,13.9,9.96,88.15,0,122.99,53.37,0.89,-0.02401412211354983,33.07,80.25,1.51,82.27,2.13,81.31,1.82,POS+CHROM,69.622,4847.2318,-69.622,42.741,1826.8017,-42.741,40.722,1658.2918,-40.722,41.679,1737.1676,-41.679
3700,before,3700_before_clip_0001,ok,150,140.0,58.0,13.9,6.26,92.58,0,72.73,53.46,0.87,0.04498077146900725,33.54,74.11,1.23,72.45,2.99,73.16,2.11,POS+CHROM,19.265,371.1412,-19.265,1.38,1.9035,1.38,0.28,0.0785,-0.28,0.429,0.1839,0.429
3700,before,3700_before_clip_0002,ok,150,140.0,58.0,13.9,5.89,92.52,0,125.71,53.86,1.1,-0.12476866513600968,32.78,56.2,-0.16,81.81,4.45,54.91,0.47,POS+DEEP,71.853,5162.8445,-71.853,69.517,4832.6449,-69.517,43.902,1927.3922,-43.902,70.807,5013.6378,-70.807
3701,after,3701_after_clip_0000,ok,150,182.0,101.0,15.9,5.04,94.76,0,126.34,53.6,0.7,0.04774826985203666,34.64,87.28,3.24,86.1,1.59,86.77,2.41,POS+CHROM,72.736,5290.5668,-72.736,39.059,1525.6189,-39.059,40.237,1619.0522,-40.237,39.568,1565.6015,-39.568
3701,after,3701_after_clip_0001,ok,150,182.0,101.0,15.9,12.19,83.44,0,124.48,54.03,1.05,-0.033121716806904004,33.43,95.05,1.28,94.27,0.47,94.69,0.87,POS+CHROM,70.445,4962.5279,-70.445,29.428,866.0282,-29.428,30.209,912.5744,-30.209,29.792,887.5888,-29.792
3701,after,3701_after_clip_0002,ok,150,182.0,101.0,15.9,7.91,90.67,0,120.5,53.96,1.02,-0.01527255709154322,33.42,69.06,-0.17,75.24,-0.6,72.04,-0.39,POS+CHROM,66.542,4427.8305,-66.542,51.443,2646.3639,-51.443,45.262,2048.6082,-45.262,48.462,2348.5317,-48.462
3701,before,3701_before_clip_0000,ok,150,151.0,89.0,15.9,8.27,91.05,0,117.17,53.88,0.94,-0.05585281473245107,33.43,76.91,-3.71,117.89,-4.49,73.46,-2.42,POS+CHROM+DEEP,63.286,4005.109,-63.286,40.255,1620.4906,-40.255,0.72,0.518,0.72,43.713,1910.853,-43.713
3701,before,3701_before_clip_0001,ok,150,151.0,89.0,15.9,10.54,88.78,0,63.86,53.87,0.92,-0.03485351326987565,34.15,68.84,4.59,67.76,2.8,68.38,3.69,POS+CHROM,9.993,99.8649,-9.993,4.978,24.778,4.978,3.906,15.2569,3.906,4.521,20.4418,4.521
3701,before,3701_before_clip_0002,ok,150,151.0,89.0,15.9,12.83,85.9,0,110.38,53.93,1.15,-0.014043947783991345,33.42,76.45,2.4,76.95,0.67,76.66,1.53,POS+CHROM,56.445,3186.0703,-56.445,33.926,1151.0035,-33.926,33.435,1117.8698,-33.435,33.716,1136.7413,-33.716
3732,after,3732_after_clip_0000,ok,150,144.0,68.0,15.7,7.29,89.87,0,97.97,53.44,1.22,0.0474810035639296,31.51,67.4,3.8,67.62,3.45,67.51,3.62,POS+CHROM,44.522,1982.2456,-44.522,30.562,934.0268,-30.562,30.349,921.0659,-30.349,30.459,927.7243,-30.459
3732,after,3732_after_clip_0001,ok,150,144.0,68.0,15.7,8.8,89.19,0,123.37,53.46,1.23,0.15191785270880648,31.88,62.45,5.23,62.89,3.83,62.64,4.53,POS+CHROM,69.91,4887.4223,-69.91,60.923,3711.5554,-60.923,60.483,3658.2143,-60.483,60.728,3687.9302,-60.728
3732,after,3732_after_clip_0002,ok,150,144.0,68.0,15.7,27.11,69.23,0,99.32,53.5,1.43,0.0038344502909104703,31.49,63.18,3.83,62.31,2.51,62.8,3.17,POS+CHROM,45.818,2099.261,-45.818,36.137,1305.8964,-36.137,37.009,1369.6826,-37.009,36.526,1334.121,-36.526
3732,before,3732_before_clip_0000,ok,150,133.0,62.0,15.7,12.87,70.2,0,88.54,53.26,1.35,-0.019133821486722095,30.98,63.93,3.03,63.36,2.48,63.66,2.76,POS+CHROM,35.285,1245.002,-35.285,24.612,605.7412,-24.612,25.19,634.5273,-25.19,24.888,619.3881,-24.888
3732,before,3732_before_clip_0001,ok,150,133.0,62.0,15.7,7.64,72.55,0,85.94,53.36,1.36,-0.047230459694919874,30.63,70.92,2.12,73.08,1.52,71.94,1.82,POS+CHROM,32.581,1061.5067,-32.581,15.027,225.8187,-15.027,12.866,165.5236,-12.866,14.0,195.9922,-14.0
3732,before,3732_before_clip_0002,ok,150,133.0,62.0,15.7,17.48,76.72,0,100.08,53.34,1.37,-0.07238630390700145,30.99,61.85,2.25,61.3,2.47,59.12,2.03,POS+CHROM+DEEP,46.739,2184.5669,-46.739,38.228,1461.4099,-38.228,38.784,1504.1867,-38.784,40.959,1677.6692,-40.959
3735,after,3735_after_clip_0000,ok,150,142.0,90.0,13.7,28.08,56.36,0,110.75,53.85,1.08,-0.04028303797119289,33.13,95.18,-0.9,97.04,-0.57,96.13,-0.74,POS+CHROM,56.905,3238.2022,-56.905,15.571,242.4569,-15.571,13.714,188.0811,-13.714,14.617,213.6575,-14.617
3735,after,3735_after_clip_0001,ok,150,142.0,90.0,13.7,22.72,60.25,0,118.04,53.88,1.12,-0.11763097262029851,33.12,92.0,-2.16,120.65,-3.51,79.82,-1.52,POS+CHROM+DEEP,64.158,4116.3061,-64.158,26.036,677.8651,-26.036,2.612,6.825,2.612,38.219,1460.7245,-38.219
3735,after,3735_after_clip_0002,ok,150,142.0,90.0,13.7,39.49,49.27,0,121.76,53.87,1.1,0.07305055874637156,33.14,86.74,2.42,86.97,1.55,86.85,1.99,POS+CHROM,67.894,4609.5934,-67.894,35.028,1226.9563,-35.028,34.793,1210.5254,-34.793,34.919,1219.3183,-34.919
3735,before,3735_before_clip_0000,ok,150,128.0,87.0,13.7,10.49,88.27,0,119.2,53.63,1.13,0.0358374105101266,32.97,58.67,-1.15,58.07,-3.06,56.22,-1.02,POS+CHROM+DEEP,65.572,4299.7107,-65.572,60.525,3663.3342,-60.525,61.129,3736.7243,-61.129,62.976,3966.0241,-62.976
3735,before,3735_before_clip_0001,ok,150,128.0,87.0,13.7,13.85,85.75,0,110.83,53.88,1.03,0.05396603341898251,33.17,108.89,-4.33,56.4,2.14,55.26,1.58,CHROM+DEEP,56.944,3242.5848,-56.944,1.932,3.7331,-1.932,54.427,2962.3428,-54.427,55.57,3088.0001,-55.57
3735,before,3735_before_clip_0002,ok,150,128.0,87.0,13.7,20.4,78.63,0,126.58,53.9,1.06,0.03257763719425347,33.13,117.61,-3.67,123.29,-3.64,120.46,-3.66,POS+CHROM,72.673,5281.3832,-72.673,8.968,80.4326,-8.968,3.287,10.8064,-3.287,6.121,37.4657,-6.121
3738,after,3738_after_clip_0000,ok,150,117.0,53.0,11.2,9.37,89.76,0,122.66,53.64,1.11,0.0076672136176404605,33.1,73.87,1.21,71.37,-1.48,72.9,-0.14,POS+CHROM,69.021,4763.9218,-69.021,48.787,2380.2109,-48.787,51.286,2630.2599,-51.286,49.762,2476.2678,-49.762
3738,after,3738_after_clip_0001,ok,150,117.0,53.0,11.2,8.66,90.47,0,111.24,53.67,1.18,0.05253691232130273,32.64,87.61,3.26,87.48,2.22,87.55,2.74,POS+CHROM,57.566,3313.8939,-57.566,23.626,558.1786,-23.626,23.764,564.7445,-23.764,23.689,561.1726,-23.689
3738,after,3738_after_clip_0002,ok,150,117.0,53.0,11.2,12.81,85.87,0,116.75,53.59,1.18,0.053033705045067235,32.97,83.34,5.24,78.76,2.99,81.48,4.11,POS+CHROM,63.156,3988.6543,-63.156,33.402,1115.7074,-33.402,37.988,1443.093,-37.988,35.27,1243.9939,-35.27
3738,before,3738_before_clip_0000,ok,150,108.0,59.0,11.2,12.37,86.65,0,109.46,53.78,1.09,0.024999373942272158,33.29,85.27,0.78,85.55,0.9,85.41,0.84,POS+CHROM,55.676,3099.7667,-55.676,24.189,585.1079,-24.189,23.909,571.6294,-23.909,24.048,578.2829,-24.048
3738,before,3738_before_clip_0001,ok,150,108.0,59.0,11.2,9.87,88.86,0,119.33,53.74,1.1,-0.04929256233855666,33.29,89.47,2.26,91.24,-1.97,90.05,0.14,POS+CHROM,65.593,4302.423,-65.593,29.863,891.8229,-29.863,28.093,789.2042,-28.093,29.278,857.2051,-29.278
3738,before,3738_before_clip_0002,ok,150,108.0,59.0,11.2,6.63,90.16,0,61.21,53.77,1.05,-0.020260050461582992,32.88,72.5,1.75,75.68,-0.14,73.84,0.81,POS+CHROM,7.445,55.4325,-7.445,11.286,127.3685,11.286,14.471,209.3987,14.471,12.629,159.5029,12.629
3754,after,3754_after_clip_0000,ok,150,114.0,69.0,14.3,19.24,76.85,0,97.35,54.22,1.27,-0.1154661908293232,33.22,92.83,3.66,94.41,-0.21,93.37,1.72,POS+CHROM,43.13,1860.2395,-43.13,4.519,20.4232,-4.519,2.944,8.665,-2.944,3.977,15.8164,-3.977
3754,after,3754_after_clip_0001,ok,150,114.0,69.0,14.3,20.53,70.83,0,100.6,54.19,1.2,0.03251368794540376,33.24,94.03,1.69,93.89,4.41,93.94,3.05,POS+CHROM,46.403,2153.2653,-46.403,6.565,43.0976,-6.565,6.707,44.9854,-6.707,6.652,44.2468,-6.652
3754,after,3754_after_clip_0002,ok,150,114.0,69.0,14.3,41.08,48.84,0,123.74,54.17,1.3,0.2495492314479157,33.24,93.69,2.82,93.67,2.97,93.68,2.89,POS+CHROM,69.57,4840.0141,-69.57,30.051,903.082,-30.051,30.072,904.3344,-30.072,30.062,903.7159,-30.062
3754,before,3754_before_clip_0000,ok,150,92.0,76.0,14.3,34.3,57.75,0,116.19,54.2,1.27,-0.12209996472961786,32.88,83.24,-0.03,87.77,1.67,85.82,0.82,POS+CHROM,61.996,3843.4555,-61.996,32.958,1086.2068,-32.958,28.426,808.041,-28.426,30.373,922.5117,-30.373
3754,before,3754_before_clip_0001,ok,150,92.0,76.0,14.3,45.67,48.93,0,130.47,54.21,1.27,-0.09165474075138734,33.22,68.35,-1.45,59.36,-1.13,56.28,0.07,CHROM+DEEP,76.257,5815.0581,-76.257,62.115,3858.2784,-62.115,71.109,5056.4604,-71.109,74.19,5504.1197,-74.19
3754,before,3754_before_clip_0002,ok,150,92.0,76.0,14.3,50.18,46.68,0,125.54,54.17,1.26,0.11652009854359896,33.23,89.3,3.66,92.82,2.45,90.88,3.05,POS+CHROM,71.373,5094.1552,-71.373,36.241,1313.4219,-36.241,32.719,1070.545,-32.719,34.658,1201.1493,-34.658
3763,after,3763_after_clip_0000,ok,150,108.0,72.0,13.9,18.36,75.42,0,56.66,53.11,1.43,-0.10598904690384409,30.8,98.7,1.86,96.35,0.98,97.61,1.42,POS+CHROM,3.555,12.6367,-3.555,42.041,1767.4447,42.041,39.681,1574.6083,39.681,40.947,1676.6663,40.947
3763,after,3763_after_clip_0001,ok,150,108.0,72.0,13.9,26.8,51.94,0,69.96,53.13,1.51,-0.057968380196168734,30.79,68.79,-2.71,71.31,-2.78,70.04,-2.75,POS+CHROM,16.834,283.3766,-16.834,1.173,1.3756,-1.173,1.347,1.8143,1.347,0.08,0.0063,0.08
3763,after,3763_after_clip_0002,ok,150,108.0,72.0,13.9,22.33,74.25,0,72.74,53.09,1.55,0.009771346382116325,30.71,91.06,-3.28,89.33,-2.67,90.15,-2.98,POS+CHROM,19.656,386.3515,-19.656,18.317,335.5295,18.317,16.593,275.3329,16.593,17.411,303.1557,17.411
3763,before,3763_before_clip_0000,ok,150,104.0,61.0,13.9,29.66,61.71,0,100.51,53.41,1.28,-0.0684609191967564,31.73,96.13,0.48,99.43,0.2,97.74,0.34,POS+CHROM,47.099,2218.3215,-47.099,4.375,19.1423,-4.375,1.074,1.1524,-1.074,2.762,7.6305,-2.762
3763,before,3763_before_clip_0001,ok,150,104.0,61.0,13.9,27.57,71.94,0,79.87,53.33,1.21,0.100629085365243,31.73,101.41,-0.46,98.84,0.01,100.07,-0.23,POS+CHROM,26.539,704.3367,-26.539,21.54,463.9711,21.54,18.971,359.8902,18.971,20.205,408.2399,20.205
3763,before,3763_before_clip_0002,ok,150,104.0,61.0,13.9,62.64,33.62,0,94.54,53.47,1.25,0.11484431775454612,31.35,74.95,0.45,75.62,0.09,75.27,0.27,POS+CHROM,41.065,1686.2977,-41.065,19.583,383.4906,-19.583,18.92,357.9764,-18.92,19.262,371.011,-19.262
3778,after,3778_after_clip_0000,ok,150,158.0,87.0,14.6,6.14,80.13,0,66.29,53.93,1.17,0.03235199731136949,32.89,87.0,3.05,84.47,1.46,85.9,2.25,POS+CHROM,12.357,152.7068,-12.357,20.713,429.0132,20.713,18.174,330.2823,18.174,19.61,384.5441,19.61
3778,after,3778_after_clip_0001,ok,150,158.0,87.0,14.6,9.58,80.16,0,115.18,53.96,1.2,0.05486749424288898,32.94,91.38,3.62,94.69,-0.51,92.48,1.55,POS+CHROM,61.218,3747.6338,-61.218,23.801,566.4658,-23.801,20.482,419.5263,-20.482,22.691,514.883,-22.691
3778,after,3778_after_clip_0002,ok,150,158.0,87.0,14.6,11.79,81.84,0,58.07,53.8,1.01,0.1370277402798374,32.88,89.08,5.12,88.01,2.91,88.65,4.02,POS+CHROM,4.274,18.2675,-4.274,31.008,961.5253,31.008,29.939,896.3488,29.939,30.571,934.6056,30.571
3778,before,3778_before_clip_0000,ok,150,147.0,79.0,14.6,5.15,74.31,0,89.92,53.96,1.12,-0.06605317293609168,33.3,87.45,3.2,90.94,1.18,88.9,2.19,POS+CHROM,35.954,1292.6868,-35.954,2.472,6.1127,-2.472,1.024,1.0491,1.024,1.016,1.0324,-1.016
3778,before,3778_before_clip_0001,ok,150,147.0,79.0,14.6,4.56,58.39,0,87.18,53.95,1.15,-0.0017797140091361057,33.28,93.56,2.03,94.41,2.83,94.01,2.43,POS+CHROM,33.229,1104.1444,-33.229,6.385,40.7637,6.385,7.228,52.2476,7.228,6.834,46.7069,6.834
3778,before,3778_before_clip_0002,ok,150,147.0,79.0,14.6,4.57,82.72,0,66.29,53.81,0.99,-0.06686403714491276,32.93,86.19,0.29,86.07,1.57,86.12,0.93,POS+CHROM,12.477,155.6812,-12.477,19.896,395.8629,19.896,19.782,391.317,19.782,19.833,393.3446,19.833
3780,after,3780_after_clip_0000,ok,150,127.0,77.0,11.6,4.35,89.53,0,65.5,53.82,1.01,0.12696057252300463,31.89,75.86,-0.09,75.69,1.65,75.76,0.78,POS+CHROM,11.68,136.4289,-11.68,10.365,107.425,10.365,10.191,103.8542,10.191,10.265,105.3748,10.265
3780,after,3780_after_clip_0001,ok,150,127.0,77.0,11.6,15.09,82.29,0,76.86,53.77,1.04,0.01373202579697771,33.22,73.48,4.03,72.67,3.16,73.11,3.59,POS+CHROM,23.09,533.1698,-23.09,3.383,11.4467,-3.383,4.19,17.5561,-4.19,3.757,14.1181,-3.757
3780,after,3780_after_clip_0002,ok,150,127.0,77.0,11.6,11.8,81.77,0,70.07,53.79,1.06,-0.08132414526225404,33.2,71.39,2.6,71.9,2.3,71.64,2.45,POS+CHROM,16.277,264.9561,-16.277,1.318,1.7363,1.318,1.833,3.3589,1.833,1.569,2.461,1.569
3780,before,3780_before_clip_0000,ok,150,108.0,74.0,11.6,3.73,84.81,0,87.1,53.7,1.14,-0.023430559739414433,33.0,70.92,2.36,65.65,0.42,68.71,1.39,POS+CHROM,33.394,1115.1904,-33.394,16.18,261.7774,-16.18,21.45,460.0841,-21.45,18.392,338.2669,-18.392
3780,before,3780_before_clip_0001,ok,150,108.0,74.0,11.6,11.58,79.83,0,93.64,53.72,1.15,-0.011061854220983417,32.63,77.81,0.09,76.83,-0.36,77.34,-0.14,POS+CHROM,39.916,1593.2908,-39.916,15.83,250.6033,-15.83,16.811,282.626,-16.811,16.302,265.7687,-16.302
3780,before,3780_before_clip_0002,ok,150,108.0,74.0,11.6,7.71,85.83,0,68.69,53.66,1.15,-0.03922347446107785,33.01,73.05,0.72,99.85,-2.3,71.32,-0.14,POS+CHROM+DEEP,15.03,225.8896,-15.03,4.353,18.9449,4.353,31.153,970.5087,31.153,2.63,6.9166,2.63
3783,after,3783_after_clip_0000,ok,150,146.0,71.0,13.0,22.18,62.48,0,90.89,53.41,0.89,-0.051243996533420606,33.14,82.52,2.25,80.97,2.91,81.7,2.58,POS+CHROM,37.473,1404.2132,-37.473,8.368,70.0304,-8.368,9.915,98.3041,-9.915,9.184,84.3408,-9.184
3783,after,3783_after_clip_0001,ok,150,146.0,71.0,13.0,13.27,81.85,0,120.05,53.91,1.19,-0.33052560939108844,31.63,83.77,-0.32,83.75,0.97,83.76,0.33,POS+CHROM,66.136,4373.9117,-66.136,36.279,1316.1769,-36.279,36.293,1317.1599,-36.293,36.287,1316.7208,-36.287
3783,after,3783_after_clip_0002,ok,150,146.0,71.0,13.0,46.36,44.77,0,79.78,53.59,1.16,0.0718630456816718,32.63,76.35,4.08,74.39,1.82,75.55,2.95,POS+CHROM,26.197,686.2699,-26.197,3.437,11.8158,-3.437,5.394,29.0899,-5.394,4.234,17.926,-4.234
3783,before,3783_before_clip_0000,ok,150,124.0,81.0,13.0,14.92,84.04,0,121.11,53.79,1.28,0.20739961945331567,31.65,76.13,-0.83,58.65,0.47,56.06,0.88,CHROM+DEEP,67.32,4532.0266,-67.32,44.984,2023.5843,-44.984,62.456,3900.705,-62.456,65.051,4231.6148,-65.051
3783,before,3783_before_clip_0001,ok,150,124.0,81.0,13.0,30.94,64.25,0,93.4,53.57,1.24,-0.0361645015362448,32.4,123.75,-2.25,77.23,-1.35,78.29,-0.79,POS+CHROM+DEEP,39.836,1586.9095,-39.836,30.344,920.745,30.344,16.177,261.6918,-16.177,15.113,228.4176,-15.113
3783,before,3783_before_clip_0002,ok,150,124.0,81.0,13.0,17.35,76.44,0,108.9,53.76,1.22,0.0013755625707363044,31.77,75.64,2.69,76.11,2.92,75.88,2.8,POS+CHROM,55.134,3039.7063,-55.134,33.256,1105.9429,-33.256,32.788,1075.0467,-32.788,33.017,1090.1417,-33.017
3784,after,3784_after_clip_0000,ok,150,108.0,67.0,13.4,5.0,90.65,0,126.86,53.85,1.24,-0.02742510639777998,32.58,91.39,-0.54,97.26,-0.92,94.23,-0.73,POS+CHROM,73.004,5329.6238,-73.004,35.467,1257.9382,-35.467,29.598,876.0385,-29.598,32.626,1064.4646,-32.626
3784,after,3784_after_clip_0001,ok,150,108.0,67.0,13.4,1.12,98.53,0,113.11,53.6,1.13,0.10370815394434063,32.33,100.94,1.84,96.12,0.39,98.82,1.12,POS+CHROM,59.513,3541.781,-59.513,12.17,148.1186,-12.17,16.995,288.8255,-16.995,14.292,204.249,-14.292
3784,after,3784_after_clip_0002,ok,150,108.0,67.0,13.4,3.3,94.63,0,118.47,53.89,1.16,-0.03580451641715348,32.3,85.62,-0.09,86.29,-0.97,85.93,-0.53,POS+CHROM,64.59,4171.8556,-64.59,32.857,1079.5692,-32.857,32.186,1035.9293,-32.186,32.546,1059.2447,-32.546
3784,before,3784_before_clip_0000,ok,150,114.0,64.0,13.4,3.95,92.32,0,121.28,53.6,1.29,0.06401689347281361,31.72,117.68,-3.44,115.82,-2.55,116.68,-2.99,POS+CHROM,67.676,4580.0349,-67.676,3.592,12.9055,-3.592,5.457,29.7812,-5.457,4.594,21.1067,-4.594
3784,before,3784_before_clip_0001,ok,150,114.0,64.0,13.4,6.42,91.22,0,113.14,53.59,1.28,0.10688335437709143,32.07,94.2,-1.84,122.52,-1.94,83.17,-0.83,POS+CHROM+DEEP,59.554,3546.7165,-59.554,18.94,358.7131,-18.94,9.383,88.0443,9.383,29.975,898.5045,-29.975
3784,before,3784_before_clip_0002,ok,150,114.0,64.0,13.4,14.58,84.3,0,130.92,53.59,1.34,-0.08682264929832148,31.69,86.71,0.6,81.9,-2.72,84.95,-1.06,POS+CHROM,77.328,5979.5861,-77.328,44.212,1954.6868,-44.212,49.018,2402.7191,-49.018,45.966,2112.9189,-45.966
3797,after,3797_after_clip_0000,ok,150,121.0,72.0,16.9,42.96,50.0,0,121.46,53.79,0.96,-0.04503574952510927,33.52,107.4,3.92,106.57,0.62,107.1,2.27,POS+CHROM,67.677,4580.1618,-67.677,14.058,197.6342,-14.058,14.89,221.7174,-14.89,14.362,206.2778,-14.362
3797,after,3797_after_clip_0001,ok,150,121.0,72.0,16.9,3.6,94.5,0,91.55,53.73,0.95,0.0540986736896769,33.12,86.74,0.88,71.58,-0.21,70.56,0.54,POS+CHROM+DEEP,37.824,1430.6737,-37.824,4.807,23.1116,-4.807,19.967,398.665,-19.967,20.99,440.5659,-20.99
3797,after,3797_after_clip_0002,ok,150,121.0,72.0,16.9,10.12,84.81,0,114.25,53.76,0.97,0.051713665833715845,33.46,65.34,-2.34,60.74,0.08,58.96,-0.43,POS+CHROM+DEEP,60.495,3659.59,-60.495,48.913,2392.5069,-48.913,53.512,2863.5463,-53.512,55.292,3057.1742,-55.292
3797,before,3797_before_clip_0000,ok,150,121.0,68.0,16.9,4.05,94.19,0,128.04,54.46,1.33,0.10517551095240733,33.21,92.85,-0.8,92.43,-1.52,92.65,-1.16,POS+CHROM,73.588,5415.2512,-73.588,35.191,1238.3979,-35.191,35.618,1268.6622,-35.618,35.392,1252.5857,-35.392
3797,before,3797_before_clip_0001,ok,150,121.0,68.0,16.9,8.68,86.64,0,97.17,54.29,1.13,-0.012812432355231166,33.22,56.53,6.33,55.65,5.09,55.79,4.18,POS+CHROM+DEEP,42.878,1838.5012,-42.878,40.635,1651.1882,-40.635,41.513,1723.3375,-41.513,41.377,1712.0531,-41.377
3797,before,3797_before_clip_0002,ok,150,121.0,68.0,16.9,25.9,56.18,0,77.16,54.38,1.28,0.27913386932390194,33.23,68.07,3.3,70.02,2.75,69.0,3.03,POS+CHROM,22.78,518.9492,-22.78,9.093,82.6788,-9.093,7.14,50.9726,-7.14,8.161,66.6014,-8.161
3833,after,3833_after_clip_0000,ok,150,111.0,79.0,13.4,26.69,69.97,0,102.05,53.65,1.24,-0.26056792210278357,31.63,97.89,2.63,68.62,-1.57,76.22,0.76,POS+CHROM+DEEP,48.394,2341.9323,-48.394,4.156,17.2735,-4.156,33.428,1117.4473,-33.428,25.823,666.8116,-25.823
3833,after,3833_after_clip_0001,ok,150,111.0,79.0,13.4,31.62,59.77,0,68.47,53.45,1.16,-0.04466712840393956,31.94,95.75,0.22,93.88,-6.07,95.26,-2.93,POS+CHROM,15.019,225.5635,-15.019,27.283,744.3535,27.283,25.414,645.8826,25.414,26.798,718.1232,26.798
3833,after,3833_after_clip_0002,ok,150,111.0,79.0,13.4,29.21,62.68,0,86.28,53.41,1.17,0.1590670020966536,31.85,89.2,0.49,98.51,-3.88,75.52,-0.74,POS+CHROM+DEEP,32.874,1080.7292,-32.874,2.922,8.5405,2.922,12.227,149.4969,12.227,10.762,115.8167,-10.762
3833,before,3833_before_clip_0000,ok,150,112.0,74.0,13.4,18.57,76.29,0,76.0,53.57,1.27,-0.06181097980543263,31.6,129.16,-1.65,67.8,2.05,76.33,0.56,POS+CHROM+DEEP,22.434,503.2765,-22.434,53.162,2826.1773,53.162,8.203,67.2958,-8.203,0.329,0.1082,0.329
3833,before,3833_before_clip_0001,ok,150,112.0,74.0,13.4,9.16,67.86,0,103.29,53.56,1.21,-0.04443415357886554,31.69,76.55,3.86,82.14,0.86,78.66,2.36,POS+CHROM,49.736,2473.6534,-49.736,26.744,715.2602,-26.744,21.154,447.4857,-21.154,24.635,606.8637,-24.635
3833,before,3833_before_clip_0002,ok,150,112.0,74.0,13.4,9.85,86.4,0,62.16,53.54,1.23,-0.016508830933977297,31.67,73.64,2.06,74.38,-2.33,73.88,-0.14,POS+CHROM,8.626,74.4152,-8.626,11.476,131.6891,11.476,12.218,149.2846,12.218,11.717,137.2836,11.717
3889,after,3889_after_clip_0000,ok,150,164.0,89.0,12.5,27.56,47.11,0,127.07,52.98,0.14,-0.14268593180527367,32.86,80.76,-1.63,108.6,-1.51,78.11,-1.0,POS+CHROM+DEEP,74.085,5488.5553,-74.085,46.305,2144.1742,-46.305,18.469,341.0862,-18.469,48.953,2396.393,-48.953
3889,after,3889_after_clip_0001,ok,150,164.0,89.0,12.5,37.71,45.81,0,90.71,54.82,1.35,0.22898277621393728,33.7,64.86,-3.01,65.97,-1.89,65.47,-2.45,POS+CHROM,35.895,1288.4816,-35.895,25.849,668.1483,-25.849,24.744,612.2443,-24.744,25.245,637.3005,-25.245
3889,after,3889_after_clip_0002,ok,150,164.0,89.0,12.5,50.13,47.0,0,98.49,53.52,0.81,0.01980620809359252,35.54,75.4,-3.24,72.35,-1.6,73.67,-2.42,POS+CHROM,44.969,2022.1774,-44.969,23.085,532.9086,-23.085,26.134,682.9866,-26.134,24.817,615.8736,-24.817
3889,before,3889_before_clip_0000,ok,150,135.0,80.0,12.5,31.68,60.0,0,75.23,53.1,1.54,-0.27749683499635514,30.77,99.25,-0.98,98.69,-0.18,98.95,-0.58,POS+CHROM,22.127,489.5924,-22.127,24.021,577.0251,24.021,23.459,550.3284,23.459,23.722,562.7111,23.722
3889,before,3889_before_clip_0001,ok,150,135.0,80.0,12.5,33.55,52.83,0,91.7,52.97,1.34,0.10808776079453017,30.76,99.3,-1.66,98.96,-1.62,99.13,-1.64,POS+CHROM,38.73,1500.0483,-38.73,7.603,57.8106,7.603,7.261,52.7215,7.261,7.432,55.2298,7.432
3889,before,3889_before_clip_0002,ok,150,135.0,80.0,12.5,59.49,35.75,0,77.19,53.16,1.49,0.11907371831498068,30.36,83.98,1.57,82.28,1.52,83.14,1.54,POS+CHROM,24.035,577.6834,-24.035,6.789,46.0925,6.789,5.091,25.9173,5.091,5.944,35.3269,5.944
3906,after,3906_after_clip_0000,ok,150,132.0,91.0,11.4,32.51,64.04,0,114.32,53.7,0.91,0.004870061125859767,33.52,120.1,0.83,120.15,-0.53,120.12,0.15,POS+CHROM,60.62,3674.7719,-60.62,5.778,33.383,5.778,5.822,33.8988,5.822,5.798,33.6113,5.798
3906,after,3906_after_clip_0001,ok,150,132.0,91.0,11.4,15.36,82.78,0,75.25,53.87,0.96,-0.08006655681993947,33.47,123.44,-1.54,122.04,-2.6,122.8,-2.07,POS+CHROM,21.376,456.9544,-21.376,48.193,2322.5287,48.193,46.784,2188.7778,46.784,47.55,2261.0493,47.55
3906,after,3906_after_clip_0002,ok,150,132.0,91.0,11.4,10.36,86.23,0,65.95,53.71,0.95,-0.06676288066213097,33.12,72.65,-1.79,61.97,-1.92,61.31,-0.92,POS+CHROM+DEEP,12.242,149.8709,-12.242,6.702,44.9171,6.702,3.98,15.8412,-3.98,4.642,21.5485,-4.642
3906,before,3906_before_clip_0000,ok,150,113.0,81.0,11.4,17.33,75.91,0,69.38,53.52,0.95,0.21461883871635604,31.01,60.93,3.52,62.38,0.65,59.2,1.71,POS+CHROM+DEEP,15.853,251.322,-15.853,8.444,71.2999,-8.444,6.994,48.9165,-6.994,10.173,103.4891,-10.173
3906,before,3906_before_clip_0001,ok,150,113.0,81.0,11.4,17.93,81.54,0,119.24,54.05,1.07,0.17359495616916115,36.27,59.77,1.01,57.7,-0.97,57.11,0.37,POS+CHROM+DEEP,65.192,4250.0397,-65.192,59.469,3536.5057,-59.469,61.542,3787.395,-61.542,62.134,3860.6705,-62.134
3906,before,3906_before_clip_0002,ok,150,113.0,81.0,11.4,3.84,94.7,0,87.04,54.29,1.2,-0.0777405507044052,31.06,57.08,0.38,64.48,-1.88,57.74,-0.1,POS+CHROM+DEEP,32.749,1072.4956,-32.749,29.962,897.6966,-29.962,22.556,508.7877,-22.556,29.297,858.3165,-29.297
3930,after,3930_after_clip_0000,ok,150,160.0,78.0,13.4,1.02,98.83,0,107.22,53.97,1.04,-0.03345904547771387,33.55,75.66,4.86,76.1,4.27,75.87,4.56,POS+CHROM,53.246,2835.1292,-53.246,31.555,995.7423,-31.555,31.12,968.4472,-31.12,31.348,982.7141,-31.348
3930,after,3930_after_clip_0001,ok,150,160.0,78.0,13.4,0.97,98.65,0,56.37,53.88,0.88,0.002088148223283266,33.58,73.46,3.08,74.23,2.03,73.81,2.55,POS+CHROM,2.482,6.1607,-2.482,17.094,292.2008,17.094,17.868,319.2622,17.868,17.447,304.3975,17.447
3930,after,3930_after_clip_0002,ok,150,160.0,78.0,13.4,0.55,98.96,0,117.72,53.84,0.93,-0.0196698951452756,33.57,80.05,3.28,77.98,3.3,79.01,3.29,POS+CHROM,63.881,4080.7246,-63.881,37.671,1419.1275,-37.671,39.741,1579.3584,-39.741,38.708,1498.3316,-38.708
3930,before,3930_before_clip_0000,ok,150,163.0,68.0,13.4,0.71,98.25,0,98.94,53.87,0.89,0.04001689438753796,33.17,81.0,1.96,76.28,-0.8,79.17,0.58,POS+CHROM,45.069,2031.2401,-45.069,17.944,321.977,-17.944,22.665,513.711,-22.665,19.772,390.9134,-19.772
3930,before,3930_before_clip_0001,ok,150,163.0,68.0,13.4,0.51,99.43,0,88.4,53.83,0.91,-0.012686342972390538,33.55,79.9,3.83,83.3,2.69,81.44,3.26,POS+CHROM,34.565,1194.7685,-34.565,8.499,72.2286,-8.499,5.099,26.0018,-5.099,6.959,48.4279,-6.959
3930,before,3930_before_clip_0002,ok,150,163.0,68.0,13.4,0.2,98.68,0,56.29,53.86,0.89,0.019594675229866545,33.54,79.02,3.99,77.31,4.43,78.13,4.21,POS+CHROM,2.434,5.9252,-2.434,22.725,516.4354,22.725,21.02,441.8479,21.02,21.841,477.0294,21.841
3957,after,3957_after_clip_0000,ok,150,120.0,69.0,15.0,16.93,80.41,0,74.56,53.71,1.21,-0.15579632145925787,31.64,98.4,3.63,95.05,0.55,97.15,2.09,POS+CHROM,20.849,434.6791,-20.849,23.837,568.2189,23.837,20.487,419.7059,20.487,22.583,509.9814,22.583
3957,after,3957_after_clip_0001,ok,150,120.0,69.0,15.0,24.67,73.97,0,67.82,53.51,1.19,0.059557744813537816,32.02,95.86,2.55,100.13,1.69,97.84,2.12,POS+CHROM,14.31,204.7755,-14.31,28.038,786.1479,28.038,32.307,1043.733,32.307,30.019,901.1684,30.019
3957,after,3957_after_clip_0002,ok,150,120.0,69.0,15.0,8.08,91.36,0,67.08,53.72,1.24,-0.07878728219361397,32.0,100.12,1.9,96.12,-0.1,98.46,0.9,POS+CHROM,13.359,178.4584,-13.359,33.048,1092.1441,33.048,29.046,843.6949,29.046,31.378,984.5846,31.378
3957,before,3957_before_clip_0000,ok,150,96.0,90.0,15.0,6.66,92.09,0,61.03,53.82,1.02,-0.09688753045219436,32.81,67.81,-1.94,72.45,-0.9,70.33,-1.42,POS+CHROM,7.208,51.9573,-7.208,6.776,45.9142,6.776,11.419,130.3846,11.419,9.298,86.457,9.298
3957,before,3957_before_clip_0001,ok,150,96.0,90.0,15.0,11.01,86.32,0,56.07,53.77,1.03,0.04254059362248328,33.18,78.98,1.43,79.4,0.25,79.17,0.84,POS+CHROM,2.304,5.3099,-2.304,22.906,524.6954,22.906,23.333,544.4411,23.333,23.099,533.5536,23.099
3957,before,3957_before_clip_0002,ok,150,96.0,90.0,15.0,8.67,88.37,0,58.77,53.7,1.05,-0.013259412740424836,33.16,59.71,-2.12,73.36,-3.35,55.92,-0.54,POS+DEEP,5.079,25.797,-5.079,0.933,0.8699,0.933,14.583,212.6643,14.583,2.85,8.1205,-2.85
3962,after,3962_after_clip_0000,ok,150,188.0,85.0,16.9,29.41,5.34,0,62.45,54.13,1.16,-0.09759187162845934,33.26,107.97,1.83,106.26,1.65,107.13,1.74,POS+CHROM,8.319,69.2089,-8.319,45.516,2071.6764,45.516,43.811,1919.442,43.811,44.676,1995.9707,44.676
3962,after,3962_after_clip_0001,ok,150,188.0,85.0,16.9,38.72,15.12,0,66.24,54.1,1.11,-0.24294814394752548,33.3,111.88,-1.49,113.1,-2.65,112.43,-2.07,POS+CHROM,12.142,147.4391,-12.142,45.637,2082.7737,45.637,46.858,2195.6894,46.858,46.189,2133.4289,46.189
3962,after,3962_after_clip_0002,ok,150,188.0,85.0,16.9,38.29,49.24,0,59.6,54.19,1.12,0.17118903102243743,33.31,108.41,2.74,111.52,0.3,109.66,1.52,POS+CHROM,5.406,29.2299,-5.406,48.814,2382.7963,48.814,51.924,2696.0925,51.924,50.058,2505.8227,50.058
3962,before,3962_before_clip_0000,ok,150,145.0,92.0,16.9,35.27,63.2,0,68.59,54.29,1.09,-0.12703946411824268,33.28,89.39,1.72,83.91,-0.95,87.25,0.38,POS+CHROM,14.302,204.5413,-14.302,20.795,432.4465,20.795,15.321,234.7341,15.321,18.657,348.0864,18.657
3962,before,3962_before_clip_0001,ok,150,145.0,92.0,16.9,26.89,69.26,0,118.02,54.28,1.11,0.18637588222526394,33.28,83.52,3.25,84.72,1.1,84.02,2.17,POS+CHROM,63.74,4062.7562,-63.74,34.5,1190.2324,-34.5,33.296,1108.6456,-33.296,34.004,1156.2924,-34.004
3962,before,3962_before_clip_0002,ok,150,145.0,92.0,16.9,43.79,51.58,0,96.34,54.19,1.15,0.20555273624871606,33.26,73.6,2.75,73.86,1.74,73.72,2.24,POS+CHROM,42.144,1776.1213,-42.144,22.735,516.8643,-22.735,22.475,505.1435,-22.475,22.616,511.4795,-22.616
4016,after,4016_after_clip_0000,ok,150,100.0,63.0,10.5,3.36,95.22,0,92.34,53.92,1.31,-0.03630564908925876,32.95,85.29,1.01,53.92,-2.2,53.92,-0.44,CHROM+DEEP,38.415,1475.6918,-38.415,7.046,49.6456,-7.046,38.42,1476.1233,-38.42,38.417,1475.8462,-38.417
4016,after,4016_after_clip_0001,ok,150,100.0,63.0,10.5,1.21,98.45,0,104.92,53.8,1.14,0.06733156705838488,32.97,127.36,-3.51,83.67,1.61,79.85,-0.25,POS+CHROM+DEEP,51.116,2612.8903,-51.116,22.442,503.6416,22.442,21.249,451.5084,-21.249,25.075,628.7344,-25.075
4016,after,4016_after_clip_0002,ok,150,100.0,63.0,10.5,9.0,89.01,0,95.04,54.02,1.31,0.054822961686827834,32.59,70.54,3.63,91.73,1.41,71.99,2.12,POS+CHROM+DEEP,41.023,1682.8629,-41.023,24.501,600.3133,-24.501,3.306,10.9314,-3.306,23.053,531.4424,-23.053
4016,before,4016_before_clip_0000,ok,150,101.0,66.0,10.5,2.31,97.39,0,63.84,53.85,1.12,0.06958836608054954,32.96,83.84,1.6,83.33,2.01,83.57,1.81,POS+CHROM,9.993,99.8635,-9.993,19.999,399.9463,19.999,19.491,379.892,19.491,19.736,389.5176,19.736
4016,before,4016_before_clip_0001,ok,150,101.0,66.0,10.5,4.7,95.05,0,78.33,53.89,1.13,0.013559699863258345,32.95,78.58,-0.42,78.03,-1.78,78.34,-1.1,POS+CHROM,24.44,597.2957,-24.44,0.247,0.061,0.247,0.308,0.0949,-0.308,0.001,0.0,0.001
4016,before,4016_before_clip_0002,ok,150,101.0,66.0,10.5,3.22,96.16,0,66.48,53.9,1.13,0.023555622181385946,32.94,81.18,2.24,77.72,0.54,79.69,1.39,POS+CHROM,12.58,158.2687,-12.58,14.703,216.1779,14.703,11.245,126.4588,11.245,13.216,174.6732,13.216
4055,after,4055_after_clip_0000,ok,150,157.0,62.0,15.6,12.73,84.22,0,83.14,53.68,1.33,-0.001105646971413086,31.28,124.01,-2.93,62.2,-1.85,72.7,-1.15,POS+CHROM+DEEP,29.461,867.9488,-29.461,40.874,1670.6632,40.874,20.937,438.3777,-20.937,10.441,109.015,-10.441
4055,after,4055_after_clip_0001,ok,150,157.0,62.0,15.6,2.61,96.49,0,81.01,53.44,1.17,0.030575367724868557,31.23,122.17,-0.83,136.03,-2.67,94.8,-0.78,POS+CHROM+DEEP,27.567,759.9488,-27.567,41.161,1694.269,41.161,55.021,3027.3643,55.021,13.797,190.3573,13.797
4055,after,4055_after_clip_0002,ok,150,157.0,62.0,15.6,1.64,96.79,0,91.75,53.5,1.33,0.028395131118318578,31.61,138.93,-1.08,138.17,-1.36,138.56,-1.22,POS+CHROM,38.248,1462.9106,-38.248,47.174,2225.3555,47.174,46.419,2154.7097,46.419,46.805,2190.7085,46.805
4055,before,4055_before_clip_0000,ok,150,164.0,75.0,15.6,19.11,78.34,0,122.18,53.74,1.2,-0.21895578135565633,32.13,121.75,-0.65,126.37,-1.15,123.97,-0.9,POS+CHROM,68.442,4684.2904,-68.442,0.428,0.1828,-0.428,4.19,17.5556,4.19,1.785,3.185,1.785
4055,before,4055_before_clip_0001,ok,150,164.0,75.0,15.6,37.76,53.04,0,104.5,53.79,1.18,0.16440883446854934,32.16,89.77,0.75,89.7,-0.99,89.74,-0.12,POS+CHROM,50.712,2571.6791,-50.712,14.726,216.8594,-14.726,14.803,219.1294,-14.803,14.759,217.8293,-14.759
4055,before,4055_before_clip_0002,ok,150,164.0,75.0,15.6,49.92,44.97,0,65.68,53.7,1.23,-0.06880340826868746,32.12,62.81,0.72,60.37,-0.65,58.7,0.43,POS+CHROM+DEEP,11.976,143.4305,-11.976,2.866,8.2152,-2.866,5.305,28.148,-5.305,6.977,48.6747,-6.977
4073,after,4073_after_clip_0000,ok,150,125.0,74.0,12.9,4.55,92.11,0,97.94,52.61,1.24,-0.013900392500279168,30.02,78.59,2.82,78.46,2.85,78.52,2.84,POS+CHROM,45.332,2054.9505,-45.332,19.351,374.4764,-19.351,19.484,379.634,-19.484,19.418,377.0571,-19.418
4073,after,4073_after_clip_0001,ok,150,125.0,74.0,12.9,4.65,91.63,0,59.59,52.95,1.38,-0.021902996030208215,30.13,82.61,4.26,82.23,4.15,82.42,4.2,POS+CHROM,6.641,44.1061,-6.641,23.024,530.1045,23.024,22.639,512.5379,22.639,22.833,521.3644,22.833
4073,after,4073_after_clip_0002,ok,150,125.0,74.0,12.9,3.88,95.11,0,55.31,52.97,1.27,0.09788285655492489,30.13,76.97,3.16,76.93,1.82,76.95,2.49,POS+CHROM,2.341,5.4785,-2.341,21.659,469.1037,21.659,21.619,467.3987,21.619,21.641,468.3452,21.641
4073,before,4073_before_clip_0000,ok,150,104.0,71.0,12.9,6.98,82.07,0,80.84,54.09,1.13,0.12228684867943707,35.15,93.67,-0.0,98.76,0.24,96.27,0.12,POS+CHROM,26.754,715.7986,-26.754,12.822,164.3993,12.822,17.921,321.157,17.921,15.423,237.8609,15.423
4073,before,4073_before_clip_0001,ok,150,104.0,71.0,12.9,26.58,69.09,0,77.36,54.22,1.13,0.015229496360107642,34.05,58.03,-2.41,62.24,-2.09,57.4,-1.12,POS+CHROM+DEEP,23.145,535.6998,-23.145,19.331,373.7044,-19.331,15.126,228.7872,-15.126,19.965,398.5991,-19.965
4073,before,4073_before_clip_0002,ok,150,104.0,71.0,12.9,12.0,81.35,0,74.17,54.24,1.07,-0.019200602513257968,34.09,106.95,0.02,109.09,1.51,108.15,0.76,POS+CHROM,19.928,397.1394,-19.928,32.784,1074.7605,32.784,34.922,1219.5704,34.922,33.984,1154.9425,33.984
4074,after,4074_after_clip_0000,ok,150,144.0,52.0,15.9,18.7,74.78,0,95.16,54.23,1.12,0.009110811946831715,33.43,72.89,1.29,72.83,1.09,72.86,1.19,POS+CHROM,40.933,1675.5221,-40.933,22.27,495.9591,-22.27,22.336,498.8909,-22.336,22.302,497.3991,-22.302
4074,after,4074_after_clip_0001,ok,150,144.0,52.0,15.9,8.16,90.88,0,99.84,54.19,1.13,0.0442281815761296,33.42,65.03,0.41,64.46,0.59,64.74,0.5,POS+CHROM,45.652,2084.092,-45.652,34.81,1211.7187,-34.81,35.388,1252.3075,-35.388,35.103,1232.2453,-35.103
4074,after,4074_after_clip_0002,ok,150,144.0,52.0,15.9,3.39,95.65,0,100.36,54.22,1.21,-0.029228407197223444,33.38,66.0,0.31,65.49,-0.08,65.75,0.12,POS+CHROM,46.14,2128.9245,-46.14,34.366,1181.0029,-34.366,34.871,1215.9828,-34.871,34.61,1197.869,-34.61
4074,before,4074_before_clip_0000,ok,150,136.0,73.0,15.9,4.13,95.63,0,72.45,54.05,1.02,0.029010642063680127,34.35,65.29,3.52,64.48,4.21,64.86,3.87,POS+CHROM,18.393,338.3116,-18.393,7.157,51.2212,-7.157,7.966,63.4644,-7.966,7.585,57.528,-7.585
4074,before,4074_before_clip_0001,ok,150,136.0,73.0,15.9,3.04,96.78,0,73.56,54.11,1.05,-0.07194073739145514,33.15,65.52,4.18,65.81,4.85,65.68,4.52,POS+CHROM,19.451,378.3276,-19.451,8.037,64.5965,-8.037,7.744,59.9754,-7.744,7.883,62.1354,-7.883
4074,before,4074_before_clip_0002,ok,150,136.0,73.0,15.9,3.96,95.11,0,69.22,54.09,0.97,-0.027956709113984075,33.89,64.3,4.6,63.19,5.37,63.71,4.99,POS+CHROM,15.133,229.0115,-15.133,4.921,24.2175,-4.921,6.033,36.3943,-6.033,5.513,30.3907,-5.513
4087,after,4087_after_clip_0000,ok,150,149.0,75.0,13.0,3.98,95.75,0,110.64,53.73,1.09,0.015917228152745086,31.91,60.1,7.43,62.75,4.43,59.79,4.32,POS+CHROM+DEEP,56.901,3237.7138,-56.901,50.536,2553.8396,-50.536,47.888,2293.28,-47.888,50.847,2585.4079,-50.847
4087,after,4087_after_clip_0001,ok,150,149.0,75.0,13.0,0.96,98.86,0,107.13,53.71,1.14,-0.013330525935871166,31.58,60.12,2.51,58.59,3.32,57.79,2.33,POS+CHROM+DEEP,53.425,2854.258,-53.425,47.009,2209.8587,-47.009,48.543,2356.4275,-48.543,49.343,2434.6897,-49.343
4087,after,4087_after_clip_0002,ok,150,149.0,75.0,13.0,2.2,96.02,0,86.95,53.78,1.14,-0.005980621376012077,31.86,59.11,1.03,58.49,0.57,57.07,0.91,POS+CHROM+DEEP,33.168,1100.1351,-33.168,27.844,775.3003,-27.844,28.462,810.1006,-28.462,29.881,892.8692,-29.881
4087,before,4087_before_clip_0000,ok,150,132.0,85.0,13.0,11.69,85.9,0,58.95,53.87,1.16,0.05605998955414441,31.78,66.87,4.08,67.2,0.41,66.99,2.24,POS+CHROM,5.081,25.8209,-5.081,7.925,62.7985,7.925,8.247,68.0141,8.247,8.038,64.6085,8.038
4087,before,4087_before_clip_0001,ok,150,132.0,85.0,13.0,6.98,89.49,0,99.54,53.67,1.17,-0.0368392607250572,31.89,65.81,1.16,66.03,0.4,65.91,0.78,POS+CHROM,45.874,2104.3838,-45.874,33.732,1137.8302,-33.732,33.518,1123.4854,-33.518,33.632,1131.097,-33.632
4087,before,4087_before_clip_0002,ok,150,132.0,85.0,13.0,6.56,81.47,0,73.75,53.64,1.18,-0.12629067669239546,31.82,63.83,5.47,63.84,3.02,63.83,4.25,POS+CHROM,20.111,404.4703,-20.111,9.917,98.3509,-9.917,9.91,98.2175,-9.91,9.915,98.2976,-9.915
4119,after,4119_after_clip_0000,ok,150,145.0,75.0,12.6,12.93,86.07,0,88.96,53.36,1.26,0.01622957426507227,31.38,60.93,-0.81,60.69,0.36,57.9,0.27,POS+CHROM+DEEP,35.605,1267.7097,-35.605,28.031,785.7229,-28.031,28.277,799.6144,-28.277,31.061,964.8058,-31.061
4119,after,4119_after_clip_0001,ok,150,145.0,75.0,12.6,7.73,92.04,0,125.44,53.35,1.31,0.24714252920380486,31.39,88.29,2.25,95.16,-0.89,90.85,0.68,POS+CHROM,72.084,5196.1577,-72.084,37.147,1379.9129,-37.147,30.276,916.6224,-30.276,34.592,1196.6113,-34.592
4119,after,4119_after_clip_0002,ok,150,145.0,75.0,12.6,36.17,62.7,0,128.05,53.43,1.29,0.10615307279428357,31.38,85.2,2.84,85.36,0.41,85.26,1.63,POS+CHROM,74.619,5567.9257,-74.619,42.846,1835.7611,-42.846,42.69,1822.4413,-42.69,42.784,1830.4293,-42.784
4119,before,4119_before_clip_0000,ok,150,120.0,64.0,12.6,2.53,95.78,0,90.85,53.8,1.06,-0.03678062369676813,32.84,72.13,5.19,73.81,2.63,72.79,3.91,POS+CHROM,37.05,1372.7009,-37.05,18.712,350.1424,-18.712,17.041,290.4082,-17.041,18.053,325.896,-18.053
4119,before,4119_before_clip_0001,ok,150,120.0,64.0,12.6,1.88,97.45,0,116.58,53.67,1.02,-0.029267617168471025,33.29,72.42,0.56,73.73,0.69,73.08,0.62,POS+CHROM,62.911,3957.7924,-62.911,44.166,1950.5969,-44.166,42.858,1836.8165,-42.858,43.505,1892.7056,-43.505
4119,before,4119_before_clip_0002,ok,150,120.0,64.0,12.6,4.35,95.48,0,104.83,53.73,1.04,-0.07365197066486026,33.24,72.52,0.27,72.19,0.01,72.36,0.14,POS+CHROM,51.094,2610.548,-51.094,32.307,1043.7627,-32.307,32.639,1065.3271,-32.639,32.47,1054.2786,-32.47
4172,after,4172_after_clip_0000,ok,150,127.0,75.0,10.3,35.31,55.93,0,108.35,53.95,1.16,-0.05898449627617918,31.77,65.66,-3.01,67.51,-2.81,66.6,-2.91,POS+CHROM,54.4,2959.3936,-54.4,42.686,1822.0603,-42.686,40.841,1667.9506,-40.841,41.748,1742.8998,-41.748
4172,after,4172_after_clip_0001,ok,150,127.0,75.0,10.3,14.32,83.1,0,99.87,53.76,1.06,-0.16066731500474235,33.85,86.56,-1.9,84.03,-1.99,85.3,-1.95,POS+CHROM,46.107,2125.8697,-46.107,13.311,177.1698,-13.311,15.839,250.8837,-15.839,14.566,212.1633,-14.566
4172,after,4172_after_clip_0002,ok,150,127.0,75.0,10.3,59.78,35.65,0,81.26,53.82,1.06,-0.04413831251172493,33.11,77.27,0.88,77.69,-1.02,77.45,-0.07,POS+CHROM,27.449,753.4705,-27.449,3.992,15.9377,-3.992,3.577,12.7919,-3.577,3.817,14.5694,-3.817
4172,before,4172_before_clip_0000,ok,150,104.0,65.0,10.3,21.59,75.54,0,130.58,53.35,0.95,0.08309523894381446,34.82,141.53,-3.75,75.01,-2.5,79.32,-1.77,POS+CHROM+DEEP,77.232,5964.7401,-77.232,10.946,119.8062,10.946,55.573,3088.3175,-55.573,51.26,2627.624,-51.26
4172,before,4172_before_clip_0001,ok,150,104.0,65.0,10.3,26.0,71.16,0,87.33,53.73,1.13,0.17312969646185103,33.11,117.26,-3.1,72.44,0.53,73.88,-0.48,POS+CHROM+DEEP,33.605,1129.2885,-33.605,29.929,895.7453,29.929,14.898,221.9601,-14.898,13.452,180.9487,-13.452
4172,before,4172_before_clip_0002,ok,150,104.0,65.0,10.3,16.69,82.38,0,116.7,53.72,1.16,-0.12281710694543206,32.68,71.87,3.69,70.21,3.2,71.07,3.45,POS+CHROM,62.988,3967.4276,-62.988,44.829,2009.6661,-44.829,46.497,2162.0151,-46.497,45.629,2082.0113,-45.629
4173,after,4173_after_clip_0000,ok,150,134.0,94.0,14.3,35.49,61.12,0,100.79,53.68,1.12,-0.18063227217537767,32.85,78.91,1.87,69.55,2.34,67.98,1.77,POS+CHROM+DEEP,47.11,2219.394,-47.11,21.888,479.0696,-21.888,31.242,976.0432,-31.242,32.81,1076.5084,-32.81
4173,after,4173_after_clip_0001,ok,150,134.0,94.0,14.3,56.32,25.98,1,112.18,53.67,1.15,-0.05107516649896538,32.46,115.6,-2.21,119.14,-2.34,117.35,-2.28,POS+CHROM,58.518,3424.3746,-58.518,3.418,11.6834,3.418,6.956,48.3892,6.956,5.167,26.6978,5.167
4173,after,4173_after_clip_0002,ok,150,134.0,94.0,14.3,71.2,24.02,1,70.43,53.6,1.07,0.15551881796798167,33.26,101.51,1.58,96.39,-1.52,99.6,0.03,POS+CHROM,16.836,283.4583,-16.836,31.076,965.6917,31.076,25.961,673.9612,25.961,29.165,850.5865,29.165
4173,before,4173_before_clip_0000,ok,150,123.0,81.0,14.3,19.55,55.45,0,128.85,53.62,1.1,0.19168595563509527,33.22,113.56,-5.32,111.09,-3.35,112.13,-4.34,POS+CHROM,75.236,5660.406,-75.236,15.288,233.7228,-15.288,17.762,315.4736,-17.762,16.726,279.7571,-16.726
4173,before,4173_before_clip_0001,ok,150,123.0,81.0,14.3,31.37,52.79,0,110.98,53.86,1.05,-0.15983387258974968,32.89,79.73,-1.64,87.93,-1.32,70.93,-0.64,POS+CHROM+DEEP,57.113,3261.9272,-57.113,31.247,976.4013,-31.247,23.051,531.3605,-23.051,40.05,1603.9878,-40.05
4173,before,4173_before_clip_0002,ok,150,123.0,81.0,14.3,63.6,28.91,1,111.09,52.74,0.94,-0.2652998255058906,32.04,130.5,0.28,74.08,-2.04,85.73,-0.27,POS+CHROM+DEEP,58.352,3404.9351,-58.352,19.406,376.5808,19.406,37.013,1369.9594,-37.013,25.366,643.4231,-25.366
4179,after,4179_after_clip_0000,ok,150,111.0,69.0,12.9,37.04,56.64,0,126.5,53.78,1.06,0.1236610645929455,33.18,74.51,4.04,75.51,2.72,74.96,3.38,POS+CHROM,72.714,5287.2596,-72.714,51.989,2702.8701,-51.989,50.983,2599.2275,-50.983,51.541,2656.4724,-51.541
4179,after,4179_after_clip_0001,ok,150,111.0,69.0,12.9,30.6,68.35,0,104.23,53.83,1.03,-0.1132562278431476,33.15,124.46,2.27,123.86,0.22,124.21,1.24,POS+CHROM,50.407,2540.8988,-50.407,20.224,408.9928,20.224,19.625,385.1326,19.625,19.975,398.9907,19.975
4179,after,4179_after_clip_0002,ok,150,111.0,69.0,12.9,43.22,55.07,0,123.83,53.83,1.05,0.03911330009784152,33.2,85.36,-0.54,82.31,-0.12,83.78,-0.33,POS+CHROM,70.002,4900.2348,-70.002,38.472,1480.0813,-38.472,41.521,1724.0333,-41.521,40.05,1604.0023,-40.05
4179,before,4179_before_clip_0000,ok,150,96.0,67.0,12.9,41.89,49.49,0,76.59,53.69,1.13,-0.08681464625846298,33.06,66.5,4.18,65.35,1.95,66.03,3.07,POS+CHROM,22.899,524.3452,-22.899,10.092,101.8414,-10.092,11.246,126.4685,-11.246,10.563,111.5729,-10.563
4179,before,4179_before_clip_0001,ok,150,96.0,67.0,12.9,15.72,80.55,0,77.13,53.71,1.12,-0.05383557997270601,32.68,74.61,2.49,77.17,2.32,75.87,2.4,POS+CHROM,23.416,548.316,-23.416,2.516,6.3326,-2.516,0.049,0.0024,0.049,1.252,1.5678,-1.252
4179,before,4179_before_clip_0002,ok,150,96.0,67.0,12.9,39.06,60.49,0,119.82,53.55,1.2,-0.051253083055193126,32.98,84.37,1.63,83.44,1.98,83.89,1.81,POS+CHROM,66.271,4391.821,-66.271,35.45,1256.6852,-35.45,36.373,1323.0295,-36.373,35.925,1290.5883,-35.925
4182,after,4182_after_clip_0000,ok,150,114.0,66.0,13.5,3.89,95.29,0,111.55,53.41,1.12,-0.0763970945221046,31.94,78.14,3.0,80.41,-1.13,78.9,0.93,POS+CHROM,58.141,3380.3777,-58.141,33.411,1116.3008,-33.411,31.138,969.5635,-31.138,32.651,1066.0839,-32.651
4182,after,4182_after_clip_0001,ok,150,114.0,66.0,13.5,15.19,83.57,0,108.68,53.35,1.21,0.09198395143423106,31.78,83.34,3.77,83.69,1.19,83.48,2.48,POS+CHROM,55.325,3060.8082,-55.325,25.333,641.7794,-25.333,24.986,624.3067,-24.986,25.197,634.8665,-25.197
4182,after,4182_after_clip_0002,ok,150,114.0,66.0,13.5,16.89,79.47,0,114.72,53.47,1.18,0.046753982337465284,31.78,91.41,2.38,118.03,-1.58,84.0,0.66,POS+CHROM+DEEP,61.254,3752.1117,-61.254,23.306,543.1842,-23.306,3.312,10.9692,3.312,30.725,943.9958,-30.725
4182,before,4182_before_clip_0000,ok,150,106.0,66.0,13.5,5.7,90.2,0,75.22,53.63,1.19,-0.027129995267682422,32.24,83.21,4.46,82.31,2.55,82.83,3.5,POS+CHROM,21.59,466.1136,-21.59,7.992,63.8765,7.992,7.094,50.3213,7.094,7.614,57.973,7.614
4182,before,4182_before_clip_0001,ok,150,106.0,66.0,13.5,9.39,88.16,0,104.2,53.52,1.22,0.18380055998081193,31.81,81.99,2.86,83.56,3.11,82.79,2.98,POS+CHROM,50.682,2568.624,-50.682,22.211,493.309,-22.211,20.643,426.1438,-20.643,21.411,458.4303,-21.411
4182,before,4182_before_clip_0002,ok,150,106.0,66.0,13.5,43.16,50.65,0,128.48,53.47,1.03,-0.04695921591095399,31.78,78.97,2.91,79.02,0.69,78.99,1.8,POS+CHROM,75.011,5626.5952,-75.011,49.503,2450.5682,-49.503,49.457,2446.0027,-49.457,49.484,2448.7024,-49.484
4187,after,4187_after_clip_0000,ok,150,112.0,79.0,13.2,34.02,56.62,0,71.39,54.43,1.25,0.012125476357399367,33.05,81.63,0.77,60.99,-0.17,57.32,0.54,CHROM+DEEP,16.96,287.6558,-16.96,10.245,104.9597,10.245,10.4,108.1639,-10.4,14.068,197.9101,-14.068
4187,after,4187_after_clip_0001,ok,150,112.0,79.0,13.2,14.97,81.28,0,86.02,54.42,1.15,-0.2061106085716218,33.31,56.42,-1.49,121.11,-7.06,55.2,-0.17,POS+DEEP,31.605,998.8708,-31.605,29.603,876.3089,-29.603,35.089,1231.2268,35.089,30.821,949.9233,-30.821
4187,after,4187_after_clip_0002,ok,150,112.0,79.0,13.2,17.27,71.97,0,69.38,54.7,1.22,0.05494846861913584,33.28,68.11,3.2,65.14,3.37,66.61,3.28,POS+CHROM,14.686,215.6718,-14.686,1.272,1.6189,-1.272,4.241,17.9896,-4.241,2.777,7.7143,-2.777
4187,before,4187_before_clip_0000,ok,150,112.0,79.0,13.2,32.89,58.45,0,85.07,54.51,1.26,-0.1210473233886378,33.28,82.6,-1.27,89.5,-1.74,85.91,-1.51,POS+CHROM,30.563,934.1028,-30.563,2.474,6.1196,-2.474,4.425,19.5789,4.425,0.839,0.7038,0.839
4187,before,4187_before_clip_0001,ok,150,112.0,79.0,13.2,4.95,78.43,0,103.56,54.48,1.25,-0.015401758712283739,33.29,114.98,-1.88,116.24,-1.29,115.64,-1.58,POS+CHROM,49.077,2408.5228,-49.077,11.421,130.4497,11.421,12.678,160.7415,12.678,12.081,145.9509,12.081
4187,before,4187_before_clip_0002,ok,150,112.0,79.0,13.2,2.89,82.44,0,84.55,54.47,1.24,0.14024395551956348,33.29,71.95,2.21,70.97,1.27,71.5,1.74,POS+CHROM,30.072,904.3316,-30.072,12.595,158.6395,-12.595,13.578,184.369,-13.578,13.048,170.2598,-13.048
4211,after,4211_after_clip_0000,ok,150,130.0,76.0,16.1,55.76,36.76,0,68.25,54.64,1.25,0.110719894290144,32.99,108.08,0.41,106.66,1.47,107.31,0.94,POS+CHROM,13.606,185.1178,-13.606,39.833,1586.6621,39.833,38.41,1475.3126,38.41,39.059,1525.5829,39.059
4211,after,4211_after_clip_0001,ok,150,130.0,76.0,16.1,52.05,20.81,1,72.54,54.13,1.41,-0.0331027800498035,32.2,108.48,-1.03,107.83,-1.87,108.18,-1.45,POS+CHROM,18.404,338.7053,-18.404,35.94,1291.7025,35.94,35.294,1245.6873,35.294,35.64,1270.1947,35.64
4211,after,4211_after_clip_0002,ok,150,130.0,76.0,16.1,32.81,13.68,0,69.68,53.55,0.88,-0.13970339028766712,34.37,105.87,-3.84,70.6,-0.1,70.18,-1.02,POS+CHROM+DEEP,16.127,260.0917,-16.127,36.19,1309.733,36.19,0.921,0.8481,0.921,0.499,0.2491,0.499
4211,before,4211_before_clip_0000,ok,150,113.0,72.0,16.1,2.98,96.57,0,111.0,53.99,1.19,-0.10725377733242594,32.65,70.78,4.75,70.29,0.61,70.62,2.68,POS+CHROM,57.006,3249.6344,-57.006,40.211,1616.9642,-40.211,40.709,1657.2448,-40.709,40.378,1630.3652,-40.378
4211,before,4211_before_clip_0001,ok,150,113.0,72.0,16.1,5.87,92.98,0,135.5,54.07,1.21,0.09487262178195738,32.66,79.08,-2.89,77.96,-1.64,78.47,-2.27,POS+CHROM,81.427,6630.2996,-81.427,56.414,3182.5237,-56.414,57.534,3310.1342,-57.534,57.032,3252.6283,-57.032
4211,before,4211_before_clip_0002,ok,150,113.0,72.0,16.1,14.75,79.3,0,73.5,53.86,1.05,-0.026208435930452842,33.0,63.16,-1.44,52.51,1.85,53.14,1.45,CHROM+DEEP,19.643,385.835,-19.643,10.343,106.9779,-10.343,20.998,440.9088,-20.998,20.366,414.7665,-20.366
4225,after,4225_after_clip_0000,ok,150,142.0,93.0,13.9,45.14,44.72,0,68.26,54.23,1.36,-0.18319724587030856,36.82,128.07,-3.42,54.65,3.72,54.48,2.54,CHROM+DEEP,14.025,196.712,-14.025,59.819,3578.2673,59.819,13.607,185.1518,-13.607,13.776,189.7709,-13.776
4225,after,4225_after_clip_0001,ok,150,142.0,93.0,13.9,52.73,43.16,0,102.5,52.99,0.6,-0.032301768541626065,34.1,108.67,-2.31,106.76,-1.85,107.68,-2.08,POS+CHROM,49.506,2450.8503,-49.506,6.173,38.1036,6.173,4.267,18.208,4.267,5.184,26.8704,5.184
4225,after,4225_after_clip_0002,ok,150,142.0,93.0,13.9,56.86,41.13,0,126.41,53.91,1.6,0.13504594311512336,36.51,60.72,-0.33,88.56,-1.58,56.77,0.64,POS+DEEP,72.505,5256.9789,-72.505,65.697,4316.128,-65.697,37.853,1432.8354,-37.853,69.643,4850.1947,-69.643
4225,before,4225_before_clip_0000,ok,150,127.0,93.0,13.9,23.5,74.98,0,67.47,54.12,1.27,0.021237164604077183,34.18,130.94,-1.47,136.45,-3.77,133.18,-2.62,POS+CHROM,13.347,178.15,-13.347,63.472,4028.7198,63.472,68.979,4758.098,68.979,65.705,4317.1831,65.705
4225,before,4225_before_clip_0001,ok,150,127.0,93.0,13.9,10.33,88.46,0,115.78,53.95,1.25,-0.10974368964423652,32.82,92.37,3.43,94.97,1.58,93.47,2.5,POS+CHROM,61.832,3823.2356,-61.832,23.413,548.1658,-23.413,20.817,433.3295,-20.817,22.314,497.9034,-22.314
4225,before,4225_before_clip_0002,ok,150,127.0,93.0,13.9,6.13,93.45,0,112.5,53.99,1.17,-0.2602383918565216,32.97,86.02,-2.36,91.28,-2.76,88.57,-2.56,POS+CHROM,58.509,3423.2749,-58.509,26.48,701.1768,-26.48,21.218,450.2229,-21.218,23.935,572.8991,-23.935
4249,after,4249_after_clip_0000,ok,150,140.0,70.0,13.6,4.39,93.85,0,112.4,53.73,0.89,-0.016956743101755226,34.3,119.17,0.65,116.57,-1.94,118.15,-0.65,POS+CHROM,58.665,3441.5941,-58.665,6.777,45.9333,6.777,4.177,17.4457,4.177,5.754,33.1051,5.754
4249,after,4249_after_clip_0001,ok,150,140.0,70.0,13.6,1.38,98.19,0,120.06,53.86,0.95,0.11016706844032087,33.16,92.2,-2.82,69.39,-2.57,67.79,-1.48,POS+CHROM+DEEP,66.193,4381.4542,-66.193,27.859,776.11,-27.859,50.662,2566.6312,-50.662,52.269,2732.0103,-52.269
4249,after,4249_after_clip_0002,ok,150,140.0,70.0,13.6,4.21,94.45,0,79.37,53.65,0.9,0.01426469266322982,33.55,123.56,-0.98,124.77,0.6,124.24,-0.19,POS+CHROM,25.721,661.5549,-25.721,44.185,1952.3441,44.185,45.396,2060.8011,45.396,44.87,2013.3301,44.87
4249,before,4249_before_clip_0000,ok,150,130.0,65.0,13.6,14.2,83.61,0,98.76,53.78,0.92,-0.034644256636542775,34.24,86.33,-1.85,86.87,-2.04,86.6,-1.94,POS+CHROM,44.982,2023.3969,-44.982,12.426,154.3989,-12.426,11.892,141.4129,-11.892,12.163,147.9349,-12.163
4249,before,4249_before_clip_0001,ok,150,130.0,65.0,13.6,15.59,81.71,0,98.98,53.7,0.92,-0.0707550257105018,33.5,71.66,-1.63,94.13,-2.57,69.21,-1.09,POS+CHROM+DEEP,45.277,2050.007,-45.277,27.32,746.3601,-27.32,4.841,23.4352,-4.841,29.761,885.7366,-29.761
4249,before,4249_before_clip_0002,ok,150,130.0,65.0,13.6,12.27,84.18,0,88.77,53.73,0.91,0.08305680748770068,33.08,62.18,1.93,61.6,1.15,59.37,1.33,POS+CHROM+DEEP,35.048,1228.3922,-35.048,26.592,707.1537,-26.592,27.179,738.6948,-27.179,29.405,864.6332,-29.405
4256,after,4256_after_clip_0000,ok,150,132.0,79.0,15.8,1.57,95.72,0,113.8,53.55,1.3,-0.07214224323797139,31.77,79.39,2.29,81.51,1.5,80.38,1.9,POS+CHROM,60.249,3629.9329,-60.249,34.407,1183.857,-34.407,32.287,1042.4247,-32.287,33.416,1116.6282,-33.416
4256,after,4256_after_clip_0001,ok,150,132.0,79.0,15.8,4.55,92.52,0,70.1,53.52,1.27,0.007672960996015739,32.14,74.69,3.53,74.05,2.02,74.41,2.77,POS+CHROM,16.58,274.8954,-16.58,4.595,21.1177,4.595,3.95,15.6017,3.95,4.313,18.6011,4.313
4256,after,4256_after_clip_0002,ok,150,132.0,79.0,15.8,2.95,96.09,0,64.75,53.55,1.31,0.026133839015838156,31.76,76.18,5.83,75.99,5.17,76.09,5.5,POS+CHROM,11.205,125.548,-11.205,11.426,130.5638,11.426,11.237,126.2772,11.237,11.337,128.5283,11.337
4256,before,4256_before_clip_0000,ok,150,136.0,66.0,15.8,19.81,72.53,0,88.04,53.75,1.17,-0.055594243497132836,33.07,77.36,3.8,93.62,-0.41,74.01,1.52,POS+CHROM+DEEP,34.295,1176.1531,-34.295,10.686,114.1818,-10.686,5.572,31.0441,5.572,14.032,196.9088,-14.032
4256,before,4256_before_clip_0001,ok,150,136.0,66.0,15.8,14.61,76.35,0,71.78,53.63,1.19,0.03317023275281185,32.66,81.99,4.34,83.92,2.68,82.82,3.51,POS+CHROM,18.158,329.7223,-18.158,10.204,104.1124,10.204,12.137,147.3057,12.137,11.037,121.826,11.037
4256,before,4256_before_clip_0002,ok,150,136.0,66.0,15.8,9.96,84.99,0,123.3,53.83,1.23,-0.014745469986978272,32.6,85.96,0.87,86.92,-2.1,86.32,-0.61,POS+CHROM,69.478,4827.1267,-69.478,37.346,1394.7329,-37.346,36.38,1323.5237,-36.38,36.981,1367.5628,-36.981
4264,after,4264_after_clip_0000,ok,150,161.0,91.0,12.4,66.02,30.37,0,110.27,53.69,1.24,-0.23484420892928007,32.5,96.18,0.77,95.95,-1.35,96.08,-0.29,POS+CHROM,56.58,3201.3158,-56.58,14.091,198.5581,-14.091,14.322,205.1093,-14.322,14.186,201.2476,-14.186
4264,after,4264_after_clip_0001,ok,150,161.0,91.0,12.4,52.35,20.73,1,65.06,53.55,1.18,-0.33738069923741826,32.19,99.51,-1.04,94.48,-1.17,97.02,-1.1,POS+CHROM,11.507,132.4085,-11.507,34.452,1186.9174,34.452,29.42,865.5539,29.42,31.963,1021.6546,31.963
4264,after,4264_after_clip_0002,ok,150,161.0,91.0,12.4,52.66,34.89,0,79.11,53.71,1.13,0.2715912016783407,32.22,109.76,-0.49,112.54,1.04,111.33,0.28,POS+CHROM,25.405,645.4293,-25.405,30.653,939.5783,30.653,33.432,1117.6715,33.432,32.219,1038.0774,32.219
4264,before,4264_before_clip_0000,ok,150,128.0,66.0,12.4,36.56,57.78,0,117.15,53.54,1.34,0.14678850368386423,31.19,77.83,2.46,77.01,3.36,77.39,2.91,POS+CHROM,63.615,4046.827,-63.615,39.319,1545.9652,-39.319,40.135,1610.8513,-40.135,39.758,1580.6667,-39.758
4264,before,4264_before_clip_0001,ok,150,128.0,66.0,12.4,52.7,35.85,0,103.81,53.54,1.3,0.23959232331457975,31.59,101.94,-2.22,101.53,-0.27,101.7,-1.24,POS+CHROM,50.264,2526.4718,-50.264,1.868,3.4902,-1.868,2.275,5.175,-2.275,2.104,4.428,-2.104
4264,before,4264_before_clip_0002,ok,150,128.0,66.0,12.4,50.92,43.6,0,93.55,53.6,1.31,0.14655953720733472,31.64,56.33,2.09,55.48,-0.79,55.16,0.87,POS+CHROM+DEEP,39.952,1596.1846,-39.952,37.222,1385.461,-37.222,38.07,1449.3495,-38.07,38.393,1474.0064,-38.393
4295,after,4295_after_clip_0000,ok,150,124.0,83.0,13.9,19.32,23.39,0,87.34,54.59,2.15,0.19899092744154975,36.12,103.27,0.45,103.28,-1.98,103.27,-0.77,POS+CHROM,32.75,1072.5357,-32.75,15.922,253.5229,15.922,15.934,253.8977,15.934,15.927,253.6729,15.927
4295,after,4295_after_clip_0001,ok,150,124.0,83.0,13.9,34.57,38.43,0,87.95,54.18,1.29,-0.2707659749398046,32.4,113.12,-2.29,115.49,-3.46,114.19,-2.87,POS+CHROM,33.768,1140.2926,-33.768,25.168,633.4473,25.168,27.536,758.2529,27.536,26.237,688.3826,26.237
4295,after,4295_after_clip_0002,ok,150,124.0,83.0,13.9,47.34,19.3,0,89.03,53.83,0.67,0.08268678284644769,32.05,116.18,-2.74,114.22,1.08,114.9,-0.83,POS+CHROM,35.197,1238.832,-35.197,27.151,737.1681,27.151,25.191,634.5922,25.191,25.869,669.2239,25.869
4295,before,4295_before_clip_0000,ok,150,100.0,59.0,13.9,18.7,77.11,0,111.57,54.38,1.09,0.023867018476669603,30.79,85.2,-2.09,83.73,-1.62,84.44,-1.86,POS+CHROM,57.191,3270.833,-57.191,26.374,695.5941,-26.374,27.841,775.1,-27.841,27.136,736.3653,-27.136
4295,before,4295_before_clip_0001,ok,150,100.0,59.0,13.9,5.83,83.82,0,116.15,54.13,1.28,-0.044236994445927345,32.89,84.52,-0.42,82.88,0.58,83.63,0.08,POS+CHROM,62.014,3845.7002,-62.014,31.625,1000.1167,-31.625,33.269,1106.8526,-33.269,32.515,1057.246,-32.515
4295,before,4295_before_clip_0002,ok,150,100.0,59.0,13.9,14.13,79.88,0,115.58,54.32,0.75,-0.013372487946272124,33.79,78.8,3.28,78.79,3.51,78.79,3.4,POS+CHROM,61.256,3752.238,-61.256,36.782,1352.8835,-36.782,36.783,1352.9841,-36.783,36.782,1352.9347,-36.782
4307,after,4307_after_clip_0000,ok,150,116.0,75.0,11.5,44.09,30.29,0,78.28,53.27,1.38,-0.02689721311844678,30.48,99.46,2.9,102.85,-1.97,100.51,0.47,POS+CHROM,25.014,625.7105,-25.014,21.183,448.7196,21.183,24.573,603.8414,24.573,22.226,493.9991,22.226
4307,after,4307_after_clip_0001,ok,150,116.0,75.0,11.5,10.94,79.06,0,100.97,53.05,1.38,0.12134784964525262,30.85,94.35,5.01,92.79,1.37,93.8,3.19,POS+CHROM,47.919,2296.2758,-47.919,6.616,43.7763,-6.616,8.179,66.8949,-8.179,7.168,51.3762,-7.168
4307,after,4307_after_clip_0002,ok,150,116.0,75.0,11.5,38.9,49.09,0,97.28,53.21,1.41,0.20077845454085103,30.46,81.22,2.41,82.76,0.93,81.89,1.67,POS+CHROM,44.065,1941.6877,-44.065,16.061,257.9566,-16.061,14.52,210.8216,-14.52,15.385,236.6855,-15.385
4307,before,4307_before_clip_0000,ok,150,104.0,73.0,11.5,41.1,19.54,0,74.08,53.53,1.32,-0.09066372665607457,32.03,135.36,-1.8,77.65,-0.13,81.94,-0.21,POS+CHROM+DEEP,20.548,422.2016,-20.548,61.278,3754.9394,61.278,3.571,12.7546,3.571,7.856,61.716,7.856
4307,before,4307_before_clip_0001,ok,150,104.0,73.0,11.5,41.5,21.35,0,73.94,53.51,1.29,0.05000921483982075,32.06,100.24,-2.34,102.59,-4.04,101.25,-3.19,POS+CHROM,20.428,417.301,-20.428,26.304,691.9179,26.304,28.648,820.7041,28.648,27.311,745.8954,27.311
4307,before,4307_before_clip_0002,ok,150,104.0,73.0,11.5,12.32,73.3,0,57.1,53.55,1.29,0.04137492387613763,32.07,94.68,-6.0,89.42,-3.9,91.59,-4.95,POS+CHROM,3.546,12.5771,-3.546,37.577,1411.9957,37.577,32.316,1044.3551,32.316,34.491,1189.6363,34.491
4311,after,4311_after_clip_0000,ok,150,115.0,68.0,11.2,7.15,81.62,0,90.13,53.64,1.23,0.09699455657037853,32.93,76.92,5.32,77.7,3.35,77.25,4.33,POS+CHROM,36.493,1331.725,-36.493,13.212,174.569,-13.212,12.427,154.4371,-12.427,12.884,165.9958,-12.884
4311,after,4311_after_clip_0001,ok,150,115.0,68.0,11.2,15.63,82.58,0,81.28,53.66,1.24,0.06406477870570643,32.92,78.01,4.01,77.91,1.54,77.97,2.78,POS+CHROM,27.621,762.908,-27.621,3.268,10.6813,-3.268,3.376,11.3994,-3.376,3.311,10.9649,-3.311
4311,after,4311_after_clip_0002,ok,150,115.0,68.0,11.2,12.87,81.53,0,109.31,53.67,1.26,-0.0913010050367349,32.53,80.47,2.23,67.03,-1.65,67.91,0.61,POS+CHROM+DEEP,55.641,3095.8922,-55.641,28.839,831.7106,-28.839,42.276,1787.2569,-42.276,41.401,1714.0495,-41.401
4311,before,4311_before_clip_0000,ok,150,112.0,70.0,11.2,24.43,66.86,0,105.63,53.62,1.26,-0.032073543846121044,32.89,57.85,5.03,58.04,3.41,56.93,3.23,POS+CHROM+DEEP,52.008,2704.8615,-52.008,47.78,2282.9185,-47.78,47.589,2264.7305,-47.589,48.698,2371.4952,-48.698
4311,before,4311_before_clip_0001,ok,150,112.0,70.0,11.2,8.92,88.19,0,117.13,53.6,1.22,-0.12120557880741561,32.91,74.76,-2.96,82.32,-2.68,78.63,-2.82,POS+CHROM,63.536,4036.8741,-63.536,42.375,1795.6443,-42.375,34.809,1211.6673,-34.809,38.503,1482.4502,-38.503
4311,before,4311_before_clip_0002,ok,150,112.0,70.0,11.2,21.37,74.1,0,119.14,53.62,1.26,0.05530038846284567,32.88,75.0,2.13,67.45,-0.6,72.07,0.76,POS+CHROM,65.524,4293.4599,-65.524,44.142,1948.5394,-44.142,51.692,2672.0864,-51.692,47.074,2215.9374,-47.074
4312,after,4312_after_clip_0000,ok,150,127.0,72.0,13.2,20.2,78.42,0,83.5,53.71,1.1,0.05150991405742194,32.3,84.51,5.39,83.86,4.35,84.21,4.87,POS+CHROM,29.791,887.5273,-29.791,1.008,1.0153,1.008,0.361,0.1305,0.361,0.712,0.5076,0.712
4312,after,4312_after_clip_0001,ok,150,127.0,72.0,13.2,20.48,78.4,0,108.08,53.64,1.17,-0.13845102759226863,32.15,87.2,5.61,88.28,5.38,87.73,5.5,POS+CHROM,54.444,2964.1253,-54.444,20.883,436.0811,-20.883,19.796,391.872,-19.796,20.349,414.089,-20.349
4312,after,4312_after_clip_0002,ok,150,127.0,72.0,13.2,24.65,74.17,0,123.07,53.7,1.17,-0.07356788571160194,31.75,88.05,5.5,86.92,3.8,87.56,4.65,POS+CHROM,69.374,4812.809,-69.374,35.028,1226.9364,-35.028,36.153,1307.0624,-36.153,35.511,1261.0344,-35.511
4312,before,4312_before_clip_0000,ok,150,113.0,69.0,13.2,12.79,84.83,0,110.26,54.39,1.75,-0.011423706892472841,36.63,74.26,-1.15,65.72,-1.84,62.92,-0.41,POS+CHROM+DEEP,55.867,3121.0722,-55.867,35.999,1295.896,-35.999,44.533,1983.1604,-44.533,47.334,2240.4974,-47.334
4312,before,4312_before_clip_0001,ok,150,113.0,69.0,13.2,18.62,79.16,0,99.95,53.75,1.02,-0.006784254853690398,34.01,59.03,5.18,58.76,3.25,57.76,3.15,POS+CHROM+DEEP,46.196,2134.0661,-46.196,40.915,1674.0123,-40.915,41.188,1696.4475,-41.188,42.19,1780.0342,-42.19
4312,before,4312_before_clip_0002,ok,150,113.0,69.0,13.2,9.31,89.44,0,114.09,53.42,0.87,0.0021798685982892542,33.48,100.1,-1.77,86.03,2.26,77.92,0.45,POS+CHROM+DEEP,60.672,3681.0413,-60.672,13.991,195.7504,-13.991,28.054,787.023,-28.054,36.172,1308.4097,-36.172
4321,after,4321_after_clip_0000,ok,150,113.0,71.0,13.7,2.77,96.13,0,91.17,53.94,1.19,0.0942869406518287,33.34,84.38,-0.36,84.05,-0.35,84.22,-0.35,POS+CHROM,37.226,1385.8,-37.226,6.782,45.9977,-6.782,7.116,50.6422,-7.116,6.949,48.2922,-6.949
4321,after,4321_after_clip_0001,ok,150,113.0,71.0,13.7,5.07,94.71,0,95.97,53.77,0.98,-0.01986525064921953,33.36,68.89,1.69,72.45,-1.77,70.17,-0.04,POS+CHROM,42.202,1781.0404,-42.202,27.077,733.1775,-27.077,23.525,553.4062,-23.525,25.799,665.6043,-25.799
4321,after,4321_after_clip_0002,ok,150,113.0,71.0,13.7,4.76,94.19,0,113.14,53.88,0.99,0.08891008604018062,33.37,72.27,3.96,71.69,3.16,72.0,3.56,POS+CHROM,59.259,3511.6031,-59.259,40.87,1670.3505,-40.87,41.455,1718.5525,-41.455,41.143,1692.7654,-41.143
4321,before,4321_before_clip_0000,ok,150,120.0,78.0,13.7,4.59,94.73,0,90.04,53.6,0.56,0.02619973771755511,36.37,73.23,4.01,74.39,5.12,73.87,4.57,POS+CHROM,36.436,1327.5859,-36.436,16.801,282.2783,-16.801,15.641,244.6359,-15.641,16.167,261.3832,-16.167
4321,before,4321_before_clip_0001,ok,150,120.0,78.0,13.7,2.43,97.05,0,115.95,53.86,0.69,-0.051164851893262066,34.96,75.22,2.66,75.44,4.42,75.34,3.54,POS+CHROM,62.087,3854.8071,-62.087,40.731,1658.9952,-40.731,40.509,1641.0179,-40.509,40.604,1648.6801,-40.604
4321,before,4321_before_clip_0002,ok,150,120.0,78.0,13.7,7.88,90.69,0,125.56,54.65,1.77,0.04013326316351591,36.69,101.49,-2.71,69.05,-1.82,69.53,-0.92,POS+CHROM+DEEP,70.906,5027.6901,-70.906,24.066,579.1835,-24.066,56.506,3192.9532,-56.506,56.027,3139.0703,-56.027
4322,after,4322_after_clip_0000,ok,150,127.0,84.0,14.6,31.26,67.34,0,92.31,53.08,1.42,0.030513001050329655,30.63,92.16,3.74,90.28,2.96,91.28,3.35,POS+CHROM,39.231,1539.043,-39.231,0.151,0.0227,-0.151,2.033,4.1311,-2.033,1.031,1.062,-1.031
4322,after,4322_after_clip_0001,ok,150,127.0,84.0,14.6,9.86,86.71,0,97.74,53.31,1.46,-0.08844571591630634,30.59,90.66,0.49,92.38,-1.16,91.4,-0.33,POS+CHROM,44.431,1974.1095,-44.431,7.082,50.1576,-7.082,5.365,28.7793,-5.365,6.341,40.2025,-6.341
4322,after,4322_after_clip_0002,ok,150,127.0,84.0,14.6,19.12,79.65,0,113.52,53.21,1.44,0.06556159417000598,30.6,72.0,4.28,71.88,3.34,71.94,3.81,POS+CHROM,60.312,3637.5165,-60.312,41.527,1724.5269,-41.527,41.645,1734.3406,-41.645,41.582,1729.0465,-41.582
4322,before,4322_before_clip_0000,ok,150,118.0,84.0,14.6,25.85,72.45,0,105.01,53.53,1.35,0.4100517675143783,31.97,69.07,2.57,66.62,0.81,68.02,1.69,POS+CHROM,51.474,2649.5971,-51.474,35.942,1291.8121,-35.942,38.384,1473.3508,-38.384,36.985,1367.9063,-36.985
4322,before,4322_before_clip_0001,ok,150,118.0,84.0,14.6,39.35,57.64,0,109.27,53.5,1.33,-0.26501504399271825,31.97,69.16,6.32,69.58,4.65,69.34,5.48,POS+CHROM,55.771,3110.4063,-55.771,40.111,1608.9096,-40.111,39.691,1575.3536,-39.691,39.93,1594.4126,-39.93
4322,before,4322_before_clip_0002,ok,150,118.0,84.0,14.6,31.61,65.09,0,97.76,53.53,1.37,-0.05051932417164856,31.65,79.66,2.66,80.65,-0.61,80.02,1.02,POS+CHROM,44.23,1956.2831,-44.23,18.107,327.848,-18.107,17.116,292.9616,-17.116,17.743,314.8093,-17.743
4332,after,4332_after_clip_0000,ok,150,116.0,67.0,12.7,13.32,86.35,0,111.94,53.76,0.98,-0.037427936697731666,32.87,82.87,1.1,75.98,0.11,79.71,0.6,POS+CHROM,58.184,3385.3249,-58.184,29.064,844.7437,-29.064,35.958,1293.0076,-35.958,32.228,1038.6667,-32.228
4332,after,4332_after_clip_0001,ok,150,116.0,67.0,12.7,22.43,61.06,0,79.2,53.74,1.02,-0.22346441799488775,33.27,107.84,0.62,108.03,1.47,107.94,1.05,POS+CHROM,25.46,648.2279,-25.46,28.633,819.8201,28.633,28.829,831.0994,28.829,28.738,825.8522,28.738
4332,after,4332_after_clip_0002,ok,150,116.0,67.0,12.7,33.59,42.57,0,108.87,53.84,1.01,-0.29348650086920014,33.25,98.84,0.2,106.5,-0.43,102.47,-0.12,POS+CHROM,55.035,3028.8875,-55.035,10.031,100.6152,-10.031,2.37,5.6178,-2.37,6.401,40.9686,-6.401
4332,before,4332_before_clip_0000,ok,150,108.0,68.0,12.7,5.96,93.06,0,77.28,53.73,1.01,0.08678612554254324,33.2,92.11,-0.3,91.16,-0.44,91.64,-0.37,POS+CHROM,23.552,554.7039,-23.552,14.827,219.8473,14.827,13.877,192.5805,13.877,14.358,206.1494,14.358
4332,before,4332_before_clip_0001,ok,150,108.0,68.0,12.7,50.84,47.51,0,98.99,53.82,1.0,0.11709024570583786,32.84,79.82,0.27,79.41,1.1,79.6,0.69,POS+CHROM,45.174,2040.7349,-45.174,19.171,367.5364,-19.171,19.576,383.2265,-19.576,19.388,375.882,-19.388
4332,before,4332_before_clip_0002,ok,150,108.0,68.0,12.7,11.44,87.18,0,66.52,53.85,1.04,0.09242798223991736,33.2,83.77,-1.5,60.2,-2.29,56.17,-0.63,CHROM+DEEP,12.665,160.3992,-12.665,17.256,297.756,17.256,6.315,39.8754,-6.315,10.348,107.0901,-10.348
4354,after,4354_after_clip_0000,ok,150,132.0,76.0,12.6,11.98,84.61,0,112.31,53.46,1.15,0.010437887711072989,31.61,77.08,-1.26,103.22,-2.56,72.76,-0.89,POS+CHROM+DEEP,58.852,3463.5438,-58.852,35.23,1241.1474,-35.23,9.087,82.5808,-9.087,39.551,1564.2818,-39.551
4354,after,4354_after_clip_0001,ok,150,132.0,76.0,12.6,2.03,97.29,0,100.79,53.47,1.12,0.021617507770115323,32.03,87.17,1.21,87.26,1.19,87.22,1.2,POS+CHROM,47.326,2239.7049,-47.326,13.622,185.5601,-13.622,13.528,182.9936,-13.528,13.575,184.2766,-13.575
4354,after,4354_after_clip_0002,ok,150,132.0,76.0,12.6,6.47,93.31,0,119.66,53.51,1.27,0.0010613057152614588,32.19,87.38,-1.51,86.3,0.51,86.75,-0.5,POS+CHROM,66.156,4376.5639,-66.156,32.28,1042.0145,-32.28,33.359,1112.8331,-33.359,32.91,1083.0628,-32.91
4354,before,4354_before_clip_0000,ok,150,107.0,73.0,12.6,7.12,91.54,0,62.36,53.95,1.25,0.12888009411220283,33.06,56.97,-1.81,84.75,-3.0,55.08,-0.28,POS+DEEP,8.407,70.6817,-8.407,5.391,29.0616,-5.391,22.392,501.412,22.392,7.276,52.9401,-7.276
4354,before,4354_before_clip_0001,ok,150,107.0,73.0,12.6,33.13,54.42,0,130.64,53.98,1.26,-0.11192092127599959,33.22,99.55,-2.67,111.13,2.15,87.56,0.25,POS+CHROM+DEEP,76.661,5876.9016,-76.661,31.087,966.4288,-31.087,19.51,380.6405,-19.51,43.079,1855.8046,-43.079
4354,before,4354_before_clip_0002,ok,150,107.0,73.0,12.6,28.26,53.77,0,94.25,53.8,0.85,0.053732639161269566,32.87,95.0,1.29,97.38,1.83,96.24,1.56,POS+CHROM,40.444,1635.737,-40.444,0.751,0.5642,0.751,3.134,9.8218,3.134,1.996,3.9844,1.996
4356,after,4356_after_clip_0000,ok,150,114.0,73.0,10.8,11.19,87.64,0,79.49,52.88,1.3,-0.09586563259682593,31.34,92.74,0.2,92.03,-1.25,92.43,-0.53,POS+CHROM,26.612,708.2217,-26.612,13.243,175.3657,13.243,12.535,157.1178,12.535,12.931,167.2174,12.931
4356,after,4356_after_clip_0001,ok,150,114.0,73.0,10.8,16.33,77.52,0,117.85,53.02,1.31,-0.11373069824299722,31.28,60.97,-3.87,61.11,-2.87,56.87,-1.81,POS+CHROM+DEEP,64.822,4201.8783,-64.822,56.871,3234.3408,-56.871,56.733,3218.6409,-56.733,60.978,3718.2873,-60.978
4356,after,4356_after_clip_0002,ok,150,114.0,73.0,10.8,40.98,38.44,0,90.16,53.19,1.56,0.0700464322551931,31.3,95.25,2.58,95.18,1.14,95.22,1.86,POS+CHROM,36.972,1366.9333,-36.972,5.09,25.9104,5.09,5.018,25.1846,5.018,5.059,25.5896,5.059
4356,before,4356_before_clip_0000,ok,150,109.0,68.0,10.8,34.01,18.98,0,80.13,53.56,1.2,0.16231638789636246,33.29,105.69,-0.81,106.32,-0.43,106.01,-0.62,POS+CHROM,26.575,706.2223,-26.575,25.557,653.1794,25.557,26.186,685.6814,26.186,25.881,669.8497,25.881
4356,before,4356_before_clip_0001,ok,150,109.0,68.0,10.8,81.09,14.97,1,91.43,53.52,1.25,-0.24889275311274042,33.26,112.77,-1.45,92.03,-0.11,81.66,-0.1,POS+CHROM+DEEP,37.903,1436.6065,-37.903,21.344,455.5535,21.344,0.608,0.37,0.608,9.766,95.3827,-9.766
4356,before,4356_before_clip_0002,ok,150,109.0,68.0,10.8,54.25,15.28,1,105.38,53.61,1.27,0.09015460943454895,32.48,97.02,1.09,97.94,-2.09,97.36,-0.5,POS+CHROM,51.771,2680.2514,-51.771,8.359,69.8716,-8.359,7.442,55.3812,-7.442,8.019,64.3093,-8.019
4397,after,4397_after_clip_0000,ok,150,124.0,69.0,14.8,60.42,34.63,0,88.59,53.88,1.06,-0.03880996303959807,32.06,101.97,-0.73,103.23,1.38,102.71,0.32,POS+CHROM,34.713,1204.992,-34.713,13.378,178.9812,13.378,14.636,214.208,14.636,14.116,199.2691,14.116
4397,after,4397_after_clip_0001,ok,150,124.0,69.0,14.8,5.05,93.75,0,74.29,53.82,1.11,0.0870040398194081,32.43,102.52,2.43,99.39,2.46,100.95,2.45,POS+CHROM,20.474,419.2048,-20.474,28.224,796.591,28.224,25.098,629.93,25.098,26.657,710.5825,26.657
4397,after,4397_after_clip_0002,ok,150,124.0,69.0,14.8,4.12,93.96,0,93.78,53.81,1.06,0.10620090494038084,32.47,100.63,-1.1,118.78,-2.94,83.66,-0.99,POS+CHROM+DEEP,39.968,1597.4597,-39.968,6.849,46.9099,6.849,24.999,624.934,24.999,10.12,102.4082,-10.12
4397,before,4397_before_clip_0000,ok,150,118.0,67.0,14.8,7.71,90.87,0,100.05,54.05,1.29,-0.02081048341267084,32.37,76.54,-1.05,81.13,-1.6,78.73,-1.33,POS+CHROM,46.001,2116.0747,-46.001,23.514,552.926,-23.514,18.927,358.2292,-18.927,21.325,454.7483,-21.325
4397,before,4397_before_clip_0001,ok,150,118.0,67.0,14.8,9.99,85.63,0,78.07,54.09,1.34,-0.016938089130652673,31.98,89.01,2.63,85.62,-0.79,87.79,0.92,POS+CHROM,23.985,575.2731,-23.985,10.937,119.6265,10.937,7.548,56.9666,7.548,9.713,94.335,9.713
4397,before,4397_before_clip_0002,ok,150,118.0,67.0,14.8,40.59,52.96,0,85.7,54.08,1.26,-0.07779091914360413,31.99,93.64,-0.16,95.17,-3.41,94.2,-1.79,POS+CHROM,31.622,999.9341,-31.622,7.937,62.9949,7.937,9.471,89.6995,9.471,8.501,72.2633,8.501
4404,after,4404_after_clip_0000,ok,150,115.0,67.0,13.4,10.44,85.77,0,87.63,53.44,1.15,-0.007678276481194885,31.96,78.05,0.26,78.32,-0.24,78.18,0.01,POS+CHROM,34.194,1169.232,-34.194,9.582,91.8063,-9.582,9.314,86.753,-9.314,9.453,89.3678,-9.453
4404,after,4404_after_clip_0001,ok,150,115.0,67.0,13.4,17.29,69.79,0,72.8,53.44,1.18,0.05687444469737984,31.93,76.48,3.56,77.76,3.33,77.11,3.45,POS+CHROM,19.356,374.6675,-19.356,3.681,13.5516,3.681,4.96,24.6003,4.96,4.308,18.563,4.308
4404,after,4404_after_clip_0002,ok,150,115.0,67.0,13.4,17.88,77.42,0,72.57,53.51,1.34,-0.04051064344110154,31.59,77.04,-1.52,77.54,0.45,77.33,-0.53,POS+CHROM,19.058,363.224,-19.058,4.474,20.0142,4.474,4.968,24.6837,4.968,4.761,22.6695,4.761
4404,before,4404_before_clip_0000,ok,150,102.0,61.0,13.4,6.08,85.6,0,93.13,53.7,1.08,-0.12498738894605607,33.22,73.38,2.44,68.25,-2.66,71.85,-0.11,POS+CHROM,39.436,1555.202,-39.436,19.751,390.0899,-19.751,24.888,619.4319,-24.888,21.288,453.1975,-21.288
4404,before,4404_before_clip_0001,ok,150,102.0,61.0,13.4,26.2,69.26,0,69.65,53.74,1.06,-0.13100343073507947,33.23,74.5,-2.51,99.73,-1.06,73.15,-0.84,POS+CHROM+DEEP,15.917,253.3458,-15.917,4.846,23.4802,4.846,30.074,904.462,30.074,3.498,12.238,3.498
4404,before,4404_before_clip_0002,ok,150,102.0,61.0,13.4,13.55,84.71,0,66.51,53.68,1.06,0.18381827873427645,33.26,107.91,-5.42,79.44,-3.69,70.46,-2.68,POS+CHROM+DEEP,12.831,164.6225,-12.831,41.394,1713.4299,41.394,12.922,166.9884,12.922,3.945,15.5656,3.945
4430,after,4430_after_clip_0000,ok,150,144.0,72.0,11.3,36.38,50.47,0,63.33,53.48,1.24,0.10622848005396623,32.06,74.79,0.35,75.35,-1.67,75.02,-0.66,POS+CHROM,9.849,97.0059,-9.849,11.458,131.2784,11.458,12.015,144.3715,12.015,11.69,136.6569,11.69
4430,after,4430_after_clip_0001,ok,150,144.0,72.0,11.3,37.07,42.65,0,63.7,53.56,1.29,0.048837527583630816,32.02,74.22,2.34,75.26,1.25,74.69,1.79,POS+CHROM,10.146,102.9329,-10.146,10.513,110.5129,10.513,11.556,133.5417,11.556,10.987,120.7076,10.987
4430,after,4430_after_clip_0002,ok,150,144.0,72.0,11.3,41.79,35.9,0,97.07,53.51,1.22,-0.20865958076746194,32.15,89.08,-3.57,120.33,-5.28,75.1,-2.54,POS+CHROM+DEEP,43.564,1897.7869,-43.564,7.996,63.9294,-7.996,23.261,541.0799,23.261,21.974,482.8757,-21.974
4430,before,4430_before_clip_0000,ok,150,114.0,68.0,11.3,40.34,36.3,0,93.47,53.75,1.25,-0.1538496300511715,31.32,75.94,3.23,76.46,3.11,76.2,3.17,POS+CHROM,39.719,1577.5858,-39.719,17.534,307.4374,-17.534,17.013,289.4566,-17.013,17.276,298.4724,-17.276
4430,before,4430_before_clip_0001,ok,150,114.0,68.0,11.3,23.29,65.94,0,96.77,53.67,1.24,0.02284663878429884,31.67,78.74,0.21,97.47,-2.31,72.6,-0.28,POS+CHROM+DEEP,43.097,1857.3685,-43.097,18.022,324.7852,-18.022,0.705,0.4968,0.705,24.163,583.8351,-24.163
4430,before,4430_before_clip_0002,ok,150,114.0,68.0,11.3,17.63,79.53,0,69.63,53.65,1.27,0.08515650736409655,31.28,78.23,-0.31,75.69,0.67,76.86,0.18,POS+CHROM,15.986,255.5487,-15.986,8.601,73.9717,8.601,6.056,36.6714,6.056,7.224,52.1922,7.224
4434,after,4434_after_clip_0000,ok,150,119.0,77.0,15.1,37.03,46.95,0,93.96,53.79,0.93,-0.04394559286871992,33.3,94.51,2.23,94.53,-0.7,94.52,0.76,POS+CHROM,40.169,1613.5247,-40.169,0.553,0.3058,0.553,0.567,0.3209,0.567,0.558,0.3115,0.558
4434,after,4434_after_clip_0001,ok,150,119.0,77.0,15.1,28.57,54.65,0,73.5,53.85,0.98,0.03611345488890929,33.71,95.49,2.21,95.92,0.98,95.68,1.6,POS+CHROM,19.651,386.1551,-19.651,21.995,483.7688,21.995,22.425,502.8876,22.425,22.188,492.3038,22.188
4434,after,4434_after_clip_0002,ok,150,119.0,77.0,15.1,65.27,20.32,1,60.82,53.88,0.94,0.16770816672418118,33.34,102.59,-1.98,102.18,0.19,102.35,-0.89,POS+CHROM,6.943,48.2057,-6.943,41.775,1745.116,41.775,41.357,1710.3962,41.357,41.528,1724.6102,41.528
4434,before,4434_before_clip_0000,ok,150,123.0,80.0,15.1,22.54,72.76,0,120.2,53.74,1.02,-0.008325731419448307,33.31,58.82,2.96,63.12,-0.73,58.22,1.08,POS+CHROM+DEEP,66.463,4417.2836,-66.463,61.381,3767.5821,-61.381,57.087,3258.9546,-57.087,61.978,3841.3191,-61.978
4434,before,4434_before_clip_0001,ok,150,123.0,80.0,15.1,6.57,92.76,0,129.64,53.68,0.99,-0.21434802319075125,33.29,94.28,-0.4,93.92,-0.79,94.1,-0.59,POS+CHROM,75.955,5769.1934,-75.955,35.364,1250.6121,-35.364,35.722,1276.0619,-35.722,35.537,1262.8897,-35.537
4434,before,4434_before_clip_0002,ok,150,123.0,80.0,15.1,44.72,47.92,0,132.0,53.75,0.99,-0.022938931214932772,33.32,81.34,-0.87,58.49,-3.88,55.2,-1.44,CHROM+DEEP,78.256,6123.9779,-78.256,50.66,2566.4392,-50.66,73.515,5404.4211,-73.515,76.799,5898.1282,-76.799
4440,after,4440_after_clip_0000,ok,150,131.0,71.0,12.9,57.36,19.92,1,111.21,54.14,1.06,-0.1303294075813102,33.62,78.18,-1.99,76.78,-0.82,77.41,-1.41,POS+CHROM,57.066,3256.491,-57.066,33.031,1091.0789,-33.031,34.424,1185.0135,-34.424,33.796,1142.1405,-33.796
4440,after,4440_after_clip_0001,ok,150,131.0,71.0,12.9,34.33,34.44,0,102.58,54.12,1.11,-0.22962745140361573,33.66,100.4,-1.28,108.78,-0.86,83.57,-0.34,POS+CHROM+DEEP,48.463,2348.6663,-48.463,2.177,4.7384,-2.177,6.196,38.389,6.196,19.013,361.4854,-19.013
4440,after,4440_after_clip_0002,ok,150,131.0,71.0,12.9,34.62,11.75,0,63.99,54.01,1.07,0.15478788644582933,33.66,99.2,1.39,91.84,0.93,95.66,1.16,POS+CHROM,9.972,99.4372,-9.972,35.213,1239.9328,35.213,27.852,775.7462,27.852,31.674,1003.249,31.674
4440,before,4440_before_clip_0000,ok,150,108.0,73.0,12.9,3.37,89.21,0,137.43,54.21,1.04,0.09754489434220136,33.67,77.56,0.49,78.57,-1.13,78.0,-0.32,POS+CHROM,83.217,6925.1157,-83.217,59.866,3583.9205,-59.866,58.856,3464.0307,-58.856,59.429,3531.7778,-59.429
4440,before,4440_before_clip_0001,ok,150,108.0,73.0,12.9,9.63,88.05,0,106.58,54.22,1.0,0.015174858897479658,33.65,78.94,-1.09,76.22,0.35,77.41,-0.37,POS+CHROM,52.362,2741.7855,-52.362,27.643,764.1324,-27.643,30.364,921.9793,-30.364,29.166,850.6357,-29.166
4440,before,4440_before_clip_0002,ok,150,108.0,73.0,12.9,8.6,86.63,0,104.95,54.18,0.97,-0.0853749028684924,33.7,83.95,-0.51,83.71,0.37,83.82,-0.07,POS+CHROM,50.775,2578.127,-50.775,21.003,441.1195,-21.003,21.247,451.4402,-21.247,21.134,446.6456,-21.134
4448,after,4448_after_clip_0000,ok,150,157.0,75.0,15.7,3.02,96.8,0,101.79,53.21,1.45,-0.0034830253298529447,30.45,55.65,4.02,55.98,4.04,55.18,3.17,POS+CHROM+DEEP,48.579,2359.8822,-48.579,46.142,2129.1126,-46.142,45.81,2098.5294,-45.81,46.615,2172.9162,-46.615
4448,after,4448_after_clip_0001,ok,150,157.0,75.0,15.7,1.35,97.89,0,112.27,52.87,1.39,0.04451932701326547,30.69,60.26,5.34,59.77,4.01,58.44,3.58,POS+CHROM+DEEP,59.393,3527.509,-59.393,52.005,2704.5059,-52.005,52.496,2755.853,-52.496,53.825,2897.1119,-53.825
4448,after,4448_after_clip_0002,ok,150,157.0,75.0,15.7,7.04,91.97,0,68.52,53.42,1.53,-0.0732201828154699,30.45,60.51,2.46,60.41,0.29,58.1,1.42,POS+CHROM+DEEP,15.097,227.9156,-15.097,8.008,64.1226,-8.008,8.111,65.7834,-8.111,10.414,108.454,-10.414
4448,before,4448_before_clip_0000,ok,150,129.0,66.0,15.7,1.44,98.06,0,55.91,53.22,1.35,-0.06340050002568424,30.54,61.16,5.62,61.9,3.88,59.67,3.62,POS+CHROM+DEEP,2.694,7.2555,-2.694,5.254,27.6027,5.254,5.985,35.8229,5.985,3.756,14.11,3.756
4448,before,4448_before_clip_0001,ok,150,129.0,66.0,15.7,2.05,97.81,0,115.51,53.22,1.36,0.03646429528662756,30.88,59.29,3.8,58.81,2.79,57.52,2.65,POS+CHROM+DEEP,62.293,3880.3764,-62.293,56.222,3160.9575,-56.222,56.698,3214.6771,-56.698,57.992,3363.1221,-57.992
4448,before,4448_before_clip_0002,ok,150,129.0,66.0,15.7,2.88,95.26,0,102.96,53.22,1.3,0.02932024937550663,30.52,60.54,6.62,60.74,5.81,59.3,4.58,POS+CHROM+DEEP,49.744,2474.4934,-49.744,42.419,1799.3393,-42.419,42.225,1782.9903,-42.225,43.665,1906.6382,-43.665
4479,after,4479_after_clip_0000,ok,150,108.0,84.0,13.6,5.07,93.7,0,112.0,54.08,1.36,0.005867960293851297,32.21,55.17,0.41,120.96,-6.11,54.58,0.89,POS+DEEP,57.924,3355.1703,-57.924,56.835,3230.1668,-56.835,8.957,80.2256,8.957,57.422,3297.3164,-57.422
4479,after,4479_after_clip_0001,ok,150,108.0,84.0,13.6,5.44,94.43,0,73.64,53.51,1.0,0.03831831255607289,34.28,116.77,-1.82,58.48,3.38,56.48,2.19,CHROM+DEEP,20.131,405.2504,-20.131,43.127,1859.9438,43.127,15.16,229.8334,-15.16,17.161,294.489,-17.161
4479,after,4479_after_clip_0002,ok,150,108.0,84.0,13.6,5.49,92.9,0,110.22,53.31,0.85,-0.004584851629896424,34.17,135.64,-3.9,135.98,-3.51,135.82,-3.7,POS+CHROM,56.904,3238.1196,-56.904,25.425,646.453,25.425,25.766,663.8889,25.766,25.601,655.4243,25.601
4479,before,4479_before_clip_0000,ok,150,112.0,84.0,13.6,14.52,81.25,0,122.51,53.53,1.12,0.08614867073722271,33.94,65.94,-2.05,93.55,-3.7,65.91,-1.54,POS+CHROM+DEEP,68.984,4758.86,-68.984,56.571,3200.231,-56.571,28.963,838.8484,-28.963,56.6,3203.5415,-56.6
4479,before,4479_before_clip_0001,ok,150,112.0,84.0,13.6,16.41,81.34,0,72.46,53.6,1.03,-0.050372369278142815,32.84,68.86,0.69,69.1,-1.39,68.96,-0.35,POS+CHROM,18.862,355.7693,-18.862,3.608,13.0195,-3.608,3.364,11.3148,-3.364,3.507,12.2992,-3.507
4479,before,4479_before_clip_0002,ok,150,112.0,84.0,13.6,15.39,81.34,0,105.49,53.61,1.11,-0.054277747857021365,33.12,86.6,-2.1,101.24,-1.54,76.03,-0.84,POS+CHROM+DEEP,51.877,2691.2618,-51.877,18.887,356.7182,-18.887,4.248,18.0482,-4.248,29.456,867.6384,-29.456
4482,after,4482_after_clip_0000,ok,150,104.0,74.0,13.0,34.83,55.23,0,108.31,53.33,1.56,0.0488239323156173,30.81,79.33,-4.62,77.81,-4.94,78.59,-4.78,POS+CHROM,54.981,3022.875,-54.981,28.979,839.7696,-28.979,30.5,930.226,-30.5,29.719,883.2383,-29.719
4482,after,4482_after_clip_0001,ok,150,104.0,74.0,13.0,5.7,91.78,0,93.73,53.1,1.5,-0.007571406268925682,30.87,87.69,0.34,59.28,0.06,55.82,0.78,CHROM+DEEP,40.626,1650.4632,-40.626,6.042,36.5069,-6.042,34.452,1186.9289,-34.452,37.908,1437.0178,-37.908
4482,after,4482_after_clip_0002,ok,150,104.0,74.0,13.0,3.51,96.35,0,109.28,53.24,1.56,-0.022521061544995776,30.87,75.79,3.74,73.99,2.9,74.95,3.32,POS+CHROM,56.036,3140.0172,-56.036,33.493,1121.794,-33.493,35.293,1245.6077,-35.293,34.33,1178.5767,-34.33
4482,before,4482_before_clip_0000,ok,150,110.0,50.0,13.0,12.23,86.73,0,65.36,53.55,1.29,-0.15279755212449886,31.73,74.63,2.02,74.22,0.89,74.45,1.46,POS+CHROM,11.811,139.491,-11.811,9.268,85.905,9.268,8.864,78.5657,8.864,9.085,82.5374,9.085
4482,before,4482_before_clip_0001,ok,150,110.0,50.0,13.0,15.18,82.58,0,80.66,53.57,1.27,-0.09150715571342344,32.09,75.86,2.15,75.87,1.01,75.87,1.58,POS+CHROM,27.094,734.1029,-27.094,4.799,23.035,-4.799,4.787,22.9196,-4.787,4.794,22.9827,-4.794
4482,before,4482_before_clip_0002,ok,150,110.0,50.0,13.0,12.8,85.53,0,125.31,53.54,1.3,-0.182851131299707,32.1,77.03,-0.01,110.64,-0.67,77.32,0.21,POS+CHROM+DEEP,71.768,5150.6941,-71.768,48.279,2330.8284,-48.279,14.672,215.2556,-14.672,47.991,2303.1694,-47.991
4488,after,4488_after_clip_0000,ok,150,140.0,72.0,15.7,12.4,72.57,0,118.72,54.02,1.15,-0.3017775753755499,33.24,103.97,2.46,100.67,-3.53,103.08,-0.53,POS+CHROM,64.699,4185.9823,-64.699,14.754,217.6702,-14.754,18.046,325.6583,-18.046,15.641,244.649,-15.641
4488,after,4488_after_clip_0001,ok,150,140.0,72.0,15.7,57.78,40.0,0,115.19,54.07,1.15,-0.13971403898174622,33.21,100.35,2.04,130.01,-2.39,89.35,0.27,POS+CHROM+DEEP,61.12,3735.7063,-61.12,14.843,220.3241,-14.843,14.823,219.7217,14.823,25.838,667.5876,-25.838
4488,after,4488_after_clip_0002,ok,150,140.0,72.0,15.7,26.93,65.72,0,66.66,54.03,1.14,-0.13837434728725104,33.23,98.45,2.67,100.94,2.67,99.69,2.67,POS+CHROM,12.63,159.5294,-12.63,31.79,1010.6149,31.79,34.281,1175.1715,34.281,33.036,1091.3551,33.036
4488,before,4488_before_clip_0000,ok,150,134.0,90.0,15.7,55.02,25.45,1,64.61,54.47,1.27,0.01092037475758067,33.55,96.4,-1.8,118.72,-2.12,82.9,-0.89,POS+CHROM+DEEP,10.137,102.7507,-10.137,31.791,1010.6781,31.791,54.114,2928.2962,54.114,18.293,334.6191,18.293
4488,before,4488_before_clip_0001,ok,150,134.0,90.0,15.7,11.07,76.7,0,100.44,54.38,1.28,0.01508090352716221,33.59,102.69,-1.49,88.65,-0.24,78.09,-0.15,POS+CHROM+DEEP,46.064,2121.8889,-46.064,2.254,5.0792,2.254,11.793,139.0822,-11.793,22.353,499.6491,-22.353
4488,before,4488_before_clip_0002,ok,150,134.0,90.0,15.7,31.81,39.86,0,67.73,54.38,1.23,-0.05077367440069963,33.59,100.54,-2.64,101.95,0.85,101.44,-0.9,POS+CHROM,13.352,178.2648,-13.352,32.809,1076.3983,32.809,34.219,1170.9308,34.219,33.714,1136.6011,33.714
4493,after,4493_after_clip_0000,ok,150,134.0,71.0,15.0,13.06,47.97,0,97.31,53.75,1.32,-0.01082257839951588,31.99,57.06,-1.25,57.96,1.08,56.12,0.38,POS+CHROM+DEEP,43.559,1897.3503,-43.559,40.249,1619.9725,-40.249,39.352,1548.5512,-39.352,41.186,1696.3031,-41.186
4493,after,4493_after_clip_0001,ok,150,134.0,71.0,15.0,45.57,50.38,0,71.08,53.99,1.34,-0.15053898195781812,31.35,80.8,-0.82,132.69,-2.31,81.43,-0.6,POS+CHROM+DEEP,17.095,292.252,-17.095,9.714,94.3652,9.714,61.608,3795.5771,61.608,10.347,107.0575,10.347
4493,after,4493_after_clip_0002,ok,150,134.0,71.0,15.0,21.08,66.16,0,109.95,53.61,1.04,-0.04526150961569094,33.0,96.64,-2.35,105.68,-1.96,79.37,-1.09,POS+CHROM+DEEP,56.342,3174.456,-56.342,13.312,177.2107,-13.312,4.276,18.2804,-4.276,30.578,935.0041,-30.578
4493,before,4493_before_clip_0000,ok,150,105.0,57.0,15.0,28.56,64.2,0,64.36,54.23,1.33,-0.012014563773132972,31.75,71.9,0.76,85.91,-1.24,68.56,0.28,POS+CHROM+DEEP,10.137,102.7622,-10.137,7.534,56.7589,7.534,21.55,464.3949,21.55,4.2,17.6407,4.2
4493,before,4493_before_clip_0001,ok,150,105.0,57.0,15.0,6.51,66.55,0,73.5,54.05,1.05,0.1667172200601855,33.42,63.84,0.85,138.32,-1.4,78.94,0.17,POS+CHROM+DEEP,19.453,378.4145,-19.453,9.662,93.3591,-9.662,64.82,4201.5903,64.82,5.433,29.5154,5.433
4493,before,4493_before_clip_0002,ok,150,105.0,57.0,15.0,29.27,69.79,0,77.58,54.09,1.22,-0.02571684292566554,33.6,78.62,0.86,112.75,-2.06,76.72,0.01,POS+CHROM+DEEP,23.481,551.371,-23.481,1.042,1.0861,1.042,35.174,1237.2223,35.174,0.853,0.7268,-0.853
4504,after,4504_after_clip_0000,ok,150,102.0,66.0,11.0,24.63,59.24,0,90.91,53.35,1.28,-0.00671855178562331,31.41,60.25,-0.58,62.18,0.92,58.35,0.54,POS+CHROM+DEEP,37.561,1410.8081,-37.561,30.662,940.1495,-30.662,28.728,825.27,-28.728,32.561,1060.2391,-32.561
4504,after,4504_after_clip_0001,ok,150,102.0,66.0,11.0,38.88,48.16,0,79.2,53.42,1.21,0.00031136663404793507,31.48,106.3,-0.68,66.26,-0.78,72.96,-0.08,POS+CHROM+DEEP,25.781,664.6381,-25.781,27.096,734.2131,27.096,12.937,167.3754,-12.937,6.243,38.97,-6.243
4504,after,4504_after_clip_0002,ok,150,102.0,66.0,11.0,53.56,28.04,1,120.11,53.36,1.27,-0.13743777013016645,31.43,98.59,-2.9,133.71,-5.63,79.81,-2.42,POS+CHROM+DEEP,66.748,4455.33,-66.748,21.521,463.1424,-21.521,13.6,184.956,13.6,40.301,1624.1585,-40.301
4504,before,4504_before_clip_0000,ok,150,107.0,68.0,11.0,15.14,78.16,0,120.73,53.41,1.27,-0.001766300944565364,31.45,103.92,2.1,102.02,0.3,103.11,1.2,POS+CHROM,67.319,4531.9122,-67.319,16.808,282.5142,-16.808,18.709,350.0211,-18.709,17.617,310.3552,-17.617
4504,before,4504_before_clip_0001,ok,150,107.0,68.0,11.0,14.15,81.54,0,106.58,53.38,1.27,0.013446522555125509,31.42,76.39,2.64,80.16,0.1,77.89,1.37,POS+CHROM,53.196,2829.854,-53.196,30.188,911.3096,-30.188,26.416,697.8064,-26.416,28.694,823.3661,-28.694
4504,before,4504_before_clip_0002,ok,150,107.0,68.0,11.0,14.5,79.45,0,71.74,53.31,1.24,-0.14722795624724885,31.83,77.96,3.31,75.78,3.12,76.89,3.22,POS+CHROM,18.427,339.5649,-18.427,6.227,38.7736,6.227,4.038,16.3052,4.038,5.15,26.5255,5.15
4519,after,4519_after_clip_0000,ok,150,146.0,84.0,15.2,20.62,75.2,0,135.17,54.0,1.16,0.007501143928389339,33.39,84.66,1.38,86.2,-0.24,85.33,0.57,POS+CHROM,81.169,6588.4488,-81.169,50.51,2551.269,-50.51,48.972,2398.2415,-48.972,49.844,2484.4183,-49.844
4519,after,4519_after_clip_0001,ok,150,146.0,84.0,15.2,8.85,88.85,0,121.79,54.04,1.16,0.2428982891949632,33.38,77.63,0.89,79.13,-2.5,78.17,-0.8,POS+CHROM,67.749,4589.9623,-67.749,44.162,1950.297,-44.162,42.655,1819.4181,-42.655,43.616,1902.3666,-43.616
4519,after,4519_after_clip_0002,ok,150,146.0,84.0,15.2,27.84,70.19,0,94.64,53.96,1.13,0.18626068769558507,33.37,87.47,-0.72,87.16,-0.04,87.3,-0.38,POS+CHROM,40.684,1655.1627,-40.684,7.174,51.4593,-7.174,7.484,56.0113,-7.484,7.338,53.8407,-7.338
4519,before,4519_before_clip_0000,ok,150,116.0,71.0,15.2,47.86,47.95,0,64.46,54.08,1.23,0.1789209694857886,33.29,74.84,1.31,71.4,2.21,72.99,1.76,POS+CHROM,10.377,107.6812,-10.377,10.387,107.8796,10.387,6.941,48.172,6.941,8.534,72.8344,8.534
4519,before,4519_before_clip_0001,ok,150,116.0,71.0,15.2,51.91,38.64,0,62.79,54.05,1.2,0.23497226555796832,33.28,76.1,-3.07,114.82,-2.16,76.13,-1.34,POS+CHROM+DEEP,8.741,76.4072,-8.741,13.311,177.1699,13.311,52.034,2707.5817,52.034,13.341,177.9898,13.341
4519,before,4519_before_clip_0002,ok,150,116.0,71.0,15.2,47.05,48.4,0,77.59,54.05,1.19,-0.2810300656829234,33.24,70.15,2.3,72.45,0.14,71.09,1.22,POS+CHROM,23.539,554.0639,-23.539,7.439,55.338,-7.439,5.141,26.4337,-5.141,6.495,42.1875,-6.495
4532,after,4532_after_clip_0000,ok,150,112.0,68.0,12.1,5.57,94.04,0,120.06,54.15,1.09,-0.025390818971337867,33.35,73.52,-4.48,63.45,-1.72,60.82,-1.71,POS+CHROM+DEEP,65.913,4344.4857,-65.913,46.542,2166.1401,-46.542,56.611,3204.8542,-56.611,59.245,3509.9835,-59.245
4532,after,4532_after_clip_0001,ok,150,112.0,68.0,12.1,2.4,97.12,0,101.75,54.38,1.3,0.055756871286841286,33.41,100.1,-0.77,78.51,1.91,75.37,0.81,POS+CHROM+DEEP,47.375,2244.4175,-47.375,1.65,2.7233,-1.65,23.245,540.3323,-23.245,26.384,696.096,-26.384
4532,after,4532_after_clip_0002,ok,150,112.0,68.0,12.1,4.98,94.48,0,62.76,54.03,1.02,-0.023663067853066076,33.44,75.49,1.9,73.1,-1.17,74.6,0.37,POS+CHROM,8.733,76.2678,-8.733,12.73,162.0494,12.73,10.342,106.9509,10.342,11.835,140.0595,11.835
4532,before,4532_before_clip_0000,ok,150,96.0,63.0,12.1,3.08,94.94,0,121.63,54.2,1.1,0.002109801442355039,33.32,76.3,1.3,113.1,-9.4,69.19,-2.33,POS+CHROM+DEEP,67.433,4547.1744,-67.433,45.332,2055.0231,-45.332,8.535,72.8484,-8.535,52.445,2750.4663,-52.445
4532,before,4532_before_clip_0001,ok,150,96.0,63.0,12.1,3.67,94.99,0,87.97,54.13,1.08,0.042646719939408446,33.28,132.49,-10.0,131.04,-9.97,131.76,-9.98,POS+CHROM,33.839,1145.1109,-33.839,44.513,1981.4413,44.513,43.068,1854.8942,43.068,43.789,1917.4776,43.789
4532,before,4532_before_clip_0002,ok,150,96.0,63.0,12.1,5.9,92.63,0,80.07,54.48,1.45,-0.002750726874767708,32.42,68.44,-0.81,63.49,-0.21,65.84,-0.51,POS+CHROM,25.585,654.5781,-25.585,11.628,135.2133,-11.628,16.575,274.7395,-16.575,14.226,202.3819,-14.226
4546,after,4546_after_clip_0000,ok,150,140.0,66.0,15.0,58.22,21.62,1,75.83,53.4,1.28,-0.30476403662797524,31.39,111.89,3.21,111.79,1.41,111.84,2.31,POS+CHROM,22.427,502.9878,-22.427,36.059,1300.2337,36.059,35.96,1293.1134,35.96,36.017,1297.2011,36.017
4546,after,4546_after_clip_0001,ok,150,140.0,66.0,15.0,35.81,24.42,0,91.27,53.36,1.25,-0.01653270499871823,31.34,104.48,2.03,103.25,-0.41,103.99,0.81,POS+CHROM,37.912,1437.3389,-37.912,13.215,174.6314,13.215,11.984,143.6232,11.984,12.723,161.8742,12.723
4546,after,4546_after_clip_0002,ok,150,140.0,66.0,15.0,24.38,11.01,0,114.39,53.33,1.27,-0.29713169093935543,31.71,109.61,-0.56,111.74,-0.38,110.69,-0.47,POS+CHROM,61.056,3727.8638,-61.056,4.771,22.767,-4.771,2.649,7.0164,-2.649,3.694,13.6462,-3.694
4546,before,4546_before_clip_0000,ok,150,114.0,64.0,15.0,13.15,84.36,0,110.37,53.1,1.44,0.019109185099242674,30.77,79.81,1.68,79.87,1.87,79.84,1.78,POS+CHROM,57.271,3280.0055,-57.271,30.554,933.5422,-30.554,30.497,930.0657,-30.497,30.525,931.7757,-30.525
4546,before,4546_before_clip_0001,ok,150,114.0,64.0,15.0,5.83,92.91,0,100.43,53.18,1.43,-0.02400486958934192,30.39,77.14,1.32,75.62,0.42,76.44,0.87,POS+CHROM,47.245,2232.1174,-47.245,23.282,542.0415,-23.282,24.809,615.4951,-24.809,23.988,575.4301,-23.988
4546,before,4546_before_clip_0002,ok,150,114.0,64.0,15.0,3.68,95.36,0,58.7,53.11,1.5,0.04495739758191368,30.37,68.18,3.66,68.83,2.74,68.48,3.2,POS+CHROM,5.591,31.2602,-5.591,9.479,89.8482,9.479,10.129,102.5969,10.129,9.779,95.6327,9.779
4551,after,4551_after_clip_0000,ok,150,149.0,69.0,12.2,3.09,93.19,0,116.8,54.22,1.12,-0.09215891391173366,33.2,96.05,1.52,90.46,0.27,93.54,0.89,POS+CHROM,62.575,3915.6878,-62.575,20.75,430.543,-20.75,26.342,693.9136,-26.342,23.255,540.8077,-23.255
4551,after,4551_after_clip_0001,ok,150,149.0,69.0,12.2,6.85,92.13,0,120.6,54.04,1.06,0.01522869002440361,33.61,98.68,-5.41,100.08,-3.73,99.48,-4.57,POS+CHROM,66.555,4429.5051,-66.555,21.914,480.2162,-21.914,20.514,420.8349,-20.514,21.117,445.913,-21.117
4551,after,4551_after_clip_0002,ok,150,149.0,69.0,12.2,6.61,92.92,0,96.1,53.99,1.11,0.040697416410968176,33.61,64.02,-0.35,66.42,0.19,65.27,-0.08,POS+CHROM,42.107,1773.0085,-42.107,32.076,1028.8466,-32.076,29.682,881.025,-29.682,30.826,950.2162,-30.826
4551,before,4551_before_clip_0000,ok,150,111.0,74.0,12.2,4.05,94.82,0,109.11,54.17,1.11,-0.004309142260550919,33.71,74.75,5.14,75.9,4.65,75.31,4.89,POS+CHROM,54.937,3018.0596,-54.937,34.352,1180.0506,-34.352,33.203,1102.4677,-33.203,33.801,1142.5006,-33.801
4551,before,4551_before_clip_0001,ok,150,111.0,74.0,12.2,9.74,88.56,0,123.8,54.14,1.04,-0.04550784889893817,33.71,73.81,3.33,73.53,4.81,73.66,4.07,POS+CHROM,69.664,4853.0601,-69.664,49.99,2499.0098,-49.99,50.27,2527.0852,-50.27,50.147,2514.7504,-50.147
4551,before,4551_before_clip_0002,ok,150,111.0,74.0,12.2,5.25,94.13,0,125.66,54.08,1.03,-0.023475201579994706,33.75,72.79,3.93,72.64,3.82,72.72,3.87,POS+CHROM,71.583,5124.0994,-71.583,52.872,2795.4801,-52.872,53.015,2810.5527,-53.015,52.943,2802.9388,-52.943
4557,after,4557_after_clip_0000,ok,150,107.0,62.0,13.5,14.77,80.93,0,115.87,52.86,1.25,-0.01624572144334062,30.83,60.14,0.16,93.89,-0.84,56.17,0.7,POS+DEEP,63.003,3969.4138,-63.003,55.729,3105.7278,-55.729,21.973,482.8289,-21.973,59.693,3563.2859,-59.693
4557,after,4557_after_clip_0001,ok,150,107.0,62.0,13.5,28.36,66.76,0,70.01,52.69,1.3,-0.11472359128284665,31.05,97.15,1.41,94.33,0.35,95.86,0.88,POS+CHROM,17.316,299.8583,-17.316,27.142,736.6977,27.142,24.327,591.7999,24.327,25.858,668.6108,25.858
4557,after,4557_after_clip_0002,ok,150,107.0,62.0,13.5,7.35,89.06,0,106.33,52.87,1.34,-0.14100818075085123,31.1,73.35,-1.49,115.48,-0.63,77.56,-0.26,POS+CHROM+DEEP,53.457,2857.6316,-53.457,32.978,1087.5691,-32.978,9.151,83.7417,9.151,28.77,827.7081,-28.77
4557,before,4557_before_clip_0000,ok,150,108.0,69.0,13.5,6.83,92.05,0,83.87,53.88,1.04,-0.019670434422245395,35.41,106.41,0.53,105.86,-2.73,106.21,-1.1,POS+CHROM,29.988,899.2931,-29.988,22.534,507.7785,22.534,21.993,483.6893,21.993,22.335,498.8526,22.335
4557,before,4557_before_clip_0001,ok,150,108.0,69.0,13.5,2.1,96.06,0,90.38,53.68,0.66,-0.00618155742133096,32.57,104.92,-0.38,104.71,-1.73,104.83,-1.05,POS+CHROM,36.702,1347.0562,-36.702,14.54,211.406,14.54,14.328,205.2931,14.328,14.446,208.6805,14.446
4557,before,4557_before_clip_0002,ok,150,108.0,69.0,13.5,15.63,81.89,0,127.77,53.99,1.15,-0.009183856314490573,33.14,69.14,2.21,64.45,2.69,66.7,2.45,POS+CHROM,73.783,5443.8826,-73.783,58.628,3437.2057,-58.628,63.314,4008.7185,-63.314,61.064,3728.7565,-61.064
4571,after,4571_after_clip_0000,ok,150,148.0,91.0,14.3,7.02,90.22,0,74.15,53.19,1.45,-0.021358768644611476,30.93,96.93,-2.99,121.46,-4.41,78.33,-1.98,POS+CHROM+DEEP,20.964,439.4765,-20.964,22.776,518.7599,22.776,47.306,2237.8899,47.306,4.173,17.4103,4.173
4571,after,4571_after_clip_0001,ok,150,148.0,91.0,14.3,16.47,80.38,0,109.84,53.28,1.46,-0.063800615726444,30.59,83.82,0.08,127.49,-5.0,76.48,-1.15,POS+CHROM+DEEP,56.566,3199.7648,-56.566,26.028,677.4708,-26.028,17.647,311.4229,17.647,33.361,1112.9851,-33.361
4571,after,4571_after_clip_0002,ok,150,148.0,91.0,14.3,3.2,95.14,0,72.51,53.18,1.46,-0.06508561585991313,30.49,85.6,1.36,88.42,-0.3,86.82,0.53,POS+CHROM,19.335,373.8301,-19.335,13.088,171.2862,13.088,15.909,253.1019,15.909,14.305,204.633,14.305
4571,before,4571_before_clip_0000,ok,150,114.0,79.0,14.3,22.41,72.33,0,59.99,53.73,0.95,0.05780261922054896,34.08,128.97,-2.41,130.02,-3.03,129.47,-2.72,POS+CHROM,6.263,39.2194,-6.263,68.985,4758.9891,68.985,70.029,4904.0055,70.029,69.48,4827.4629,69.48
4571,before,4571_before_clip_0001,ok,150,114.0,79.0,14.3,8.04,91.44,0,91.31,54.01,1.15,0.06904218238414213,32.97,119.29,-1.76,118.65,-0.37,118.93,-1.07,POS+CHROM,37.308,1391.888,-37.308,27.978,782.7664,27.978,27.334,747.1364,27.334,27.619,762.8012,27.619
4571,before,4571_before_clip_0002,ok,150,114.0,79.0,14.3,21.76,66.25,0,115.35,53.94,1.23,-0.00775696142975788,33.93,102.73,-0.1,102.83,-0.85,102.78,-0.47,POS+CHROM,61.401,3770.0794,-61.401,12.614,159.1022,-12.614,12.511,156.5331,-12.511,12.566,157.8956,-12.566
4577,after,4577_after_clip_0000,ok,150,123.0,74.0,14.8,6.74,87.68,0,78.17,54.08,1.22,0.0601631291111988,32.96,93.09,0.97,91.31,-1.31,92.37,-0.17,POS+CHROM,24.098,580.6912,-24.098,14.917,222.5214,14.917,13.137,172.5784,13.137,14.195,201.4916,14.195
4577,after,4577_after_clip_0001,ok,150,123.0,74.0,14.8,2.95,96.51,0,85.83,54.11,1.16,-0.04954966613541467,33.32,70.57,-0.62,132.29,-8.71,68.23,-2.72,POS+CHROM+DEEP,31.714,1005.7885,-31.714,15.258,232.8201,-15.258,46.462,2158.7418,46.462,17.6,309.7609,-17.6
4577,after,4577_after_clip_0002,ok,150,123.0,74.0,14.8,8.38,90.8,0,87.96,54.08,1.24,-0.027104718439412222,33.3,67.46,-0.77,103.02,0.07,73.71,0.18,POS+CHROM+DEEP,33.888,1148.4146,-33.888,20.5,420.2458,-20.5,15.055,226.6497,15.055,14.254,203.1905,-14.254
4577,before,4577_before_clip_0000,ok,150,124.0,81.0,14.8,1.98,90.78,0,58.58,54.17,1.19,-0.018645468123077793,33.28,76.34,3.12,78.01,-6.13,76.63,-1.5,POS+CHROM,4.415,19.4932,-4.415,17.759,315.3692,17.759,19.425,377.3327,19.425,18.053,325.8971,18.053
4577,before,4577_before_clip_0001,ok,150,124.0,81.0,14.8,4.47,90.4,0,69.16,54.11,1.16,-0.014100460126143681,33.32,79.03,3.34,77.39,1.27,78.35,2.31,POS+CHROM,15.049,226.4663,-15.049,9.875,97.5093,9.875,8.231,67.7555,8.231,9.193,84.5187,9.193
4577,before,4577_before_clip_0002,ok,150,124.0,81.0,14.8,22.2,77.06,0,71.44,54.12,1.17,0.0305615582263649,33.29,119.45,-1.18,110.72,-1.82,88.51,-0.61,POS+CHROM+DEEP,17.326,300.1838,-17.326,48.006,2304.588,48.006,39.28,1542.8927,39.28,17.066,291.258,17.066
4610,after,4610_after_clip_0000,ok,150,116.0,75.0,13.0,62.42,18.91,1,86.75,53.54,1.25,-0.11698474147188778,32.37,105.06,-0.11,103.68,-0.72,104.4,-0.42,POS+CHROM,33.209,1102.8178,-33.209,18.309,335.2286,18.309,16.923,286.3804,16.923,17.651,311.5741,17.651
4610,after,4610_after_clip_0001,ok,150,116.0,75.0,13.0,61.86,10.43,1,73.9,53.51,1.24,0.03846000914551917,31.31,110.49,0.04,111.18,-0.19,110.83,-0.08,POS+CHROM,20.398,416.0612,-20.398,36.592,1338.9395,36.592,37.279,1389.755,37.279,36.929,1363.7356,36.929
4610,after,4610_after_clip_0002,ok,150,116.0,75.0,13.0,59.99,29.9,1,127.68,53.49,1.2,0.05129617505024696,31.67,108.41,-1.11,103.31,-0.3,105.69,-0.7,POS+CHROM,74.185,5503.469,-74.185,19.272,371.4117,-19.272,24.369,593.8309,-24.369,21.992,483.6675,-21.992
4610,before,4610_before_clip_0000,ok,150,120.0,74.0,13.0,25.74,61.6,0,79.8,53.69,1.13,0.09779850266482772,32.61,100.49,0.89,101.54,-1.2,100.93,-0.15,POS+CHROM,26.107,681.5805,-26.107,20.694,428.2302,20.694,21.742,472.7308,21.742,21.128,446.3839,21.128
4610,before,4610_before_clip_0001,ok,150,120.0,74.0,13.0,13.97,64.44,0,129.32,53.67,1.11,0.025498142494493066,32.96,99.92,0.31,96.73,1.1,98.22,0.71,POS+CHROM,75.656,5723.8053,-75.656,29.4,864.3538,-29.4,32.591,1062.1453,-32.591,31.101,967.245,-31.101
4610,before,4610_before_clip_0002,ok,150,120.0,74.0,13.0,34.88,30.14,0,108.66,53.67,1.18,-0.12952827899711228,32.18,99.12,4.6,104.39,0.41,100.87,2.51,POS+CHROM,54.987,3023.567,-54.987,9.544,91.0836,-9.544,4.275,18.2732,-4.275,7.794,60.7427,-7.794
4617,after,4617_after_clip_0000,ok,150,154.0,86.0,16.6,30.33,10.66,0,124.74,54.34,1.06,-0.1490866875573209,33.37,84.97,-3.87,84.29,-2.49,84.59,-3.18,POS+CHROM,70.398,4955.825,-70.398,39.765,1581.2237,-39.765,40.446,1635.8538,-40.446,40.144,1611.5682,-40.144
4617,after,4617_after_clip_0001,ok,150,154.0,86.0,16.6,55.33,13.42,1,59.54,54.34,1.05,-0.09870136399479452,33.39,107.88,3.93,108.86,2.4,108.3,3.17,POS+CHROM,5.202,27.0593,-5.202,48.338,2336.5729,48.338,49.321,2432.5481,49.321,48.767,2378.2216,48.767
4617,after,4617_after_clip_0002,ok,150,154.0,86.0,16.6,56.67,11.67,1,105.86,54.23,1.05,0.09738679283415604,33.37,102.58,2.03,103.81,2.44,103.22,2.24,POS+CHROM,51.628,2665.3995,-51.628,3.28,10.7614,-3.28,2.049,4.1997,-2.049,2.644,6.9903,-2.644
4617,before,4617_before_clip_0000,ok,150,150.0,92.0,16.6,34.63,37.17,0,104.97,54.38,1.22,-0.06369784986481379,32.94,87.52,2.92,87.76,1.37,87.62,2.15,POS+CHROM,50.593,2559.6111,-50.593,17.458,304.7718,-17.458,17.213,296.275,-17.213,17.351,301.0553,-17.351
4617,before,4617_before_clip_0001,ok,150,150.0,92.0,16.6,29.27,9.93,0,101.36,54.33,1.02,-0.1885392899366994,32.98,99.74,3.58,101.34,3.55,100.54,3.57,POS+CHROM,47.032,2211.9986,-47.032,1.621,2.6286,-1.621,0.017,0.0003,-0.017,0.821,0.6742,-0.821
4617,before,4617_before_clip_0002,ok,150,150.0,92.0,16.6,31.79,5.39,0,91.83,54.36,1.2,-0.07336550735059089,33.35,98.72,4.86,97.35,5.32,98.01,5.09,POS+CHROM,37.474,1404.31,-37.474,6.881,47.3453,6.881,5.519,30.4633,5.519,6.174,38.118,6.174
4639,after,4639_after_clip_0000,ok,150,131.0,75.0,12.6,36.18,37.46,0,102.33,52.98,1.33,0.08378779498330016,31.82,96.99,0.39,57.51,-1.4,54.74,-0.03,CHROM+DEEP,49.349,2435.3448,-49.349,5.343,28.5523,-5.343,44.814,2008.3011,-44.814,47.589,2264.7306,-47.589
4639,after,4639_after_clip_0001,ok,150,131.0,75.0,12.6,41.26,14.98,0,83.97,53.09,1.5,-0.014985273337413143,31.47,98.13,0.1,98.94,0.33,98.54,0.21,POS+CHROM,30.872,953.0762,-30.872,14.164,200.6146,14.164,14.972,224.1652,14.972,14.576,212.4548,14.576
4639,after,4639_after_clip_0002,ok,150,131.0,75.0,12.6,65.31,21.38,1,77.14,52.95,1.29,-0.07944086310853737,31.83,62.95,-2.93,65.4,-2.08,64.26,-2.5,POS+CHROM,24.186,584.9509,-24.186,14.185,201.2178,-14.185,11.736,137.7399,-11.736,12.874,165.7453,-12.874
4639,before,4639_before_clip_0000,ok,150,106.0,65.0,12.6,11.07,86.26,0,73.18,53.82,1.07,0.08479900696766837,33.07,99.09,0.15,106.83,-2.77,102.03,-1.31,POS+CHROM,19.363,374.9148,-19.363,25.912,671.4161,25.912,33.648,1132.1793,33.648,28.856,832.6841,28.856
4639,before,4639_before_clip_0001,ok,150,106.0,65.0,12.6,23.49,67.21,0,62.45,53.91,1.1,-0.1956583219926782,33.08,69.53,-0.16,81.07,-2.74,65.45,-0.6,POS+CHROM+DEEP,8.549,73.0873,-8.549,7.079,50.1169,7.079,18.612,346.4042,18.612,2.995,8.9728,2.995
4639,before,4639_before_clip_0002,ok,150,106.0,65.0,12.6,45.86,20.99,0,106.6,53.88,1.11,-0.20661337724467282,33.06,81.67,-2.54,122.15,-2.83,78.38,-1.42,POS+CHROM+DEEP,52.724,2779.8276,-52.724,24.929,621.4679,-24.929,15.546,241.6768,15.546,28.221,796.402,-28.221
4646,after,4646_after_clip_0000,ok,150,136.0,77.0,15.0,10.01,82.01,0,113.33,53.78,1.14,0.071072862930857,32.3,65.35,-2.08,64.95,-0.81,65.13,-1.45,POS+CHROM,59.553,3546.5986,-59.553,47.979,2302.026,-47.979,48.377,2340.3484,-48.377,48.199,2323.1713,-48.199
4646,after,4646_after_clip_0001,ok,150,136.0,77.0,15.0,7.3,89.0,0,99.94,53.76,1.03,0.22027122664004384,32.33,103.71,-3.15,108.34,-7.3,105.26,-5.23,POS+CHROM,46.184,2132.9186,-46.184,3.774,14.2464,3.774,8.398,70.5195,8.398,5.316,28.2642,5.316
4646,after,4646_after_clip_0002,ok,150,136.0,77.0,15.0,36.78,56.69,0,77.65,53.93,1.45,-0.26540857144944086,31.85,110.34,0.04,105.75,-0.89,108.23,-0.42,POS+CHROM,23.715,562.4126,-23.715,32.698,1069.1469,32.698,28.11,790.147,28.11,30.58,935.1224,30.58
4646,before,4646_before_clip_0000,ok,150,119.0,79.0,15.0,34.92,60.59,0,90.03,53.93,1.38,0.04045127976072378,31.79,75.32,4.44,74.83,3.46,75.09,3.95,POS+CHROM,36.102,1303.3762,-36.102,14.714,216.4984,-14.714,15.207,231.2539,-15.207,14.94,223.2166,-14.94
4646,before,4646_before_clip_0001,ok,150,119.0,79.0,15.0,15.84,71.89,0,139.12,53.85,1.1,-0.07284101491691465,31.86,81.54,1.14,81.64,0.28,81.59,0.71,POS+CHROM,85.269,7270.7815,-85.269,57.577,3315.0685,-57.577,57.478,3303.7343,-57.478,57.531,3309.8071,-57.531
4646,before,4646_before_clip_0002,ok,150,119.0,79.0,15.0,5.87,93.35,0,129.9,53.69,1.16,-0.09680021900783918,32.11,63.16,1.32,62.69,3.44,62.88,2.38,POS+CHROM,76.207,5807.4516,-76.207,66.738,4453.9997,-66.738,67.201,4515.9692,-67.201,67.01,4490.3535,-67.01
4685,after,4685_after_clip_0000,ok,150,122.0,74.0,13.5,13.52,80.53,0,129.75,53.09,1.43,-0.15033067668569658,30.24,79.11,2.83,80.46,1.01,79.68,1.92,POS+CHROM,76.656,5876.2075,-76.656,50.634,2563.8479,-50.634,49.286,2429.0912,-49.286,50.062,2506.1761,-50.062
4685,after,4685_after_clip_0001,ok,150,122.0,74.0,13.5,22.3,72.27,0,121.44,53.05,1.31,0.03807940279696917,31.04,70.82,4.53,70.93,2.32,70.86,3.42,POS+CHROM,68.387,4676.7348,-68.387,50.622,2562.6047,-50.622,50.513,2551.5826,-50.513,50.578,2558.0962,-50.578
4685,after,4685_after_clip_0002,ok,150,122.0,74.0,13.5,7.74,69.49,0,76.73,52.99,1.2,0.14627855502150994,30.67,67.9,-1.05,125.82,-2.77,74.7,-0.87,POS+CHROM+DEEP,23.732,563.2155,-23.732,8.821,77.813,-8.821,49.097,2410.5544,49.097,2.028,4.113,-2.028
4685,before,4685_before_clip_0000,ok,150,101.0,76.0,13.5,56.66,31.61,0,103.96,53.88,1.01,-0.14148248665990396,33.23,119.28,-4.93,118.43,-2.25,118.76,-3.59,POS+CHROM,50.088,2508.8474,-50.088,15.318,234.6464,15.318,14.463,209.1647,14.463,14.796,218.9262,14.796
4685,before,4685_before_clip_0001,ok,150,101.0,76.0,13.5,46.55,44.8,0,85.8,53.87,0.98,-0.09604649511466257,33.63,113.35,-2.0,69.75,-0.75,74.26,-0.59,POS+CHROM+DEEP,31.922,1018.9919,-31.922,27.554,759.2318,27.554,16.044,257.4209,-16.044,11.533,133.0148,-11.533
4685,before,4685_before_clip_0002,ok,150,101.0,76.0,13.5,50.34,39.24,0,70.79,53.94,1.22,0.047452099851611376,32.85,90.14,1.09,90.77,0.29,90.43,0.69,POS+CHROM,16.845,283.7665,-16.845,19.357,374.6742,19.357,19.98,399.1886,19.98,19.647,386.0177,19.647
4691,after,4691_after_clip_0000,ok,150,102.0,65.0,14.2,64.28,22.56,1,73.59,53.65,1.23,-0.23251673722000224,31.65,71.53,-1.0,97.18,-3.27,68.86,-1.01,POS+CHROM+DEEP,19.939,397.578,-19.939,2.062,4.2508,-2.062,23.596,556.7885,23.596,4.725,22.3254,-4.725
4691,after,4691_after_clip_0001,ok,150,102.0,65.0,14.2,67.76,29.23,1,86.83,53.58,1.24,0.1622287782590743,31.67,67.92,-1.93,72.31,-2.01,70.1,-1.97,POS+CHROM,33.251,1105.6442,-33.251,18.907,357.4777,-18.907,14.521,210.8706,-14.521,16.729,279.8527,-16.729
4691,after,4691_after_clip_0002,ok,150,102.0,65.0,14.2,66.96,11.66,1,64.82,53.64,1.19,0.3687387085096553,31.34,98.47,-1.12,95.57,-1.5,97.06,-1.31,POS+CHROM,11.18,124.9836,-11.18,33.651,1132.3768,33.651,30.75,945.5842,30.75,32.247,1039.8848,32.247
4691,before,4691_before_clip_0000,ok,150,100.0,67.0,14.2,26.88,63.53,0,119.81,53.47,1.05,0.22776196492902234,33.35,61.96,0.48,97.51,-4.26,64.63,-0.91,POS+CHROM+DEEP,66.337,4400.6179,-66.337,57.845,3346.0376,-57.845,22.301,497.3371,-22.301,55.182,3045.0424,-55.182
4691,before,4691_before_clip_0001,ok,150,100.0,67.0,14.2,48.38,18.99,0,67.97,53.57,1.22,0.0430055741548567,32.92,134.4,-1.31,97.98,0.1,89.73,0.0,POS+CHROM+DEEP,14.4,207.3648,-14.4,66.425,4412.2144,66.425,30.003,900.1565,30.003,21.753,473.1872,21.753
4691,before,4691_before_clip_0002,ok,150,100.0,67.0,14.2,58.01,17.48,1,61.66,53.72,1.14,0.025056033932310973,32.24,68.71,1.82,68.38,0.55,68.56,1.18,POS+CHROM,7.944,63.1,-7.944,7.051,49.7162,7.051,6.716,45.1005,6.716,6.901,47.623,6.901
4698,after,4698_after_clip_0000,ok,150,127.0,82.0,13.5,32.71,54.71,0,100.27,53.19,1.45,-0.070268371883572,30.54,90.75,0.36,92.12,0.06,91.42,0.21,POS+CHROM,47.084,2216.9319,-47.084,9.518,90.6014,-9.518,8.156,66.5167,-8.156,8.854,78.3939,-8.854
4698,after,4698_after_clip_0001,ok,150,127.0,82.0,13.5,36.15,57.09,0,123.91,53.3,1.48,0.20196610147293984,30.52,62.27,2.47,62.12,2.8,62.19,2.64,POS+CHROM,70.615,4986.4464,-70.615,61.646,3800.2815,-61.646,61.795,3818.5769,-61.795,61.723,3809.6793,-61.723
4698,after,4698_after_clip_0002,ok,150,127.0,82.0,13.5,73.37,22.68,1,74.49,53.16,1.47,-0.11741765094339023,30.55,74.96,0.29,73.44,-0.46,74.25,-0.08,POS+CHROM,21.331,455.0106,-21.331,0.478,0.2281,0.478,1.046,1.0937,-1.046,0.236,0.0559,-0.236
4698,before,4698_before_clip_0000,ok,150,118.0,86.0,13.5,16.44,77.01,0,83.2,53.21,1.42,0.020977645886455024,30.59,69.55,0.94,68.73,-1.08,69.21,-0.07,POS+CHROM,29.987,899.2059,-29.987,13.644,186.161,-13.644,14.467,209.293,-14.467,13.987,195.6389,-13.987
4698,before,4698_before_clip_0001,ok,150,118.0,86.0,13.5,18.29,68.09,0,71.78,53.22,1.46,-0.04436473827349253,30.62,62.35,-1.66,123.64,-1.03,76.25,-0.41,POS+CHROM+DEEP,18.565,344.6412,-18.565,9.433,88.9886,-9.433,51.857,2689.1907,51.857,4.469,19.9687,4.469
4698,before,4698_before_clip_0002,ok,150,118.0,86.0,13.5,19.03,71.18,0,110.34,53.23,1.45,0.0012651867499364508,30.61,60.65,3.02,61.54,1.8,58.72,2.09,POS+CHROM+DEEP,57.113,3261.8579,-57.113,49.694,2469.5031,-49.694,48.795,2380.9473,-48.795,51.619,2664.4918,-51.619
4704,after,4704_after_clip_0000,ok,150,128.0,71.0,13.6,7.67,90.86,0,97.54,53.43,1.04,-0.1717257742441068,32.28,75.62,3.08,76.29,2.88,75.95,2.98,POS+CHROM,44.102,1944.9947,-44.102,21.913,480.1912,-21.913,21.245,451.3587,-21.245,21.585,465.9073,-21.585
4704,after,4704_after_clip_0001,ok,150,128.0,71.0,13.6,10.02,89.51,0,105.04,53.42,1.01,-0.06402994525860793,32.3,85.12,1.05,86.11,0.43,85.59,0.74,POS+CHROM,51.614,2664.054,-51.614,19.922,396.896,-19.922,18.925,358.1443,-18.925,19.449,378.2781,-19.449
4704,after,4704_after_clip_0002,ok,150,128.0,71.0,13.6,11.66,87.3,0,72.53,53.45,1.04,0.05017021696977332,32.3,85.6,3.1,84.23,2.78,84.93,2.94,POS+CHROM,19.077,363.9391,-19.077,13.075,170.9468,13.075,11.699,136.8742,11.699,12.405,153.888,12.405
4704,before,4704_before_clip_0000,ok,150,131.0,80.0,13.6,11.06,86.86,0,114.62,53.84,0.98,-0.04737379014287534,32.94,81.4,1.17,79.54,0.26,80.54,0.71,POS+CHROM,60.774,3693.4606,-60.774,33.215,1103.2227,-33.215,35.082,1230.7376,-35.082,34.078,1161.3153,-34.078
4704,before,4704_before_clip_0001,ok,150,131.0,80.0,13.6,6.54,89.01,0,107.54,53.95,1.16,0.042999204381666996,32.94,79.86,2.98,79.99,2.77,79.92,2.88,POS+CHROM,53.593,2872.1994,-53.593,27.687,766.5545,-27.687,27.558,759.4525,-27.558,27.624,763.0612,-27.624
4704,before,4704_before_clip_0002,ok,150,131.0,80.0,13.6,10.05,87.74,0,94.35,53.86,1.0,0.2082753757119116,33.33,83.4,4.24,84.29,3.39,83.81,3.81,POS+CHROM,40.483,1638.8995,-40.483,10.952,119.9471,-10.952,10.061,101.2154,-10.061,10.538,111.0444,-10.538
4718,after,4718_after_clip_0000,ok,150,132.0,67.0,14.9,40.83,58.34,0,124.27,53.95,1.27,-0.057074765920427435,32.92,84.37,5.52,85.53,4.45,84.9,4.99,POS+CHROM,70.325,4945.6197,-70.325,39.906,1592.4764,-39.906,38.749,1501.4696,-38.749,39.379,1550.691,-39.379
4718,after,4718_after_clip_0001,ok,150,132.0,67.0,14.9,9.24,89.47,0,97.31,53.82,1.07,0.23950001376395463,33.71,89.76,4.42,90.71,0.49,90.08,2.45,POS+CHROM,43.496,1891.9072,-43.496,7.556,57.0921,-7.556,6.605,43.6251,-6.605,7.231,52.2833,-7.231
4718,after,4718_after_clip_0002,ok,150,132.0,67.0,14.9,19.95,78.25,0,123.2,53.82,1.08,0.13238133517551545,33.65,86.9,4.5,87.55,2.65,87.18,3.57,POS+CHROM,69.381,4813.7244,-69.381,36.3,1317.7088,-36.3,35.646,1270.6311,-35.646,36.023,1297.6615,-36.023
4718,before,4718_before_clip_0000,ok,150,113.0,67.0,14.9,45.5,42.73,0,78.54,54.24,1.19,0.11341286736649554,32.92,59.82,0.78,116.65,-1.18,56.94,0.98,POS+DEEP,24.299,590.429,-24.299,18.719,350.4162,-18.719,38.112,1452.5156,38.112,21.604,466.7205,-21.604
4718,before,4718_before_clip_0001,ok,150,113.0,67.0,14.9,35.85,62.12,0,85.06,54.16,1.13,0.27667979645082574,33.23,104.29,-1.34,104.83,1.36,104.62,0.01,POS+CHROM,30.9,954.8147,-30.9,19.231,369.8126,19.231,19.774,391.0045,19.774,19.562,382.6837,19.562
4718,before,4718_before_clip_0002,ok,150,113.0,67.0,14.9,63.81,23.8,1,75.83,54.19,1.17,-0.08200321901609513,33.27,106.55,2.2,107.15,-0.26,106.79,0.97,POS+CHROM,21.644,468.4792,-21.644,30.716,943.4667,30.716,31.314,980.5434,31.314,30.954,958.1694,30.954
4724,after,4724_after_clip_0000,ok,150,112.0,67.0,13.4,48.54,18.14,0,111.13,53.88,0.92,0.15282726476671493,34.18,82.29,0.75,81.16,0.8,81.72,0.78,POS+CHROM,57.249,3277.4905,-57.249,28.842,831.8342,-28.842,29.974,898.4497,-29.974,29.41,864.9616,-29.41
4724,after,4724_after_clip_0001,ok,150,112.0,67.0,13.4,32.02,46.56,0,76.44,53.93,1.06,-0.01577323473675006,34.16,73.02,-0.21,72.05,-0.78,72.56,-0.5,POS+CHROM,22.509,506.6518,-22.509,3.416,11.6661,-3.416,4.391,19.2835,-4.391,3.88,15.0545,-3.88
4724,after,4724_after_clip_0002,ok,150,112.0,67.0,13.4,49.12,36.24,0,108.58,53.87,0.88,-0.2751176834873611,34.16,92.79,0.39,91.76,-1.31,92.35,-0.46,POS+CHROM,54.703,2992.4624,-54.703,15.788,249.2478,-15.788,16.822,282.9704,-16.822,16.232,263.4758,-16.232
4724,before,4724_before_clip_0000,ok,150,105.0,67.0,13.4,48.68,41.49,0,69.43,53.94,1.13,-0.2472050621374818,33.72,86.8,-2.01,88.95,-1.46,87.93,-1.73,POS+CHROM,15.488,239.8893,-15.488,17.378,301.9942,17.378,19.523,381.1351,19.523,18.5,342.2396,18.5
4724,before,4724_before_clip_0001,ok,150,105.0,67.0,13.4,41.43,40.15,0,105.52,53.85,0.92,-0.0416915657434062,34.2,90.6,0.54,90.33,0.31,90.47,0.43,POS+CHROM,51.674,2670.2467,-51.674,14.92,222.619,-14.92,15.196,230.9071,-15.196,15.055,226.6676,-15.055
4724,before,4724_before_clip_0002,ok,150,105.0,67.0,13.4,21.1,77.18,0,119.38,53.74,0.88,0.5020320351306792,34.2,89.95,-1.53,89.82,-1.54,89.88,-1.53,POS+CHROM,65.639,4308.4307,-65.639,29.43,866.1245,-29.43,29.564,874.035,-29.564,29.497,870.0737,-29.497
4731,after,4731_after_clip_0000,ok,150,116.0,66.0,11.5,3.38,91.85,0,133.03,53.62,1.28,-0.1349247463485465,31.31,66.91,1.34,78.28,-1.79,64.43,0.28,POS+CHROM+DEEP,79.405,6305.1532,-79.405,66.114,4371.028,-66.114,54.747,2997.1931,-54.747,68.596,4705.3667,-68.596
4731,after,4731_after_clip_0001,ok,150,116.0,66.0,11.5,7.55,90.07,0,83.38,53.63,1.2,-0.051766871234195544,32.12,57.93,3.79,59.15,2.56,57.2,2.52,POS+CHROM+DEEP,29.749,885.0233,-29.749,25.447,647.5496,-25.447,24.229,587.0588,-24.229,26.178,685.2706,-26.178
4731,after,4731_after_clip_0002,ok,150,116.0,66.0,11.5,2.98,94.06,0,105.7,53.56,1.32,0.015621441318048464,31.23,63.42,-0.56,62.42,0.74,62.87,0.09,POS+CHROM,52.14,2718.5321,-52.14,42.285,1788.0284,-42.285,43.279,1873.1035,-43.279,42.836,1834.9156,-42.836
4731,before,4731_before_clip_0000,ok,150,109.0,70.0,11.5,2.53,95.72,0,89.85,53.2,1.53,-0.056336328830147026,30.83,68.05,1.33,64.88,3.06,66.24,2.19,POS+CHROM,36.651,1343.2976,-36.651,21.8,475.2183,-21.8,24.977,623.8519,-24.977,23.616,557.704,-23.616
4731,before,4731_before_clip_0001,ok,150,109.0,70.0,11.5,3.03,95.71,0,61.34,53.21,1.51,-0.030247779550802965,30.88,67.63,4.87,68.57,5.28,68.11,5.07,POS+CHROM,8.133,66.1387,-8.133,6.286,39.52,6.286,7.227,52.2254,7.227,6.773,45.8719,6.773
4731,before,4731_before_clip_0002,ok,150,109.0,70.0,11.5,7.56,90.81,0,74.08,53.15,1.5,-0.033484780558906045,30.87,62.36,6.07,63.28,3.48,62.72,4.78,POS+CHROM,20.932,438.1565,-20.932,11.72,137.3611,-11.72,10.806,116.7799,-10.806,11.36,129.0547,-11.36
4754,after,4754_after_clip_0000,ok,150,104.0,65.0,13.2,3.81,92.16,0,133.15,53.8,0.9,-0.0832164269328696,34.29,85.78,0.98,84.52,-0.21,85.21,0.38,POS+CHROM,79.355,6297.2688,-79.355,47.377,2244.6195,-47.377,48.638,2365.6365,-48.638,47.945,2298.766,-47.945
4754,after,4754_after_clip_0001,ok,150,104.0,65.0,13.2,3.08,96.45,0,68.06,53.7,0.79,0.04098472563266458,34.38,79.37,-0.08,76.29,-0.96,77.94,-0.52,POS+CHROM,14.357,206.125,-14.357,11.308,127.8601,11.308,8.231,67.7569,8.231,9.883,97.6645,9.883
4754,after,4754_after_clip_0002,ok,150,104.0,65.0,13.2,7.21,92.23,0,111.05,53.81,0.85,0.021734882688068762,33.55,132.51,-4.09,134.07,-3.33,133.34,-3.71,POS+CHROM,57.238,3276.2391,-57.238,21.459,460.4811,21.459,23.02,529.9183,23.02,22.289,496.7954,22.289
4754,before,4754_before_clip_0000,ok,150,113.0,73.0,13.2,9.72,85.43,0,105.38,53.81,0.95,-0.04310855291987749,33.42,110.36,-0.16,110.98,-1.3,110.64,-0.73,POS+CHROM,51.567,2659.1493,-51.567,4.978,24.7761,4.978,5.603,31.3976,5.603,5.261,27.6783,5.261
4754,before,4754_before_clip_0001,ok,150,113.0,73.0,13.2,20.82,75.01,0,119.36,53.8,0.92,0.09129650824151905,33.41,74.38,1.86,75.53,2.59,74.99,2.22,POS+CHROM,65.559,4298.0073,-65.559,44.98,2023.1731,-44.98,43.828,1920.9044,-43.828,44.369,1968.6028,-44.369
4754,before,4754_before_clip_0002,ok,150,113.0,73.0,13.2,16.34,79.26,0,93.1,53.84,0.93,0.11665357629548401,33.42,83.05,0.3,60.34,-1.37,56.48,-0.22,CHROM+DEEP,39.26,1541.3466,-39.26,10.056,101.1266,-10.056,32.759,1073.1837,-32.759,36.625,1341.4038,-36.625
4784,after,4784_after_clip_0000,ok,150,136.0,78.0,15.5,49.6,44.27,0,119.74,53.88,1.11,-0.27513805230383337,32.93,100.41,0.35,96.94,2.01,98.44,1.18,POS+CHROM,65.851,4336.3486,-65.851,19.327,373.52,-19.327,22.795,519.624,-22.795,21.299,453.6654,-21.299
4784,after,4784_after_clip_0001,ok,150,136.0,78.0,15.5,58.4,26.62,1,108.75,53.85,1.08,-0.08721131856560817,32.95,88.75,-0.63,92.5,-1.19,90.54,-0.91,POS+CHROM,54.902,3014.1995,-54.902,20.005,400.1854,-20.005,16.257,264.2996,-16.257,18.218,331.9117,-18.218
4784,after,4784_after_clip_0002,ok,150,136.0,78.0,15.5,50.86,14.37,1,60.24,53.9,1.12,-0.25610916095577757,32.95,96.36,-3.02,67.44,0.68,67.84,-0.41,POS+CHROM+DEEP,6.341,40.2061,-6.341,36.119,1304.5727,36.119,7.203,51.8807,7.203,7.599,57.745,7.599
4784,before,4784_before_clip_0000,ok,150,110.0,75.0,15.5,47.92,38.96,0,73.42,53.9,1.04,0.13198297343514778,33.0,77.8,1.49,77.46,3.81,77.6,2.65,POS+CHROM,19.523,381.1368,-19.523,4.376,19.1492,4.376,4.038,16.3092,4.038,4.175,17.431,4.175
4784,before,4784_before_clip_0001,ok,150,110.0,75.0,15.5,48.83,47.2,0,82.85,53.87,1.11,-0.06552880366143493,32.99,58.48,0.27,59.36,1.61,57.24,0.99,POS+CHROM+DEEP,28.984,840.0484,-28.984,24.37,593.8964,-24.37,23.485,551.5379,-23.485,25.605,655.6223,-25.605
4784,before,4784_before_clip_0002,ok,150,110.0,75.0,15.5,18.67,66.42,0,115.68,53.88,1.1,-0.14788724447594567,33.0,90.65,1.77,88.8,0.91,89.79,1.34,POS+CHROM,61.802,3819.4748,-61.802,25.03,626.5142,-25.03,26.886,722.8773,-26.886,25.892,670.378,-25.892
4815,after,4815_after_clip_0000,ok,150,99.0,55.0,10.6,13.42,80.28,0,56.39,53.73,0.87,0.013232373994608485,34.66,118.56,0.69,117.69,2.43,118.06,1.56,POS+CHROM,2.661,7.0799,-2.661,62.172,3865.3859,62.172,61.299,3757.5944,61.299,61.673,3803.5779,61.673
4815,after,4815_after_clip_0001,ok,150,99.0,55.0,10.6,8.52,87.86,0,73.59,53.96,1.31,-0.07834689186294923,33.45,101.7,-1.72,103.24,-1.28,102.5,-1.5,POS+CHROM,19.628,385.2684,-19.628,28.108,790.0688,28.108,29.655,879.4425,29.655,28.91,835.8003,28.91
4815,after,4815_after_clip_0002,ok,150,99.0,55.0,10.6,10.86,88.81,0,82.39,53.8,0.46,-0.15170638798559868,36.7,97.72,0.34,100.31,-1.6,98.81,-0.63,POS+CHROM,28.585,817.1077,-28.585,15.332,235.0591,15.332,17.921,321.1701,17.921,16.419,269.583,16.419
4815,before,4815_before_clip_0000,ok,150,102.0,67.0,10.6,5.13,94.24,0,126.77,54.31,1.12,-0.06338838344322337,33.65,82.86,0.4,80.71,3.99,81.47,2.2,POS+CHROM,72.469,5251.7684,-72.469,43.914,1928.4656,-43.914,46.069,2122.3815,-46.069,45.305,2052.582,-45.305
4815,before,4815_before_clip_0001,ok,150,102.0,67.0,10.6,9.62,89.58,0,61.64,54.42,1.33,0.09871125948972329,32.51,127.39,-2.49,108.99,-3.66,86.17,-1.61,POS+CHROM+DEEP,7.224,52.1828,-7.224,65.746,4322.5796,65.746,47.348,2241.8367,47.348,24.53,601.7054,24.53
4815,before,4815_before_clip_0002,ok,150,102.0,67.0,10.6,13.31,85.9,0,70.97,54.21,1.07,-0.00689092837563816,33.31,60.83,2.13,118.73,-5.09,57.81,1.6,POS+DEEP,16.764,281.0274,-16.764,10.139,102.7966,-10.139,47.761,2281.0864,47.761,13.159,173.1471,-13.159
4822,after,4822_after_clip_0000,ok,150,148.0,56.0,17.1,44.62,46.84,0,69.04,53.94,1.22,0.05666395170479746,33.21,107.47,-2.11,105.43,-2.48,106.48,-2.29,POS+CHROM,15.1,228.0249,-15.1,38.422,1476.2438,38.422,36.383,1323.6933,36.383,37.434,1401.2916,37.434
4822,after,4822_after_clip_0001,ok,150,148.0,56.0,17.1,14.52,59.8,0,107.98,54.17,0.84,-0.16070481943585285,32.99,60.41,2.18,59.67,-0.23,58.19,0.93,POS+CHROM+DEEP,53.814,2895.936,-53.814,47.572,2263.0721,-47.572,48.316,2334.3958,-48.316,49.797,2479.6919,-49.797
4822,after,4822_after_clip_0002,ok,150,148.0,56.0,17.1,29.35,52.51,0,71.22,54.2,1.21,-0.02597829116726216,36.74,96.63,-1.5,68.23,-3.33,70.15,-1.21,POS+CHROM+DEEP,17.02,289.67,-17.02,25.404,645.3393,25.404,2.99,8.9427,-2.99,1.071,1.146,-1.071
4822,before,4822_before_clip_0000,ok,150,134.0,73.0,17.1,3.71,94.55,0,124.35,54.97,1.55,0.01200625294046455,31.65,79.11,-0.89,73.36,-2.17,76.54,-1.53,POS+CHROM,69.383,4813.9484,-69.383,45.237,2046.3751,-45.237,50.99,2599.9879,-50.99,47.807,2285.5029,-47.807
4822,before,4822_before_clip_0001,ok,150,134.0,73.0,17.1,2.73,92.09,0,125.76,53.91,0.84,0.05939943520992678,33.01,77.7,1.11,80.29,0.92,78.98,1.01,POS+CHROM,71.854,5162.9381,-71.854,48.059,2309.6854,-48.059,45.47,2067.5273,-45.47,46.785,2188.8467,-46.785
4822,before,4822_before_clip_0002,ok,150,134.0,73.0,17.1,7.51,92.03,0,62.14,53.54,0.91,0.14086892555253347,33.56,78.18,2.41,80.5,0.56,79.16,1.49,POS+CHROM,8.605,74.0506,-8.605,16.038,257.2329,16.038,18.355,336.9224,18.355,17.019,289.6482,17.019
4844,after,4844_after_clip_0000,ok,150,154.0,80.0,15.1,8.05,90.79,0,103.93,53.87,0.93,-0.015768064323874856,33.51,93.31,1.36,89.64,0.14,91.66,0.75,POS+CHROM,50.06,2506.0149,-50.06,10.627,112.9318,-10.627,14.298,204.4343,-14.298,12.277,150.7269,-12.277
4844,after,4844_after_clip_0001,ok,150,154.0,80.0,15.1,11.37,85.32,0,66.23,53.89,0.87,0.02828689687324137,34.3,94.92,2.82,95.16,-0.65,95.01,1.09,POS+CHROM,12.342,152.3263,-12.342,28.697,823.5017,28.697,28.932,837.0706,28.932,28.781,828.3609,28.781
4844,after,4844_after_clip_0002,ok,150,154.0,80.0,15.1,2.7,96.88,0,107.11,53.84,0.94,-0.035899086519762174,34.26,89.56,0.98,89.63,-1.3,89.59,-0.16,POS+CHROM,53.273,2837.9898,-53.273,17.545,307.8105,-17.545,17.477,305.4445,-17.477,17.517,306.8486,-17.517
4844,before,4844_before_clip_0000,ok,150,132.0,66.0,15.1,6.12,93.45,0,102.93,53.7,1.05,0.05783651974538043,33.28,65.23,3.13,66.4,3.14,65.82,3.14,POS+CHROM,49.238,2424.4148,-49.238,37.706,1421.7081,-37.706,36.53,1334.406,-36.53,37.117,1377.6705,-37.117
4844,before,4844_before_clip_0001,ok,150,132.0,66.0,15.1,3.57,95.82,0,63.98,53.76,1.07,0.07767478930139542,32.91,83.54,0.4,79.25,-0.18,81.5,0.11,POS+CHROM,10.22,104.4466,-10.22,19.559,382.554,19.559,15.266,233.0513,15.266,17.515,306.7819,17.515
4844,before,4844_before_clip_0002,ok,150,132.0,66.0,15.1,6.73,92.99,0,104.98,53.79,1.1,0.016161255427019752,32.89,77.01,4.96,76.15,4.34,76.6,4.65,POS+CHROM,51.19,2620.3807,-51.19,27.971,782.3884,-27.971,28.83,831.159,-28.83,28.379,805.3486,-28.379
4874,after,4874_after_clip_0000,ok,150,103.0,74.0,12.5,47.87,45.89,0,82.28,54.01,1.2,0.4814945308605935,33.14,66.02,-3.63,64.23,-4.57,65.19,-4.1,POS+CHROM,28.266,798.9578,-28.266,16.261,264.4144,-16.261,18.045,325.6274,-18.045,17.083,291.8391,-17.083
4874,after,4874_after_clip_0001,ok,150,103.0,74.0,12.5,73.38,19.75,1,83.04,53.95,1.18,-0.09092112938335617,33.13,136.66,-3.94,136.0,-2.09,136.28,-3.02,POS+CHROM,29.097,846.6305,-29.097,53.621,2875.185,53.621,52.952,2803.949,52.952,53.235,2834.0146,53.235
4874,after,4874_after_clip_0002,ok,150,103.0,74.0,12.5,36.27,34.52,0,97.85,53.98,1.15,0.2043532057272637,33.89,89.41,-3.09,90.17,-3.87,89.76,-3.48,POS+CHROM,43.871,1924.6263,-43.871,8.447,71.3559,-8.447,7.682,59.0098,-7.682,8.09,65.4416,-8.09
4874,before,4874_before_clip_0000,ok,150,92.0,71.0,12.5,62.92,16.38,1,62.66,55.04,1.14,-0.10805214356649614,34.2,57.88,-3.5,104.78,-3.51,55.94,-1.18,POS+DEEP,7.617,58.0183,-7.617,4.781,22.8565,-4.781,42.119,1773.9951,42.119,6.721,45.1668,-6.721
4874,before,4874_before_clip_0001,ok,150,92.0,71.0,12.5,11.29,13.0,0,78.28,54.16,0.75,0.26232011488127693,31.82,129.66,-1.91,128.72,-1.94,129.19,-1.92,POS+CHROM,24.12,581.7882,-24.12,51.376,2639.477,51.376,50.438,2543.9845,50.438,50.908,2591.6353,50.908
4874,before,4874_before_clip_0002,ok,150,92.0,71.0,12.5,63.62,17.92,1,82.08,54.1,0.67,-0.09940254319018205,31.43,55.04,-3.6,82.84,-5.26,54.41,-1.46,POS+DEEP,27.98,782.8634,-27.98,27.034,730.8436,-27.034,0.764,0.5838,0.764,27.668,765.5276,-27.668
4892,after,4892_after_clip_0000,ok,150,108.0,81.0,14.6,33.76,63.02,0,134.83,53.75,1.11,0.2621122698856814,33.19,83.09,-2.62,79.82,-0.35,81.15,-1.48,POS+CHROM,81.074,6572.9383,-81.074,51.732,2676.1598,-51.732,55.003,3025.285,-55.003,53.672,2880.7228,-53.672
4892,after,4892_after_clip_0001,ok,150,108.0,81.0,14.6,47.12,28.5,0,97.06,53.74,1.1,0.06069487805552162,33.2,71.92,-1.72,98.44,-1.34,71.69,-0.65,POS+CHROM+DEEP,43.315,1876.1658,-43.315,25.137,631.8747,-25.137,1.38,1.9041,1.38,25.366,643.4165,-25.366
4892,after,4892_after_clip_0002,ok,150,108.0,81.0,14.6,21.93,77.35,0,99.97,53.99,1.14,0.0215650986270069,33.2,83.68,-3.35,94.55,0.2,74.91,-0.67,POS+CHROM+DEEP,45.973,2113.5245,-45.973,16.283,265.1455,-16.283,5.421,29.3883,-5.421,25.06,627.9853,-25.06
4892,before,4892_before_clip_0000,ok,150,117.0,75.0,14.6,22.17,64.22,0,86.64,53.77,1.01,-0.11090481787261926,33.38,70.05,4.31,69.21,4.1,69.64,4.2,POS+CHROM,32.869,1080.3531,-32.869,16.592,275.2789,-16.592,17.429,303.7567,-17.429,17.003,289.1019,-17.003
4892,before,4892_before_clip_0001,ok,150,117.0,75.0,14.6,17.39,79.1,0,123.83,53.72,0.99,0.05033620311950973,33.4,78.12,1.21,78.99,-1.88,78.45,-0.34,POS+CHROM,70.114,4915.9897,-70.114,45.709,2089.3553,-45.709,44.845,2011.0611,-44.845,45.386,2059.9065,-45.386
4892,before,4892_before_clip_0002,ok,150,117.0,75.0,14.6,16.6,81.45,0,113.92,53.69,0.98,-0.13522063848836785,33.4,66.2,3.08,61.78,2.08,64.17,2.58,POS+CHROM,60.224,3626.9883,-60.224,47.721,2277.3272,-47.721,52.143,2718.9327,-52.143,49.748,2474.8631,-49.748
4902,after,4902_after_clip_0000,ok,150,107.0,58.0,11.6,6.04,92.37,0,79.23,53.18,1.52,-0.002847684215369194,30.2,94.98,-1.2,97.18,-1.56,96.05,-1.38,POS+CHROM,26.051,678.6729,-26.051,15.747,247.967,15.747,17.952,322.2892,17.952,16.816,282.7923,16.816
4902,after,4902_after_clip_0001,ok,150,107.0,58.0,11.6,1.87,96.4,0,90.04,52.67,1.21,0.036372390477858306,30.12,70.5,4.84,70.4,5.31,70.45,5.07,POS+CHROM,37.368,1396.3712,-37.368,19.545,381.9959,-19.545,19.641,385.7691,-19.641,19.595,383.9533,-19.595
4902,after,4902_after_clip_0002,ok,150,107.0,58.0,11.6,5.33,94.09,0,76.24,53.08,1.5,-0.13854183907638007,30.56,68.75,2.69,69.56,-0.44,69.05,1.13,POS+CHROM,23.159,536.3275,-23.159,7.487,56.0558,-7.487,6.672,44.522,-6.672,7.184,51.6084,-7.184
4902,before,4902_before_clip_0000,ok,150,104.0,65.0,11.6,3.9,95.55,0,111.24,53.07,1.54,-0.0787719298223183,30.73,111.29,-2.48,74.76,-2.3,73.3,-1.08,POS+CHROM+DEEP,58.172,3383.9915,-58.172,0.044,0.002,0.044,36.482,1330.9661,-36.482,37.945,1439.8516,-37.945
4902,before,4902_before_clip_0001,ok,150,104.0,65.0,11.6,9.25,90.04,0,106.75,52.87,1.32,0.00424853065462094,30.72,76.63,-0.76,78.77,-0.5,77.73,-0.63,POS+CHROM,53.874,2902.3734,-53.874,30.112,906.75,-30.112,27.975,782.6007,-27.975,29.02,842.1781,-29.02
4902,before,4902_before_clip_0002,ok,150,104.0,65.0,11.6,6.08,92.18,0,106.44,52.93,1.23,0.08967217333714975,30.77,64.1,0.1,65.29,0.09,64.7,0.09,POS+CHROM,53.514,2863.7202,-53.514,42.335,1792.2817,-42.335,41.144,1692.8685,-41.144,41.741,1742.2728,-41.741
4909,after,4909_after_clip_0000,ok,150,148.0,93.0,12.9,15.22,19.85,0,124.43,54.44,1.11,-0.28651515000468564,34.58,72.79,1.94,77.4,-0.33,74.66,0.8,POS+CHROM,69.982,4897.5019,-69.982,51.635,2666.2153,-51.635,47.032,2211.99,-47.032,49.762,2476.299,-49.762
4909,after,4909_after_clip_0001,ok,150,148.0,93.0,12.9,63.7,31.37,0,61.7,54.47,1.44,0.22081720058158538,36.4,107.03,1.58,97.78,-1.29,85.06,0.58,POS+CHROM+DEEP,7.223,52.1675,-7.223,45.334,2055.1682,45.334,36.08,1301.7456,36.08,23.367,546.0192,23.367
4909,after,4909_after_clip_0002,ok,150,148.0,93.0,12.9,52.87,44.21,0,113.48,54.57,1.3,0.20303923087448003,33.6,75.69,1.0,78.47,-1.32,76.82,-0.16,POS+CHROM,58.917,3471.2476,-58.917,37.788,1427.9459,-37.788,35.013,1225.9031,-35.013,36.666,1344.4054,-36.666
4909,before,4909_before_clip_0000,ok,150,128.0,84.0,12.9,56.84,18.27,1,103.3,54.42,1.22,0.25550169715980964,34.08,94.38,-2.03,89.15,-0.66,91.47,-1.34,POS+CHROM,48.877,2388.9183,-48.877,8.917,79.5068,-8.917,14.148,200.1799,-14.148,11.83,139.9425,-11.83
4909,before,4909_before_clip_0001,ok,150,128.0,84.0,12.9,58.17,32.97,0,116.39,54.36,1.25,-0.2721604517830806,33.69,107.49,-1.53,108.77,-2.56,108.08,-2.05,POS+CHROM,62.031,3847.8911,-62.031,8.901,79.2329,-8.901,7.623,58.1045,-7.623,8.316,69.1639,-8.316
4909,before,4909_before_clip_0002,ok,150,128.0,84.0,12.9,57.83,31.51,0,103.23,54.37,1.24,0.004837162501257429,34.12,107.0,-0.15,106.31,-1.47,106.69,-0.81,POS+CHROM,48.86,2387.3446,-48.86,3.772,14.2292,3.772,3.076,9.4637,3.076,3.462,11.9868,3.462
4929,after,4929_after_clip_0000,ok,150,122.0,79.0,11.7,11.27,78.34,0,127.15,53.63,1.08,-0.06772403584239052,33.14,100.45,0.51,101.8,-0.91,101.05,-0.2,POS+CHROM,73.521,5405.2972,-73.521,26.701,712.9385,-26.701,25.349,642.5885,-25.349,26.105,681.4617,-26.105
4929,after,4929_after_clip_0001,ok,150,122.0,79.0,11.7,8.41,77.87,0,66.17,53.65,1.12,-0.061656411627141666,32.78,102.77,0.25,105.29,-3.23,103.68,-1.49,POS+CHROM,12.521,156.7877,-12.521,36.608,1340.1175,36.608,39.124,1530.6489,39.124,37.511,1407.0564,37.511
4929,after,4929_after_clip_0002,ok,150,122.0,79.0,11.7,4.93,89.12,0,69.2,53.59,1.07,-0.09460247605295721,33.48,102.99,3.72,100.48,-1.83,102.27,0.95,POS+CHROM,15.611,243.7186,-15.611,33.781,1141.1264,33.781,31.276,978.1724,31.276,33.069,1093.5857,33.069
4929,before,4929_before_clip_0000,ok,150,120.0,77.0,11.7,17.49,76.5,0,113.25,53.67,1.14,-0.12903504523407153,31.95,81.39,3.97,83.17,1.76,82.12,2.87,POS+CHROM,59.581,3549.8656,-59.581,31.866,1015.437,-31.866,30.082,904.8989,-30.082,31.136,969.467,-31.136
4929,before,4929_before_clip_0001,ok,150,120.0,77.0,11.7,12.49,80.11,0,96.73,53.61,1.12,-0.033597538196102866,33.03,74.14,2.07,80.13,-2.09,76.14,-0.01,POS+CHROM,43.117,1859.055,-43.117,22.583,510.006,-22.583,16.595,275.3955,-16.595,20.587,423.8134,-20.587
4929,before,4929_before_clip_0002,ok,150,120.0,77.0,11.7,19.56,72.96,0,56.86,53.57,1.18,0.11585648004876391,32.23,76.7,2.39,76.2,-1.07,76.52,0.66,POS+CHROM,3.298,10.8788,-3.298,19.838,393.5646,19.838,19.34,374.0174,19.34,19.659,386.4793,19.659
4932,after,4932_after_clip_0000,ok,150,108.0,70.0,16.2,29.27,58.58,0,112.81,53.93,1.14,0.007652029300291506,32.94,90.71,-0.4,91.43,-1.77,91.03,-1.09,POS+CHROM,58.879,3466.7548,-58.879,22.093,488.0942,-22.093,21.377,456.9607,-21.377,21.775,474.1716,-21.775
4932,after,4932_after_clip_0001,ok,150,108.0,70.0,16.2,28.53,67.26,0,133.34,53.87,0.98,-0.19022741611343938,33.3,96.5,2.31,100.23,-0.82,97.89,0.75,POS+CHROM,79.471,6315.5716,-79.471,36.845,1357.5876,-36.845,33.111,1096.3267,-33.111,35.455,1257.0553,-35.455
4932,after,4932_after_clip_0002,ok,150,108.0,70.0,16.2,39.78,23.01,0,114.83,54.28,1.23,-0.04779774657204722,34.09,111.94,-2.08,111.61,-2.09,111.77,-2.09,POS+CHROM,60.55,3666.2694,-60.55,2.889,8.3458,-2.889,3.216,10.3456,-3.216,3.052,9.3176,-3.052
4932,before,4932_before_clip_0000,ok,150,112.0,70.0,16.2,8.99,88.49,0,68.03,53.81,1.0,-0.3408440468706417,33.26,68.61,-1.02,67.64,0.32,68.07,-0.35,POS+CHROM,14.222,202.2701,-14.222,0.581,0.3378,0.581,0.393,0.1544,-0.393,0.04,0.0016,0.04
4932,before,4932_before_clip_0001,ok,150,112.0,70.0,16.2,42.2,53.52,0,95.06,53.76,1.05,-0.04556641206685006,33.26,69.22,-2.38,67.55,-2.05,68.36,-2.22,POS+CHROM,41.297,1705.4343,-41.297,25.834,667.3866,-25.834,27.508,756.7099,-27.508,26.694,712.5958,-26.694
4932,before,4932_before_clip_0002,ok,150,112.0,70.0,16.2,25.42,54.62,0,117.24,53.78,1.01,-0.2141547500377183,33.25,120.7,2.77,119.58,2.15,120.17,2.46,POS+CHROM,63.454,4026.3975,-63.454,3.46,11.9697,3.46,2.344,5.4945,2.344,2.93,8.5873,2.93
4936,after,4936_after_clip_0000,ok,150,89.0,53.0,12.4,3.12,95.0,0,66.48,53.63,0.83,0.002784230062681645,34.01,62.57,-0.54,90.55,-1.95,66.14,-0.55,POS+CHROM+DEEP,12.854,165.2295,-12.854,3.91,15.2864,-3.91,24.073,579.4859,24.073,0.342,0.1172,-0.342
4936,after,4936_after_clip_0001,ok,150,89.0,53.0,12.4,0.34,99.16,0,122.04,53.75,1.14,-0.03965994545960399,36.84,100.92,-4.84,80.74,-1.81,70.88,-1.84,POS+CHROM+DEEP,68.288,4663.2431,-68.288,21.115,445.8505,-21.115,41.294,1705.2159,-41.294,51.154,2616.7094,-51.154
4936,after,4936_after_clip_0002,ok,150,89.0,53.0,12.4,0.81,98.25,0,123.03,53.88,1.0,-0.006792764533266435,32.92,55.69,3.14,113.9,-5.93,54.94,2.07,POS+DEEP,69.15,4781.7905,-69.15,67.347,4535.6527,-67.347,9.134,83.4315,-9.134,68.09,4636.217,-68.09
4936,before,4936_before_clip_0000,ok,150,104.0,65.0,12.4,0.44,98.59,0,112.22,54.02,1.21,-0.013570573206312702,32.9,59.04,-0.7,119.2,-2.9,56.13,0.25,POS+DEEP,58.199,3387.1575,-58.199,53.179,2827.9718,-53.179,6.977,48.6727,6.977,56.085,3145.5406,-56.085
4936,before,4936_before_clip_0001,ok,150,104.0,65.0,12.4,2.17,96.45,0,129.03,54.15,1.16,0.01955929226254589,31.94,93.9,-2.15,113.99,-2.55,80.23,-1.18,POS+CHROM+DEEP,74.883,5607.4757,-74.883,35.13,1234.1343,-35.13,15.042,226.2708,-15.042,48.802,2381.6007,-48.802
4936,before,4936_before_clip_0002,ok,150,104.0,65.0,12.4,0.69,98.44,0,123.48,53.93,1.14,0.029781574693478356,32.66,105.78,-2.61,105.5,-3.99,105.66,-3.3,POS+CHROM,69.557,4838.1127,-69.557,17.7,313.2969,-17.7,17.98,323.2884,-17.98,17.824,317.7016,-17.824
4937,after,4937_after_clip_0000,ok,150,142.0,80.0,16.7,58.8,28.08,1,88.83,53.29,1.24,-0.23467460968452988,31.76,100.66,-0.87,122.98,-0.05,88.96,0.11,POS+CHROM+DEEP,35.541,1263.1297,-35.541,11.826,139.8498,11.826,34.144,1165.7936,34.144,0.129,0.0167,0.129
4937,after,4937_after_clip_0001,ok,150,142.0,80.0,16.7,78.61,11.3,1,80.17,53.29,1.24,0.2445681824821603,31.74,98.75,3.96,100.56,2.72,99.56,3.34,POS+CHROM,26.873,722.1719,-26.873,18.582,345.3064,18.582,20.395,415.9633,20.395,19.396,376.1888,19.396
4937,after,4937_after_clip_0002,ok,150,142.0,80.0,16.7,69.88,27.25,1,86.72,53.39,1.27,-0.3880551535791478,31.36,100.18,4.94,100.85,2.94,100.46,3.94,POS+CHROM,33.333,1111.0942,-33.333,13.454,181.0039,13.454,14.124,199.4794,14.124,13.734,188.6125,13.734
4937,before,4937_before_clip_0000,ok,150,125.0,75.0,16.7,8.26,90.87,0,110.56,53.58,1.25,0.03179729454517674,31.89,87.0,0.1,90.39,-0.92,88.55,-0.41,POS+CHROM,56.977,3246.4083,-56.977,23.559,555.0284,-23.559,20.169,406.7713,-20.169,22.007,484.3164,-22.007
4937,before,4937_before_clip_0001,ok,150,125.0,75.0,16.7,4.6,94.4,0,109.21,53.51,1.23,-0.10481848439142735,32.28,90.4,-2.17,91.24,-5.0,90.72,-3.59,POS+CHROM,55.696,3102.003,-55.696,18.801,353.4826,-18.801,17.969,322.877,-17.969,18.481,341.562,-18.481
4937,before,4937_before_clip_0002,ok,150,125.0,75.0,16.7,8.13,91.49,0,109.88,53.57,1.26,0.01758834299559706,31.91,83.46,2.18,81.78,0.38,82.74,1.28,POS+CHROM,56.31,3170.8128,-56.31,26.422,698.1324,-26.422,28.104,789.8614,-28.104,27.139,736.5082,-27.139
4952,after,4952_after_clip_0000,ok,150,112.0,61.0,12.5,62.56,18.41,1,102.09,53.35,1.18,0.016831238158166093,31.49,102.49,1.23,73.16,-0.96,76.77,0.49,POS+CHROM+DEEP,48.745,2376.0865,-48.745,0.393,0.1545,0.393,28.935,837.2294,-28.935,25.325,641.378,-25.325
4952,after,4952_after_clip_0001,ok,150,112.0,61.0,12.5,28.3,7.95,0,63.48,53.33,1.1,0.048373716996367284,31.96,109.05,-2.13,73.53,1.45,73.74,0.14,POS+CHROM+DEEP,10.153,103.0741,-10.153,45.564,2076.107,45.564,10.053,101.0603,10.053,10.263,105.3255,10.263
4952,after,4952_after_clip_0002,ok,150,112.0,61.0,12.5,38.36,56.22,0,83.9,53.42,1.16,-0.5029764658640841,31.54,106.15,-2.45,56.57,-1.45,54.66,-0.15,CHROM+DEEP,30.477,928.8772,-30.477,22.245,494.8373,22.245,27.334,747.1234,-27.334,29.241,855.0435,-29.241
4952,before,4952_before_clip_0000,ok,150,136.0,69.0,12.5,57.31,29.62,1,68.16,53.87,0.98,0.04340792943599977,33.37,87.03,0.5,89.41,-1.65,88.01,-0.57,POS+CHROM,14.281,203.9585,-14.281,18.878,356.3844,18.878,21.253,451.6885,21.253,19.855,394.2167,19.855
4952,before,4952_before_clip_0001,ok,150,136.0,69.0,12.5,17.37,72.51,0,69.13,53.87,1.01,0.14021369803360206,33.34,91.12,4.53,90.41,4.22,90.77,4.38,POS+CHROM,15.262,232.9201,-15.262,21.991,483.5997,21.991,21.277,452.7016,21.277,21.643,468.4312,21.643
4952,before,4952_before_clip_0002,ok,150,136.0,69.0,12.5,69.35,19.59,1,66.35,53.83,1.01,-0.13516684523057626,33.31,65.0,0.72,65.03,-0.36,65.01,0.18,POS+CHROM,12.522,156.7906,-12.522,1.354,1.8342,-1.354,1.325,1.7549,-1.325,1.341,1.7979,-1.341
4968,after,4968_after_clip_0000,ok,150,124.0,79.0,13.8,64.22,28.97,1,111.79,54.0,1.15,0.008515303398733395,33.18,72.89,1.31,71.2,1.2,72.05,1.26,POS+CHROM,57.79,3339.6335,-57.79,38.895,1512.8078,-38.895,40.585,1647.179,-40.585,39.732,1578.6386,-39.732
4968,after,4968_after_clip_0001,ok,150,124.0,79.0,13.8,40.26,52.16,0,64.91,54.08,1.13,0.17463156595956272,33.16,87.12,-1.03,88.51,-2.53,87.73,-1.78,POS+CHROM,10.831,117.3047,-10.831,22.21,493.2707,22.21,23.598,556.8784,23.598,22.818,520.6568,22.818
4968,after,4968_after_clip_0002,ok,150,124.0,79.0,13.8,50.19,45.4,0,89.18,53.97,1.18,-0.006024683238309407,33.14,79.97,2.04,76.41,1.24,78.31,1.64,POS+CHROM,35.215,1240.0846,-35.215,9.213,84.8865,-9.213,12.776,163.2285,-12.776,10.876,118.2847,-10.876
4968,before,4968_before_clip_0000,ok,150,109.0,68.0,13.8,63.71,29.8,1,104.22,53.81,1.0,0.3775902971748295,33.24,98.7,-2.26,131.33,-1.51,88.23,-0.93,POS+CHROM+DEEP,50.416,2541.7838,-50.416,5.526,30.5368,-5.526,27.108,734.8403,27.108,15.993,255.7878,-15.993
4968,before,4968_before_clip_0001,ok,150,109.0,68.0,13.8,67.5,19.62,1,80.69,53.91,1.04,0.1461904968505911,32.77,61.09,-0.9,63.79,0.52,59.31,0.22,POS+CHROM+DEEP,26.776,716.9585,-26.776,19.599,384.1118,-19.599,16.904,285.7451,-16.904,21.379,457.0751,-21.379
4968,before,4968_before_clip_0002,ok,150,109.0,68.0,13.8,26.26,64.76,0,107.75,53.7,1.03,0.04293863105342502,33.16,92.55,-2.06,125.38,-3.11,81.88,-1.38,POS+CHROM+DEEP,54.053,2921.7084,-54.053,15.208,231.2704,-15.208,17.628,310.7532,17.628,25.868,669.1474,-25.868
5003,after,5003_after_clip_0000,ok,150,108.0,74.0,14.6,23.18,75.35,0,123.54,53.64,1.3,-0.06069719521510855,31.32,59.75,3.05,98.91,-3.96,57.14,2.18,POS+DEEP,69.899,4885.8774,-69.899,63.783,4068.2222,-63.783,24.63,606.6532,-24.63,66.398,4408.7069,-66.398
5003,after,5003_after_clip_0001,ok,150,108.0,74.0,14.6,13.1,83.28,0,103.41,53.44,1.03,0.009873004565191022,31.71,114.99,-4.12,94.47,-3.45,77.43,-2.18,POS+CHROM+DEEP,49.975,2497.5214,-49.975,11.576,134.0031,11.576,8.943,79.975,-8.943,25.978,674.8803,-25.978
5003,after,5003_after_clip_0002,ok,150,108.0,74.0,14.6,12.58,83.17,0,106.77,53.52,1.28,-0.04337988882319335,31.64,109.84,-2.13,81.24,-2.45,75.75,-1.1,POS+CHROM+DEEP,53.246,2835.1025,-53.246,3.071,9.4304,3.071,25.526,651.5603,-25.526,31.011,961.7092,-31.011
5003,before,5003_before_clip_0000,ok,150,109.0,72.0,14.6,19.63,75.73,0,109.37,53.47,1.15,-0.211955056683829,31.53,74.03,2.57,77.06,4.56,75.8,3.57,POS+CHROM,55.897,3124.4822,-55.897,35.335,1248.5756,-35.335,32.305,1043.6437,-32.305,33.571,1127.0359,-33.571
5003,before,5003_before_clip_0001,ok,150,109.0,72.0,14.6,40.53,47.86,0,95.05,53.63,1.38,-0.2434823420521055,31.15,61.8,-1.86,67.68,2.08,65.68,0.11,POS+CHROM,41.422,1715.7766,-41.422,33.253,1105.7587,-33.253,27.37,749.0941,-27.37,29.379,863.145,-29.379
5003,before,5003_before_clip_0002,ok,150,109.0,72.0,14.6,17.66,72.25,0,93.89,53.55,1.41,-0.22451218576859971,31.5,83.87,3.18,66.17,-1.13,69.89,1.15,POS+CHROM+DEEP,40.336,1627.0014,-40.336,10.016,100.3113,-10.016,27.719,768.3499,-27.719,23.999,575.9608,-23.999
5031,after,5031_after_clip_0000,ok,150,132.0,78.0,14.5,61.31,22.94,1,67.19,53.76,1.05,0.11579643513603081,32.8,97.24,2.35,94.42,-1.12,96.23,0.61,POS+CHROM,13.432,180.4235,-13.432,30.052,903.1479,30.052,27.231,741.5251,27.231,29.039,843.2787,29.039
5031,after,5031_after_clip_0001,ok,150,132.0,78.0,14.5,48.33,34.22,0,125.97,53.82,1.12,0.06507881518377563,31.97,103.4,2.44,102.51,0.76,103.02,1.6,POS+CHROM,72.153,5206.0595,-72.153,22.566,509.2382,-22.566,23.459,550.3069,-23.459,22.95,526.7136,-22.95
5031,after,5031_after_clip_0002,ok,150,132.0,78.0,14.5,48.99,26.27,0,100.48,53.78,1.13,0.1386052714254154,32.71,97.08,3.06,96.03,0.57,96.66,1.81,POS+CHROM,46.706,2181.4542,-46.706,3.402,11.5749,-3.402,4.448,19.7842,-4.448,3.818,14.5765,-3.818
5031,before,5031_before_clip_0000,ok,150,129.0,79.0,14.5,25.22,71.8,0,98.86,53.79,1.12,0.2156291265015612,32.22,85.67,2.95,57.32,-1.67,55.15,-0.27,CHROM+DEEP,45.075,2031.7462,-45.075,13.191,174.0031,-13.191,41.541,1725.6728,-41.541,43.712,1910.7201,-43.712
5031,before,5031_before_clip_0001,ok,150,129.0,79.0,14.5,51.34,45.9,0,96.6,54.03,1.11,0.22778920060462035,32.29,61.91,0.93,61.85,4.21,59.72,2.08,POS+CHROM+DEEP,42.57,1812.2229,-42.57,34.695,1203.772,-34.695,34.759,1208.2226,-34.759,36.883,1360.3871,-36.883
5031,before,5031_before_clip_0002,ok,150,129.0,79.0,14.5,63.82,33.42,0,105.29,54.92,1.75,-0.10739303132930111,36.57,84.65,0.2,86.79,0.09,85.71,0.14,POS+CHROM,50.365,2536.6827,-50.365,20.634,425.7586,-20.634,18.499,342.2026,-18.499,19.576,383.2141,-19.576
5044,after,5044_after_clip_0000,ok,150,132.0,76.0,12.0,46.6,42.16,0,128.32,53.63,1.27,-0.03146609203128328,31.71,105.16,0.93,104.85,-0.69,105.03,0.12,POS+CHROM,74.689,5578.4987,-74.689,23.155,536.1522,-23.155,23.469,550.8101,-23.469,23.291,542.4728,-23.291
5044,after,5044_after_clip_0001,ok,150,132.0,76.0,12.0,22.75,74.72,0,91.22,53.63,1.29,0.07777066440412271,31.67,98.9,2.1,99.0,1.16,98.95,1.63,POS+CHROM,37.586,1412.6999,-37.586,7.683,59.0328,7.683,7.776,60.4711,7.776,7.726,59.6933,7.726
5044,after,5044_after_clip_0002,ok,150,132.0,76.0,12.0,56.05,41.89,0,92.93,53.6,1.23,-0.2897253221579777,31.73,63.17,-0.67,63.71,-1.68,63.41,-1.18,POS+CHROM,39.331,1546.9131,-39.331,29.765,885.9549,-29.765,29.225,854.0723,-29.225,29.517,871.2789,-29.517
5044,before,5044_before_clip_0000,ok,150,115.0,72.0,12.0,24.53,73.68,0,109.75,53.84,1.27,-0.02117640869253705,32.11,100.57,-0.7,99.09,-3.76,100.02,-2.23,POS+CHROM,55.91,3125.8884,-55.91,9.18,84.2693,-9.18,10.662,113.6789,-10.662,9.736,94.7925,-9.736
5044,before,5044_before_clip_0001,ok,150,115.0,72.0,12.0,24.94,64.72,0,119.76,53.69,1.22,-0.033746248773124425,32.15,90.84,2.28,90.05,0.38,90.51,1.33,POS+CHROM,66.076,4366.037,-66.076,28.922,836.4601,-28.922,29.714,882.9125,-29.714,29.255,855.8816,-29.255
5044,before,5044_before_clip_0002,ok,150,115.0,72.0,12.0,15.28,82.29,0,119.17,53.74,1.19,0.38320802248461994,31.78,82.58,0.17,82.93,-1.22,82.74,-0.53,POS+CHROM,65.427,4280.675,-65.427,36.585,1338.4721,-36.585,36.237,1313.1438,-36.237,36.431,1327.2337,-36.431
5074,after,5074_after_clip_0000,ok,150,139.0,77.0,12.0,18.53,71.53,0,118.07,53.54,1.28,-0.0132398811398152,31.67,91.45,-0.89,91.94,0.68,91.73,-0.1,POS+CHROM,64.533,4164.4511,-64.533,26.626,708.9449,-26.626,26.128,682.6919,-26.128,26.345,694.048,-26.345
5074,after,5074_after_clip_0001,ok,150,139.0,77.0,12.0,47.1,50.39,0,103.53,53.51,1.28,0.02084561365851637,32.0,119.28,-0.09,90.73,-2.41,84.53,-0.41,POS+CHROM+DEEP,50.019,2501.8521,-50.019,15.759,248.3314,15.759,12.794,163.6742,-12.794,18.993,360.7461,-18.993
5074,after,5074_after_clip_0002,ok,150,139.0,77.0,12.0,28.99,63.45,0,129.19,53.63,1.35,-0.10377214866399806,31.63,79.27,1.26,78.61,0.59,78.96,0.93,POS+CHROM,75.559,5709.1152,-75.559,49.913,2491.3288,-49.913,50.575,2557.8389,-50.575,50.226,2522.608,-50.226
5074,before,5074_before_clip_0000,ok,150,104.0,73.0,12.0,31.81,63.25,0,113.9,53.64,1.32,0.18310068119109757,31.67,64.73,2.62,66.57,1.1,65.53,1.86,POS+CHROM,60.256,3630.8354,-60.256,49.165,2417.2218,-49.165,47.332,2240.3007,-47.332,48.364,2339.1082,-48.364
5074,before,5074_before_clip_0001,ok,150,104.0,73.0,12.0,26.87,66.21,0,95.39,53.5,1.28,0.08542413206604142,31.64,56.7,0.32,137.39,-5.69,54.97,0.8,POS+DEEP,41.885,1754.3516,-41.885,38.682,1496.2807,-38.682,42.004,1764.3769,42.004,40.411,1633.0369,-40.411
5074,before,5074_before_clip_0002,ok,150,104.0,73.0,12.0,30.89,60.82,0,97.29,53.48,1.14,-0.05205556168971384,32.0,75.02,-0.04,76.55,-0.88,75.73,-0.46,POS+CHROM,43.808,1919.1309,-43.808,22.266,495.7921,-22.266,20.739,430.1018,-20.739,21.555,464.6377,-21.555
5078,after,5078_after_clip_0000,ok,150,156.0,92.0,15.4,11.65,87.14,0,63.66,53.92,0.89,0.0018804686771251846,33.43,84.36,3.66,84.75,2.34,84.53,3.0,POS+CHROM,9.741,94.8919,-9.741,20.705,428.6996,20.705,21.088,444.7122,21.088,20.876,435.7877,20.876
5078,after,5078_after_clip_0001,ok,150,156.0,92.0,15.4,3.21,95.29,0,114.98,54.13,1.04,0.02813391009323134,33.45,84.66,3.69,77.9,1.29,81.95,2.49,POS+CHROM,60.851,3702.8418,-60.851,30.32,919.3183,-30.32,37.081,1374.9884,-37.081,33.034,1091.2757,-33.034
5078,after,5078_after_clip_0002,ok,150,156.0,92.0,15.4,3.43,96.17,0,109.69,54.15,1.1,-0.02899604043702821,33.02,87.38,-0.56,81.93,-1.01,84.76,-0.78,POS+CHROM,55.543,3085.0179,-55.543,22.313,497.8482,-22.313,27.76,770.6355,-27.76,24.936,621.8118,-24.936
5078,before,5078_before_clip_0000,ok,150,149.0,93.0,15.4,6.07,88.46,0,72.31,54.48,1.26,-0.018563147137676685,32.23,85.45,1.5,88.36,-0.73,86.64,0.39,POS+CHROM,17.832,317.9806,-17.832,13.14,172.668,13.14,16.049,257.5792,16.049,14.327,205.2773,14.327
5078,before,5078_before_clip_0001,ok,150,149.0,93.0,15.4,0.82,98.05,0,94.28,54.25,0.93,0.0005960734888605297,33.98,87.26,2.75,83.68,1.15,85.71,1.95,POS+CHROM,40.027,1602.1478,-40.027,7.024,49.3394,-7.024,10.6,112.3683,-10.6,8.575,73.5333,-8.575
5078,before,5078_before_clip_0002,ok,150,149.0,93.0,15.4,2.44,95.07,0,80.45,54.42,1.37,0.005670671011414606,31.88,91.46,2.5,92.21,-1.24,91.72,0.63,POS+CHROM,26.025,677.3246,-26.025,11.011,121.2495,11.011,11.761,138.3268,11.761,11.273,127.0834,11.273
5096,after,5096_after_clip_0000,ok,150,144.0,64.0,15.3,14.56,78.83,0,79.0,54.31,1.06,0.007704633109565995,34.01,124.7,2.2,124.25,1.98,124.48,2.09,POS+CHROM,24.693,609.7661,-24.693,45.697,2088.1708,45.697,45.253,2047.7977,45.253,45.479,2068.3007,45.479
5096,after,5096_after_clip_0001,ok,150,144.0,64.0,15.3,23.61,33.62,0,87.76,54.2,1.04,0.14404230048053812,35.02,123.76,-0.07,123.24,-1.4,123.53,-0.73,POS+CHROM,33.562,1126.4367,-33.562,35.997,1295.7498,35.997,35.474,1258.4196,35.474,35.764,1279.0798,35.764
5096,after,5096_after_clip_0002,ok,150,144.0,64.0,15.3,24.06,30.53,0,111.32,54.48,1.36,-0.13903369618242656,33.96,79.85,1.35,77.51,2.63,78.56,1.99,POS+CHROM,56.841,3230.8868,-56.841,31.472,990.4933,-31.472,33.811,1143.1609,-33.811,32.765,1073.5435,-32.765
5096,before,5096_before_clip_0000,ok,150,107.0,67.0,15.3,44.03,42.35,0,85.09,54.18,1.19,0.19042230911988364,33.24,89.19,-0.27,90.31,-1.92,89.67,-1.09,POS+CHROM,30.907,955.2286,-30.907,4.1,16.8135,4.1,5.221,27.2639,5.221,4.585,21.018,4.585
5096,before,5096_before_clip_0001,ok,150,107.0,67.0,15.3,53.89,28.7,1,73.08,54.11,1.2,0.05740311849026924,33.35,93.58,3.42,93.89,0.91,93.7,2.17,POS+CHROM,18.97,359.8462,-18.97,20.503,420.3932,20.503,20.809,433.0299,20.809,20.625,425.384,20.625
5096,before,5096_before_clip_0002,ok,150,107.0,67.0,15.3,27.07,62.34,0,58.51,54.17,1.15,0.0033627908118210666,32.57,111.53,-2.62,86.33,-2.04,77.5,-1.17,POS+CHROM+DEEP,4.344,18.8687,-4.344,53.019,2810.9811,53.019,27.814,773.6363,27.814,18.987,360.5137,18.987
5123,after,5123_after_clip_0000,ok,150,139.0,77.0,11.9,16.01,82.51,0,98.63,53.15,1.29,-0.1326839270965006,31.13,93.33,0.47,97.61,-0.32,95.33,0.07,POS+CHROM,45.485,2068.8475,-45.485,5.298,28.0692,-5.298,1.026,1.0534,-1.026,3.302,10.9001,-3.302
5123,after,5123_after_clip_0001,ok,150,139.0,77.0,11.9,8.66,90.67,0,75.92,53.68,1.24,-0.1432699168908104,31.78,113.28,-3.59,64.92,-1.74,69.97,-1.37,POS+CHROM+DEEP,22.234,494.3564,-22.234,37.368,1396.3585,37.368,10.997,120.9257,-10.997,5.946,35.3534,-5.946
5123,after,5123_after_clip_0002,ok,150,139.0,77.0,11.9,8.18,91.04,0,122.95,53.94,1.51,-0.05063616713417301,31.38,125.41,-2.45,73.56,-2.69,77.14,-1.21,POS+CHROM+DEEP,69.009,4762.2792,-69.009,2.455,6.0262,2.455,49.394,2439.774,-49.394,45.818,2099.3091,-45.818
5123,before,5123_before_clip_0000,ok,150,133.0,76.0,11.9,29.01,68.48,0,100.9,54.28,1.06,0.14235364139749396,33.33,77.56,0.54,75.22,1.1,76.34,0.82,POS+CHROM,46.616,2173.0089,-46.616,23.332,544.3808,-23.332,25.677,659.2866,-25.677,24.559,603.1327,-24.559
5123,before,5123_before_clip_0001,ok,150,133.0,76.0,11.9,33.92,59.97,0,103.09,54.38,1.28,0.06619398315797438,33.26,78.83,2.15,79.27,2.1,79.05,2.13,POS+CHROM,48.717,2373.3921,-48.717,24.262,588.6637,-24.262,23.825,567.6483,-23.825,24.045,578.1557,-24.045
5123,before,5123_before_clip_0002,ok,150,133.0,76.0,11.9,53.74,36.8,0,133.02,54.31,1.11,0.14432513616209164,34.04,75.05,1.89,74.87,0.82,74.97,1.36,POS+CHROM,78.71,6195.3017,-78.71,57.969,3360.413,-57.969,58.151,3381.5025,-58.151,58.052,3370.0156,-58.052
5125,after,5125_after_clip_0000,ok,150,163.0,92.0,12.2,30.53,68.46,0,120.61,53.72,1.17,-0.0971640217749233,32.63,102.3,-0.06,102.2,-2.57,102.26,-1.31,POS+CHROM,66.891,4474.3934,-66.891,18.308,335.1918,-18.308,18.406,338.7766,-18.406,18.347,336.6127,-18.347
5125,after,5125_after_clip_0001,ok,150,163.0,92.0,12.2,54.03,30.59,0,87.96,53.64,1.13,-0.17718577886509942,32.98,88.0,1.08,89.5,-0.85,88.63,0.12,POS+CHROM,34.325,1178.2383,-34.325,0.033,0.0011,0.033,1.534,2.3541,1.534,0.664,0.4404,0.664
5125,after,5125_after_clip_0002,ok,150,163.0,92.0,12.2,65.59,29.06,1,77.34,53.6,1.23,-0.0077898758442920225,31.73,91.02,3.31,92.2,-2.19,91.35,0.56,POS+CHROM,23.746,563.8557,-23.746,13.673,186.9463,13.673,14.853,220.6026,14.853,14.01,196.2826,14.01
5125,before,5125_before_clip_0000,ok,150,127.0,87.0,12.2,11.73,87.17,0,90.7,53.74,1.09,0.1275554439507962,33.12,89.69,1.49,85.61,2.91,87.41,2.2,POS+CHROM,36.966,1366.4749,-36.966,1.016,1.0321,-1.016,5.092,25.9289,-5.092,3.293,10.8466,-3.293
5125,before,5125_before_clip_0001,ok,150,127.0,87.0,12.2,18.52,79.88,0,85.1,53.73,1.07,-0.0834113658405336,33.06,90.28,2.98,90.9,1.85,90.56,2.41,POS+CHROM,31.369,984.0021,-31.369,5.184,26.8749,5.184,5.806,33.708,5.806,5.466,29.8752,5.466
5125,before,5125_before_clip_0002,ok,150,127.0,87.0,12.2,6.6,91.82,0,96.12,53.65,1.12,0.08774681135449135,32.69,88.52,2.21,88.9,0.16,88.68,1.18,POS+CHROM,42.471,1803.8223,-42.471,7.599,57.7422,-7.599,7.219,52.112,-7.219,7.441,55.3688,-7.441
5130,after,5130_after_clip_0000,ok,150,137.0,79.0,12.2,3.48,94.65,0,55.47,53.73,1.24,-0.00909188197742354,31.78,76.42,4.45,76.43,5.05,76.43,4.75,POS+CHROM,1.734,3.0073,-1.734,20.956,439.1342,20.956,20.966,439.583,20.966,20.961,439.3699,20.961
5130,after,5130_after_clip_0001,ok,150,137.0,79.0,12.2,0.7,98.88,0,117.27,53.7,1.23,-0.01482820981242246,31.73,75.95,6.36,75.34,3.65,75.71,5.0,POS+CHROM,63.571,4041.3286,-63.571,41.327,1707.9102,-41.327,41.934,1758.4333,-41.934,41.563,1727.4873,-41.563
5130,after,5130_after_clip_0002,ok,150,137.0,79.0,12.2,3.4,95.78,0,125.37,53.72,1.23,0.02323361632371874,32.15,76.4,3.78,75.18,4.15,75.77,3.97,POS+CHROM,71.651,5133.8565,-71.651,48.972,2398.2511,-48.972,50.194,2519.4241,-50.194,49.602,2460.3503,-49.602
5130,before,5130_before_clip_0000,ok,150,144.0,83.0,12.2,1.02,98.7,0,74.26,53.46,1.08,0.039739071984110294,31.68,82.84,3.45,81.42,3.68,82.11,3.56,POS+CHROM,20.793,432.3497,-20.793,8.581,73.6411,8.581,7.159,51.2443,7.159,7.856,61.718,7.856
5130,before,5130_before_clip_0001,ok,150,144.0,83.0,12.2,3.05,95.62,0,79.76,53.58,1.24,0.03689938510186333,31.61,78.62,3.71,81.97,2.75,80.16,3.23,POS+CHROM,26.178,685.3002,-26.178,1.137,1.2923,-1.137,2.213,4.8964,2.213,0.405,0.1639,0.405
5130,before,5130_before_clip_0002,ok,150,144.0,83.0,12.2,1.53,98.24,0,67.86,53.67,1.34,-0.023409937458075594,31.22,83.52,2.82,82.43,0.43,83.08,1.62,POS+CHROM,14.199,201.5993,-14.199,15.657,245.129,15.657,14.562,212.0387,14.562,15.217,231.5421,15.217
5138,after,5138_after_clip_0000,ok,150,145.0,55.0,16.0,38.8,45.96,0,99.44,53.96,1.17,-0.09817077609353307,33.91,109.17,3.16,107.56,-0.21,108.59,1.48,POS+CHROM,45.472,2067.7248,-45.472,9.738,94.8197,9.738,8.127,66.0508,8.127,9.153,83.7732,9.153
5138,after,5138_after_clip_0001,ok,150,145.0,55.0,16.0,3.83,94.84,0,61.34,53.9,0.93,0.011907316759205396,33.92,98.17,0.18,79.44,-3.39,75.63,-0.76,POS+CHROM+DEEP,7.445,55.4322,-7.445,36.827,1356.24,36.827,18.095,327.4119,18.095,14.287,204.1317,14.287
5138,after,5138_after_clip_0002,ok,150,145.0,55.0,16.0,5.51,93.4,0,85.35,53.95,1.15,-0.03802784153877398,33.96,103.72,-1.54,102.54,-4.43,103.27,-2.99,POS+CHROM,31.399,985.8745,-31.399,18.368,337.3869,18.368,17.187,295.393,17.187,17.917,321.0323,17.917
5138,before,5138_before_clip_0000,ok,150,119.0,69.0,16.0,15.79,78.98,0,71.11,54.08,1.12,-0.11838756357595734,33.42,89.92,0.57,89.03,-4.65,89.66,-2.04,POS+CHROM,17.024,289.8284,-17.024,18.812,353.8884,18.812,17.919,321.0893,17.919,18.548,344.039,18.548
5138,before,5138_before_clip_0001,ok,150,119.0,69.0,16.0,7.49,88.88,0,84.19,54.07,1.1,0.013634025713529561,33.49,75.45,2.04,74.83,3.55,75.1,2.79,POS+CHROM,30.115,906.9046,-30.115,8.736,76.3144,-8.736,9.359,87.586,-9.359,9.086,82.5618,-9.086
5138,before,5138_before_clip_0002,ok,150,119.0,69.0,16.0,9.92,85.31,0,112.98,54.04,1.12,-0.09945931581531449,33.07,81.7,-1.26,81.42,-1.52,81.56,-1.39,POS+CHROM,58.941,3474.0856,-58.941,31.279,978.3987,-31.279,31.567,996.4702,-31.567,31.42,987.2239,-31.42
5148,after,5148_after_clip_0000,ok,150,160.0,73.0,8.2,45.3,49.22,0,127.13,53.85,0.88,0.1934115250799975,34.11,103.37,-1.96,101.34,0.73,102.13,-0.61,POS+CHROM,73.282,5370.189,-73.282,23.767,564.8744,-23.767,25.798,665.5483,-25.798,25.007,625.3618,-25.007
5148,after,5148_after_clip_0001,ok,150,160.0,73.0,8.2,49.75,47.18,0,109.15,53.89,0.91,-0.1627314087593489,34.11,67.44,-0.94,61.83,-1.78,60.22,-0.6,POS+CHROM+DEEP,55.263,3053.9888,-55.263,41.714,1740.0699,-41.714,47.324,2239.5372,-47.324,48.935,2394.612,-48.935
5148,after,5148_after_clip_0002,ok,150,160.0,73.0,8.2,62.18,33.63,0,79.94,53.89,0.93,-0.08888301969641185,33.34,107.49,-0.32,70.8,-1.65,76.04,-0.35,POS+CHROM+DEEP,26.046,678.3994,-26.046,27.55,759.002,27.55,9.139,83.518,-9.139,3.901,15.2144,-3.901
5148,before,5148_before_clip_0000,ok,150,123.0,74.0,8.2,9.18,67.76,0,122.15,53.9,0.89,0.1608174655947818,33.74,105.8,-6.15,105.88,-1.93,105.85,-4.04,POS+CHROM,68.252,4658.3296,-68.252,16.35,267.3132,-16.35,16.275,264.8844,-16.275,16.3,265.6877,-16.3
5148,before,5148_before_clip_0001,ok,150,123.0,74.0,8.2,62.13,24.75,1,102.79,53.93,1.06,0.18537345416268375,33.77,84.69,-0.41,60.78,-1.37,56.67,-0.15,CHROM+DEEP,48.862,2387.5157,-48.862,18.101,327.664,-18.101,42.005,1764.417,-42.005,46.118,2126.8654,-46.118
5148,before,5148_before_clip_0002,ok,150,123.0,74.0,8.2,55.84,40.97,0,127.37,53.85,0.88,-0.18910140794761793,34.15,89.34,-2.39,57.03,-0.27,55.29,0.3,CHROM+DEEP,73.517,5404.7971,-73.517,38.032,1446.4073,-38.032,70.34,4947.7786,-70.34,72.081,5195.6049,-72.081
5156,after,5156_after_clip_0000,ok,150,132.0,81.0,15.3,3.96,95.19,0,105.09,53.65,1.15,-0.05591841987272417,32.18,72.18,3.44,65.58,1.99,69.28,2.72,POS+CHROM,51.436,2645.6689,-51.436,32.909,1083.0034,-32.909,39.505,1560.628,-39.505,35.812,1282.4893,-35.812
5156,after,5156_after_clip_0001,ok,150,132.0,81.0,15.3,3.19,96.08,0,89.82,53.68,1.14,0.062237363068221974,32.21,89.33,0.34,89.67,0.36,89.5,0.35,POS+CHROM,36.143,1306.3139,-36.143,0.494,0.244,-0.494,0.152,0.0232,-0.152,0.323,0.1043,-0.323
5156,after,5156_after_clip_0002,ok,150,132.0,81.0,15.3,6.62,90.75,0,69.33,53.78,1.18,0.09116529477066933,32.23,80.63,3.64,80.68,1.68,80.65,2.66,POS+CHROM,15.549,241.7791,-15.549,11.301,127.7109,11.301,11.349,128.8003,11.349,11.321,128.1665,11.321
5156,before,5156_before_clip_0000,ok,150,132.0,81.0,15.3,26.56,67.12,0,64.08,53.77,1.16,-0.03698603671123792,31.85,72.62,4.84,70.98,3.83,71.87,4.34,POS+CHROM,10.307,106.234,-10.307,8.535,72.8378,8.535,6.9,47.6105,6.9,7.786,60.629,7.786
5156,before,5156_before_clip_0001,ok,150,132.0,81.0,15.3,17.68,67.15,0,87.84,53.75,1.21,-0.03020759061449171,31.78,76.65,4.04,78.54,3.51,77.55,3.77,POS+CHROM,34.092,1162.2663,-34.092,11.192,125.2707,-11.192,9.304,86.5588,-9.304,10.29,105.8794,-10.29
5156,before,5156_before_clip_0002,ok,150,132.0,81.0,15.3,17.44,68.24,0,97.22,53.61,1.18,0.04881626830896302,31.85,105.14,-3.15,66.91,-0.09,69.2,-0.68,POS+CHROM+DEEP,43.612,1901.9696,-43.612,7.922,62.7626,7.922,30.313,918.8993,-30.313,28.015,784.8592,-28.015
5174,after,5174_after_clip_0000,ok,150,105.0,74.0,14.0,41.41,49.14,0,100.7,53.92,1.28,0.04731402322657929,32.98,96.91,-0.22,99.1,-1.91,97.86,-1.06,POS+CHROM,46.77,2187.4576,-46.77,3.782,14.3007,-3.782,1.591,2.5315,-1.591,2.84,8.0637,-2.84
5174,after,5174_after_clip_0001,ok,150,105.0,74.0,14.0,32.09,59.3,0,103.85,53.98,1.26,-0.23674191009386555,33.0,103.15,-2.43,102.8,-3.64,102.99,-3.04,POS+CHROM,49.871,2487.1239,-49.871,0.703,0.4938,-0.703,1.052,1.1075,-1.052,0.86,0.7397,-0.86
5174,after,5174_after_clip_0002,ok,150,105.0,74.0,14.0,60.17,25.31,1,76.89,53.83,1.08,-0.16208361611239896,33.0,104.34,2.5,104.74,4.11,104.57,3.31,POS+CHROM,23.061,531.791,-23.061,27.453,753.6619,27.453,27.85,775.6167,27.85,27.678,766.0647,27.678
5174,before,5174_before_clip_0000,ok,150,118.0,76.0,14.0,8.24,90.82,0,58.64,53.87,1.05,-0.2940140239576569,33.12,106.33,-3.12,109.87,-2.25,108.22,-2.69,POS+CHROM,4.766,22.7153,-4.766,47.691,2274.4214,47.691,51.233,2624.8076,51.233,49.589,2459.0925,49.589
5174,before,5174_before_clip_0001,ok,150,118.0,76.0,14.0,33.29,63.04,0,97.43,53.86,1.12,0.00025649420976141236,33.09,97.03,0.45,95.84,-0.25,96.47,0.1,POS+CHROM,43.564,1897.7908,-43.564,0.402,0.1614,-0.402,1.587,2.519,-1.587,0.96,0.9213,-0.96
5174,before,5174_before_clip_0002,ok,150,118.0,76.0,14.0,37.06,59.79,0,110.79,53.9,1.12,0.0004649692550957631,32.7,99.45,2.3,99.88,1.94,99.66,2.12,POS+CHROM,56.894,3236.8794,-56.894,11.336,128.5132,-11.336,10.914,119.1151,-10.914,11.132,123.9131,-11.132
5207,after,5207_after_clip_0000,ok,150,112.0,62.0,12.7,10.1,83.57,0,94.17,54.19,1.19,0.07875212799903772,33.2,63.72,0.22,66.3,0.77,65.07,0.49,POS+CHROM,39.981,1598.5029,-39.981,30.456,927.5632,-30.456,27.871,776.7906,-27.871,29.103,847.0112,-29.103
5207,after,5207_after_clip_0001,ok,150,112.0,62.0,12.7,37.6,41.9,0,73.79,54.13,1.19,-0.048507660334103156,33.2,71.0,-3.15,102.51,0.88,76.36,-0.36,POS+CHROM+DEEP,19.656,386.3551,-19.656,2.787,7.7661,-2.787,28.724,825.0671,28.724,2.57,6.6041,2.57
5207,after,5207_after_clip_0002,ok,150,112.0,62.0,12.7,15.91,66.17,0,76.05,54.04,1.2,-0.019647436123299382,33.18,68.35,-2.7,83.16,-0.31,67.13,-0.6,POS+CHROM+DEEP,22.011,484.4749,-22.011,7.704,59.3591,-7.704,7.104,50.4703,7.104,8.923,79.624,-8.923
5207,before,5207_before_clip_0000,ok,150,108.0,71.0,12.7,53.13,38.56,0,72.89,54.01,1.22,0.0788579102111638,33.22,86.92,-1.82,92.31,-0.48,89.92,-1.15,POS+CHROM,18.88,356.4629,-18.88,14.03,196.8532,14.03,19.419,377.1164,19.419,17.023,289.7809,17.023
5207,before,5207_before_clip_0001,ok,150,108.0,71.0,12.7,37.2,54.81,0,102.39,54.18,1.24,-0.15201119361268958,33.21,66.09,-0.4,67.76,-1.33,66.86,-0.86,POS+CHROM,48.214,2324.544,-48.214,36.3,1317.685,-36.3,34.634,1199.5417,-34.634,35.531,1262.476,-35.531
5207,before,5207_before_clip_0002,ok,150,108.0,71.0,12.7,29.22,63.58,0,115.97,54.0,1.22,0.14591260808791723,33.22,66.67,-1.22,67.48,-0.17,67.11,-0.69,POS+CHROM,61.975,3840.9515,-61.975,49.304,2430.8848,-49.304,48.498,2352.0286,-48.498,48.865,2387.8351,-48.865
5214,after,5214_after_clip_0000,ok,150,121.0,72.0,12.4,13.76,81.93,0,67.33,54.25,1.09,0.10475658371100187,33.57,109.55,-3.8,67.1,2.18,69.35,-0.18,POS+CHROM+DEEP,13.075,170.9549,-13.075,42.226,1783.0217,42.226,0.225,0.0506,-0.225,2.02,4.0805,2.02
5214,after,5214_after_clip_0001,ok,150,121.0,72.0,12.4,13.85,80.21,0,105.58,53.78,0.75,0.013516458436095127,33.65,95.97,0.54,84.72,-2.49,76.85,-0.4,POS+CHROM+DEEP,51.795,2682.7478,-51.795,9.612,92.3941,-9.612,20.861,435.1943,-20.861,28.734,825.6363,-28.734
5214,after,5214_after_clip_0002,ok,150,121.0,72.0,12.4,8.77,84.82,0,122.15,53.47,0.8,-0.18062437673475362,33.56,87.4,2.42,89.75,-1.11,88.23,0.65,POS+CHROM,68.682,4717.2485,-68.682,34.753,1207.7718,-34.753,32.403,1049.9559,-32.403,33.914,1150.1543,-33.914
5214,before,5214_before_clip_0000,ok,150,104.0,80.0,12.4,25.81,72.73,0,104.77,54.04,1.12,0.15213880225287935,33.47,94.12,2.11,93.48,0.47,93.84,1.29,POS+CHROM,50.729,2573.4447,-50.729,10.644,113.2955,-10.644,11.286,127.3711,-11.286,10.921,119.273,-10.921
5214,before,5214_before_clip_0001,ok,150,104.0,80.0,12.4,10.0,87.4,0,80.02,54.0,1.08,-0.05344714420974604,33.52,77.5,0.91,81.11,-1.29,78.98,-0.19,POS+CHROM,26.015,676.7897,-26.015,2.519,6.3445,-2.519,1.089,1.1853,1.089,1.042,1.0851,-1.042
5214,before,5214_before_clip_0002,ok,150,104.0,80.0,12.4,13.82,81.36,0,107.31,54.06,1.14,0.03134315776554204,33.54,63.57,3.65,62.51,5.51,62.96,4.58,POS+CHROM,53.254,2835.9775,-53.254,43.739,1913.0787,-43.739,44.801,2007.1139,-44.801,44.352,1967.0675,-44.352
5215,after,5215_after_clip_0000,ok,150,106.0,71.0,12.1,58.24,23.87,1,104.97,53.73,1.3,-0.005817005956343327,31.7,120.86,-0.62,118.97,0.35,119.84,-0.13,POS+CHROM,51.236,2625.1659,-51.236,15.897,252.708,15.897,14.004,196.101,14.004,14.874,221.2327,14.874
5215,after,5215_after_clip_0001,ok,150,106.0,71.0,12.1,10.45,87.83,0,117.06,53.71,1.25,-0.00959605145048049,31.38,72.93,-0.95,72.25,-1.82,72.61,-1.38,POS+CHROM,63.349,4013.0944,-63.349,44.135,1947.9115,-44.135,44.81,2007.9138,-44.81,44.448,1975.6261,-44.448
5215,after,5215_after_clip_0002,ok,150,106.0,71.0,12.1,33.52,58.35,0,92.73,53.69,1.27,-0.06822790442334334,31.74,115.14,-1.18,114.49,-1.96,114.84,-1.57,POS+CHROM,39.041,1524.1865,-39.041,22.416,502.47,22.416,21.757,473.3797,21.757,22.108,488.7617,22.108
5215,before,5215_before_clip_0000,ok,150,104.0,75.0,12.1,58.76,32.79,0,115.42,53.82,1.19,0.2505523008231289,32.94,94.27,-0.92,92.52,-1.44,93.43,-1.18,POS+CHROM,61.606,3795.3316,-61.606,21.154,447.4795,-21.154,22.904,524.5784,-22.904,21.991,483.5936,-21.991
5215,before,5215_before_clip_0001,ok,150,104.0,75.0,12.1,54.06,21.16,1,102.44,53.79,1.17,-0.061778187163506346,32.94,92.19,0.56,94.12,-0.72,93.05,-0.08,POS+CHROM,48.654,2367.2371,-48.654,10.252,105.1001,-10.252,8.323,69.2741,-8.323,9.39,88.1758,-9.39
5215,before,5215_before_clip_0002,ok,150,104.0,75.0,12.1,51.82,20.91,1,73.32,53.84,1.18,0.24150431914412654,32.94,55.96,-2.97,78.3,-1.57,54.55,-0.9,POS+DEEP,19.473,379.2127,-19.473,17.356,301.2451,-17.356,4.982,24.8216,4.982,18.766,352.1772,-18.766
5217,after,5217_after_clip_0000,ok,150,108.0,69.0,12.3,8.48,88.66,0,109.28,53.91,1.06,0.09411675401387823,33.01,83.39,4.69,82.09,2.89,82.84,3.79,POS+CHROM,55.37,3065.7976,-55.37,25.884,669.9809,-25.884,27.189,739.2285,-27.189,26.439,699.0332,-26.439
5217,after,5217_after_clip_0001,ok,150,108.0,69.0,12.3,21.16,77.65,0,116.69,53.88,1.04,-0.04240865121728736,33.04,82.78,4.12,85.97,0.94,83.97,2.53,POS+CHROM,62.815,3945.7314,-62.815,33.907,1149.6626,-33.907,30.72,943.7047,-30.72,32.725,1070.9567,-32.725
5217,after,5217_after_clip_0002,ok,150,108.0,69.0,12.3,7.17,91.59,0,116.33,53.94,1.26,0.1296991215493683,33.05,88.29,2.9,87.01,-0.11,87.81,1.4,POS+CHROM,62.394,3892.9852,-62.394,28.045,786.5118,-28.045,29.32,859.6734,-29.32,28.526,813.7127,-28.526
5217,before,5217_before_clip_0000,ok,150,102.0,76.0,12.3,7.03,86.64,0,87.32,53.71,0.98,0.09155733495599026,34.03,74.77,0.97,73.6,-0.76,74.27,0.11,POS+CHROM,33.612,1129.7951,-33.612,12.558,157.6943,-12.558,13.72,188.2423,-13.72,13.055,170.4447,-13.055
5217,before,5217_before_clip_0001,ok,150,102.0,76.0,12.3,10.23,88.56,0,122.51,54.16,1.06,-0.03569796106767303,32.94,78.6,0.43,83.97,1.19,81.45,0.81,POS+CHROM,68.356,4672.5799,-68.356,43.915,1928.4914,-43.915,38.545,1485.7045,-38.545,41.061,1686.0097,-41.061
5217,before,5217_before_clip_0002,ok,150,102.0,76.0,12.3,4.66,94.94,0,92.24,54.23,1.27,-0.11306860656862176,32.59,79.8,2.95,78.67,2.11,79.27,2.53,POS+CHROM,38.014,1445.0772,-38.014,12.445,154.889,-12.445,13.574,184.2535,-13.574,12.971,168.2359,-12.971
5223,after,5223_after_clip_0000,ok,150,120.0,79.0,13.7,47.91,34.42,0,118.29,53.08,1.53,0.20059790930396001,30.6,93.33,0.78,93.9,-0.13,93.59,0.33,POS+CHROM,65.204,4251.5264,-65.204,24.958,622.905,-24.958,24.382,594.4662,-24.382,24.692,609.6874,-24.692
5223,after,5223_after_clip_0001,ok,150,120.0,79.0,13.7,49.81,30.12,0,110.32,53.16,1.55,-0.1344734669581585,30.47,104.38,-0.84,102.9,-2.03,103.71,-1.43,POS+CHROM,57.164,3267.7146,-57.164,5.944,35.3338,-5.944,7.428,55.1814,-7.428,6.613,43.7318,-6.613
5223,after,5223_after_clip_0002,ok,150,120.0,79.0,13.7,39.58,39.43,0,115.83,52.93,1.25,-0.16721615668810833,31.0,104.93,-0.93,105.7,-1.9,105.28,-1.41,POS+CHROM,62.9,3956.3712,-62.9,10.903,118.88,-10.903,10.135,102.7105,-10.135,10.55,111.3018,-10.55
5223,before,5223_before_clip_0000,ok,150,105.0,79.0,13.7,34.04,62.63,0,126.1,53.73,1.02,0.07242093346399599,32.99,82.83,2.15,83.92,1.52,83.35,1.84,POS+CHROM,72.365,5236.7503,-72.365,43.262,1871.6112,-43.262,42.177,1778.9267,-42.177,42.748,1827.4328,-42.748
5223,before,5223_before_clip_0001,ok,150,105.0,79.0,13.7,18.25,68.69,0,102.42,53.61,1.0,0.3984894648351188,33.0,85.5,-0.56,85.94,-2.13,85.69,-1.34,POS+CHROM,48.813,2382.7438,-48.813,16.924,286.4137,-16.924,16.484,271.7213,-16.484,16.733,279.9792,-16.733
5223,before,5223_before_clip_0002,ok,150,105.0,79.0,13.7,47.86,38.83,0,86.59,53.38,0.79,0.01204607199064808,33.31,75.21,0.68,74.64,0.24,74.93,0.46,POS+CHROM,33.216,1103.2702,-33.216,11.381,129.5319,-11.381,11.958,142.9886,-11.958,11.659,135.9299,-11.659
5228,after,5228_after_clip_0000,ok,150,148.0,77.0,15.3,2.62,96.64,0,101.98,54.12,1.24,-0.1298037041768977,33.26,76.51,0.76,128.79,-2.9,78.09,-0.3,POS+CHROM+DEEP,47.857,2290.3362,-47.857,25.475,648.9929,-25.475,26.806,718.5772,26.806,23.891,570.7637,-23.891
5228,after,5228_after_clip_0001,ok,150,148.0,77.0,15.3,12.2,87.28,0,66.74,54.18,1.28,-0.0824808743660265,32.48,78.61,3.72,77.3,2.5,78.02,3.11,POS+CHROM,12.567,157.9296,-12.567,11.864,140.7542,11.864,10.559,111.4907,10.559,11.278,127.1856,11.278
5228,after,5228_after_clip_0002,ok,150,148.0,77.0,15.3,12.1,86.7,0,93.99,54.11,1.29,0.10382742999019612,33.21,76.0,4.35,76.76,2.96,76.34,3.65,POS+CHROM,39.887,1590.983,-39.887,17.991,323.6844,-17.991,17.238,297.1507,-17.238,17.658,311.8094,-17.658
5228,before,5228_before_clip_0000,ok,150,127.0,75.0,15.3,17.73,78.88,0,99.46,54.14,1.18,0.05481537199154174,33.52,67.26,-2.37,66.32,0.6,66.68,-0.88,POS+CHROM,45.32,2053.9104,-45.32,32.196,1036.5985,-32.196,33.135,1097.9028,-33.135,32.779,1074.4896,-32.779
5228,before,5228_before_clip_0001,ok,150,127.0,75.0,15.3,9.15,88.09,0,67.93,54.43,1.48,-0.10554854050057241,33.2,69.11,0.47,65.7,-0.17,67.5,0.15,POS+CHROM,13.509,182.4853,-13.509,1.18,1.3935,1.18,2.238,5.0078,-2.238,0.438,0.1917,-0.438
5228,before,5228_before_clip_0002,ok,150,127.0,75.0,15.3,16.42,77.85,0,81.17,54.32,1.32,0.17771674584515318,33.94,115.35,-0.1,114.55,2.73,114.86,1.31,POS+CHROM,26.851,720.9685,-26.851,34.176,1167.9743,34.176,33.382,1114.3827,33.382,33.687,1134.8267,33.687
5237,after,5237_after_clip_0000,ok,150,115.0,71.0,14.3,7.84,89.15,0,99.69,53.65,1.13,0.017890279312520477,32.78,67.04,-1.51,70.5,-2.55,68.62,-2.03,POS+CHROM,46.039,2119.616,-46.039,32.649,1065.9359,-32.649,29.189,852.0203,-29.189,31.068,965.2143,-31.068
5237,after,5237_after_clip_0001,ok,150,115.0,71.0,14.3,10.15,88.03,0,126.4,53.59,1.11,0.04655126205435513,33.48,96.0,2.2,95.35,1.5,95.69,1.85,POS+CHROM,72.807,5300.9279,-72.807,30.404,924.428,-30.404,31.055,964.3883,-31.055,30.711,943.1432,-30.711
5237,after,5237_after_clip_0002,ok,150,115.0,71.0,14.3,10.25,88.38,0,127.79,53.61,1.12,0.3108094229579085,33.09,88.76,-0.97,90.57,1.48,89.85,0.26,POS+CHROM,74.176,5502.0112,-74.176,39.026,1523.037,-39.026,37.219,1385.2373,-37.219,37.941,1439.5185,-37.941
5237,before,5237_before_clip_0000,ok,150,109.0,65.0,14.3,1.94,97.73,0,72.44,53.6,1.27,-0.1101443627484019,31.65,66.94,4.19,74.03,0.83,69.52,2.51,POS+CHROM,18.842,355.0132,-18.842,5.494,30.1894,-5.494,1.59,2.5281,1.59,2.918,8.5169,-2.918
5237,before,5237_before_clip_0001,ok,150,109.0,65.0,14.3,4.61,95.16,0,74.3,53.43,1.06,-0.06642227184972765,31.28,77.29,4.72,78.2,0.31,77.58,2.52,POS+CHROM,20.865,435.3545,-20.865,2.988,8.931,2.988,3.904,15.2414,3.904,3.285,10.7926,3.285
5237,before,5237_before_clip_0002,ok,150,109.0,65.0,14.3,3.53,95.25,0,117.79,53.44,1.11,0.07777643855465569,31.21,83.1,-0.46,113.73,-2.28,77.86,-0.54,POS+CHROM+DEEP,64.348,4140.6436,-64.348,34.688,1203.2711,-34.688,4.06,16.4853,-4.06,39.93,1594.4235,-39.93
5243,after,5243_after_clip_0000,ok,150,138.0,84.0,13.2,1.27,98.4,0,94.64,54.32,1.18,-0.019878523400091965,33.21,84.85,-2.1,129.67,-4.19,78.72,-1.7,POS+CHROM+DEEP,40.32,1625.725,-40.32,9.784,95.7296,-9.784,35.033,1227.3114,35.033,15.923,253.5418,-15.923
5243,after,5243_after_clip_0001,ok,150,138.0,84.0,13.2,1.34,97.77,0,99.55,54.2,1.17,0.003360995524136976,33.18,83.11,3.31,84.5,3.24,83.8,3.27,POS+CHROM,45.352,2056.7936,-45.352,16.444,270.4138,-16.444,15.051,226.5189,-15.051,15.751,248.1005,-15.751
5243,after,5243_after_clip_0002,ok,150,138.0,84.0,13.2,4.62,93.26,0,105.11,54.29,1.22,0.05283003606228627,33.19,79.81,1.25,80.12,0.57,79.95,0.91,POS+CHROM,50.83,2583.6545,-50.83,25.307,640.4355,-25.307,24.998,624.9053,-24.998,25.161,633.0859,-25.161
5243,before,5243_before_clip_0000,ok,150,120.0,78.0,13.2,14.35,83.85,0,113.57,53.06,1.5,0.11734495678465494,30.51,89.71,2.27,89.6,1.26,89.66,1.77,POS+CHROM,60.511,3661.5906,-60.511,23.867,569.6208,-23.867,23.977,574.8817,-23.977,23.917,572.0276,-23.917
5243,before,5243_before_clip_0001,ok,150,120.0,78.0,13.2,8.7,88.01,0,112.77,53.07,1.51,0.02638643489049153,30.51,88.93,2.08,88.4,1.95,88.67,2.02,POS+CHROM,59.692,3563.1667,-59.692,23.836,568.1658,-23.836,24.368,593.7781,-24.368,24.099,580.7559,-24.099
5243,before,5243_before_clip_0002,ok,150,120.0,78.0,13.2,16.2,76.24,0,115.28,53.2,1.51,-0.03568876025821273,30.52,78.7,3.03,79.16,1.46,78.9,2.24,POS+CHROM,62.083,3854.2896,-62.083,36.581,1338.1849,-36.581,36.121,1304.7436,-36.121,36.381,1323.5842,-36.381
5250,after,5250_after_clip_0000,ok,150,140.0,84.0,14.5,21.22,73.94,0,95.54,54.04,1.05,-0.032647255326686705,33.82,100.12,-1.56,100.52,-2.77,100.3,-2.16,POS+CHROM,41.494,1721.7258,-41.494,4.585,21.0245,4.585,4.978,24.7829,4.978,4.762,22.6762,4.762
5250,after,5250_after_clip_0001,ok,150,140.0,84.0,14.5,21.78,57.73,0,72.97,54.03,1.08,-0.04613622534086769,33.82,84.85,-0.85,124.22,-2.49,80.85,-0.76,POS+CHROM+DEEP,18.946,358.9516,-18.946,11.875,141.0061,11.875,51.248,2626.3535,51.248,7.877,62.0428,7.877
5250,after,5250_after_clip_0002,ok,150,140.0,84.0,14.5,10.02,84.32,0,103.86,53.92,0.8,0.04429220613674465,34.2,93.77,0.36,93.1,-1.21,93.48,-0.43,POS+CHROM,49.941,2494.0993,-49.941,10.088,101.7686,-10.088,10.763,115.8375,-10.763,10.381,107.7718,-10.381
5250,before,5250_before_clip_0000,ok,150,119.0,75.0,14.5,21.38,74.83,0,97.72,53.94,1.14,-0.01086796248508382,33.37,69.04,2.52,69.93,2.12,69.47,2.32,POS+CHROM,43.782,1916.8462,-43.782,28.678,822.4541,-28.678,27.797,772.6538,-27.797,28.253,798.2046,-28.253
5250,before,5250_before_clip_0001,ok,150,119.0,75.0,14.5,30.84,64.38,0,96.49,53.85,0.94,-0.12319252660487766,33.01,64.43,3.16,65.25,2.27,64.81,2.71,POS+CHROM,42.64,1818.1875,-42.64,32.06,1027.839,-32.06,31.239,975.8962,-31.239,31.68,1003.6176,-31.68
5250,before,5250_before_clip_0002,ok,150,119.0,75.0,14.5,49.67,44.64,0,110.68,53.83,0.96,-0.0664478345537418,33.05,65.01,5.67,65.35,6.22,65.19,5.95,POS+CHROM,56.843,3231.1747,-56.843,45.669,2085.6574,-45.669,45.321,2053.9933,-45.321,45.487,2069.0715,-45.487
5287,after,5287_after_clip_0000,ok,150,107.0,63.0,11.9,1.46,98.16,0,70.5,53.21,1.53,-0.06930259411846619,30.83,80.55,4.2,80.27,3.92,80.41,4.06,POS+CHROM,17.296,299.1642,-17.296,10.044,100.8766,10.044,9.77,95.4473,9.77,9.91,98.2065,9.91
5287,after,5287_after_clip_0001,ok,150,107.0,63.0,11.9,5.11,92.36,0,113.49,53.23,1.54,0.024955935668674357,30.82,78.49,1.59,74.37,2.08,76.35,1.83,POS+CHROM,60.256,3630.7355,-60.256,34.997,1224.7692,-34.997,39.113,1529.8199,-39.113,37.138,1379.2432,-37.138
5287,after,5287_after_clip_0002,ok,150,107.0,63.0,11.9,14.74,83.86,0,103.3,53.27,1.52,0.08214581617915068,30.84,79.51,1.94,77.24,0.02,78.55,0.98,POS+CHROM,50.033,2503.2535,-50.033,23.792,566.0505,-23.792,26.06,679.1059,-26.06,24.745,612.3341,-24.745
5287,before,5287_before_clip_0000,ok,150,102.0,59.0,11.9,11.44,85.09,0,127.35,53.25,1.48,-0.03481890278766126,30.76,80.03,5.27,80.18,5.48,80.11,5.37,POS+CHROM,74.103,5491.2688,-74.103,47.321,2239.3228,-47.321,47.17,2224.9766,-47.17,47.244,2232.0196,-47.244
5287,before,5287_before_clip_0001,ok,150,102.0,59.0,11.9,5.39,93.42,0,100.89,53.22,1.46,-0.01839976147922582,30.81,55.99,-2.12,57.04,-2.95,54.88,-1.21,POS+CHROM+DEEP,47.67,2272.4391,-47.67,44.899,2015.8855,-44.899,43.858,1923.5557,-43.858,46.018,2117.6186,-46.018
5287,before,5287_before_clip_0002,ok,150,102.0,59.0,11.9,3.91,93.31,0,128.84,53.29,1.47,0.09726605198410253,30.78,74.6,4.72,75.81,1.76,75.06,3.24,POS+CHROM,75.541,5706.5114,-75.541,54.236,2941.5138,-54.236,53.022,2811.3129,-53.022,53.776,2891.8294,-53.776
5288,after,5288_after_clip_0000,ok,150,108.0,72.0,12.7,4.09,95.12,0,113.34,53.43,1.14,-0.05156947862528583,31.93,79.89,3.8,81.8,0.79,80.61,2.3,POS+CHROM,59.908,3589.0141,-59.908,33.456,1119.3316,-33.456,31.544,995.0409,-31.544,32.736,1071.6184,-32.736
5288,after,5288_after_clip_0001,ok,150,108.0,72.0,12.7,5.18,94.7,0,105.7,53.3,1.17,-0.004056702703370008,31.82,83.38,-1.43,53.8,1.64,53.56,1.41,CHROM+DEEP,52.403,2746.0557,-52.403,22.321,498.2353,-22.321,51.904,2694.0121,-51.904,52.144,2718.9589,-52.144
5288,after,5288_after_clip_0002,ok,150,108.0,72.0,12.7,4.25,94.29,0,75.58,53.25,1.17,0.059624234143527514,31.65,82.41,1.33,82.06,1.21,82.24,1.27,POS+CHROM,22.331,498.6608,-22.331,6.832,46.6778,6.832,6.484,42.0438,6.484,6.66,44.354,6.66
5288,before,5288_before_clip_0000,ok,150,104.0,64.0,12.7,16.02,59.38,0,87.01,53.36,1.04,-0.009391653285749542,32.42,68.4,-1.88,63.09,-2.15,65.8,-2.02,POS+CHROM,33.646,1132.0718,-33.646,18.613,346.458,-18.613,23.923,572.3214,-23.923,21.208,449.7779,-21.208
5288,before,5288_before_clip_0001,ok,150,104.0,64.0,12.7,7.78,88.07,0,77.72,53.54,1.21,-0.02695801738257861,32.4,86.69,0.84,82.31,-0.47,84.74,0.19,POS+CHROM,24.181,584.7231,-24.181,8.967,80.4025,8.967,4.589,21.0578,4.589,7.015,49.2128,7.015
5288,before,5288_before_clip_0002,ok,150,104.0,64.0,12.7,3.25,95.88,0,115.76,53.58,1.26,0.08402710959407715,31.6,84.12,2.69,91.28,-4.26,85.83,-0.78,POS+CHROM,62.184,3866.7968,-62.184,31.645,1001.4303,-31.645,24.483,599.4139,-24.483,29.933,895.9797,-29.933
5292,after,5292_after_clip_0000,ok,150,144.0,78.0,15.2,27.93,64.85,0,86.25,54.17,1.27,-0.4290008305265692,32.44,99.69,2.59,100.48,2.21,100.07,2.4,POS+CHROM,32.073,1028.6467,-32.073,13.445,180.7675,13.445,14.235,202.6446,14.235,13.827,191.1972,13.827
5292,after,5292_after_clip_0001,ok,150,144.0,78.0,15.2,68.93,25.48,1,98.68,54.23,1.31,0.029135116761955543,32.43,111.47,0.71,111.56,1.43,111.52,1.07,POS+CHROM,44.442,1975.1162,-44.442,12.796,163.7329,12.796,12.885,166.0145,12.885,12.843,164.9404,12.843
5292,after,5292_after_clip_0002,ok,150,144.0,78.0,15.2,35.95,43.79,0,110.75,54.15,1.3,0.3711044690999008,32.42,112.28,-1.21,109.82,-2.84,111.22,-2.02,POS+CHROM,56.599,3203.3969,-56.599,1.53,2.3412,1.53,0.938,0.8792,-0.938,0.463,0.214,0.463
5292,before,5292_before_clip_0000,ok,150,145.0,75.0,15.2,27.16,68.77,0,62.71,54.04,1.28,0.22501819296480308,33.25,106.89,2.33,105.71,1.12,106.35,1.73,POS+CHROM,8.672,75.1955,-8.672,44.177,1951.6172,44.177,42.997,1848.7618,42.997,43.647,1905.0211,43.647
5292,before,5292_before_clip_0001,ok,150,145.0,75.0,15.2,20.22,77.16,0,103.01,54.18,1.31,-0.040411467055937865,32.49,98.5,3.49,99.98,1.28,99.1,2.39,POS+CHROM,48.829,2384.2725,-48.829,4.515,20.3837,-4.515,3.03,9.1827,-3.03,3.908,15.2744,-3.908
5292,before,5292_before_clip_0002,ok,150,145.0,75.0,15.2,8.75,86.82,0,104.55,54.19,1.35,0.13880496613885215,32.45,91.5,5.5,89.37,-0.77,90.94,2.37,POS+CHROM,50.355,2535.578,-50.355,13.05,170.2965,-13.05,15.179,230.4089,-15.179,13.604,185.0661,-13.604
5307,after,5307_after_clip_0000,ok,150,108.0,65.0,15.4,6.36,92.28,0,60.34,53.9,1.01,0.013649363151646344,33.26,72.33,2.11,74.7,2.2,73.52,2.15,POS+CHROM,6.438,41.447,-6.438,11.99,143.7604,11.99,14.365,206.3565,14.365,13.186,173.8669,13.186
5307,after,5307_after_clip_0001,ok,150,108.0,65.0,15.4,6.47,91.88,0,60.85,53.94,1.21,-0.033734773961675145,33.26,69.98,-2.6,113.37,-1.57,75.2,-0.99,POS+CHROM+DEEP,6.911,47.7606,-6.911,9.124,83.2503,9.124,52.519,2758.208,52.519,14.346,205.8092,14.346
5307,after,5307_after_clip_0002,ok,150,108.0,65.0,15.4,3.07,93.18,0,114.19,53.95,1.25,-0.05278663576768021,33.22,71.42,2.8,71.12,2.03,71.28,2.42,POS+CHROM,60.238,3628.5621,-60.238,42.771,1829.374,-42.771,43.069,1854.953,-43.069,42.911,1841.3147,-42.911
5307,before,5307_before_clip_0000,ok,150,107.0,70.0,15.4,4.26,93.62,0,114.01,54.05,1.18,0.028349973729856814,33.35,78.63,-0.38,103.58,-0.88,75.87,-0.03,POS+CHROM+DEEP,59.952,3594.2786,-59.952,35.373,1251.2469,-35.373,10.424,108.6546,-10.424,38.139,1454.6074,-38.139
5307,before,5307_before_clip_0001,ok,150,107.0,70.0,15.4,3.27,94.04,0,114.12,54.06,1.3,-0.05471975069178156,33.4,65.06,2.02,59.95,3.73,59.92,2.35,POS+CHROM+DEEP,60.063,3607.5574,-60.063,49.059,2406.7998,-49.059,54.173,2934.7477,-54.173,54.207,2938.3634,-54.207
5307,before,5307_before_clip_0002,ok,150,107.0,70.0,15.4,2.43,94.41,0,62.34,54.04,1.14,0.12158154804594401,33.29,67.92,1.46,66.98,-0.54,67.53,0.46,POS+CHROM,8.299,68.8656,-8.299,5.579,31.1218,5.579,4.636,21.4961,4.636,5.185,26.8869,5.185
5308,after,5308_after_clip_0000,ok,150,122.0,77.0,13.2,45.17,48.02,0,73.48,54.23,1.15,-0.1434512785303174,33.43,104.42,-1.61,60.79,-0.04,57.18,0.55,CHROM+DEEP,19.257,370.8415,-19.257,30.94,957.2842,30.94,12.691,161.0536,-12.691,16.299,265.6585,-16.299
5308,after,5308_after_clip_0001,ok,150,122.0,77.0,13.2,12.18,85.08,0,122.02,54.13,1.13,-0.08784765268907924,33.37,129.92,-2.93,128.31,-5.54,129.29,-4.24,POS+CHROM,67.894,4609.5609,-67.894,7.899,62.3929,7.899,6.291,39.5739,6.291,7.267,52.8052,7.267
5308,after,5308_after_clip_0002,ok,150,122.0,77.0,13.2,16.12,64.65,0,106.66,54.16,1.14,-0.23596220749969385,33.16,103.06,0.21,104.68,-1.2,103.78,-0.49,POS+CHROM,52.5,2756.1998,-52.5,3.594,12.9201,-3.594,1.978,3.9126,-1.978,2.881,8.3016,-2.881
5308,before,5308_before_clip_0000,ok,150,114.0,70.0,13.2,8.06,85.8,0,134.84,53.56,1.11,-0.05805623600588044,32.88,64.56,-0.09,78.64,-0.73,64.31,0.1,POS+CHROM+DEEP,81.286,6607.4054,-81.286,70.286,4940.186,-70.286,56.207,3159.176,-56.207,70.531,4974.6783,-70.531
5308,before,5308_before_clip_0001,ok,150,114.0,70.0,13.2,4.9,94.47,0,110.76,53.51,1.14,-0.08478406950858297,32.88,78.57,5.68,78.77,5.3,78.67,5.49,POS+CHROM,57.253,3277.9321,-57.253,32.189,1036.1301,-32.189,31.991,1023.4123,-31.991,32.093,1029.965,-32.093
5308,before,5308_before_clip_0002,ok,150,114.0,70.0,13.2,23.36,55.4,0,122.44,53.47,0.98,0.004540703749720272,32.48,91.51,-0.32,90.15,0.67,90.77,0.18,POS+CHROM,68.962,4755.7251,-68.962,30.923,956.2578,-30.923,32.288,1042.5356,-32.288,31.662,1002.4995,-31.662
5332,after,5332_after_clip_0000,ok,150,149.0,80.0,17.1,8.11,86.25,0,120.06,54.21,1.22,-0.08997868768491923,33.19,72.98,2.78,73.93,1.76,73.41,2.27,POS+CHROM,65.847,4335.8486,-65.847,47.073,2215.9008,-47.073,46.129,2127.8411,-46.129,46.641,2175.3556,-46.641
5332,after,5332_after_clip_0001,ok,150,149.0,80.0,17.1,23.76,70.14,0,106.81,54.14,1.19,-0.045000360211955207,33.93,86.45,-0.46,85.65,-1.67,86.09,-1.07,POS+CHROM,52.674,2774.5044,-52.674,20.358,414.4283,-20.358,21.16,447.7473,-21.16,20.719,429.2614,-20.719
5332,after,5332_after_clip_0002,ok,150,149.0,80.0,17.1,21.5,76.46,0,82.99,54.23,1.15,-0.11991381413537214,33.21,83.86,2.54,83.65,2.18,83.76,2.36,POS+CHROM,28.758,827.0216,-28.758,0.873,0.7627,0.873,0.666,0.4431,0.666,0.773,0.597,0.773
5332,before,5332_before_clip_0000,ok,150,123.0,72.0,17.1,31.53,63.74,0,90.8,54.49,1.35,-0.09468848039951741,33.29,74.77,2.07,76.59,1.0,75.6,1.53,POS+CHROM,36.302,1317.8002,-36.302,16.026,256.8342,-16.026,14.207,201.8296,-14.207,15.197,230.9483,-15.197
5332,before,5332_before_clip_0001,ok,150,123.0,72.0,17.1,10.26,87.14,0,102.56,54.29,1.25,-0.1587059264169072,33.95,68.01,0.34,71.49,1.07,69.86,0.71,POS+CHROM,48.27,2329.9625,-48.27,34.549,1193.6316,-34.549,31.069,965.2867,-31.069,32.704,1069.5782,-32.704
5332,before,5332_before_clip_0002,ok,150,123.0,72.0,17.1,26.22,69.37,0,102.74,54.49,1.41,0.03533950772959509,33.98,70.27,1.63,68.01,1.35,69.17,1.49,POS+CHROM,48.248,2327.8787,-48.248,32.466,1054.0375,-32.466,34.726,1205.9074,-34.726,33.57,1126.9639,-33.57
5347,after,5347_after_clip_0000,ok,150,120.0,68.0,14.1,9.76,86.83,0,87.17,53.81,0.82,0.08826442220286121,32.03,98.02,-0.66,113.04,-0.5,85.58,-0.11,POS+CHROM+DEEP,33.361,1112.9445,-33.361,10.852,117.7585,10.852,25.871,669.2901,25.871,1.592,2.5341,-1.592
5347,after,5347_after_clip_0001,ok,150,120.0,68.0,14.1,17.32,76.7,0,99.4,53.76,0.42,-0.059269473392002406,34.92,85.84,-2.32,113.49,-1.39,80.93,-1.1,POS+CHROM+DEEP,45.636,2082.6536,-45.636,13.555,183.7301,-13.555,14.095,198.6702,14.095,18.47,341.1443,-18.47
5347,after,5347_after_clip_0002,ok,150,120.0,68.0,14.1,32.67,63.8,0,110.35,53.94,1.4,-0.014817322618568753,34.49,67.24,-0.08,63.83,-2.75,65.91,-1.41,POS+CHROM,56.41,3182.0552,-56.41,43.113,1858.7275,-43.113,46.516,2163.7281,-46.516,44.442,1975.0985,-44.442
5347,before,5347_before_clip_0000,ok,150,120.0,72.0,14.1,8.19,85.07,0,108.63,54.22,1.01,-0.031464823737024444,33.88,123.77,-6.84,73.53,-2.21,70.44,-2.68,POS+CHROM+DEEP,54.417,2961.2013,-54.417,15.141,229.2355,15.141,35.102,1232.1223,-35.102,38.193,1458.6686,-38.193
5347,before,5347_before_clip_0001,ok,150,120.0,72.0,14.1,17.91,80.82,0,82.99,53.98,0.88,-0.023983116434109455,32.98,71.9,2.17,114.91,-2.89,73.7,0.05,POS+CHROM+DEEP,29.017,841.997,-29.017,11.09,122.9943,-11.09,31.917,1018.679,31.917,9.291,86.3153,-9.291
5347,before,5347_before_clip_0002,ok,150,120.0,72.0,14.1,8.26,89.23,0,76.84,53.83,0.91,0.03216393757063517,33.08,135.87,-2.71,131.34,-0.81,133.25,-1.76,POS+CHROM,23.01,529.4386,-23.01,59.026,3484.0792,59.026,54.499,2970.1808,54.499,56.407,3181.7581,56.407
5353,after,5353_after_clip_0000,ok,150,122.0,73.0,11.8,1.86,97.61,0,56.62,54.12,1.48,-0.08928160875900056,31.25,88.45,-0.14,109.2,-1.34,79.51,-0.0,POS+CHROM+DEEP,2.5,6.2513,-2.5,31.833,1013.3392,31.833,52.578,2764.4869,52.578,22.89,523.9525,22.89
5353,after,5353_after_clip_0001,ok,150,122.0,73.0,11.8,5.79,92.81,0,115.1,53.26,0.94,-0.10064254404631331,33.94,77.69,-2.11,74.32,0.83,75.6,-0.64,POS+CHROM,61.839,3824.0523,-61.839,37.411,1399.6044,-37.411,40.782,1663.1482,-40.782,39.502,1560.4054,-39.502
5353,after,5353_after_clip_0002,ok,150,122.0,73.0,11.8,5.7,92.11,0,136.55,54.13,1.51,-0.18793425144005993,32.99,90.44,1.51,85.74,1.09,88.17,1.3,POS+CHROM,82.418,6792.7881,-82.418,46.11,2126.149,-46.11,50.817,2582.4134,-50.817,48.382,2340.8082,-48.382
5353,before,5353_before_clip_0000,ok,150,112.0,70.0,11.8,6.29,90.76,0,115.72,53.79,1.12,-0.0036712499955818033,33.06,81.34,0.15,74.0,-0.08,77.74,0.04,POS+CHROM,61.927,3834.9606,-61.927,34.377,1181.7725,-34.377,41.723,1740.8004,-41.723,37.978,1442.3114,-37.978
5353,before,5353_before_clip_0001,ok,150,112.0,70.0,11.8,5.89,92.31,0,66.35,53.79,1.19,0.005029912889321792,32.93,80.6,-0.43,84.34,-0.38,82.48,-0.4,POS+CHROM,12.56,157.7415,-12.56,14.247,202.9768,14.247,17.988,323.5651,17.988,16.125,260.0148,16.125
5353,before,5353_before_clip_0002,ok,150,112.0,70.0,11.8,11.93,86.56,0,105.04,53.78,1.18,-0.07606810147453198,32.91,75.37,4.93,74.87,4.22,75.13,4.57,POS+CHROM,51.259,2627.5224,-51.259,29.674,880.5337,-29.674,30.176,910.6,-30.176,29.91,894.6065,-29.91
5356,after,5356_after_clip_0000,ok,150,147.0,73.0,16.1,23.42,76.21,0,100.04,53.31,1.27,-0.17995395494461053,31.4,85.51,3.24,85.04,2.39,85.29,2.82,POS+CHROM,46.728,2183.4848,-46.728,14.528,211.0724,-14.528,15.0,224.9894,-15.0,14.747,217.4879,-14.747
5356,after,5356_after_clip_0001,ok,150,147.0,73.0,16.1,16.79,81.45,0,133.01,53.33,1.25,-0.20313231360363457,31.45,62.9,0.7,63.42,2.67,63.2,1.68,POS+CHROM,79.682,6349.2412,-79.682,70.116,4916.2323,-70.116,69.599,4844.086,-69.599,69.816,4874.2255,-69.816
5356,after,5356_after_clip_0002,ok,150,147.0,73.0,16.1,32.01,66.79,0,94.88,53.27,1.23,0.1339246839136545,31.42,87.11,3.9,86.6,3.17,86.87,3.54,POS+CHROM,41.61,1731.3998,-41.61,7.768,60.3355,-7.768,8.275,68.4824,-8.275,8.006,64.0972,-8.006
5356,before,5356_before_clip_0000,ok,150,133.0,72.0,16.1,44.62,49.47,0,107.78,54.4,1.12,0.15271219801535785,34.04,71.52,1.55,72.2,-1.67,71.77,-0.06,POS+CHROM,53.386,2850.0555,-53.386,36.261,1314.8617,-36.261,35.581,1266.0323,-35.581,36.01,1296.7444,-36.01
5356,before,5356_before_clip_0001,ok,150,133.0,72.0,16.1,46.38,40.37,0,125.38,54.14,1.1,0.01190463206509838,34.31,96.18,-0.24,65.23,-2.25,70.99,-0.46,POS+CHROM+DEEP,71.243,5075.5607,-71.243,29.202,852.7606,-29.202,60.151,3618.1819,-60.151,54.39,2958.2969,-54.39
5356,before,5356_before_clip_0002,ok,150,133.0,72.0,16.1,23.09,57.84,0,72.55,54.3,0.9,-0.2450161815416467,32.81,93.24,0.81,91.97,0.04,92.64,0.43,POS+CHROM,18.249,333.0428,-18.249,20.684,427.8466,20.684,19.413,376.8719,19.413,20.089,403.5783,20.089
5394,after,5394_after_clip_0000,ok,150,192.0,90.0,17.0,8.4,89.99,0,87.73,53.94,1.38,-0.011721132045950364,32.56,69.91,3.59,66.36,3.77,68.11,3.68,POS+CHROM,33.791,1141.8372,-33.791,17.822,317.6343,-17.822,21.371,456.7084,-21.371,19.623,385.0728,-19.623
5394,after,5394_after_clip_0001,ok,150,192.0,90.0,17.0,8.33,90.73,0,93.32,54.0,1.42,0.03860781190999482,31.81,85.99,0.14,88.17,-0.28,87.04,-0.07,POS+CHROM,39.317,1545.8189,-39.317,7.324,53.6468,-7.324,5.142,26.4412,-5.142,6.271,39.3263,-6.271
5394,after,5394_after_clip_0002,ok,150,192.0,90.0,17.0,2.27,97.02,0,122.33,53.83,1.2,0.037652799900734384,31.78,126.57,-1.33,130.05,0.88,128.62,-0.22,POS+CHROM,68.493,4691.3379,-68.493,4.245,18.016,4.245,7.72,59.597,7.72,6.299,39.6768,6.299
5394,before,5394_before_clip_0000,ok,150,143.0,88.0,17.0,9.7,88.93,0,67.89,53.95,1.22,-0.18381173451566443,33.0,95.09,-5.29,104.0,-6.1,71.51,-3.39,POS+CHROM+DEEP,13.943,194.3969,-13.943,27.201,739.8722,27.201,36.113,1304.168,36.113,3.623,13.1236,3.623
5394,before,5394_before_clip_0001,ok,150,143.0,88.0,17.0,39.05,57.64,0,83.98,54.03,1.21,-0.031448397837864496,33.0,57.67,4.14,57.74,1.91,56.72,2.42,POS+CHROM+DEEP,29.949,896.9392,-29.949,26.305,691.9623,-26.305,26.232,688.1048,-26.232,27.254,742.804,-27.254
5394,before,5394_before_clip_0002,ok,150,143.0,88.0,17.0,17.18,78.82,0,125.26,53.99,1.29,0.016091002760557853,32.99,78.37,1.13,81.78,1.95,80.19,1.54,POS+CHROM,71.278,5080.5002,-71.278,46.889,2198.5874,-46.889,43.482,1890.6899,-43.482,45.069,2031.2592,-45.069
5395,after,5395_after_clip_0000,ok,150,144.0,61.0,14.9,7.08,88.09,0,99.63,54.33,1.11,-0.004845660096100552,33.55,81.12,3.17,76.42,-1.23,79.6,0.97,POS+CHROM,45.306,2052.6599,-45.306,18.513,342.7268,-18.513,23.215,538.9298,-23.215,20.038,401.5023,-20.038
5395,after,5395_after_clip_0001,ok,150,144.0,61.0,14.9,3.95,93.49,0,125.54,54.35,1.08,-0.12332624024242325,33.54,96.37,4.4,89.25,-0.84,94.28,1.78,POS+CHROM,71.19,5068.0565,-71.19,29.163,850.5004,-29.163,36.289,1316.9123,-36.289,31.261,977.2589,-31.261
5395,after,5395_after_clip_0002,ok,150,144.0,61.0,14.9,8.04,91.03,0,114.12,54.4,1.27,-0.21542520223627348,33.56,87.05,4.38,78.35,-1.53,75.53,1.37,POS+CHROM+DEEP,59.72,3566.4949,-59.72,27.072,732.9126,-27.072,35.77,1279.5167,-35.77,38.593,1489.4256,-38.593
5395,before,5395_before_clip_0000,ok,150,126.0,64.0,14.9,4.59,93.02,0,84.18,54.17,1.11,-0.1483429388461625,33.29,68.95,5.19,68.17,4.84,68.57,5.01,POS+CHROM,30.012,900.7466,-30.012,15.232,232.0109,-15.232,16.018,256.562,-16.018,15.613,243.7691,-15.613
5395,before,5395_before_clip_0001,ok,150,126.0,64.0,14.9,9.81,87.84,0,105.82,54.22,1.1,0.005123553478929192,33.26,71.73,4.77,71.9,2.18,71.79,3.47,POS+CHROM,51.599,2662.4647,-51.599,34.091,1162.1894,-34.091,33.92,1150.5827,-33.92,34.024,1157.6124,-34.024
5395,before,5395_before_clip_0002,ok,150,126.0,64.0,14.9,5.72,91.75,0,118.67,54.28,1.15,0.05207414945235363,33.27,68.64,5.39,69.06,2.74,68.8,4.07,POS+CHROM,64.39,4146.1233,-64.39,50.036,2503.628,-50.036,49.617,2461.8592,-49.617,49.872,2487.2369,-49.872
5441,after,5441_after_clip_0000,ok,150,120.0,74.0,10.8,19.98,49.45,0,90.44,53.26,1.31,-0.07493895320956895,31.3,68.57,3.58,68.82,0.12,68.66,1.85,POS+CHROM,37.177,1382.1246,-37.177,21.862,477.935,-21.862,21.617,467.3129,-21.617,21.774,474.1009,-21.774
5441,after,5441_after_clip_0001,ok,150,120.0,74.0,10.8,20.47,77.48,0,83.57,53.22,1.31,0.208985839877878,31.26,61.05,3.04,61.55,1.41,58.86,1.92,POS+CHROM+DEEP,30.344,920.7843,-30.344,22.521,507.1987,-22.521,22.021,484.9067,-22.021,24.706,610.3725,-24.706
5441,after,5441_after_clip_0002,ok,150,120.0,74.0,10.8,28.32,62.02,0,89.28,53.27,1.32,-0.32755952105612435,31.23,66.04,4.74,65.7,5.45,65.86,5.1,POS+CHROM,36.012,1296.8674,-36.012,23.242,540.1992,-23.242,23.58,556.0322,-23.58,23.421,548.5497,-23.421
5441,before,5441_before_clip_0000,ok,150,97.0,69.0,10.8,17.27,78.63,0,126.49,54.18,1.13,0.09634336755947677,33.21,71.78,1.3,74.35,0.16,72.94,0.73,POS+CHROM,72.312,5229.0137,-72.312,54.705,2992.6879,-54.705,52.142,2718.7481,-52.142,53.545,2867.0202,-53.545
5441,before,5441_before_clip_0001,ok,150,97.0,69.0,10.8,18.44,79.27,0,82.07,54.33,1.25,-0.1286088588465299,33.18,66.15,3.67,67.43,3.5,66.78,3.59,POS+CHROM,27.741,769.5472,-27.741,15.919,253.4282,-15.919,14.636,214.2074,-14.636,15.287,233.6795,-15.287
5441,before,5441_before_clip_0002,ok,150,97.0,69.0,10.8,13.09,82.87,0,90.89,54.27,1.19,-0.0720530682403312,33.16,97.61,-2.1,98.06,-0.3,97.87,-1.2,POS+CHROM,36.621,1341.0688,-36.621,6.721,45.1781,6.721,7.166,51.3497,7.166,6.977,48.6742,6.977
5483,after,5483_after_clip_0000,ok,150,121.0,68.0,13.8,10.84,86.58,0,65.02,53.22,1.5,-0.10827065206824808,30.74,85.03,0.6,86.34,-0.45,85.62,0.08,POS+CHROM,11.797,139.1791,-11.797,20.009,400.3605,20.009,21.316,454.3744,21.316,20.605,424.5682,20.605
5483,after,5483_after_clip_0001,ok,150,121.0,68.0,13.8,17.18,77.87,0,113.79,53.13,1.48,0.03063184719968827,30.78,83.05,-1.83,77.08,-2.94,80.34,-2.39,POS+CHROM,60.659,3679.4874,-60.659,30.731,944.3849,-30.731,36.706,1347.3517,-36.706,33.441,1118.3335,-33.441
5483,after,5483_after_clip_0002,ok,150,121.0,68.0,13.8,3.92,93.67,0,125.14,53.16,1.52,-0.02664553701738735,31.12,81.31,4.7,80.51,-2.02,81.11,1.34,POS+CHROM,71.973,5180.1728,-71.973,43.827,1920.7631,-43.827,44.632,1992.0497,-44.632,44.025,1938.1846,-44.025
5483,before,5483_before_clip_0000,ok,150,109.0,67.0,13.8,6.12,92.7,0,71.85,53.13,1.52,0.004712910116568252,31.19,66.21,-1.8,68.2,-1.53,67.23,-1.67,POS+CHROM,18.719,350.383,-18.719,5.644,31.8561,-5.644,3.649,13.3156,-3.649,4.624,21.3793,-4.624
5483,before,5483_before_clip_0001,ok,150,109.0,67.0,13.8,1.91,96.97,0,56.39,53.2,1.56,-0.06277159778791036,30.95,68.6,-0.13,107.32,-1.08,72.59,0.12,POS+CHROM+DEEP,3.188,10.1652,-3.188,12.208,149.0284,12.208,50.925,2593.3682,50.925,16.195,262.2941,16.195
5483,before,5483_before_clip_0002,ok,150,109.0,67.0,13.8,4.17,95.22,0,77.97,53.11,1.51,0.01326012026905445,30.95,131.74,-0.37,129.92,-1.28,130.9,-0.83,POS+CHROM,24.862,618.1341,-24.862,53.767,2890.8746,53.767,51.95,2698.7977,51.95,52.928,2801.3292,52.928
5486,after,5486_after_clip_0000,ok,150,109.0,66.0,14.6,48.83,38.43,0,110.05,53.3,1.5,-0.27415952342541805,30.73,87.8,-3.13,87.69,-3.73,87.75,-3.43,POS+CHROM,56.749,3220.4688,-56.749,22.247,494.9392,-22.247,22.365,500.2023,-22.365,22.303,497.4359,-22.303
5486,after,5486_after_clip_0001,ok,150,109.0,66.0,14.6,44.83,45.04,0,66.55,53.12,1.49,-0.004365142476046894,31.11,97.75,-0.08,98.69,1.22,98.27,0.57,POS+CHROM,13.426,180.2544,-13.426,31.204,973.7029,31.204,32.144,1033.2228,32.144,31.725,1006.4575,31.725
5486,after,5486_after_clip_0002,ok,150,109.0,66.0,14.6,29.69,69.19,0,100.46,53.2,1.48,0.2394245055085257,30.72,81.17,3.32,80.34,1.08,80.83,2.2,POS+CHROM,47.263,2233.8163,-47.263,19.296,372.3441,-19.296,20.126,405.0606,-20.126,19.635,385.5175,-19.635
5486,before,5486_before_clip_0000,ok,150,110.0,70.0,14.6,31.5,61.57,0,88.69,54.12,1.13,-0.14096130933432793,33.47,82.34,1.22,82.34,1.69,82.34,1.46,POS+CHROM,34.568,1194.9136,-34.568,6.351,40.3382,-6.351,6.347,40.285,-6.347,6.349,40.3105,-6.349
5486,before,5486_before_clip_0001,ok,150,110.0,70.0,14.6,48.75,41.18,0,60.13,54.09,1.11,0.010609742352882912,33.51,84.76,2.76,84.64,1.75,84.71,2.26,POS+CHROM,6.047,36.5622,-6.047,24.629,606.5946,24.629,24.509,600.7045,24.509,24.574,603.8932,24.574
5486,before,5486_before_clip_0002,ok,150,110.0,70.0,14.6,19.16,78.28,0,134.47,54.06,1.14,0.2938854322326682,33.48,80.8,-2.03,86.07,-1.95,83.45,-1.99,POS+CHROM,80.41,6465.804,-80.41,53.673,2880.8215,-53.673,48.401,2342.6873,-48.401,51.022,2603.1965,-51.022
5500,after,5500_after_clip_0000,ok,150,140.0,76.0,14.3,13.97,84.17,0,107.46,54.29,1.34,0.0025362862661022843,33.12,81.85,0.67,84.64,-1.2,83.03,-0.26,POS+CHROM,53.165,2826.5136,-53.165,25.609,655.806,-25.609,22.813,520.4495,-22.813,24.427,596.6788,-24.427
5500,after,5500_after_clip_0001,ok,150,140.0,76.0,14.3,4.45,94.04,0,126.56,54.01,1.14,0.13728056148752607,33.53,93.12,-2.11,91.52,-0.18,92.2,-1.14,POS+CHROM,72.549,5263.3015,-72.549,33.436,1117.981,-33.436,35.037,1227.5731,-35.037,34.364,1180.8903,-34.364
5500,after,5500_after_clip_0002,ok,150,140.0,76.0,14.3,9.49,88.62,0,102.7,54.05,1.13,0.21361230607155168,35.48,122.52,-3.26,119.95,-7.1,121.64,-5.18,POS+CHROM,48.648,2366.6164,-48.648,19.822,392.8926,19.822,17.254,297.7159,17.254,18.936,358.5747,18.936
5500,before,5500_before_clip_0000,ok,150,115.0,70.0,14.3,1.8,97.68,0,134.02,54.02,1.15,-0.01729137943457501,33.51,84.11,-0.36,84.76,0.21,84.45,-0.08,POS+CHROM,79.996,6399.2877,-79.996,49.913,2491.3343,-49.913,49.262,2426.7316,-49.262,49.572,2457.3874,-49.572
5500,before,5500_before_clip_0001,ok,150,115.0,70.0,14.3,3.11,95.73,0,116.75,53.93,1.12,0.07993146825996687,33.49,80.47,1.15,80.93,-0.64,80.67,0.26,POS+CHROM,62.82,3946.3427,-62.82,36.28,1316.212,-36.28,35.821,1283.1211,-35.821,36.084,1302.0642,-36.084
5500,before,5500_before_clip_0002,ok,150,115.0,70.0,14.3,4.39,95.21,0,124.27,53.95,1.25,-0.0274383314868072,33.15,77.91,-1.39,75.69,-0.67,76.73,-1.03,POS+CHROM,70.318,4944.6729,-70.318,46.364,2149.6441,-46.364,48.582,2360.1773,-48.582,47.54,2260.0121,-47.54
5507,after,5507_after_clip_0000,ok,150,110.0,63.0,13.2,5.79,90.49,0,94.18,53.81,1.18,0.048628950866862405,32.94,75.65,-2.75,131.75,-4.03,76.53,-1.87,POS+CHROM+DEEP,40.372,1629.8642,-40.372,18.528,343.3008,-18.528,37.576,1411.9734,37.576,17.648,311.46,-17.648
5507,after,5507_after_clip_0001,ok,150,110.0,63.0,13.2,3.48,95.71,0,94.66,53.87,1.1,-0.038480221267600534,32.95,63.96,-0.65,66.76,-1.59,65.25,-1.12,POS+CHROM,40.79,1663.8605,-40.79,30.698,942.3486,-30.698,27.901,778.4681,-27.901,29.409,864.8802,-29.409
5507,after,5507_after_clip_0002,ok,150,110.0,63.0,13.2,3.83,95.19,0,97.04,53.78,1.19,0.041873552902063654,32.92,66.24,-1.5,89.01,-2.24,66.42,-0.85,POS+CHROM+DEEP,43.263,1871.6713,-43.263,30.803,948.8074,-30.803,8.034,64.5388,-8.034,30.62,937.5965,-30.62
5507,before,5507_before_clip_0000,ok,150,103.0,55.0,13.2,13.01,85.12,0,63.27,53.42,1.24,0.0321192659933461,31.82,62.52,-0.71,121.76,-3.23,71.18,-0.9,POS+CHROM+DEEP,9.849,96.9964,-9.849,0.755,0.5707,-0.755,58.485,3420.5323,58.485,7.905,62.4914,7.905
5507,before,5507_before_clip_0001,ok,150,103.0,55.0,13.2,3.09,96.12,0,90.23,53.32,1.26,0.008219458140864127,31.47,63.07,2.72,65.07,2.93,64.09,2.82,POS+CHROM,36.913,1362.5484,-36.913,27.159,737.5927,-27.159,25.161,633.0998,-25.161,26.143,683.4409,-26.143
5507,before,5507_before_clip_0002,ok,150,103.0,55.0,13.2,3.11,96.26,0,91.05,53.5,1.38,0.11797672835758725,31.81,55.96,0.83,59.1,1.88,56.28,1.36,POS+CHROM+DEEP,37.55,1410.0107,-37.55,35.094,1231.5586,-35.094,31.954,1021.0525,-31.954,34.775,1209.3232,-34.775
5524,after,5524_after_clip_0000,ok,150,116.0,69.0,13.1,32.53,61.71,0,84.56,53.86,0.88,0.39571450109870865,33.36,59.62,2.4,60.68,1.19,58.23,1.49,POS+CHROM+DEEP,30.707,942.9117,-30.707,24.942,622.0921,-24.942,23.883,570.3956,-23.883,26.334,693.4567,-26.334
5524,after,5524_after_clip_0001,ok,150,116.0,69.0,13.1,56.88,27.68,1,85.38,53.81,0.91,0.0849010424289472,33.4,71.5,1.39,70.95,1.43,71.22,1.41,POS+CHROM,31.571,996.7509,-31.571,13.887,192.8357,-13.887,14.435,208.3777,-14.435,14.162,200.5554,-14.162
5524,after,5524_after_clip_0002,ok,150,116.0,69.0,13.1,33.58,32.61,0,94.86,53.87,0.95,-0.09272178956175338,33.36,76.67,-1.17,76.25,-0.3,76.45,-0.73,POS+CHROM,40.989,1680.0733,-40.989,18.19,330.8681,-18.19,18.603,346.0561,-18.603,18.411,338.9648,-18.411
5524,before,5524_before_clip_0000,ok,150,118.0,70.0,13.1,15.74,78.57,0,82.38,53.9,0.93,0.04863125953516371,33.34,61.63,2.73,65.24,-0.97,59.97,0.9,POS+CHROM+DEEP,28.483,811.2727,-28.483,20.752,430.6307,-20.752,17.136,293.6596,-17.136,22.409,502.1456,-22.409
5524,before,5524_before_clip_0001,ok,150,118.0,70.0,13.1,25.18,62.5,0,116.44,53.92,0.96,-0.016806014596292284,33.32,63.11,4.81,59.01,2.99,59.64,2.92,POS+CHROM+DEEP,62.524,3909.2373,-62.524,53.33,2844.1021,-53.33,57.433,3298.5031,-57.433,56.804,3226.6716,-56.804
5524,before,5524_before_clip_0002,ok,150,118.0,70.0,13.1,36.8,55.71,0,84.12,54.01,1.14,-0.18442847633264325,32.92,66.79,3.5,66.53,1.14,66.68,2.32,POS+CHROM,30.109,906.5253,-30.109,17.335,300.4988,-17.335,17.593,309.5026,-17.593,17.439,304.1131,-17.439
5526,after,5526_after_clip_0000,ok,150,135.0,81.0,11.9,1.77,97.42,0,108.66,54.08,1.26,0.005534433177669402,32.77,82.0,0.6,132.96,-1.98,82.71,-0.04,POS+CHROM+DEEP,54.578,2978.775,-54.578,26.663,710.8991,-26.663,24.297,590.3601,24.297,25.947,673.2433,-25.947
5526,after,5526_after_clip_0001,ok,150,135.0,81.0,11.9,0.5,99.0,0,130.74,53.81,1.03,0.021868843184687743,33.16,74.26,3.61,95.39,-4.73,70.03,-0.03,POS+CHROM+DEEP,76.93,5918.1649,-76.93,56.486,3190.6557,-56.486,35.351,1249.7077,-35.351,60.718,3686.7344,-60.718
5526,after,5526_after_clip_0002,ok,150,135.0,81.0,11.9,0.63,99.35,0,101.29,53.74,1.03,0.03446814627462702,33.17,74.49,2.29,76.45,-0.27,75.26,1.01,POS+CHROM,47.545,2260.5016,-47.545,26.799,718.1781,-26.799,24.838,616.9143,-24.838,26.025,677.2842,-26.025
5526,before,5526_before_clip_0000,ok,150,135.0,81.0,11.9,0.87,98.99,0,103.73,53.95,1.19,-0.022885742794186887,33.1,72.51,-1.62,128.81,-5.9,71.84,-2.11,POS+CHROM+DEEP,49.786,2478.6269,-49.786,31.218,974.5462,-31.218,25.078,628.9301,25.078,31.893,1017.1664,-31.893
5526,before,5526_before_clip_0001,ok,150,135.0,81.0,11.9,0.51,99.23,0,122.67,53.82,1.0,0.013819715317185345,33.06,75.36,-0.75,74.57,-2.44,75.02,-1.59,POS+CHROM,68.858,4741.3715,-68.858,47.318,2239.0351,-47.318,48.101,2313.7448,-48.101,47.655,2271.0097,-47.655
5526,before,5526_before_clip_0002,ok,150,135.0,81.0,11.9,0.93,97.6,0,55.59,53.96,1.28,-0.0273087783270741,32.65,72.56,3.2,72.22,1.85,72.41,2.52,POS+CHROM,1.629,2.6552,-1.629,16.978,288.2554,16.978,16.635,276.7355,16.635,16.826,283.1118,16.826
5533,after,5533_after_clip_0000,ok,150,135.0,78.0,13.6,34.65,31.58,0,83.35,53.47,1.76,-0.3107329248359356,36.69,91.73,3.7,68.49,-2.72,74.47,0.91,POS+CHROM+DEEP,29.877,892.6058,-29.877,8.377,70.1772,8.377,14.86,220.8087,-14.86,8.877,78.7925,-8.877
5533,after,5533_after_clip_0001,ok,150,135.0,78.0,13.6,54.81,16.7,1,105.24,54.23,0.89,-0.038177177856752544,35.99,121.14,-3.95,123.11,-1.94,122.29,-2.94,POS+CHROM,51.012,2602.2207,-51.012,15.906,253.0076,15.906,17.869,319.3175,17.869,17.051,290.7459,17.051
5533,after,5533_after_clip_0002,ok,150,135.0,78.0,13.6,57.25,23.47,1,119.3,53.9,0.95,-0.1271344817195448,36.97,114.26,0.57,107.24,1.34,110.52,0.96,POS+CHROM,65.401,4277.2273,-65.401,5.038,25.3789,-5.038,12.066,145.5998,-12.066,8.778,77.0456,-8.778
5533,before,5533_before_clip_0000,ok,150,124.0,75.0,13.6,18.05,74.91,0,107.54,54.07,0.98,-0.19988642378498586,34.27,104.19,1.32,102.92,-1.86,103.72,-0.27,POS+CHROM,53.471,2859.1,-53.471,3.346,11.1981,-3.346,4.621,21.3528,-4.621,3.819,14.5823,-3.819
5533,before,5533_before_clip_0001,ok,150,124.0,75.0,13.6,31.75,48.66,0,125.71,54.09,0.99,-0.21809670541241477,33.91,102.9,1.62,75.27,-1.8,78.75,0.27,POS+CHROM+DEEP,71.62,5129.4516,-71.62,22.813,520.4222,-22.813,50.436,2543.8058,-50.436,46.963,2205.5375,-46.963
5533,before,5533_before_clip_0002,ok,150,124.0,75.0,13.6,46.25,37.81,0,78.15,54.09,1.0,0.04063610163480702,34.27,102.38,1.48,103.14,-0.31,102.71,0.58,POS+CHROM,24.06,578.8715,-24.06,24.233,587.2526,24.233,24.997,624.8304,24.997,24.558,603.1074,24.558
5535,after,5535_after_clip_0000,ok,150,168.0,90.0,14.7,11.26,87.27,0,129.39,53.5,1.38,0.21411389752244128,31.53,122.18,-1.93,101.31,-0.97,85.42,-0.51,POS+CHROM+DEEP,75.894,5759.849,-75.894,7.206,51.9308,-7.206,28.077,788.342,-28.077,43.973,1933.5909,-43.973
5535,after,5535_after_clip_0001,ok,150,168.0,90.0,14.7,32.19,57.81,0,97.01,53.45,1.19,-0.030697998631954035,31.5,121.68,-0.58,118.33,0.25,119.89,-0.16,POS+CHROM,43.557,1897.1711,-43.557,24.679,609.0445,24.679,21.327,454.8539,21.327,22.886,523.7776,22.886
5535,after,5535_after_clip_0002,ok,150,168.0,90.0,14.7,35.12,59.65,0,81.01,53.47,1.23,0.04610336315976816,31.11,60.51,-2.49,135.63,-3.57,55.93,-0.63,POS+DEEP,27.541,758.5163,-27.541,20.504,420.4281,-20.504,54.615,2982.8252,54.615,25.081,629.0376,-25.081
5535,before,5535_before_clip_0000,ok,150,129.0,68.0,14.7,18.54,54.77,0,78.74,53.39,1.12,-0.016636978568067895,31.65,127.98,-3.44,127.96,-2.6,127.97,-3.02,POS+CHROM,25.348,642.5207,-25.348,49.241,2424.714,49.241,49.219,2422.4981,49.219,49.229,2423.5284,49.229
5535,before,5535_before_clip_0001,ok,150,129.0,68.0,14.7,40.43,47.78,0,81.97,53.52,1.29,-0.04071556321597218,31.67,64.82,0.28,65.74,1.73,65.34,1.0,POS+CHROM,28.45,809.4105,-28.45,17.15,294.1291,-17.15,16.221,263.1059,-16.221,16.63,276.5422,-16.63
5535,before,5535_before_clip_0002,ok,150,129.0,68.0,14.7,36.45,54.25,0,90.08,53.44,1.13,0.1249804701989755,31.64,81.14,1.31,85.96,0.21,83.33,0.76,POS+CHROM,36.64,1342.5017,-36.64,8.938,79.8806,-8.938,4.118,16.9615,-4.118,6.749,45.5445,-6.749
5536,after,5536_after_clip_0000,ok,150,148.0,65.0,15.2,2.88,96.94,0,134.2,53.02,1.26,0.017356329826312744,30.94,77.46,1.46,85.04,-2.05,80.18,-0.3,POS+CHROM,81.183,6590.6169,-81.183,56.74,3219.4295,-56.74,49.159,2416.5765,-49.159,54.028,2918.9876,-54.028
5536,after,5536_after_clip_0001,ok,150,148.0,65.0,15.2,4.08,94.77,0,93.0,53.22,1.48,-0.02031241778598972,30.58,79.46,0.47,83.39,-1.91,81.04,-0.72,POS+CHROM,39.782,1582.6166,-39.782,13.538,183.2895,-13.538,9.611,92.3734,-9.611,11.959,143.0188,-11.959
5536,after,5536_after_clip_0002,ok,150,148.0,65.0,15.2,7.06,88.93,0,102.29,53.12,1.5,-0.01924190931670495,30.57,76.95,3.22,75.23,0.16,76.3,1.69,POS+CHROM,49.177,2418.4075,-49.177,25.342,642.1958,-25.342,27.065,732.5151,-27.065,25.988,675.387,-25.988
5536,before,5536_before_clip_0000,ok,150,111.0,60.0,15.2,2.97,96.39,0,114.18,53.86,1.09,-0.14312404620914324,32.76,91.46,-2.24,93.76,-1.88,92.65,-2.06,POS+CHROM,60.329,3639.5368,-60.329,22.723,516.3445,-22.723,20.42,416.9623,-20.42,21.537,463.8566,-21.537
5536,before,5536_before_clip_0001,ok,150,111.0,60.0,15.2,12.95,83.49,0,120.69,53.88,1.01,0.059283484766650615,33.19,54.03,1.52,54.92,1.89,54.3,1.47,POS+CHROM+DEEP,66.809,4463.3981,-66.809,66.656,4443.0592,-66.656,65.768,4325.4447,-65.768,66.387,4407.1702,-66.387
5536,before,5536_before_clip_0002,ok,150,111.0,60.0,15.2,6.44,91.31,0,100.36,53.86,1.1,0.005638222277990966,33.18,60.06,4.02,56.6,1.42,57.38,2.18,POS+CHROM+DEEP,46.504,2162.5818,-46.504,40.3,1624.0724,-40.3,43.762,1915.1431,-43.762,42.978,1847.1143,-42.978
5543,after,5543_after_clip_0000,ok,150,115.0,70.0,11.4,10.36,86.96,0,82.96,53.3,1.35,-0.032908137337979065,30.52,63.51,1.29,64.01,-0.73,63.72,0.28,POS+CHROM,29.655,879.398,-29.655,19.452,378.3641,-19.452,18.945,358.9119,-18.945,19.241,370.1994,-19.241
5543,after,5543_after_clip_0001,ok,150,115.0,70.0,11.4,14.28,77.09,0,103.64,53.31,1.39,0.16746685066424233,30.54,66.58,1.51,67.63,1.1,67.08,1.31,POS+CHROM,50.326,2532.7537,-50.326,37.064,1373.7217,-37.064,36.015,1297.0777,-36.015,36.557,1336.409,-36.557
5543,after,5543_after_clip_0002,ok,150,115.0,70.0,11.4,10.86,86.68,0,121.22,53.34,1.35,-0.10642250769690802,30.56,63.04,-2.1,122.41,-3.11,72.13,-1.29,POS+CHROM+DEEP,67.88,4607.6452,-67.88,58.175,3384.3023,-58.175,1.19,1.4159,1.19,49.092,2410.0344,-49.092
5543,before,5543_before_clip_0000,ok,150,106.0,60.0,11.4,38.0,56.97,0,76.9,53.77,1.07,0.16601907310387043,33.15,110.47,-2.86,55.3,0.11,54.48,0.59,CHROM+DEEP,23.132,535.083,-23.132,33.561,1126.3644,33.561,21.603,466.6976,-21.603,22.428,503.0361,-22.428
5543,before,5543_before_clip_0001,ok,150,106.0,60.0,11.4,25.35,44.78,0,112.84,53.95,1.24,-0.15207542519719677,33.14,65.67,-0.28,76.18,-0.24,64.31,0.24,POS+CHROM+DEEP,58.889,3467.9052,-58.889,47.17,2224.9821,-47.17,36.658,1343.8292,-36.658,48.535,2355.646,-48.535
5543,before,5543_before_clip_0002,ok,150,106.0,60.0,11.4,25.8,40.07,0,63.25,53.96,1.24,0.14710962027537944,32.75,68.81,0.06,70.03,1.58,69.49,0.82,POS+CHROM,9.296,86.4218,-9.296,5.556,30.8734,5.556,6.776,45.9199,6.776,6.243,38.979,6.243
5550,after,5550_after_clip_0000,ok,150,104.0,72.0,13.9,17.07,72.12,0,107.7,54.47,1.18,0.12631269133439058,36.76,132.25,0.45,93.94,-2.6,91.64,-0.33,POS+CHROM+DEEP,53.23,2833.4337,-53.23,24.55,602.7186,24.55,13.762,189.3923,-13.762,16.062,257.9807,-16.062
5550,after,5550_after_clip_0001,ok,150,104.0,72.0,13.9,18.97,76.3,0,102.16,53.89,1.14,-0.0279049267997034,32.12,134.37,-3.72,97.32,-0.3,85.24,-0.96,POS+CHROM+DEEP,48.268,2329.7738,-48.268,32.212,1037.6201,32.212,4.839,23.4162,-4.839,16.914,286.0919,-16.914
5550,after,5550_after_clip_0002,ok,150,104.0,72.0,13.9,30.86,61.84,0,112.06,53.53,0.8,-0.055878872650488985,34.37,82.2,0.39,94.4,-1.01,74.84,0.06,POS+CHROM+DEEP,58.525,3425.1649,-58.525,29.859,891.5819,-29.859,17.652,311.5892,-17.652,37.214,1384.8872,-37.214
5550,before,5550_before_clip_0000,ok,150,110.0,62.0,13.9,2.31,97.36,0,57.58,54.35,1.04,0.024419585703249175,32.98,124.91,-5.46,57.8,0.48,55.99,0.76,CHROM+DEEP,3.233,10.4503,-3.233,67.332,4533.5562,67.332,0.222,0.0494,0.222,1.585,2.5135,-1.585
5550,before,5550_before_clip_0001,ok,150,110.0,62.0,13.9,2.32,97.63,0,93.23,53.93,1.02,0.07189876853289148,32.71,82.44,-0.2,89.3,-1.2,85.58,-0.7,POS+CHROM,39.292,1543.8903,-39.292,10.788,116.389,-10.788,3.93,15.4422,-3.93,7.646,58.4643,-7.646
5550,before,5550_before_clip_0002,ok,150,110.0,62.0,13.9,19.83,79.54,0,131.07,53.84,0.87,-0.04949086717052127,35.37,80.45,-1.94,104.17,-2.06,75.07,-1.04,POS+CHROM+DEEP,77.24,5965.957,-77.24,50.622,2562.5516,-50.622,26.901,723.6628,-26.901,56.003,3136.317,-56.003
5562,after,5562_after_clip_0000,ok,150,122.0,81.0,16.6,30.59,40.99,0,110.56,54.45,1.3,-0.4651602549069135,33.59,108.97,-1.83,65.89,-1.11,72.14,-0.55,POS+CHROM+DEEP,56.115,3148.9445,-56.115,1.591,2.5302,-1.591,44.673,1995.6996,-44.673,38.423,1476.3449,-38.423
5562,after,5562_after_clip_0001,ok,150,122.0,81.0,16.6,48.38,27.58,0,86.75,54.53,1.32,-0.02192213023137695,33.61,112.85,0.75,107.05,-2.23,110.65,-0.74,POS+CHROM,32.213,1037.6699,-32.213,26.105,681.4548,26.105,20.302,412.1694,20.302,23.907,571.5566,23.907
5562,after,5562_after_clip_0002,ok,150,122.0,81.0,16.6,28.24,57.31,0,69.38,54.55,1.34,-0.08611047095664225,33.61,103.86,-1.53,96.65,-1.96,100.39,-1.75,POS+CHROM,14.831,219.9665,-14.831,34.482,1188.9954,34.482,27.27,743.6468,27.27,31.007,961.4442,31.007
5562,before,5562_before_clip_0000,ok,150,121.0,93.0,16.6,32.18,33.51,0,106.57,54.05,1.08,0.13674943308498286,33.52,109.13,0.46,103.63,-1.04,106.72,-0.29,POS+CHROM,52.518,2758.1675,-52.518,2.556,6.5344,2.556,2.934,8.6093,-2.934,0.153,0.0233,0.153
5562,before,5562_before_clip_0001,ok,150,121.0,93.0,16.6,26.8,42.64,0,105.03,54.14,1.08,-0.1466267605200986,33.5,115.64,-5.17,62.23,1.73,66.59,-0.79,POS+CHROM+DEEP,50.894,2590.1666,-50.894,10.605,112.4728,10.605,42.806,1832.3655,-42.806,38.446,1478.1263,-38.446
5562,before,5562_before_clip_0002,ok,150,121.0,93.0,16.6,18.5,13.16,0,62.9,54.18,1.1,-0.2467330716369573,33.51,92.81,-0.77,84.31,-4.0,73.25,-1.22,POS+CHROM+DEEP,8.716,75.9771,-8.716,29.917,895.0548,29.917,21.409,458.3608,21.409,10.351,107.1503,10.351
5563,after,5563_after_clip_0000,ok,150,136.0,65.0,12.9,4.13,94.85,0,99.0,53.48,0.76,-0.11555997901702006,34.9,89.64,-7.93,93.23,-2.74,92.17,-5.33,POS+CHROM,45.518,2071.861,-45.518,9.355,87.5083,-9.355,5.766,33.252,-5.766,6.83,46.6509,-6.83
5563,after,5563_after_clip_0001,ok,150,136.0,65.0,12.9,7.7,91.5,0,126.46,53.93,0.88,-0.061633867709608395,32.7,55.67,4.5,53.56,2.97,54.55,2.78,POS+CHROM+DEEP,72.538,5261.7069,-72.538,70.793,5011.6179,-70.793,72.908,5315.5932,-72.908,71.91,5171.0607,-71.91
5563,after,5563_after_clip_0002,ok,150,136.0,65.0,12.9,8.03,91.73,0,121.96,54.83,1.47,-0.039631212341183886,34.28,57.65,1.91,115.5,-4.37,56.29,1.69,POS+DEEP,67.127,4506.0297,-67.127,64.31,4135.7208,-64.31,6.461,41.7391,-6.461,65.667,4312.1205,-65.667
5563,before,5563_before_clip_0000,ok,150,149.0,71.0,12.9,8.24,91.67,0,128.56,54.8,1.49,0.055577911314296444,34.46,54.14,4.47,53.04,4.88,53.85,3.61,POS+CHROM+DEEP,73.753,5439.5616,-73.753,74.421,5538.507,-74.421,75.519,5703.1422,-75.519,74.709,5581.3667,-74.709
5563,before,5563_before_clip_0001,ok,150,149.0,71.0,12.9,10.78,88.78,0,106.76,53.77,1.05,-0.051131914737154775,33.78,55.23,2.47,55.49,1.43,54.87,1.65,POS+CHROM+DEEP,52.995,2808.4984,-52.995,51.528,2655.1141,-51.528,51.273,2628.9165,-51.273,51.887,2692.246,-51.887
5563,before,5563_before_clip_0002,ok,150,149.0,71.0,12.9,12.48,86.39,0,103.95,53.7,0.7,-0.0285652983078474,32.98,58.2,5.57,57.38,5.91,57.05,4.06,POS+CHROM+DEEP,50.254,2525.4854,-50.254,45.757,2093.7169,-45.757,46.577,2169.4077,-46.577,46.902,2199.7591,-46.902
5564,after,5564_after_clip_0000,ok,150,138.0,77.0,13.3,11.15,87.77,0,120.48,54.29,1.12,0.20534734919599165,36.31,62.52,4.91,60.92,3.97,60.11,3.33,POS+CHROM+DEEP,66.193,4381.5461,-66.193,57.962,3359.5781,-57.962,59.566,3548.0498,-59.566,60.37,3644.5113,-60.37
5564,after,5564_after_clip_0001,ok,150,138.0,77.0,13.3,6.01,91.35,0,103.21,53.79,1.16,0.004833622053152924,34.79,110.88,-0.78,107.75,-2.06,109.48,-1.42,POS+CHROM,49.419,2442.269,-49.419,7.672,58.8608,7.672,4.546,20.6685,4.546,6.276,39.3838,6.276
5564,after,5564_after_clip_0002,ok,150,138.0,77.0,13.3,4.84,91.85,0,111.23,54.63,1.87,-0.02213440201962796,33.59,77.22,2.42,73.98,0.88,75.8,1.65,POS+CHROM,56.606,3204.2643,-56.606,34.018,1157.2249,-34.018,37.253,1387.7603,-37.253,35.429,1255.2175,-35.429
5564,before,5564_before_clip_0000,ok,150,100.0,65.0,13.3,23.1,65.92,0,62.84,54.1,1.13,0.13112835644934204,33.37,68.79,1.46,67.26,0.28,68.1,0.87,POS+CHROM,8.746,76.489,-8.746,5.951,35.4201,5.951,4.415,19.4922,4.415,5.258,27.6466,5.258
5564,before,5564_before_clip_0001,ok,150,100.0,65.0,13.3,34.24,55.61,0,93.53,54.43,1.31,0.026499088139224487,32.97,63.89,2.12,61.7,1.71,60.22,1.71,POS+CHROM+DEEP,39.102,1528.9865,-39.102,29.634,878.1889,-29.634,31.826,1012.9188,-31.826,33.31,1109.566,-33.31
5564,before,5564_before_clip_0002,ok,150,100.0,65.0,13.3,6.11,92.01,0,97.87,54.14,1.1,-0.001584455408445772,33.38,79.98,-0.65,72.95,-1.46,76.7,-1.06,POS+CHROM,43.734,1912.6694,-43.734,17.893,320.1439,-17.893,24.923,621.1796,-24.923,21.169,448.1363,-21.169
5587,after,5587_after_clip_0000,ok,150,116.0,72.0,13.3,15.74,80.52,0,117.32,53.48,1.17,0.13915107625169287,32.67,96.3,1.15,95.52,0.57,95.93,0.86,POS+CHROM,63.842,4075.8391,-63.842,21.026,442.0995,-21.026,21.801,475.3031,-21.801,21.395,457.7505,-21.395
5587,after,5587_after_clip_0001,ok,150,116.0,72.0,13.3,8.03,91.45,0,134.65,53.78,1.18,-0.04493708542299722,32.35,100.06,-0.23,106.68,-1.55,103.01,-0.89,POS+CHROM,80.873,6540.4832,-80.873,34.596,1196.8891,-34.596,27.976,782.6836,-27.976,31.649,1001.6568,-31.649
5587,after,5587_after_clip_0002,ok,150,116.0,72.0,13.3,12.74,86.5,0,124.39,53.65,1.23,0.19866414092240137,32.66,120.47,-3.1,68.05,-1.68,73.31,-1.18,POS+CHROM+DEEP,70.745,5004.8652,-70.745,3.919,15.3572,-3.919,56.338,3173.9241,-56.338,51.078,2608.9208,-51.078
5587,before,5587_before_clip_0000,ok,150,103.0,63.0,13.3,4.86,94.28,0,114.82,53.84,1.05,-0.0030821811003406484,32.82,86.5,0.81,87.35,0.66,86.92,0.74,POS+CHROM,60.986,3719.3201,-60.986,28.32,802.0041,-28.32,27.468,754.4987,-27.468,27.899,778.3678,-27.899
5587,before,5587_before_clip_0001,ok,150,103.0,63.0,13.3,9.07,90.38,0,110.18,53.69,1.09,-0.04271285267647535,33.2,87.54,1.5,88.09,2.09,87.83,1.8,POS+CHROM,56.49,3191.1187,-56.49,22.637,512.4253,-22.637,22.085,487.7604,-22.085,22.348,499.4138,-22.348
5587,before,5587_before_clip_0002,ok,150,103.0,63.0,13.3,6.61,92.05,0,131.7,53.68,1.08,0.15649583569041364,33.22,93.67,-3.24,101.17,-2.52,97.64,-2.88,POS+CHROM,78.014,6086.2136,-78.014,38.027,1446.0756,-38.027,30.53,932.0813,-30.53,34.055,1159.7545,-34.055
5626,after,5626_after_clip_0000,ok,150,107.0,72.0,13.0,9.33,89.3,0,106.54,53.52,1.01,0.05719624902855114,33.32,63.89,-1.18,104.82,-4.7,66.5,-1.62,POS+CHROM+DEEP,53.028,2812.0056,-53.028,42.653,1819.2899,-42.653,1.726,2.9794,-1.726,40.046,1603.6574,-40.046
5626,after,5626_after_clip_0001,ok,150,107.0,72.0,13.0,11.0,85.15,0,79.09,53.73,0.99,0.007465827892422096,33.35,88.46,-3.66,90.94,-0.68,90.0,-2.17,POS+CHROM,25.356,642.9355,-25.356,9.371,87.8117,9.371,11.846,140.3242,11.846,10.91,119.0194,10.91
5626,after,5626_after_clip_0002,ok,150,107.0,72.0,13.0,4.22,94.46,0,122.2,53.75,1.03,-0.013528190899041294,33.24,84.09,1.11,80.55,1.9,82.2,1.5,POS+CHROM,68.447,4685.0581,-68.447,38.112,1452.4973,-38.112,41.652,1734.8946,-41.652,39.999,1599.9308,-39.999
5626,before,5626_before_clip_0000,ok,150,105.0,68.0,13.0,6.19,92.68,0,91.14,53.89,1.05,-0.013977885183401036,32.79,73.38,-0.85,75.49,-1.88,74.34,-1.36,POS+CHROM,37.244,1387.1397,-37.244,17.755,315.2362,-17.755,15.65,244.9192,-15.65,16.792,281.9795,-16.792
5626,before,5626_before_clip_0001,ok,150,105.0,68.0,13.0,1.26,98.23,0,116.28,53.95,1.27,0.08212747887872758,32.73,78.89,1.7,138.74,-1.73,83.14,0.41,POS+CHROM+DEEP,62.326,3884.4903,-62.326,37.386,1397.7018,-37.386,22.459,504.4135,22.459,33.137,1098.0648,-33.137
5626,before,5626_before_clip_0002,ok,150,105.0,68.0,13.0,3.86,94.72,0,108.6,53.94,1.22,-0.07194784533563722,33.14,77.22,1.44,79.3,-2.22,77.95,-0.39,POS+CHROM,54.663,2988.0369,-54.663,31.381,984.7801,-31.381,29.299,858.413,-29.299,30.648,939.3002,-30.648
5637,after,5637_after_clip_0000,ok,150,108.0,75.0,11.2,41.24,21.24,0,100.16,53.96,1.19,0.08222031025718163,33.1,116.77,0.25,104.96,-5.2,86.37,-1.25,POS+CHROM+DEEP,46.203,2134.7176,-46.203,16.615,276.0453,16.615,4.802,23.0591,4.802,13.789,190.1383,-13.789
5637,after,5637_after_clip_0001,ok,150,108.0,75.0,11.2,24.02,19.94,0,71.91,54.05,1.18,-0.00021790726675582122,32.69,88.72,0.83,107.84,-1.8,79.7,0.07,POS+CHROM+DEEP,17.855,318.8033,-17.855,16.812,282.6493,16.812,35.933,1291.2056,35.933,7.794,60.742,7.794
5637,after,5637_after_clip_0002,ok,150,108.0,75.0,11.2,22.5,66.34,0,101.1,54.27,1.17,0.11051137295155491,32.25,57.92,-1.24,59.58,3.56,57.54,1.16,POS+CHROM+DEEP,46.833,2193.3732,-46.833,43.184,1864.835,-43.184,41.521,1723.9923,-41.521,43.555,1897.0646,-43.555
5637,before,5637_before_clip_0000,ok,150,95.0,67.0,11.2,61.54,30.19,0,84.53,53.98,1.23,-0.16457779486378918,33.07,91.17,-0.25,73.1,-2.35,70.96,-0.46,POS+CHROM+DEEP,30.549,933.2321,-30.549,6.634,44.0054,6.634,11.436,130.7875,-11.436,13.571,184.1787,-13.571
5637,before,5637_before_clip_0001,ok,150,95.0,67.0,11.2,55.38,11.7,1,90.92,53.99,1.16,0.03327308762736853,33.08,71.38,-2.64,64.87,-1.89,67.92,-2.26,POS+CHROM,36.926,1363.5535,-36.926,19.538,381.7173,-19.538,26.044,678.3147,-26.044,22.995,528.7481,-22.995
5637,before,5637_before_clip_0002,ok,150,95.0,67.0,11.2,15.18,18.62,0,97.47,54.03,1.14,-0.19408498842711389,32.68,101.86,0.25,108.92,1.24,105.68,0.75,POS+CHROM,43.433,1886.4055,-43.433,4.396,19.3222,4.396,11.451,131.1264,11.451,8.211,67.4287,8.211
5644,after,5644_after_clip_0000,ok,150,128.0,59.0,13.9,3.85,94.63,0,61.15,54.22,1.21,-0.13152610876038567,33.11,109.12,3.64,107.07,0.44,108.37,2.04,POS+CHROM,6.929,48.0108,-6.929,47.977,2301.7766,47.977,45.926,2109.1696,45.926,47.219,2229.6185,47.219
5644,after,5644_after_clip_0001,ok,150,128.0,59.0,13.9,5.22,92.19,0,134.66,54.3,1.05,-0.02192351293969449,32.96,104.16,3.34,104.2,2.43,104.18,2.89,POS+CHROM,80.353,6456.6644,-80.353,30.498,930.138,-30.498,30.459,927.7447,-30.459,30.48,929.0323,-30.48
5644,after,5644_after_clip_0002,ok,150,128.0,59.0,13.9,6.32,92.63,0,120.21,54.1,1.23,0.08326382947206719,33.35,104.05,1.19,105.36,1.46,104.72,1.33,POS+CHROM,66.109,4370.3498,-66.109,16.158,261.0696,-16.158,14.85,220.5158,-14.85,15.489,239.9181,-15.489
5644,before,5644_before_clip_0000,ok,150,119.0,68.0,13.9,2.34,97.05,0,76.52,54.14,1.14,0.01714228060770168,33.26,60.06,3.1,62.28,1.69,59.06,1.98,POS+CHROM+DEEP,22.373,500.5721,-22.373,16.456,270.812,-16.456,14.236,202.6523,-14.236,17.455,304.6827,-17.455
5644,before,5644_before_clip_0001,ok,150,119.0,68.0,13.9,4.98,93.79,0,66.59,54.12,1.18,0.02479112023105072,33.26,66.27,3.07,67.41,2.78,66.82,2.93,POS+CHROM,12.463,155.3309,-12.463,0.321,0.1032,-0.321,0.825,0.6805,0.825,0.238,0.0566,0.238
5644,before,5644_before_clip_0002,ok,150,119.0,68.0,13.9,3.69,95.21,0,104.72,54.16,1.23,0.04298303326743274,33.25,60.68,4.89,57.66,3.8,58.13,3.31,POS+CHROM+DEEP,50.563,2556.6339,-50.563,44.04,1939.5172,-44.04,47.063,2214.9152,-47.063,46.59,2170.6726,-46.59
5646,after,5646_after_clip_0000,ok,150,114.0,59.0,15.3,22.78,67.22,0,111.16,53.6,1.06,-0.11839330173785594,33.11,116.74,2.2,118.2,0.19,117.35,1.19,POS+CHROM,57.554,3312.5096,-57.554,5.585,31.1927,5.585,7.048,49.6738,7.048,6.195,38.3771,6.195
5646,after,5646_after_clip_0001,ok,150,114.0,59.0,15.3,10.55,83.01,0,82.49,53.66,1.16,0.08323401978331775,32.64,117.82,3.25,117.71,1.81,117.77,2.53,POS+CHROM,28.836,831.5182,-28.836,35.33,1248.2229,35.33,35.222,1240.5617,35.222,35.282,1244.8463,35.282
5646,after,5646_after_clip_0002,ok,150,114.0,59.0,15.3,19.95,58.66,0,77.21,53.73,1.15,0.013160670102512253,33.09,100.11,0.1,105.9,-0.68,102.82,-0.29,POS+CHROM,23.479,551.2851,-23.479,22.903,524.559,22.903,28.688,822.9934,28.688,25.608,655.7903,25.608
5646,before,5646_before_clip_0000,ok,150,121.0,61.0,15.3,6.52,80.56,0,127.21,53.7,1.08,-0.3433537918887881,32.72,72.39,-1.18,70.32,-0.47,71.29,-0.82,POS+CHROM,73.509,5403.6425,-73.509,54.82,3005.2571,-54.82,56.897,3237.2132,-56.897,55.919,3126.9701,-55.919
5646,before,5646_before_clip_0001,ok,150,121.0,61.0,15.3,60.2,17.85,1,119.52,53.82,1.03,-0.02461815613037408,33.22,101.28,0.35,104.12,2.14,102.91,1.25,POS+CHROM,65.7,4316.5387,-65.7,18.236,332.5544,-18.236,15.402,237.2355,-15.402,16.61,275.8974,-16.61
5646,before,5646_before_clip_0002,ok,150,121.0,61.0,15.3,11.32,77.89,0,128.92,53.7,1.0,0.12694062797988828,33.16,103.7,0.64,103.46,1.22,103.57,0.93,POS+CHROM,75.222,5658.3953,-75.222,25.226,636.3743,-25.226,25.463,648.3879,-25.463,25.351,642.6568,-25.351
5676,after,5676_after_clip_0000,ok,150,143.0,105.0,16.0,16.94,80.98,0,125.2,53.49,1.21,-0.11948972434002376,31.81,73.78,-2.25,113.79,-0.35,78.31,-0.46,POS+CHROM+DEEP,71.714,5142.9173,-71.714,51.425,2644.5756,-51.425,11.409,130.1743,-11.409,46.894,2199.0198,-46.894
5676,after,5676_after_clip_0001,ok,150,143.0,105.0,16.0,18.51,75.82,0,77.07,53.76,1.08,-0.0312576435182479,32.52,58.65,1.4,122.75,-2.61,56.27,1.24,POS+DEEP,23.304,543.0843,-23.304,18.416,339.1495,-18.416,45.687,2087.3167,45.687,20.794,432.3953,-20.794
5676,after,5676_after_clip_0002,ok,150,143.0,105.0,16.0,15.54,40.34,0,84.63,53.82,1.14,0.11444276426630398,32.5,118.11,-4.37,114.79,-8.8,117.04,-6.58,POS+CHROM,30.816,949.6063,-30.816,33.479,1120.8284,33.479,30.157,909.4454,30.157,32.405,1050.0548,32.405
5676,before,5676_before_clip_0000,ok,150,137.0,98.0,16.0,9.09,62.22,0,66.12,53.37,0.97,-0.019789592048371243,31.85,121.87,2.41,96.99,-4.22,92.53,-0.28,POS+CHROM+DEEP,12.753,162.6354,-12.753,55.746,3107.5998,55.746,30.87,952.9688,30.87,26.413,697.6314,26.413
5676,before,5676_before_clip_0001,ok,150,137.0,98.0,16.0,11.72,84.52,0,128.88,53.58,1.21,0.03585215021002708,31.87,77.15,1.47,80.41,-1.23,78.42,0.12,POS+CHROM,75.305,5670.8761,-75.305,51.729,2675.9206,-51.729,48.475,2349.836,-48.475,50.463,2546.4896,-50.463
5676,before,5676_before_clip_0002,ok,150,137.0,98.0,16.0,1.88,97.96,0,102.21,53.56,1.17,-0.012989067527282048,31.95,106.95,-2.79,113.05,-0.61,110.55,-1.7,POS+CHROM,48.649,2366.7338,-48.649,4.743,22.4972,4.743,10.845,117.6099,10.845,8.342,69.5854,8.342
5719,after,5719_after_clip_0000,ok,150,140.0,57.0,14.7,16.35,81.9,0,79.06,53.86,1.04,-0.0172102592954349,32.94,96.54,2.02,95.12,0.09,95.94,1.06,POS+CHROM,25.201,635.11,-25.201,17.479,305.4981,17.479,16.064,258.0671,16.064,16.884,285.0774,16.884
5719,after,5719_after_clip_0001,ok,150,140.0,57.0,14.7,15.85,76.33,0,129.38,53.92,1.3,0.1445216287536041,32.55,96.05,0.5,98.3,-0.97,97.04,-0.23,POS+CHROM,75.464,5694.7714,-75.464,33.335,1111.1947,-33.335,31.085,966.2748,-31.085,32.347,1046.3138,-32.347
5719,after,5719_after_clip_0002,ok,150,140.0,57.0,14.7,30.58,58.68,0,126.55,53.89,0.96,0.05327976289294612,32.62,89.13,-1.24,88.83,-1.84,88.99,-1.54,POS+CHROM,72.665,5280.1657,-72.665,37.42,1400.25,-37.42,37.725,1423.1858,-37.725,37.565,1411.1213,-37.565
5719,before,5719_before_clip_0000,ok,150,140.0,66.0,14.7,59.39,31.51,0,114.2,54.07,1.21,-0.16385257177297446,33.35,89.54,1.07,89.84,0.08,89.68,0.57,POS+CHROM,60.13,3615.5757,-60.13,24.664,608.3314,-24.664,24.365,593.6687,-24.365,24.527,601.5811,-24.527
5719,before,5719_before_clip_0001,ok,150,140.0,66.0,14.7,16.05,70.95,0,86.2,54.03,1.17,0.1014425224544062,33.34,83.34,1.33,77.64,-0.57,80.94,0.38,POS+CHROM,32.172,1035.016,-32.172,2.864,8.2033,-2.864,8.565,73.3574,-8.565,5.266,27.7335,-5.266
5719,before,5719_before_clip_0002,ok,150,140.0,66.0,14.7,14.85,79.43,0,90.49,54.11,1.2,0.10600427678062829,33.33,91.74,3.31,90.67,2.11,91.26,2.71,POS+CHROM,36.382,1323.6503,-36.382,1.25,1.5623,1.25,0.176,0.031,0.176,0.766,0.5875,0.766
5721,after,5721_after_clip_0000,ok,150,202.0,89.0,13.5,8.29,90.01,0,101.73,54.0,0.88,-0.028810331581832042,32.39,102.91,2.11,71.29,1.28,77.82,1.42,POS+CHROM+DEEP,47.729,2278.0334,-47.729,1.174,1.3779,1.174,30.443,926.7786,-30.443,23.908,571.6094,-23.908
5721,after,5721_after_clip_0001,ok,150,202.0,89.0,13.5,3.95,95.38,0,136.74,54.55,0.97,0.03035086042959438,32.03,78.98,2.2,85.3,0.88,81.79,1.54,POS+CHROM,82.188,6754.8808,-82.188,57.763,3336.6094,-57.763,51.443,2646.3314,-51.443,54.949,3019.4224,-54.949
5721,after,5721_after_clip_0002,ok,150,202.0,89.0,13.5,15.35,82.51,0,77.1,53.77,0.82,-0.23640798472290506,37.17,88.1,1.16,87.82,1.01,87.96,1.08,POS+CHROM,23.325,544.0597,-23.325,11.007,121.1454,11.007,10.726,115.0524,10.726,10.868,118.117,10.868
5721,before,5721_before_clip_0000,ok,150,155.0,89.0,13.5,23.12,75.59,0,105.57,54.55,1.41,0.14157452409190863,34.17,76.59,-0.01,76.5,1.4,76.54,0.69,POS+CHROM,51.024,2603.4885,-51.024,28.985,840.1477,-28.985,29.072,845.1889,-29.072,29.034,842.9596,-29.034
5721,before,5721_before_clip_0001,ok,150,155.0,89.0,13.5,28.01,68.55,0,125.66,53.77,0.81,-0.19864314411362366,33.45,83.56,0.58,79.31,0.55,81.44,0.56,POS+CHROM,71.886,5167.6661,-71.886,42.101,1772.4715,-42.101,46.348,2148.1168,-46.348,44.218,1955.2615,-44.218
5721,before,5721_before_clip_0002,ok,150,155.0,89.0,13.5,14.61,80.52,0,110.63,53.89,0.86,-0.034817608098826835,34.27,77.21,3.64,78.11,0.54,77.54,2.09,POS+CHROM,56.748,3220.349,-56.748,33.429,1117.4951,-33.429,32.527,1058.0056,-32.527,33.092,1095.0746,-33.092
5733,after,5733_after_clip_0000,ok,150,124.0,75.0,9.8,54.36,32.64,0,114.77,53.74,1.17,-0.05171572219514579,32.93,77.54,-3.26,106.52,-2.61,73.38,-1.57,POS+CHROM+DEEP,61.034,3725.0911,-61.034,37.232,1386.1875,-37.232,8.258,68.1872,-8.258,41.398,1713.8012,-41.398
5733,after,5733_after_clip_0001,ok,150,124.0,75.0,9.8,34.87,54.78,0,118.38,53.82,1.15,-0.13606726646460324,32.95,92.77,1.55,98.78,1.0,95.64,1.28,POS+CHROM,64.552,4166.9659,-64.552,25.61,655.8928,-25.61,19.593,383.8704,-19.593,22.738,517.0389,-22.738
5733,after,5733_after_clip_0002,ok,150,124.0,75.0,9.8,65.8,25.67,1,97.5,53.68,1.12,-0.06255329968515251,32.54,69.7,2.59,63.73,2.4,66.76,2.5,POS+CHROM,43.821,1920.2612,-43.821,27.801,772.8745,-27.801,33.77,1140.4218,-33.77,30.739,944.8761,-30.739
5733,before,5733_before_clip_0000,ok,150,108.0,58.0,9.8,17.58,68.42,0,82.94,53.62,1.19,0.14253763520452944,31.73,79.25,3.16,78.43,2.42,78.87,2.79,POS+CHROM,29.313,859.2553,-29.313,3.687,13.5909,-3.687,4.504,20.2823,-4.504,4.07,16.5629,-4.07
5733,before,5733_before_clip_0001,ok,150,108.0,58.0,9.8,51.97,43.12,0,109.86,53.64,1.32,0.2532590627656244,31.7,83.09,0.14,80.09,1.05,81.48,0.6,POS+CHROM,56.221,3160.8494,-56.221,26.764,716.3174,-26.764,29.768,886.1583,-29.768,28.38,805.4163,-28.38
5733,before,5733_before_clip_0002,ok,150,108.0,58.0,9.8,83.69,13.24,1,81.64,53.87,1.26,0.11749089129076537,31.75,92.1,1.62,91.88,1.65,91.99,1.63,POS+CHROM,27.768,771.0679,-27.768,10.462,109.4495,10.462,10.247,105.0068,10.247,10.354,107.2106,10.354
5734,after,5734_after_clip_0000,ok,150,139.0,72.0,14.4,6.92,91.47,0,70.16,54.47,0.63,-0.048863612892972454,33.67,121.21,-0.29,60.88,1.82,57.99,1.22,CHROM+DEEP,15.691,246.2186,-15.691,51.046,2605.6644,51.046,9.284,86.1836,-9.284,12.171,148.131,-12.171
5734,after,5734_after_clip_0001,ok,150,139.0,72.0,14.4,4.19,93.22,0,106.16,55.63,1.66,-0.007014988066840661,36.49,73.84,-1.47,65.17,0.47,63.35,0.22,POS+CHROM+DEEP,50.534,2553.7164,-50.534,32.319,1044.5317,-32.319,40.991,1680.2748,-40.991,42.817,1833.2634,-42.817
5734,after,5734_after_clip_0002,ok,150,139.0,72.0,14.4,3.15,92.71,0,122.31,53.05,0.11,-0.016816900669387125,37.0,102.04,-0.08,100.35,-0.89,101.25,-0.48,POS+CHROM,69.264,4797.5501,-69.264,20.272,410.9461,-20.272,21.964,482.4216,-21.964,21.061,443.567,-21.061
5734,before,5734_before_clip_0000,ok,150,139.0,77.0,14.4,3.42,95.49,0,93.55,54.74,0.81,0.003138539034710304,36.66,110.46,-0.78,92.09,-2.14,82.31,-0.71,POS+CHROM+DEEP,38.811,1506.2697,-38.811,16.908,285.8768,16.908,1.465,2.1452,-1.465,11.239,126.321,-11.239
5734,before,5734_before_clip_0001,ok,150,139.0,77.0,14.4,2.12,97.26,0,77.54,53.08,-0.19,-0.004181404519097906,33.74,114.42,0.7,92.81,-0.41,88.11,0.03,POS+CHROM+DEEP,24.46,598.2715,-24.46,36.874,1359.6585,36.874,15.266,233.0356,15.266,10.571,111.7497,10.571
5734,before,5734_before_clip_0002,ok,150,139.0,77.0,14.4,1.41,97.84,0,112.82,52.05,-0.16,-0.0711885837097803,37.24,58.86,-1.78,96.2,-2.78,54.99,-0.97,POS+DEEP,60.778,3693.9453,-60.778,53.964,2912.0599,-53.964,16.62,276.232,-16.62,57.828,3344.115,-57.828
5785,after,5785_after_clip_0000,ok,150,130.0,73.0,12.2,51.99,44.52,0,119.35,53.84,0.92,-0.15763560330262452,33.49,103.13,2.26,103.05,2.56,103.09,2.41,POS+CHROM,65.507,4291.182,-65.507,16.218,263.0152,-16.218,16.301,265.7289,-16.301,16.261,264.4045,-16.261
5785,after,5785_after_clip_0001,ok,150,130.0,73.0,12.2,57.02,40.23,0,126.43,53.75,0.85,0.09251449549702223,33.5,97.33,0.62,98.33,-0.11,97.8,0.25,POS+CHROM,72.687,5283.3343,-72.687,29.103,847.0001,-29.103,28.104,789.8197,-28.104,28.634,819.8965,-28.634
5785,after,5785_after_clip_0002,ok,150,130.0,73.0,12.2,56.43,40.53,0,67.75,53.85,0.94,-0.29640354488181475,33.48,98.07,2.64,98.31,-1.41,98.15,0.61,POS+CHROM,13.904,193.3335,-13.904,30.312,918.836,30.312,30.561,933.9746,30.561,30.396,923.9299,30.396
5785,before,5785_before_clip_0000,ok,150,128.0,73.0,12.2,6.21,91.77,0,84.98,53.66,0.99,-0.08894864981981393,33.39,75.68,-2.64,69.13,-2.22,72.29,-2.43,POS+CHROM,31.313,980.5271,-31.313,9.293,86.3679,-9.293,15.849,251.1858,-15.849,12.687,160.954,-12.687
5785,before,5785_before_clip_0001,ok,150,128.0,73.0,12.2,4.26,95.41,0,75.53,53.71,0.97,-0.13808229233579392,33.43,131.88,-2.4,128.28,-0.39,129.78,-1.4,POS+CHROM,21.825,476.3243,-21.825,56.348,3175.0986,56.348,52.751,2782.6164,52.751,54.25,2943.0936,54.25
5785,before,5785_before_clip_0002,ok,150,128.0,73.0,12.2,17.02,78.85,0,130.32,53.8,0.97,-0.0629232972171186,33.41,71.54,-3.16,96.49,-3.41,68.66,-1.87,POS+CHROM+DEEP,76.522,5855.6163,-76.522,58.776,3454.5732,-58.776,33.831,1144.5072,-33.831,61.655,3801.3867,-61.655
5790,after,5790_after_clip_0000,ok,150,122.0,66.0,12.7,63.93,25.79,1,117.88,53.12,1.36,-0.1947907096182243,31.58,120.95,-0.03,122.53,-0.11,121.74,-0.07,POS+CHROM,64.756,4193.3982,-64.756,3.07,9.4249,3.07,4.654,21.6576,4.654,3.857,14.8748,3.857
5790,after,5790_after_clip_0001,ok,150,122.0,66.0,12.7,52.57,14.44,1,64.3,53.25,1.35,-0.044494998562133736,31.21,87.01,-1.31,90.75,-1.14,88.9,-1.22,POS+CHROM,11.045,121.9975,-11.045,22.713,515.8737,22.713,26.453,699.758,26.453,24.609,605.5902,24.609
5790,after,5790_after_clip_0002,ok,150,122.0,66.0,12.7,39.05,5.9,0,83.89,53.13,1.3,0.36063736186703,31.23,109.19,2.31,110.29,2.43,109.75,2.37,POS+CHROM,30.768,946.6864,-30.768,25.293,639.713,25.293,26.399,696.9055,26.399,25.851,668.2809,25.851
5790,before,5790_before_clip_0000,ok,150,117.0,69.0,12.7,38.43,16.54,0,98.98,53.2,1.41,0.010504547741079834,30.38,112.7,-0.13,109.83,-0.75,111.34,-0.44,POS+CHROM,45.782,2096.0264,-45.782,13.721,188.264,13.721,10.85,117.7303,10.85,12.36,152.7586,12.36
5790,before,5790_before_clip_0001,ok,150,117.0,69.0,12.7,57.99,35.76,0,100.75,53.18,1.42,-0.10042453883639456,31.07,64.89,-0.16,62.65,1.74,63.59,0.79,POS+CHROM,47.567,2262.5729,-47.567,35.86,1285.9714,-35.86,38.1,1451.6263,-38.1,37.156,1380.5439,-37.156
5790,before,5790_before_clip_0002,ok,150,117.0,69.0,12.7,40.03,11.54,0,67.52,53.13,1.36,-0.10873972763810899,31.13,74.49,-1.71,74.22,-0.85,74.35,-1.28,POS+CHROM,14.393,207.1625,-14.393,6.971,48.5887,6.971,6.698,44.8657,6.698,6.825,46.5747,6.825
5796,after,5796_after_clip_0000,ok,150,112.0,69.0,9.8,3.92,92.24,0,104.62,53.94,1.15,0.03184953555351203,33.17,111.91,5.76,110.05,0.03,111.39,2.89,POS+CHROM,50.684,2568.9079,-50.684,7.29,53.1416,7.29,5.426,29.4432,5.426,6.772,45.8594,6.772
5796,after,5796_after_clip_0001,ok,150,112.0,69.0,9.8,13.65,80.01,0,69.24,53.89,0.96,0.05784282237726824,33.19,101.55,0.25,96.74,-1.03,99.4,-0.39,POS+CHROM,15.347,235.516,-15.347,32.312,1044.0939,32.312,27.509,756.7217,27.509,30.166,909.9891,30.166
5796,after,5796_after_clip_0002,ok,150,112.0,69.0,9.8,5.72,93.15,0,113.28,53.93,1.1,0.0813801455828519,33.98,103.66,2.37,101.52,-1.52,102.92,0.42,POS+CHROM,59.351,3522.513,-59.351,9.622,92.5827,-9.622,11.756,138.2019,-11.756,10.354,107.2107,-10.354
5796,before,5796_before_clip_0000,ok,150,120.0,70.0,9.8,16.33,78.14,0,126.84,53.79,0.94,-0.008711224223319278,33.22,76.95,5.86,54.41,-1.82,54.03,-0.44,CHROM+DEEP,73.041,5334.9947,-73.041,49.883,2488.301,-49.883,72.422,5244.9535,-72.422,72.801,5300.0442,-72.801
5796,before,5796_before_clip_0001,ok,150,120.0,70.0,9.8,6.75,87.66,0,124.66,53.84,0.99,0.08216901068284478,33.21,78.79,5.15,75.93,3.07,77.6,4.11,POS+CHROM,70.822,5015.7862,-70.822,45.871,2104.1216,-45.871,48.731,2374.7578,-48.731,47.056,2214.2252,-47.056
5796,before,5796_before_clip_0002,ok,150,120.0,70.0,9.8,37.38,46.22,0,114.73,53.93,1.14,-0.1422357672172237,32.8,77.75,3.66,78.36,3.74,78.06,3.7,POS+CHROM,60.803,3696.985,-60.803,36.977,1367.2649,-36.977,36.368,1322.6022,-36.368,36.67,1344.7,-36.67
5800,after,5800_after_clip_0000,ok,150,148.0,88.0,13.6,11.07,3.32,0,92.36,54.21,1.23,-0.059649870356518996,32.62,110.15,-0.88,108.9,-0.42,109.5,-0.65,POS+CHROM,38.156,1455.8651,-38.156,17.789,316.4452,17.789,16.533,273.3353,16.533,17.137,293.6614,17.137
5800,after,5800_after_clip_0001,ok,150,148.0,88.0,13.6,57.17,13.17,1,69.84,54.32,1.32,-0.035298797645028836,33.37,114.9,1.23,114.67,-1.87,114.81,-0.32,POS+CHROM,15.514,240.6984,-15.514,45.062,2030.6047,45.062,44.828,2009.5427,44.828,44.975,2022.7157,44.975
5800,after,5800_after_clip_0002,ok,150,148.0,88.0,13.6,44.37,5.67,0,62.95,54.22,1.27,-0.1966349634983108,33.35,108.49,0.37,109.25,-0.08,108.85,0.15,POS+CHROM,8.729,76.1953,-8.729,45.535,2073.4202,45.535,46.294,2143.1282,46.294,45.9,2106.8165,45.9
5800,before,5800_before_clip_0000,ok,150,114.0,73.0,13.6,14.38,81.8,0,105.23,53.64,1.19,-0.034252452676608376,31.8,94.6,-1.26,95.88,-2.6,95.17,-1.93,POS+CHROM,51.588,2661.363,-51.588,10.628,112.9453,-10.628,9.347,87.3682,-9.347,10.058,101.1707,-10.058
5800,before,5800_before_clip_0001,ok,150,114.0,73.0,13.6,7.05,88.67,0,125.74,53.65,1.17,-0.18489001001928787,31.81,77.11,2.95,76.4,2.48,76.77,2.72,POS+CHROM,72.084,5196.0371,-72.084,48.626,2364.4551,-48.626,49.337,2434.1336,-49.337,48.967,2397.7979,-48.967
5800,before,5800_before_clip_0002,ok,150,114.0,73.0,13.6,38.85,58.17,0,64.23,53.74,1.2,0.07472374504978277,31.75,75.6,0.0,74.63,0.17,75.11,0.09,POS+CHROM,10.487,109.9772,-10.487,11.37,129.2858,11.37,10.403,108.218,10.403,10.88,118.3719,10.88
5811,after,5811_after_clip_0000,ok,150,115.0,62.0,14.7,2.16,95.81,0,64.31,54.02,1.21,0.04604674921311091,33.53,98.55,-1.13,75.33,-1.42,72.93,-0.44,POS+CHROM+DEEP,10.29,105.8771,-10.29,34.246,1172.7862,34.246,11.023,121.4983,11.023,8.622,74.3417,8.622
5811,after,5811_after_clip_0001,ok,150,115.0,62.0,14.7,12.06,87.27,0,121.18,54.08,0.88,0.06899639131334806,32.73,102.82,-0.42,99.38,0.74,100.94,0.16,POS+CHROM,67.098,4502.1162,-67.098,18.356,336.9598,-18.356,21.797,475.1192,-21.797,20.243,409.7675,-20.243
5811,after,5811_after_clip_0002,ok,150,115.0,62.0,14.7,6.79,90.99,0,90.13,54.44,1.1,-0.007937315487779973,35.2,106.62,1.92,104.98,-0.52,105.96,0.7,POS+CHROM,35.691,1273.8521,-35.691,16.487,271.8319,16.487,14.845,220.3724,14.845,15.831,250.6158,15.831
5811,before,5811_before_clip_0000,ok,150,123.0,63.0,14.7,3.64,96.07,0,92.71,54.26,1.07,-0.05775834213435776,33.31,112.26,-1.76,110.35,-3.15,111.41,-2.45,POS+CHROM,38.444,1477.9495,-38.444,19.556,382.451,19.556,17.639,311.1462,17.639,18.708,349.9999,18.708
5811,before,5811_before_clip_0001,ok,150,123.0,63.0,14.7,19.51,78.3,0,96.18,53.85,0.87,0.02187995166291413,35.81,106.82,0.51,109.01,0.9,107.95,0.7,POS+CHROM,42.325,1791.3649,-42.325,10.64,113.2129,10.64,12.838,164.8091,12.838,11.775,138.6481,11.775
5811,before,5811_before_clip_0002,ok,150,123.0,63.0,14.7,5.59,90.63,0,96.99,54.34,0.66,0.025798236810163924,37.0,77.43,-1.41,76.75,-1.46,77.09,-1.43,POS+CHROM,42.654,1819.3332,-42.654,19.559,382.5432,-19.559,20.238,409.5691,-20.238,19.897,395.8808,-19.897
5822,after,5822_after_clip_0000,ok,150,136.0,84.0,8.1,29.68,18.13,0,79.94,53.63,1.19,0.013937319156027046,31.72,92.73,4.52,95.31,1.89,93.74,3.21,POS+CHROM,26.312,692.3188,-26.312,12.795,163.7121,12.795,15.368,236.1671,15.368,13.804,190.5415,13.804
5822,after,5822_after_clip_0001,ok,150,136.0,84.0,8.1,58.42,17.64,1,97.22,53.64,1.18,-0.28477417734461,32.1,93.07,2.96,96.98,-2.91,94.14,0.03,POS+CHROM,43.58,1899.1839,-43.58,4.152,17.2394,-4.152,0.247,0.0611,-0.247,3.085,9.5194,-3.085
5822,after,5822_after_clip_0002,ok,150,136.0,84.0,8.1,64.95,13.89,1,105.9,53.6,1.18,0.1882710603230955,32.1,99.22,2.94,98.36,0.78,98.87,1.86,POS+CHROM,52.305,2735.7733,-52.305,6.682,44.6451,-6.682,7.537,56.806,-7.537,7.033,49.4677,-7.033
5822,before,5822_before_clip_0000,ok,150,131.0,88.0,8.1,7.82,87.29,0,106.84,53.62,1.2,-0.15252405229937815,32.54,81.28,3.21,87.73,0.48,83.78,1.84,POS+CHROM,53.218,2832.1847,-53.218,25.567,653.6522,-25.567,19.109,365.149,-19.109,23.059,531.7347,-23.059
5822,before,5822_before_clip_0001,ok,150,131.0,88.0,8.1,29.87,59.07,0,129.19,53.45,1.09,-0.16538876850082745,32.04,92.2,4.03,93.09,-2.1,92.44,0.96,POS+CHROM,75.736,5735.9266,-75.736,36.992,1368.3805,-36.992,36.097,1302.9783,-36.097,36.755,1350.9091,-36.755
5822,before,5822_before_clip_0002,ok,150,131.0,88.0,8.1,42.83,55.79,0,114.3,53.5,1.24,0.2500112387016292,32.07,88.64,4.31,90.25,-1.91,89.06,1.2,POS+CHROM,60.807,3697.5017,-60.807,25.666,658.7647,-25.666,24.049,578.3453,-24.049,25.243,637.2077,-25.243
5833,after,5833_after_clip_0000,ok,150,137.0,84.0,13.2,52.08,32.97,0,107.52,53.74,1.15,0.1085831446783603,33.01,90.12,0.76,88.82,-0.69,89.55,0.04,POS+CHROM,53.78,2892.2661,-53.78,17.401,302.7848,-17.401,18.695,349.4926,-18.695,17.97,322.9361,-17.97
5833,after,5833_after_clip_0001,ok,150,137.0,84.0,13.2,40.9,24.35,0,77.28,54.01,1.25,-0.19176406330809406,32.7,58.91,0.09,61.04,2.97,58.25,1.43,POS+CHROM+DEEP,23.271,541.5191,-23.271,18.371,337.4946,-18.371,16.241,263.7667,-16.241,19.024,361.9094,-19.024
5833,after,5833_after_clip_0002,ok,150,137.0,84.0,13.2,62.48,32.88,0,80.84,53.82,1.12,0.20861876416259922,32.68,84.07,0.54,80.39,-0.19,82.34,0.18,POS+CHROM,27.016,729.8797,-27.016,3.235,10.4655,3.235,0.452,0.204,-0.452,1.504,2.261,1.504
5833,before,5833_before_clip_0000,ok,150,126.0,84.0,13.2,29.17,20.96,0,88.33,53.54,1.1,0.10801237322739392,33.35,102.68,-1.01,103.3,-0.06,103.02,-0.54,POS+CHROM,34.785,1210.0294,-34.785,14.358,206.1511,14.358,14.977,224.3061,14.977,14.692,215.8458,14.692
5833,before,5833_before_clip_0001,ok,150,126.0,84.0,13.2,48.42,35.62,0,90.82,53.7,1.21,-0.06397347689924611,32.91,92.41,-2.62,90.81,0.5,91.41,-1.06,POS+CHROM,37.117,1377.6961,-37.117,1.596,2.5458,1.596,0.004,0.0,-0.004,0.592,0.3508,0.592
5833,before,5833_before_clip_0002,ok,150,126.0,84.0,13.2,46.72,38.84,0,89.62,53.64,1.19,-0.17156837255033303,32.56,112.96,-3.11,84.61,1.54,77.88,-0.13,POS+CHROM+DEEP,35.987,1295.0535,-35.987,23.34,544.7719,23.34,5.015,25.1506,-5.015,11.745,137.9466,-11.745
5860,after,5860_after_clip_0000,ok,150,126.0,77.0,13.9,51.18,37.58,0,129.09,53.03,1.24,0.2155539822097646,31.19,111.8,-0.69,115.24,-3.46,113.13,-2.08,POS+CHROM,76.059,5784.9303,-76.059,17.293,299.0331,-17.293,13.848,191.7581,-13.848,15.96,254.7347,-15.96
5860,after,5860_after_clip_0001,ok,150,126.0,77.0,13.9,36.44,50.72,0,105.29,53.26,1.47,0.07153857856454424,30.79,70.3,-2.45,69.37,0.75,69.72,-0.85,POS+CHROM,52.029,2706.9737,-52.029,34.983,1223.791,-34.983,35.911,1289.5795,-35.911,35.568,1265.0538,-35.568
5860,after,5860_after_clip_0002,ok,150,126.0,77.0,13.9,27.91,63.77,0,117.59,53.23,1.46,0.12601651426995777,30.78,107.72,-1.15,105.8,-1.03,106.75,-1.09,POS+CHROM,64.361,4142.363,-64.361,9.874,97.4933,-9.874,11.796,139.1376,-11.796,10.845,117.6087,-10.845
5860,before,5860_before_clip_0000,ok,150,120.0,74.0,13.9,72.72,20.01,1,115.62,53.5,1.51,0.2711612810047886,30.69,111.31,-1.15,75.81,-0.37,76.01,-0.0,POS+CHROM+DEEP,62.126,3859.6607,-62.126,4.313,18.606,-4.313,39.816,1585.3147,-39.816,39.614,1569.306,-39.614
5860,before,5860_before_clip_0001,ok,150,120.0,74.0,13.9,42.27,50.03,0,117.09,53.47,1.33,0.2077455153551492,31.07,64.02,1.82,67.85,0.49,65.72,1.16,POS+CHROM,63.626,4048.2875,-63.626,53.075,2816.9659,-53.075,49.245,2425.0877,-49.245,51.371,2639.0003,-51.371
5860,before,5860_before_clip_0002,ok,150,120.0,74.0,13.9,39.74,57.77,0,87.9,53.28,1.32,-0.14484203691537453,30.66,77.33,-0.2,72.55,-0.16,74.93,-0.18,POS+CHROM,34.617,1198.3457,-34.617,10.567,111.6672,-10.567,15.344,235.4439,-15.344,12.964,168.0695,-12.964
5904,after,5904_after_clip_0000,ok,150,80.0,65.0,15.5,46.33,48.17,0,95.54,54.26,1.06,0.05639541809405388,33.42,95.31,-2.8,125.84,-5.32,79.01,-2.36,POS+CHROM+DEEP,41.281,1704.1474,-41.281,0.231,0.0534,-0.231,30.296,917.8269,30.296,16.537,273.4608,-16.537
5904,after,5904_after_clip_0001,ok,150,80.0,65.0,15.5,38.41,53.49,0,64.99,54.35,1.06,-0.024691470192870123,33.42,102.5,-1.68,107.09,0.81,105.26,-0.43,POS+CHROM,10.639,113.1823,-10.639,37.514,1407.3207,37.514,42.099,1772.3102,42.099,40.276,1622.1173,40.276
5904,after,5904_after_clip_0002,ok,150,80.0,65.0,15.5,34.23,64.23,0,130.18,54.27,1.11,-0.15418235228619115,33.43,106.28,0.96,104.38,-3.31,105.65,-1.17,POS+CHROM,75.907,5761.9119,-75.907,23.904,571.404,-23.904,25.805,665.9102,-25.805,24.53,601.7303,-24.53
5904,before,5904_before_clip_0000,ok,150,100.0,80.0,15.5,41.46,50.46,0,111.68,54.14,1.09,-0.1462753049932838,33.47,99.66,0.12,89.97,0.37,79.9,0.53,POS+CHROM+DEEP,57.546,3311.5672,-57.546,12.019,144.4578,-12.019,21.716,471.5861,-21.716,31.785,1010.3,-31.785
5904,before,5904_before_clip_0001,ok,150,100.0,80.0,15.5,27.31,24.78,0,84.33,54.21,1.16,0.3917399142864244,33.49,61.61,0.46,119.78,-2.18,57.69,0.81,POS+DEEP,30.125,907.5352,-30.125,22.724,516.3648,-22.724,35.451,1256.7496,35.451,26.638,709.5785,-26.638
5904,before,5904_before_clip_0002,ok,150,100.0,80.0,15.5,49.8,42.98,0,81.68,54.16,0.92,0.03987602825733459,33.66,54.27,0.55,112.91,-4.18,54.22,0.74,POS+DEEP,27.516,757.119,-27.516,27.402,750.8885,-27.402,31.236,975.6606,31.236,27.461,754.0957,-27.461
5909,after,5909_after_clip_0000,ok,150,138.0,80.0,12.8,3.77,94.56,0,125.58,52.9,1.33,0.09131547684715503,30.74,106.17,1.16,106.59,0.0,106.36,0.58,POS+CHROM,72.682,5282.7433,-72.682,19.411,376.7942,-19.411,18.989,360.5728,-18.989,19.22,369.423,-19.22
5909,after,5909_after_clip_0001,ok,150,138.0,80.0,12.8,37.81,61.86,0,131.58,52.98,1.28,-0.1992906908329996,31.53,96.13,-0.07,93.58,-1.49,95.0,-0.78,POS+CHROM,78.602,6178.3379,-78.602,35.456,1257.1026,-35.456,38.0,1444.0161,-38.0,36.578,1337.9812,-36.578
5909,after,5909_after_clip_0002,ok,150,138.0,80.0,12.8,69.53,18.81,1,64.02,52.98,1.34,-0.06898741353690291,31.52,94.62,-1.75,62.68,0.6,66.46,0.06,POS+CHROM+DEEP,11.035,121.7647,-11.035,30.602,936.4712,30.602,1.341,1.7992,-1.341,2.44,5.9515,2.44
5909,before,5909_before_clip_0000,ok,150,121.0,76.0,12.8,15.87,79.11,0,83.63,53.24,1.46,0.2038420145821496,30.78,88.3,1.68,90.64,-0.14,89.3,0.77,POS+CHROM,30.389,923.4705,-30.389,4.674,21.8479,4.674,7.013,49.1827,7.013,5.668,32.1284,5.668
5909,before,5909_before_clip_0001,ok,150,121.0,76.0,12.8,18.16,77.74,0,99.45,53.18,1.51,0.06516803316927756,30.75,73.45,2.43,70.21,0.79,72.05,1.61,POS+CHROM,46.272,2141.0652,-46.272,26.008,676.4106,-26.008,29.244,855.2204,-29.244,27.407,751.1248,-27.407
5909,before,5909_before_clip_0002,ok,150,121.0,76.0,12.8,41.21,45.37,0,124.27,53.19,1.49,0.08423501432016614,31.15,77.67,-0.04,57.78,-1.66,54.9,-0.08,CHROM+DEEP,71.081,5052.578,-71.081,46.599,2171.5091,-46.599,66.498,4422.0172,-66.498,69.378,4813.3626,-69.378
5921,after,5921_after_clip_0000,ok,150,116.0,70.0,14.4,44.7,52.5,0,74.67,53.62,1.18,-0.1832731832978739,31.75,97.54,0.14,97.54,-2.58,97.54,-1.22,POS+CHROM,21.05,443.0908,-21.05,22.874,523.2271,22.874,22.874,523.2001,22.874,22.874,523.2166,22.874
5921,after,5921_after_clip_0001,ok,150,116.0,70.0,14.4,56.98,41.54,0,78.11,53.63,1.26,-0.13138384892304608,32.9,81.0,1.2,79.05,0.21,80.11,0.7,POS+CHROM,24.48,599.2806,-24.48,2.895,8.3838,2.895,0.942,0.8881,0.942,1.999,3.9971,1.999
5921,after,5921_after_clip_0002,ok,150,116.0,70.0,14.4,36.54,62.67,0,84.97,53.68,1.27,0.36748065489323145,32.12,85.37,-0.51,83.06,-0.48,84.22,-0.5,POS+CHROM,31.292,979.2139,-31.292,0.4,0.1596,0.4,1.909,3.6446,-1.909,0.757,0.5734,-0.757
5921,before,5921_before_clip_0000,ok,150,121.0,73.0,14.4,18.12,81.59,0,120.77,54.17,1.09,-0.26530152841754506,33.3,73.47,3.52,72.86,1.64,73.21,2.58,POS+CHROM,66.597,4435.1328,-66.597,47.304,2237.6219,-47.304,47.909,2295.3132,-47.909,47.56,2261.9072,-47.56
5921,before,5921_before_clip_0001,ok,150,121.0,73.0,14.4,29.81,64.3,0,98.92,54.12,1.1,0.04070389241766548,33.32,76.71,3.36,78.0,2.41,77.3,2.88,POS+CHROM,44.801,2007.1224,-44.801,22.215,493.5119,-22.215,20.927,437.947,-20.927,21.622,467.4924,-21.622
5921,before,5921_before_clip_0002,ok,150,121.0,73.0,14.4,7.17,92.09,0,115.63,54.06,1.14,-0.1202016775029343,33.34,79.14,2.47,77.84,2.32,78.5,2.4,POS+CHROM,61.569,3790.7268,-61.569,36.483,1331.006,-36.483,37.782,1427.4561,-37.782,37.124,1378.2255,-37.124
5928,after,5928_after_clip_0000,ok,150,102.0,61.0,14.0,5.36,93.53,0,97.09,53.88,0.89,-0.034816324947335275,33.4,75.57,1.96,75.77,-1.15,75.65,0.4,POS+CHROM,43.216,1867.6582,-43.216,21.522,463.1932,-21.522,21.32,454.5609,-21.32,21.447,459.9599,-21.447
5928,after,5928_after_clip_0001,ok,150,102.0,61.0,14.0,4.16,95.58,0,126.81,53.95,1.05,-0.010781304084943558,33.39,73.04,3.52,71.24,4.12,72.1,3.82,POS+CHROM,72.864,5309.1121,-72.864,53.773,2891.5307,-53.773,55.57,3087.9725,-55.57,54.716,2993.8777,-54.716
5928,after,5928_after_clip_0002,ok,150,102.0,61.0,14.0,1.58,98.1,0,89.14,53.88,0.91,0.07774566328964061,34.14,91.2,0.3,92.93,-0.68,91.99,-0.19,POS+CHROM,35.267,1243.7633,-35.267,2.051,4.2064,2.051,3.786,14.3344,3.786,2.848,8.1101,2.848
5928,before,5928_before_clip_0000,ok,150,99.0,58.0,14.0,6.45,89.85,0,104.43,53.7,1.04,-0.040592173370787625,33.24,91.12,0.06,91.27,-2.7,91.18,-1.32,POS+CHROM,50.726,2573.1475,-50.726,13.304,176.9996,-13.304,13.16,173.1894,-13.16,13.248,175.5199,-13.248
5928,before,5928_before_clip_0001,ok,150,99.0,58.0,14.0,12.87,86.15,0,90.39,53.74,1.06,-0.060702525505858536,32.84,90.83,-0.78,91.78,-0.45,91.32,-0.61,POS+CHROM,36.655,1343.6021,-36.655,0.44,0.1932,0.44,1.384,1.9145,1.384,0.924,0.8546,0.924
5928,before,5928_before_clip_0002,ok,150,99.0,58.0,14.0,3.26,95.65,0,95.92,53.7,1.03,-0.30021464422651106,32.85,87.38,-0.35,90.38,0.26,88.96,-0.05,POS+CHROM,42.22,1782.5304,-42.22,8.533,72.8048,-8.533,5.535,30.6323,-5.535,6.957,48.3987,-6.957
5938,after,5938_after_clip_0000,ok,150,176.0,90.0,15.3,30.44,66.43,0,102.01,54.33,1.13,0.03772433802719185,33.53,91.65,-0.25,91.29,-2.77,91.51,-1.51,POS+CHROM,47.681,2273.5252,-47.681,10.359,107.3017,-10.359,10.722,114.9717,-10.722,10.503,110.3132,-10.503
5938,after,5938_after_clip_0001,ok,150,176.0,90.0,15.3,45.46,53.68,0,115.7,54.26,1.17,-0.017291299328681155,34.32,98.74,-1.44,91.46,-1.78,95.2,-1.61,POS+CHROM,61.437,3774.4556,-61.437,16.962,287.7113,-16.962,24.239,587.5357,-24.239,20.496,420.1025,-20.496
5938,after,5938_after_clip_0002,ok,150,176.0,90.0,15.3,16.76,82.76,0,116.37,54.44,1.27,-0.0011168472332493528,33.6,86.09,1.01,89.5,-0.15,87.64,0.43,POS+CHROM,61.931,3835.4419,-61.931,30.279,916.8039,-30.279,26.868,721.895,-26.868,28.737,825.8189,-28.737
5938,before,5938_before_clip_0000,ok,150,139.0,74.0,15.3,22.44,72.62,0,84.93,54.4,1.3,0.03025719273623768,33.58,75.06,2.57,69.54,-0.68,73.03,0.94,POS+CHROM,30.531,932.1236,-30.531,9.873,97.4665,-9.873,15.389,236.8175,-15.389,11.901,141.6394,-11.901
5938,before,5938_before_clip_0001,ok,150,139.0,74.0,15.3,6.13,89.84,0,131.79,54.34,1.17,-0.01525479308131321,33.61,81.74,0.07,81.26,-2.24,81.54,-1.08,POS+CHROM,77.455,5999.3247,-77.455,50.054,2505.4461,-50.054,50.535,2553.7829,-50.535,50.249,2524.9552,-50.249
5938,before,5938_before_clip_0002,ok,150,139.0,74.0,15.3,13.98,77.49,0,93.22,54.33,1.1,-0.10646266127102336,33.6,85.57,-1.38,86.52,-1.47,86.04,-1.42,POS+CHROM,38.892,1512.5641,-38.892,7.648,58.4861,-7.648,6.698,44.8615,-6.698,7.176,51.4977,-7.176
5948,after,5948_after_clip_0000,ok,150,175.0,78.0,16.1,16.36,81.97,0,58.27,53.96,1.17,-0.08573257066910413,33.47,70.55,-1.54,66.47,-1.87,68.56,-1.71,POS+CHROM,4.315,18.6187,-4.315,12.271,150.5822,12.271,8.2,67.2367,8.2,10.29,105.8872,10.29
5948,after,5948_after_clip_0001,ok,150,175.0,78.0,16.1,4.28,94.07,0,69.27,54.07,1.15,0.09295990539988286,33.09,93.05,-1.0,91.55,-1.85,92.35,-1.42,POS+CHROM,15.196,230.9273,-15.196,23.781,565.5231,23.781,22.286,496.6587,22.286,23.086,532.9692,23.086
5948,after,5948_after_clip_0002,ok,150,175.0,78.0,16.1,12.12,86.51,0,66.91,53.97,1.12,0.0721452005457449,33.47,117.31,-0.52,94.46,-2.68,84.37,-0.69,POS+CHROM+DEEP,12.94,167.4327,-12.94,50.406,2540.8107,50.406,27.55,758.995,27.55,17.464,304.9975,17.464
5948,before,5948_before_clip_0000,ok,150,136.0,79.0,16.1,3.58,95.8,0,102.34,53.9,1.14,-0.07451358789032003,32.89,110.48,-3.08,107.88,-1.64,109.02,-2.36,POS+CHROM,48.438,2346.2177,-48.438,8.143,66.3101,8.143,5.541,30.6979,5.541,6.686,44.7048,6.686
5948,before,5948_before_clip_0001,ok,150,136.0,79.0,16.1,7.22,88.3,0,96.64,54.05,1.35,-0.017301711458738874,32.52,96.25,2.64,94.19,2.64,95.22,2.64,POS+CHROM,42.592,1814.0703,-42.592,0.388,0.1508,-0.388,2.448,5.9928,-2.448,1.418,2.0106,-1.418
5948,before,5948_before_clip_0002,ok,150,136.0,79.0,16.1,2.62,96.23,0,119.12,54.02,1.34,0.04946522823453675,32.9,88.51,3.51,88.49,2.52,88.5,3.01,POS+CHROM,65.099,4237.9402,-65.099,30.611,937.0095,-30.611,30.631,938.246,-30.631,30.62,937.5767,-30.62
5974,after,5974_after_clip_0000,ok,150,127.0,76.0,11.6,61.49,32.76,0,118.4,53.76,1.02,-0.026878939978726087,33.34,61.65,-0.69,122.54,0.51,57.15,0.17,POS+DEEP,64.639,4178.2115,-64.639,56.741,3219.5386,-56.741,4.148,17.2024,4.148,61.249,3751.412,-61.249
5974,after,5974_after_clip_0001,ok,150,127.0,76.0,11.6,31.9,64.17,0,115.4,53.74,1.0,0.11275675671273393,33.35,83.58,-0.93,82.35,-1.1,82.98,-1.01,POS+CHROM,61.656,3801.4301,-61.656,31.814,1012.1402,-31.814,33.048,1092.1702,-33.048,32.422,1051.1997,-32.422
5974,after,5974_after_clip_0002,ok,150,127.0,76.0,11.6,40.14,28.6,0,114.67,53.74,1.01,0.014542144736714184,32.97,95.17,-0.6,79.12,-0.64,73.92,-0.08,POS+CHROM+DEEP,60.933,3712.8807,-60.933,19.504,380.3982,-19.504,35.547,1263.5748,-35.547,40.749,1660.4957,-40.749
5974,before,5974_before_clip_0000,ok,150,108.0,74.0,11.6,5.02,94.73,0,110.01,53.45,1.26,0.028886160865792782,31.04,89.08,0.22,87.3,1.75,88.08,0.99,POS+CHROM,56.564,3199.4426,-56.564,20.929,438.0263,-20.929,22.71,515.7619,-22.71,21.933,481.0498,-21.933
5974,before,5974_before_clip_0001,ok,150,108.0,74.0,11.6,23.81,74.05,0,97.79,53.45,1.3,0.03271770847660772,31.04,82.87,-0.61,86.52,-1.58,84.55,-1.1,POS+CHROM,44.34,1966.0457,-44.34,14.922,222.6757,-14.922,11.275,127.1188,-11.275,13.246,175.4633,-13.246
5974,before,5974_before_clip_0002,ok,150,108.0,74.0,11.6,14.95,65.13,0,103.14,53.29,1.26,0.22014634126952065,31.38,94.83,-0.03,98.53,0.54,96.77,0.26,POS+CHROM,49.851,2485.1118,-49.851,8.317,69.172,-8.317,4.611,21.2592,-4.611,6.376,40.6501,-6.376
5980,after,5980_after_clip_0000,ok,150,127.0,69.0,13.0,1.65,95.99,0,115.17,53.79,1.06,0.034887188795059226,33.24,76.59,4.27,75.85,2.95,76.26,3.61,POS+CHROM,61.375,3766.8831,-61.375,38.575,1488.0074,-38.575,39.314,1545.57,-39.314,38.904,1513.4876,-38.904
5980,after,5980_after_clip_0001,ok,150,127.0,69.0,13.0,2.52,96.66,0,96.19,53.79,1.06,0.02908862171293777,32.82,71.92,4.09,69.55,2.37,70.9,3.23,POS+CHROM,42.402,1797.9435,-42.402,24.268,588.9119,-24.268,26.646,709.9933,-26.646,25.287,639.4566,-25.287
5980,after,5980_after_clip_0002,ok,150,127.0,69.0,13.0,6.35,92.82,0,64.5,53.74,1.06,0.04653138071649551,33.19,75.55,2.77,77.26,1.36,76.31,2.07,POS+CHROM,10.762,115.8128,-10.762,11.051,122.1281,11.051,12.763,162.8932,12.763,11.808,139.4188,11.808
5980,before,5980_before_clip_0000,ok,150,105.0,77.0,13.0,8.12,90.27,0,85.63,53.8,1.03,-0.1630716521419703,33.23,75.97,2.86,58.42,-2.95,55.37,-0.96,CHROM+DEEP,31.832,1013.2879,-31.832,9.662,93.3541,-9.662,27.216,740.7155,-27.216,30.263,915.8778,-30.263
5980,before,5980_before_clip_0001,ok,150,105.0,77.0,13.0,9.85,89.17,0,106.89,53.7,1.08,-0.0266711426682578,33.19,100.94,1.46,107.95,-0.55,103.86,0.45,POS+CHROM,53.196,2829.7881,-53.196,5.956,35.4727,-5.956,1.059,1.1217,1.059,3.031,9.1847,-3.031
5980,before,5980_before_clip_0002,ok,150,105.0,77.0,13.0,6.32,92.48,0,70.66,53.68,1.06,-0.0016459406689569276,33.19,61.68,-2.82,93.75,-2.46,56.43,-0.88,POS+DEEP,16.979,288.2729,-16.979,8.983,80.7001,-8.983,23.089,533.0964,23.089,14.231,202.5265,-14.231
5989,after,5989_after_clip_0000,ok,150,112.0,75.0,13.8,46.66,43.63,0,124.87,53.23,1.11,-0.1598151075441506,31.9,115.08,-2.91,117.18,0.71,116.44,-1.1,POS+CHROM,71.641,5132.4979,-71.641,9.795,95.9421,-9.795,7.687,59.0842,-7.687,8.432,71.0969,-8.432
5989,after,5989_after_clip_0001,ok,150,112.0,75.0,13.8,9.34,83.25,0,134.88,53.55,1.33,-0.0422781992837976,31.99,115.53,-0.24,103.72,-3.91,84.93,-0.94,POS+CHROM+DEEP,81.336,6615.5692,-81.336,19.355,374.6112,-19.355,31.158,970.846,-31.158,49.951,2495.102,-49.951
5989,after,5989_after_clip_0002,ok,150,112.0,75.0,13.8,8.14,84.64,0,96.25,53.56,1.31,-0.03334674176496951,31.62,55.32,-1.29,83.87,-1.83,54.25,0.01,POS+DEEP,42.686,1822.1351,-42.686,40.931,1675.3836,-40.931,12.38,153.2674,-12.38,41.996,1763.6654,-41.996
5989,before,5989_before_clip_0000,ok,150,115.0,70.0,13.8,38.74,56.84,0,103.67,53.48,1.26,0.03026011861625005,31.66,124.01,-4.56,116.73,-2.35,119.71,-3.45,POS+CHROM,50.196,2519.6248,-50.196,20.335,413.493,20.335,13.06,170.5535,13.06,16.036,257.1404,16.036
5989,before,5989_before_clip_0001,ok,150,115.0,70.0,13.8,33.0,64.03,0,63.03,53.34,1.15,-0.07904829895742313,31.91,68.91,2.89,76.53,-1.71,71.32,0.59,POS+CHROM,9.693,93.9568,-9.693,5.872,34.4769,5.872,13.496,182.14,13.496,8.29,68.722,8.29
5989,before,5989_before_clip_0002,ok,150,115.0,70.0,13.8,33.34,63.97,0,80.4,53.38,1.16,-0.12085946510153704,31.89,78.1,4.2,129.96,-6.15,74.92,-0.26,POS+CHROM+DEEP,27.019,730.0393,-27.019,2.3,5.289,-2.3,49.568,2457.0026,49.568,5.48,30.0281,-5.48
6008,after,6008_after_clip_0000,ok,150,113.0,87.0,12.1,3.03,93.69,0,92.81,53.57,1.19,-0.05027065537222262,31.74,65.27,-0.17,67.92,-0.53,66.56,-0.35,POS+CHROM,39.238,1539.6393,-39.238,27.543,758.6211,-27.543,24.888,619.4279,-24.888,26.255,689.3223,-26.255
6008,after,6008_after_clip_0001,ok,150,113.0,87.0,12.1,5.09,93.01,0,100.84,52.95,1.05,-0.09294177115826661,35.97,82.71,-1.64,82.0,0.07,82.3,-0.79,POS+CHROM,47.893,2293.7695,-47.893,18.134,328.8531,-18.134,18.841,354.9839,-18.841,18.538,343.6511,-18.538
6008,after,6008_after_clip_0002,ok,150,113.0,87.0,12.1,14.69,82.04,0,65.54,53.23,1.31,0.014828093961371545,31.7,69.68,2.33,71.3,-1.3,70.25,0.52,POS+CHROM,12.308,151.481,-12.308,4.145,17.1777,4.145,5.765,33.2302,5.765,4.717,22.2473,4.717
6008,before,6008_before_clip_0000,ok,150,117.0,81.0,12.1,13.3,79.21,0,84.91,53.65,1.3,-0.11938612650934963,34.94,96.73,-0.31,135.9,-2.29,87.42,-0.43,POS+CHROM+DEEP,31.259,977.1343,-31.259,11.824,139.8138,11.824,50.992,2600.1644,50.992,2.511,6.3044,2.511
6008,before,6008_before_clip_0001,ok,150,117.0,81.0,12.1,9.26,87.59,0,115.25,53.06,0.89,0.22106688766824656,30.56,87.42,-2.89,70.5,-2.05,66.58,-1.35,POS+CHROM+DEEP,62.184,3866.8543,-62.184,27.823,774.1343,-27.823,44.751,2002.622,-44.751,48.668,2368.5322,-48.668
6008,before,6008_before_clip_0002,ok,150,117.0,81.0,12.1,17.33,79.97,0,88.64,53.38,1.2,0.10224908806487243,31.37,135.28,-7.12,76.53,-0.68,72.24,-2.2,POS+CHROM+DEEP,35.26,1243.2568,-35.26,46.637,2175.0488,46.637,12.117,146.8146,-12.117,16.4,268.9605,-16.4
6028,after,6028_after_clip_0000,ok,150,117.0,90.0,13.1,31.28,60.98,0,94.01,53.66,1.17,-0.06296741551904372,33.14,55.56,-1.78,114.9,-3.84,54.38,-0.3,POS+DEEP,40.351,1628.1895,-40.351,38.447,1478.1375,-38.447,20.894,436.5732,20.894,39.628,1570.4019,-39.628
6028,after,6028_after_clip_0001,ok,150,117.0,90.0,13.1,37.04,61.09,0,122.68,53.52,1.12,-0.014159883616425348,33.18,75.88,1.12,83.68,-2.84,78.54,-0.86,POS+CHROM,69.164,4783.6296,-69.164,46.801,2190.3422,-46.801,39.0,1520.9956,-39.0,44.143,1948.6435,-44.143
6028,after,6028_after_clip_0002,ok,150,117.0,90.0,13.1,9.45,90.26,0,80.38,53.68,1.11,0.0052400118506456565,32.76,99.6,-3.78,66.96,-0.3,67.48,-0.99,POS+CHROM+DEEP,26.707,713.2467,-26.707,19.217,369.2984,19.217,13.423,180.1695,-13.423,12.906,166.5749,-12.906
6028,before,6028_before_clip_0000,ok,150,110.0,85.0,13.1,52.52,44.47,0,120.38,54.31,1.16,0.06380728619525837,33.86,54.17,-0.95,138.97,-4.54,54.25,0.1,POS+DEEP,66.071,4365.4399,-66.071,66.214,4384.306,-66.214,18.588,345.524,18.588,66.13,4373.225,-66.13
6028,before,6028_before_clip_0001,ok,150,110.0,85.0,13.1,8.49,90.75,0,119.86,54.29,1.16,-0.04792083664327032,33.92,101.37,-1.94,104.6,-1.25,103.08,-1.6,POS+CHROM,65.571,4299.5399,-65.571,18.484,341.6589,-18.484,15.262,232.92,-15.262,16.78,281.5792,-16.78
6028,before,6028_before_clip_0002,ok,150,110.0,85.0,13.1,8.86,90.75,0,122.4,54.4,1.39,-0.0593210138713915,33.88,131.59,0.43,129.19,-0.16,130.45,0.13,POS+CHROM,67.995,4623.285,-67.995,9.192,84.4844,9.192,6.793,46.1392,6.793,8.051,64.8121,8.051
6031,after,6031_after_clip_0000,ok,150,108.0,60.0,11.3,9.13,86.98,0,86.47,54.18,1.21,-0.07685755831275644,32.53,53.35,1.87,52.49,-0.69,53.42,0.8,POS+CHROM+DEEP,32.283,1042.2068,-32.283,33.119,1096.837,-33.119,33.978,1154.5259,-33.978,33.045,1091.9731,-33.045
6031,after,6031_after_clip_0001,ok,150,108.0,60.0,11.3,18.55,76.71,0,86.8,54.13,1.2,0.023822179252049838,33.31,61.12,5.24,61.13,3.68,59.56,3.37,POS+CHROM+DEEP,32.676,1067.7039,-32.676,25.686,659.7526,-25.686,25.673,659.1084,-25.673,27.244,742.2584,-27.244
6031,after,6031_after_clip_0002,ok,150,108.0,60.0,11.3,4.7,93.15,0,90.26,54.35,1.2,-0.058654391494871366,33.3,59.84,3.46,63.94,1.36,59.47,2.01,POS+CHROM+DEEP,35.911,1289.6194,-35.911,30.422,925.4948,-30.422,26.323,692.8898,-26.323,30.79,948.0395,-30.79
6031,before,6031_before_clip_0000,ok,150,92.0,56.0,11.3,5.45,93.87,0,96.15,53.53,1.27,0.04863807398004625,32.17,58.06,4.85,57.7,3.33,56.87,3.15,POS+CHROM+DEEP,42.618,1816.3303,-42.618,38.093,1451.0988,-38.093,38.448,1478.2627,-38.448,39.282,1543.0495,-39.282
6031,before,6031_before_clip_0001,ok,150,92.0,56.0,11.3,10.2,87.81,0,69.73,53.42,1.07,-0.06106829259723322,32.15,59.16,4.5,76.21,-2.53,57.09,2.78,POS+DEEP,16.305,265.8608,-16.305,10.565,111.6281,-10.565,6.478,41.9615,6.478,12.636,159.68,-12.636
6031,before,6031_before_clip_0002,ok,150,92.0,56.0,11.3,7.22,91.5,0,81.98,53.58,1.23,-0.08473287271596884,32.17,62.42,0.86,96.01,2.66,72.94,1.58,POS+CHROM+DEEP,28.403,806.7489,-28.403,19.569,382.9543,-19.569,14.028,196.7772,14.028,9.042,81.7574,-9.042
6042,after,6042_after_clip_0000,ok,150,128.0,76.0,11.7,29.08,69.72,0,133.04,53.53,1.1,0.11992278298560899,33.7,115.64,0.82,119.29,-2.28,117.01,-0.73,POS+CHROM,79.504,6320.8546,-79.504,17.395,302.5813,-17.395,13.745,188.9247,-13.745,16.031,256.9795,-16.031
6042,after,6042_after_clip_0001,ok,150,128.0,76.0,11.7,61.75,36.31,0,108.45,53.61,1.11,0.24739628366220492,33.3,112.96,1.67,113.73,-1.14,113.26,0.27,POS+CHROM,54.844,3007.8291,-54.844,4.508,20.3209,4.508,5.278,27.8556,5.278,4.804,23.0813,4.804
6042,after,6042_after_clip_0002,ok,150,128.0,76.0,11.7,61.16,34.51,0,106.23,53.64,1.08,0.16842639695629455,33.7,115.3,-0.98,115.4,-1.94,115.34,-1.46,POS+CHROM,52.599,2766.6353,-52.599,9.062,82.1121,9.062,9.163,83.9626,9.163,9.108,82.9609,9.108
6042,before,6042_before_clip_0000,ok,150,115.0,82.0,11.7,9.26,90.4,0,112.39,53.66,1.08,-0.04070703191800912,33.27,123.85,0.16,123.83,-4.11,123.85,-1.97,POS+CHROM,58.735,3449.7509,-58.735,11.462,131.3798,11.462,11.442,130.9152,11.442,11.455,131.2267,11.455
6042,before,6042_before_clip_0001,ok,150,115.0,82.0,11.7,5.09,94.54,0,118.53,53.58,1.08,-0.04862829449830925,33.66,118.92,4.17,117.61,1.77,118.39,2.97,POS+CHROM,64.949,4218.3719,-64.949,0.384,0.1478,0.384,0.923,0.8528,-0.923,0.14,0.0197,-0.14
6042,before,6042_before_clip_0002,ok,150,115.0,82.0,11.7,3.51,96.15,0,119.61,53.66,1.09,0.04526320354206239,33.25,124.75,3.45,124.78,2.43,124.76,2.94,POS+CHROM,65.952,4349.6743,-65.952,5.143,26.4551,5.143,5.168,26.7091,5.168,5.155,26.5713,5.155
6066,after,6066_after_clip_0000,ok,150,150.0,95.0,12.9,50.41,44.83,0,98.03,53.15,1.51,-0.3092237790653301,31.64,128.51,-2.93,129.55,-2.05,129.06,-2.49,POS+CHROM,44.875,2013.7928,-44.875,30.478,928.904,30.478,31.518,993.3707,31.518,31.036,963.2401,31.036
6066,after,6066_after_clip_0001,ok,150,150.0,95.0,12.9,51.79,30.41,0,107.85,53.25,1.48,0.04378727881431448,31.25,84.57,-2.4,86.91,-2.15,85.76,-2.28,POS+CHROM,54.595,2980.5675,-54.595,23.283,542.1143,-23.283,20.938,438.3844,-20.938,22.086,487.7733,-22.086
6066,after,6066_after_clip_0002,ok,150,150.0,95.0,12.9,11.85,86.06,0,58.91,53.03,1.31,-0.23304082245512506,31.6,99.36,2.74,98.68,1.13,99.07,1.94,POS+CHROM,5.878,34.5537,-5.878,40.449,1636.1119,40.449,39.77,1581.6526,39.77,40.155,1612.3932,40.155
6066,before,6066_before_clip_0000,ok,150,143.0,84.0,12.9,19.57,77.29,0,104.5,54.17,1.3,0.15079892667541275,33.38,67.36,-0.65,65.71,0.13,66.48,-0.26,POS+CHROM,50.329,2532.9713,-50.329,37.14,1379.4069,-37.14,38.792,1504.8485,-38.792,38.02,1445.5365,-38.02
6066,before,6066_before_clip_0001,ok,150,143.0,84.0,12.9,52.3,29.22,1,95.5,54.11,1.36,0.024188970035093724,33.29,83.74,-1.94,81.77,0.41,82.56,-0.76,POS+CHROM,41.39,1713.1249,-41.39,11.756,138.1994,-11.756,13.731,188.5293,-13.731,12.934,167.2948,-12.934
6066,before,6066_before_clip_0002,ok,150,143.0,84.0,12.9,26.62,63.92,0,113.78,54.03,1.28,0.1906744779778848,33.27,101.63,-2.67,104.76,-2.55,103.21,-2.61,POS+CHROM,59.75,3570.0566,-59.75,12.15,147.6192,-12.15,9.011,81.203,-9.011,10.565,111.6266,-10.565
6082,after,6082_after_clip_0000,ok,150,165.0,89.0,12.4,28.16,65.34,0,132.18,55.27,2.02,0.1511745526990542,36.54,88.51,-0.69,60.55,-1.94,57.07,0.04,CHROM+DEEP,76.904,5914.2283,-76.904,43.664,1906.533,-43.664,71.626,5130.3048,-71.626,75.107,5641.0447,-75.107
6082,after,6082_after_clip_0001,ok,150,165.0,89.0,12.4,16.43,81.62,0,119.51,54.29,1.08,-0.162890026486416,32.77,90.58,-0.37,87.67,-0.55,89.15,-0.46,POS+CHROM,65.22,4253.6435,-65.22,28.927,836.7655,-28.927,31.844,1014.0286,-31.844,30.363,921.9072,-30.363
6082,after,6082_after_clip_0002,ok,150,165.0,89.0,12.4,41.54,47.61,0,109.19,54.25,1.39,0.20620985018325713,33.58,101.42,-0.78,98.26,-1.75,99.97,-1.26,POS+CHROM,54.943,3018.7435,-54.943,7.764,60.2863,-7.764,10.925,119.3517,-10.925,9.218,84.9636,-9.218
6082,before,6082_before_clip_0000,ok,150,116.0,73.0,12.4,12.22,82.94,0,114.33,53.73,0.53,0.03239764539283191,35.78,112.01,-3.27,80.01,-2.65,75.63,-1.8,POS+CHROM+DEEP,60.598,3672.0778,-60.598,2.326,5.4091,-2.326,34.322,1177.9685,-34.322,38.696,1497.3963,-38.696
6082,before,6082_before_clip_0001,ok,150,116.0,73.0,12.4,17.58,76.79,0,99.4,54.01,0.99,0.0404834249544668,33.26,71.29,0.49,70.41,2.95,70.76,1.72,POS+CHROM,45.39,2060.2656,-45.39,28.107,790.0146,-28.107,28.989,840.3824,-28.989,28.638,820.1079,-28.638
6082,before,6082_before_clip_0002,ok,150,116.0,73.0,12.4,22.9,76.16,0,69.22,53.73,0.69,0.16374864078893364,36.65,71.5,3.97,71.79,3.34,71.63,3.65,POS+CHROM,15.495,240.088,-15.495,2.271,5.1583,2.271,2.564,6.5746,2.564,2.41,5.8082,2.41
6091,after,6091_after_clip_0000,ok,150,100.0,64.0,13.3,2.94,93.11,0,67.6,53.42,1.2,0.0487222199048224,31.49,65.76,0.87,66.03,0.17,65.89,0.52,POS+CHROM,14.181,201.1029,-14.181,1.847,3.4113,-1.847,1.573,2.4742,-1.573,1.718,2.9512,-1.718
6091,after,6091_after_clip_0001,ok,150,100.0,64.0,13.3,6.2,91.93,0,60.58,53.45,1.2,-0.031170165798031585,31.12,67.32,2.77,65.56,0.35,66.62,1.56,POS+CHROM,7.126,50.7862,-7.126,6.744,45.4786,6.744,4.979,24.7942,4.979,6.037,36.445,6.037
6091,after,6091_after_clip_0002,ok,150,100.0,64.0,13.3,19.67,75.54,0,75.74,53.62,1.39,-0.02778273694588321,31.16,67.01,-0.87,92.03,-2.08,67.3,-0.52,POS+CHROM+DEEP,22.116,489.103,-22.116,8.725,76.1315,-8.725,16.298,265.6289,16.298,8.439,71.2225,-8.439
6091,before,6091_before_clip_0000,ok,150,100.0,63.0,13.3,8.24,91.03,0,109.08,53.62,1.3,0.01135522869843185,31.23,56.73,-2.78,77.05,1.17,54.66,-0.74,POS+DEEP,55.466,3076.4415,-55.466,52.351,2740.6705,-52.351,32.029,1025.8876,-32.029,54.418,2961.3628,-54.418
6091,before,6091_before_clip_0001,ok,150,100.0,63.0,13.3,7.35,90.86,0,116.47,53.49,1.29,-0.02249674769969008,31.59,58.1,-0.09,57.33,-2.01,55.97,-0.27,POS+CHROM+DEEP,62.98,3966.463,-62.98,58.364,3406.3065,-58.364,59.133,3496.6813,-59.133,60.498,3659.9793,-60.498
6091,before,6091_before_clip_0002,ok,150,100.0,63.0,13.3,9.5,89.87,0,119.47,53.41,1.15,0.0679166686658101,31.2,119.3,-4.66,59.31,-0.02,56.07,0.56,CHROM+DEEP,66.067,4364.8245,-66.067,0.173,0.03,-0.173,60.163,3619.5352,-60.163,63.402,4019.7515,-63.402
6097,after,6097_after_clip_0000,ok,150,118.0,72.0,12.9,1.99,96.77,0,84.34,53.79,1.08,-0.030736472637541597,32.81,102.49,3.29,99.37,-1.83,101.56,0.73,POS+CHROM,30.553,933.4759,-30.553,18.153,329.5276,18.153,15.03,225.8898,15.03,17.22,296.5131,17.22
6097,after,6097_after_clip_0001,ok,150,118.0,72.0,12.9,3.8,95.35,0,137.86,53.8,1.09,-0.12392683409101793,33.18,112.44,-2.22,113.07,-1.84,112.76,-2.03,POS+CHROM,84.058,7065.7201,-84.058,25.423,646.3269,-25.423,24.787,614.3912,-24.787,25.095,629.7568,-25.095
6097,after,6097_after_clip_0002,ok,150,118.0,72.0,12.9,6.48,93.12,0,135.78,53.78,1.1,0.05150004725384457,33.16,90.74,2.44,88.77,1.16,89.86,1.8,POS+CHROM,81.999,6723.8802,-81.999,45.036,2028.239,-45.036,47.009,2209.8179,-47.009,45.917,2108.3603,-45.917
6097,before,6097_before_clip_0000,ok,150,116.0,73.0,12.9,8.04,91.53,0,126.19,53.13,1.51,0.06663238070910252,31.08,94.53,2.52,92.32,0.72,93.59,1.62,POS+CHROM,73.065,5338.5207,-73.065,31.666,1002.7323,-31.666,33.867,1146.9961,-33.867,32.603,1062.9595,-32.603
6097,before,6097_before_clip_0001,ok,150,116.0,73.0,12.9,9.77,89.83,0,89.89,53.25,1.47,0.008655632114408935,30.78,93.31,-1.8,99.16,-1.41,96.33,-1.61,POS+CHROM,36.637,1342.2397,-36.637,3.422,11.7085,3.422,9.27,85.9409,9.27,6.441,41.4894,6.441
6097,before,6097_before_clip_0002,ok,150,116.0,73.0,12.9,15.03,84.16,0,88.8,53.19,1.48,0.0295801569227728,30.79,96.21,-0.7,102.67,-2.8,98.88,-1.75,POS+CHROM,35.613,1268.3018,-35.613,7.404,54.8179,7.404,13.87,192.3839,13.87,10.075,101.4973,10.075
6114,after,6114_after_clip_0000,ok,150,123.0,69.0,12.0,4.08,94.92,0,119.51,53.65,1.11,0.021971339579778454,33.46,94.48,-1.13,115.92,-2.05,82.12,-0.69,POS+CHROM+DEEP,65.852,4336.4208,-65.852,25.026,626.2977,-25.026,3.586,12.8575,-3.586,37.39,1398.0115,-37.39
6114,after,6114_after_clip_0001,ok,150,123.0,69.0,12.0,2.79,96.93,0,136.64,53.65,1.11,-0.025415022460921057,33.5,91.79,0.37,63.8,-2.13,69.72,-0.22,POS+CHROM+DEEP,82.991,6887.4595,-82.991,44.844,2010.9562,-44.844,72.839,5305.5804,-72.839,66.915,4477.6349,-66.915
6114,after,6114_after_clip_0002,ok,150,123.0,69.0,12.0,4.45,94.0,0,99.08,53.66,1.13,0.03330846251873276,32.36,60.75,-0.57,59.43,0.67,57.65,0.41,POS+CHROM+DEEP,45.422,2063.1435,-45.422,38.332,1469.3677,-38.332,39.651,1572.1909,-39.651,41.435,1716.8796,-41.435
6114,before,6114_before_clip_0000,ok,150,124.0,72.0,12.0,0.94,98.93,0,102.28,53.55,1.18,-0.0376256766996054,32.69,83.79,1.82,83.72,-0.03,83.76,0.89,POS+CHROM,48.733,2374.9366,-48.733,18.489,341.8291,-18.489,18.566,344.6869,-18.566,18.521,343.0379,-18.521
6114,before,6114_before_clip_0001,ok,150,124.0,72.0,12.0,4.44,95.4,0,118.0,53.72,1.11,0.05752203450939147,32.24,76.12,1.48,75.22,-0.62,75.75,0.43,POS+CHROM,64.28,4131.8742,-64.28,41.875,1753.5487,-41.875,42.778,1829.9648,-42.778,42.249,1784.954,-42.249
6114,before,6114_before_clip_0002,ok,150,124.0,72.0,12.0,5.03,94.51,0,69.22,53.69,1.24,-0.028786009289887535,32.62,79.26,0.91,62.76,0.88,65.02,1.01,POS+CHROM+DEEP,15.53,241.1917,-15.53,10.046,100.9233,10.046,6.46,41.7311,-6.46,4.193,17.5853,-4.193
6127,after,6127_after_clip_0000,ok,150,132.0,72.0,14.2,4.03,95.5,0,99.85,54.28,1.01,-0.05550915215009693,33.59,93.29,2.47,91.92,0.51,92.72,1.49,POS+CHROM,45.572,2076.7895,-45.572,6.561,43.0442,-6.561,7.925,62.8033,-7.925,7.132,50.8689,-7.132
6127,after,6127_after_clip_0001,ok,150,132.0,72.0,14.2,4.73,94.99,0,108.85,54.29,0.99,-0.03250567574693692,33.57,96.12,2.11,97.4,0.34,96.67,1.22,POS+CHROM,54.561,2976.8961,-54.561,12.729,162.0201,-12.729,11.445,130.9857,-11.445,12.181,148.3721,-12.181
6127,after,6127_after_clip_0002,ok,150,132.0,72.0,14.2,1.34,98.3,0,103.08,54.3,1.0,-0.03284020017132212,33.57,82.69,4.93,81.47,3.92,82.13,4.42,POS+CHROM,48.783,2379.7671,-48.783,20.39,415.7723,-20.39,21.617,467.3125,-21.617,20.952,439.0029,-20.952
6127,before,6127_before_clip_0000,ok,150,120.0,75.0,14.2,10.61,88.55,0,98.66,54.28,1.06,-0.2685167293259966,33.43,77.45,2.94,79.99,3.56,78.78,3.25,POS+CHROM,44.38,1969.579,-44.38,21.215,450.0765,-21.215,18.679,348.9096,-18.679,19.881,395.2686,-19.881
6127,before,6127_before_clip_0001,ok,150,120.0,75.0,14.2,29.27,61.05,0,88.52,54.25,1.07,0.034072236704995505,33.41,86.02,-1.34,83.64,1.77,84.53,0.21,POS+CHROM,34.262,1173.9182,-34.262,2.499,6.2447,-2.499,4.871,23.7308,-4.871,3.986,15.8876,-3.986
6127,before,6127_before_clip_0002,ok,150,120.0,75.0,14.2,9.58,79.2,0,93.94,54.21,1.07,0.09208733639799342,33.4,75.13,3.28,78.0,0.59,76.25,1.93,POS+CHROM,39.734,1578.7956,-39.734,18.811,353.8705,-18.811,15.946,254.2795,-15.946,17.694,313.0833,-17.694
6137,after,6137_after_clip_0000,ok,150,109.0,64.0,13.7,4.11,91.13,0,61.5,54.2,1.08,0.061940784757425815,33.67,66.51,5.12,65.14,4.83,65.84,4.98,POS+CHROM,7.295,53.2225,-7.295,5.015,25.1496,5.015,3.637,13.2283,3.637,4.343,18.8575,4.343
6137,after,6137_after_clip_0001,ok,150,109.0,64.0,13.7,3.51,89.57,0,80.84,54.23,1.02,-0.07925209472161067,33.67,74.26,2.47,69.07,-2.11,72.61,0.18,POS+CHROM,26.616,708.3882,-26.616,6.584,43.3501,-6.584,11.772,138.5768,-11.772,8.233,67.7744,-8.233
6137,after,6137_after_clip_0002,ok,150,109.0,64.0,13.7,10.58,85.87,0,133.9,54.11,1.01,-0.021940813919358305,33.69,68.55,2.25,69.49,-0.32,68.92,0.96,POS+CHROM,79.785,6365.5843,-79.785,65.342,4269.5248,-65.342,64.41,4148.5981,-64.41,64.974,4221.6058,-64.974
6137,before,6137_before_clip_0000,ok,150,107.0,66.0,13.7,1.77,97.15,0,106.42,54.22,1.05,-0.005611565535856959,33.68,73.5,0.59,72.99,1.82,73.22,1.21,POS+CHROM,52.2,2724.8596,-52.2,32.92,1083.7298,-32.92,33.429,1117.5304,-33.429,33.201,1102.2994,-33.201
6137,before,6137_before_clip_0001,ok,150,107.0,66.0,13.7,3.19,94.6,0,102.34,54.12,1.03,-0.023482179116035312,33.7,65.42,1.46,91.05,-3.42,65.78,-0.31,POS+CHROM+DEEP,48.22,2325.1844,-48.22,36.925,1363.4855,-36.925,11.296,127.5981,-11.296,36.565,1336.9784,-36.565
6137,before,6137_before_clip_0002,ok,150,107.0,66.0,13.7,2.83,94.55,0,66.64,54.2,1.07,0.11087404732124628,32.56,62.13,5.17,59.7,5.82,59.57,4.02,POS+CHROM+DEEP,12.437,154.686,-12.437,4.506,20.3051,-4.506,6.939,48.151,-6.939,7.07,49.9901,-7.07
6145,after,6145_after_clip_0000,ok,150,120.0,72.0,13.6,19.97,58.49,0,122.74,53.43,1.2,-0.03761148638314891,31.49,77.59,2.88,77.5,2.55,77.55,2.71,POS+CHROM,69.311,4804.0738,-69.311,45.157,2039.1755,-45.157,45.239,2046.5912,-45.239,45.197,2042.7819,-45.197
6145,after,6145_after_clip_0001,ok,150,120.0,72.0,13.6,26.89,57.71,0,99.06,53.41,1.19,0.07070125368039126,31.48,92.16,-1.58,95.54,-3.37,93.6,-2.48,POS+CHROM,45.65,2083.9324,-45.65,6.9,47.6138,-6.9,3.523,12.4146,-3.523,5.462,29.8312,-5.462
6145,after,6145_after_clip_0002,ok,150,120.0,72.0,13.6,25.45,65.37,0,103.21,53.37,1.23,-0.02424536548962131,31.42,90.29,-0.68,85.86,-1.57,88.24,-1.12,POS+CHROM,49.842,2484.2364,-49.842,12.913,166.7337,-12.913,17.342,300.761,-17.342,14.963,223.9045,-14.963
6145,before,6145_before_clip_0000,ok,150,119.0,76.0,13.6,15.87,78.68,0,75.0,53.47,1.25,-0.08544656644160659,30.69,82.89,-0.97,101.19,-0.68,76.21,-0.13,POS+CHROM+DEEP,21.523,463.2345,-21.523,7.895,62.3328,7.895,26.196,686.2178,26.196,1.21,1.4653,1.21
6145,before,6145_before_clip_0001,ok,150,119.0,76.0,13.6,16.82,76.1,0,65.25,53.51,1.54,-0.01789045612945188,30.55,72.71,1.07,67.13,0.19,70.12,0.63,POS+CHROM,11.733,137.6549,-11.733,7.462,55.6751,7.462,1.882,3.5418,1.882,4.876,23.7781,4.876
6145,before,6145_before_clip_0002,ok,150,119.0,76.0,13.6,13.89,81.05,0,108.15,53.29,1.28,-0.037675596175646996,31.66,77.68,1.04,75.06,-0.6,76.55,0.22,POS+CHROM,54.856,3009.2249,-54.856,30.469,928.3589,-30.469,33.092,1095.051,-33.092,31.602,998.6899,-31.602
6176,after,6176_after_clip_0000,ok,150,152.0,88.0,16.4,15.72,77.85,0,59.94,54.08,1.05,0.22565739924920672,33.57,109.23,0.9,107.99,1.63,108.57,1.26,POS+CHROM,5.86,34.3441,-5.86,49.295,2429.9485,49.295,48.059,2309.6326,48.059,48.639,2365.727,48.639
6176,after,6176_after_clip_0001,ok,150,152.0,88.0,16.4,49.04,46.24,0,58.77,53.91,0.91,-0.09213288518611833,33.66,104.67,3.36,104.97,2.21,104.81,2.79,POS+CHROM,4.857,23.592,-4.857,45.906,2107.3798,45.906,46.204,2134.8173,46.204,46.041,2119.762,46.041
6176,after,6176_after_clip_0002,ok,150,152.0,88.0,16.4,40.3,54.58,0,58.7,54.09,1.02,0.24709662268160706,33.69,107.34,1.37,107.22,0.07,107.29,0.72,POS+CHROM,4.603,21.1899,-4.603,48.641,2365.9594,48.641,48.527,2354.9085,48.527,48.59,2361.0289,48.59
6176,before,6176_before_clip_0000,ok,150,166.0,89.0,16.4,38.08,55.09,0,116.36,54.04,1.0,0.25387133485060276,33.67,90.23,1.43,89.55,0.16,89.93,0.8,POS+CHROM,62.321,3883.9134,-62.321,26.129,682.7046,-26.129,26.807,718.6273,-26.807,26.432,698.6532,-26.432
6176,before,6176_before_clip_0001,ok,150,166.0,89.0,16.4,48.34,49.69,0,113.34,54.0,1.01,-0.2625861265156427,33.62,68.89,2.0,63.98,2.16,66.4,2.08,POS+CHROM,59.34,3521.1945,-59.34,44.454,1976.1723,-44.454,49.365,2436.91,-49.365,46.942,2203.5768,-46.942
6176,before,6176_before_clip_0002,ok,150,166.0,89.0,16.4,41.91,55.16,0,135.26,54.07,1.08,-0.19231905383994427,33.57,90.54,-0.87,94.93,-0.07,92.88,-0.47,POS+CHROM,81.192,6592.0869,-81.192,44.719,1999.7604,-44.719,40.331,1626.5727,-40.331,42.38,1796.0261,-42.38
6193,after,6193_after_clip_0000,ok,150,197.0,95.0,17.2,39.83,55.77,0,70.66,54.02,1.27,-0.19780606701141057,32.45,95.94,2.11,96.61,-2.5,96.15,-0.19,POS+CHROM,16.64,276.9061,-16.64,25.287,639.4498,25.287,25.949,673.333,25.949,25.497,650.0888,25.497
6193,after,6193_after_clip_0001,ok,150,197.0,95.0,17.2,46.06,39.92,0,106.55,54.08,1.28,0.1342091525859076,32.46,77.22,0.9,84.41,1.3,80.93,1.1,POS+CHROM,52.467,2752.8114,-52.467,29.33,860.2353,-29.33,22.145,490.4005,-22.145,25.617,656.2543,-25.617
6193,after,6193_after_clip_0002,ok,150,197.0,95.0,17.2,18.4,61.2,0,98.99,54.1,1.25,0.15975601167086156,33.26,101.54,1.77,102.45,0.15,101.93,0.96,POS+CHROM,44.895,2015.5378,-44.895,2.551,6.506,2.551,3.453,11.9266,3.453,2.942,8.6542,2.942
6193,before,6193_before_clip_0000,ok,150,174.0,99.0,17.2,14.23,79.76,0,66.97,54.09,1.3,-0.28845478948001696,32.46,98.35,2.41,97.92,-0.43,98.19,0.99,POS+CHROM,12.876,165.8003,-12.876,31.382,984.8328,31.382,30.952,958.0046,30.952,31.217,974.4892,31.217
6193,before,6193_before_clip_0001,ok,150,174.0,99.0,17.2,34.46,61.86,0,77.74,54.0,1.24,0.06965145654224447,32.4,72.24,1.11,52.21,1.01,53.12,1.12,CHROM+DEEP,23.739,563.5348,-23.739,5.5,30.2521,-5.5,25.528,651.6671,-25.528,24.616,605.9583,-24.616
6193,before,6193_before_clip_0002,ok,150,174.0,99.0,17.2,8.73,79.8,0,86.67,54.22,1.28,-0.005494380163857884,32.38,74.58,5.17,75.07,2.43,74.77,3.8,POS+CHROM,32.456,1053.414,-32.456,12.094,146.2699,-12.094,11.602,134.6089,-11.602,11.903,141.6885,-11.903
6223,after,6223_after_clip_0000,ok,150,135.0,78.0,14.1,38.85,56.22,0,120.36,53.45,1.09,0.18432094649706066,31.96,92.13,-2.13,126.2,-2.24,83.27,-1.09,POS+CHROM+DEEP,66.907,4476.5424,-66.907,28.234,797.1666,-28.234,5.842,34.1273,5.842,37.089,1375.5739,-37.089
6223,after,6223_after_clip_0001,ok,150,135.0,78.0,14.1,52.44,43.84,0,110.57,53.51,1.34,-0.056974474516277365,31.9,90.67,0.01,90.19,0.27,90.42,0.14,POS+CHROM,57.057,3255.5274,-57.057,19.9,395.9923,-19.9,20.385,415.5648,-20.385,20.148,405.9327,-20.148
6223,after,6223_after_clip_0002,ok,150,135.0,78.0,14.1,47.6,40.18,0,71.19,53.46,1.16,0.16520656309488477,31.52,64.98,-2.03,68.0,-1.92,66.5,-1.97,POS+CHROM,17.724,314.1476,-17.724,6.21,38.5683,-6.21,3.187,10.1555,-3.187,4.684,21.9438,-4.684
6223,before,6223_before_clip_0000,ok,150,134.0,82.0,14.1,56.97,38.63,0,110.92,53.48,1.26,-0.17478173005755168,31.48,73.12,0.14,134.23,-4.36,75.06,-0.99,POS+CHROM+DEEP,57.446,3300.0869,-57.446,37.802,1429.0001,-37.802,23.306,543.1794,23.306,35.866,1286.3412,-35.866
6223,before,6223_before_clip_0001,ok,150,134.0,82.0,14.1,57.79,31.55,0,113.69,53.53,1.43,0.15615542961024848,31.11,93.08,1.05,90.82,-2.12,92.24,-0.53,POS+CHROM,60.154,3618.4896,-60.154,20.612,424.857,-20.612,22.87,523.0278,-22.87,21.45,460.0878,-21.45
6223,before,6223_before_clip_0002,ok,150,134.0,82.0,14.1,64.15,34.71,0,99.62,53.46,1.23,0.011190667153709134,31.48,94.74,-0.0,97.68,-0.18,96.19,-0.09,POS+CHROM,46.165,2131.2081,-46.165,4.878,23.7923,-4.878,1.943,3.7747,-1.943,3.432,11.7801,-3.432
6245,after,6245_after_clip_0000,ok,150,105.0,63.0,12.5,1.17,98.75,0,143.25,53.74,1.12,0.02378073494816337,33.54,77.29,3.73,77.53,3.22,77.4,3.47,POS+CHROM,89.512,8012.4152,-89.512,65.967,4351.6315,-65.967,65.726,4319.8439,-65.726,65.851,4336.3993,-65.851
6245,after,6245_after_clip_0001,ok,150,105.0,63.0,12.5,2.69,96.01,0,97.49,53.69,1.18,-0.02341303653401479,33.12,84.72,3.95,83.7,3.72,84.22,3.83,POS+CHROM,43.8,1918.478,-43.8,12.776,163.2254,-12.776,13.795,190.3007,-13.795,13.276,176.2456,-13.276
6245,after,6245_after_clip_0002,ok,150,105.0,63.0,12.5,1.17,98.67,0,104.68,53.65,1.12,-0.012741597036362044,33.07,85.25,4.38,83.23,1.67,84.47,3.02,POS+CHROM,51.032,2604.2952,-51.032,19.426,377.3595,-19.426,21.447,459.9589,-21.447,20.212,408.5169,-20.212
6245,before,6245_before_clip_0000,ok,150,99.0,59.0,12.5,3.53,94.04,0,78.56,53.63,1.01,-0.014012381183570606,33.35,85.8,0.64,74.58,-1.13,70.64,0.17,POS+CHROM+DEEP,24.928,621.406,-24.928,7.236,52.3554,7.236,3.987,15.899,-3.987,7.92,62.7288,-7.92
6245,before,6245_before_clip_0001,ok,150,99.0,59.0,12.5,2.06,94.83,0,118.77,53.69,1.02,-0.009815637520015843,33.32,78.36,2.01,81.14,2.05,79.75,2.03,POS+CHROM,65.08,4235.4292,-65.08,40.406,1632.6302,-40.406,37.631,1416.1217,-37.631,39.015,1522.146,-39.015
6245,before,6245_before_clip_0002,ok,150,99.0,59.0,12.5,1.34,98.01,0,61.7,53.67,1.0,0.054733655117737964,32.93,82.69,-3.41,103.25,-1.55,75.39,-1.32,POS+CHROM+DEEP,8.031,64.4978,-8.031,20.988,440.4754,20.988,41.556,1726.8968,41.556,13.688,187.3564,13.688
6255,after,6255_after_clip_0000,ok,150,160.0,90.0,17.1,35.5,39.09,0,84.21,53.66,1.31,0.2463770786433371,31.54,91.79,0.34,92.14,-2.28,91.93,-0.97,POS+CHROM,30.556,933.6504,-30.556,7.583,57.5024,7.583,7.925,62.7985,7.925,7.717,59.554,7.717
6255,after,6255_after_clip_0001,ok,150,160.0,90.0,17.1,58.56,34.9,0,102.9,53.51,1.35,-0.23351825279096758,31.47,97.97,0.11,91.9,-2.72,95.64,-1.3,POS+CHROM,49.395,2439.8449,-49.395,4.929,24.2911,-4.929,10.998,120.9537,-10.998,7.259,52.6976,-7.259
6255,after,6255_after_clip_0002,ok,150,160.0,90.0,17.1,56.89,18.8,1,65.42,53.64,1.29,-0.13897631211387365,31.14,96.7,4.27,103.53,-1.38,98.62,1.44,POS+CHROM,11.781,138.7872,-11.781,31.283,978.6272,31.283,38.118,1452.9531,38.118,33.2,1102.216,33.2
6255,before,6255_before_clip_0000,ok,150,156.0,79.0,17.1,7.88,80.16,0,93.33,53.46,1.09,0.0031099983334220414,31.6,76.7,3.55,76.56,2.68,76.63,3.12,POS+CHROM,39.861,1588.894,-39.861,16.627,276.4529,-16.627,16.767,281.1382,-16.767,16.692,278.621,-16.692
6255,before,6255_before_clip_0001,ok,150,156.0,79.0,17.1,4.32,94.77,0,127.5,53.79,1.28,-0.003246253894236477,31.21,79.08,3.31,80.61,1.77,79.75,2.54,POS+CHROM,73.717,5434.2589,-73.717,48.421,2344.5921,-48.421,46.9,2199.5905,-46.9,47.757,2280.7467,-47.757
6255,before,6255_before_clip_0002,ok,150,156.0,79.0,17.1,6.6,89.85,0,70.5,53.46,1.15,0.013487180003844093,31.05,80.1,3.3,81.01,0.02,80.43,1.66,POS+CHROM,17.045,290.5348,-17.045,9.594,92.044,9.594,10.512,110.5118,10.512,9.931,98.6219,9.931
6277,after,6277_after_clip_0000,ok,150,141.0,79.0,13.2,14.45,83.3,0,110.04,54.42,1.39,-0.030944314689567928,32.87,117.56,-4.5,85.26,-2.87,75.22,-1.99,POS+CHROM+DEEP,55.62,3093.5515,-55.62,7.521,56.5607,7.521,24.781,614.0951,-24.781,34.82,1212.462,-34.82
6277,after,6277_after_clip_0001,ok,150,141.0,79.0,13.2,1.46,96.21,0,131.84,54.45,1.58,-0.027995583246322845,36.4,103.7,-3.83,90.58,-1.4,75.29,-1.22,POS+CHROM+DEEP,77.387,5988.7185,-77.387,28.133,791.4883,-28.133,41.256,1702.0952,-41.256,56.546,3197.4906,-56.546
6277,after,6277_after_clip_0002,ok,150,141.0,79.0,13.2,3.62,95.94,0,108.31,54.26,1.05,0.038772546727686805,35.64,76.82,1.66,69.93,-0.96,74.12,0.35,POS+CHROM,54.049,2921.2419,-54.049,31.492,991.7499,-31.492,38.38,1473.0279,-38.38,34.197,1169.4356,-34.197
6277,before,6277_before_clip_0000,ok,150,116.0,76.0,13.2,15.88,83.1,0,112.7,54.69,1.37,0.05447393467413922,31.34,91.61,-4.12,115.65,-0.36,82.82,-1.04,POS+CHROM+DEEP,58.007,3364.8272,-58.007,21.087,444.6539,-21.087,2.951,8.7107,2.951,29.877,892.6128,-29.877
6277,before,6277_before_clip_0001,ok,150,116.0,76.0,13.2,22.53,75.69,0,119.29,54.28,0.86,0.04651603742383846,33.62,133.81,-1.62,94.88,-0.25,88.91,-0.34,POS+CHROM+DEEP,65.008,4226.0405,-65.008,14.519,210.8119,14.519,24.41,595.8676,-24.41,30.382,923.0856,-30.382
6277,before,6277_before_clip_0002,ok,150,116.0,76.0,13.2,8.1,81.66,0,107.98,54.48,1.23,0.1770435351006147,31.36,130.5,-1.36,130.84,-2.11,130.66,-1.74,POS+CHROM,53.505,2862.7357,-53.505,22.516,506.9796,22.516,22.854,522.322,22.854,22.675,514.1421,22.675
6281,after,6281_after_clip_0000,ok,150,147.0,76.0,13.1,59.12,23.05,1,80.75,54.46,1.42,-0.19317547036447663,33.32,114.88,-2.35,115.78,-2.47,115.33,-2.41,POS+CHROM,26.293,691.3069,-26.293,34.129,1164.8071,34.129,35.028,1226.9386,35.028,34.574,1195.3537,34.574
6281,after,6281_after_clip_0001,ok,150,147.0,76.0,13.1,68.23,20.01,1,72.8,54.35,1.22,-0.2605960436484696,33.29,114.74,-1.23,79.26,0.37,78.73,0.12,POS+CHROM+DEEP,18.453,340.4988,-18.453,41.941,1759.024,41.941,6.461,41.7417,6.461,5.934,35.2106,5.934
6281,after,6281_after_clip_0002,ok,150,147.0,76.0,13.1,67.25,29.7,1,120.23,54.43,1.43,-0.1645234661408495,33.31,88.36,-0.41,89.74,-0.05,89.07,-0.23,POS+CHROM,65.802,4329.9057,-65.802,31.87,1015.6887,-31.87,30.492,929.7468,-30.492,31.16,970.9632,-31.16
6281,before,6281_before_clip_0000,ok,150,116.0,72.0,13.1,14.05,83.36,0,107.81,53.44,1.18,0.037658855332317866,31.57,85.27,2.76,93.56,0.59,77.69,1.51,POS+CHROM+DEEP,54.368,2955.8325,-54.368,22.542,508.1622,-22.542,14.252,203.1167,-14.252,30.121,907.2744,-30.121
6281,before,6281_before_clip_0001,ok,150,116.0,72.0,13.1,15.53,76.99,0,83.81,53.39,1.2,-0.18091656045016777,31.96,122.56,-0.92,120.96,-0.51,121.73,-0.72,POS+CHROM,30.425,925.6731,-30.425,38.743,1501.014,38.743,37.148,1379.9896,37.148,37.918,1437.7607,37.918
6281,before,6281_before_clip_0002,ok,150,116.0,72.0,13.1,21.3,74.42,0,113.78,53.5,1.38,0.11211843090112741,31.58,99.57,-0.41,98.96,-0.82,99.28,-0.61,POS+CHROM,60.281,3633.8479,-60.281,14.207,201.8324,-14.207,14.82,219.6221,-14.82,14.503,210.328,-14.503
6289,after,6289_after_clip_0000,ok,150,103.0,64.0,13.2,42.38,50.58,0,130.16,53.54,1.19,-0.18671772982786522,32.19,106.43,2.82,107.03,-0.19,106.66,1.31,POS+CHROM,76.617,5870.0981,-76.617,23.727,562.9493,-23.727,23.13,534.9764,-23.13,23.501,552.3165,-23.501
6289,after,6289_after_clip_0001,ok,150,103.0,64.0,13.2,39.95,50.94,0,117.36,53.57,1.21,-0.0748937859796409,32.13,104.79,-1.89,106.42,-1.71,105.62,-1.8,POS+CHROM,63.789,4069.0252,-63.789,12.573,158.0702,-12.573,10.944,119.7693,-10.944,11.746,137.9737,-11.746
6289,after,6289_after_clip_0002,ok,150,103.0,64.0,13.2,61.87,27.41,1,99.74,53.52,1.24,0.10291867684706961,32.13,100.28,2.43,102.61,0.82,101.29,1.63,POS+CHROM,46.22,2136.2828,-46.22,0.531,0.2822,0.531,2.864,8.2012,2.864,1.542,2.3784,1.542
6289,before,6289_before_clip_0000,ok,150,102.0,69.0,13.2,36.02,7.57,0,82.82,53.46,1.05,-0.15236360975128108,32.05,96.52,-3.87,58.22,2.58,56.14,1.82,CHROM+DEEP,29.369,862.5552,-29.369,13.695,187.5436,13.695,24.61,605.6391,-24.61,26.687,712.1779,-26.687
6289,before,6289_before_clip_0001,ok,150,102.0,69.0,13.2,45.22,15.99,0,63.69,53.52,1.26,-0.36459550419978975,32.03,91.23,2.02,124.56,-1.06,85.88,0.74,POS+CHROM+DEEP,10.174,103.5087,-10.174,27.54,758.4622,27.54,60.869,3705.0087,60.869,22.189,492.3498,22.189
6289,before,6289_before_clip_0002,ok,150,102.0,69.0,13.2,47.35,43.21,0,72.89,53.53,1.25,0.02499011633193944,32.04,90.65,4.7,91.99,-0.54,91.04,2.08,POS+CHROM,19.363,374.9424,-19.363,17.76,315.4078,17.76,19.098,364.7275,19.098,18.154,329.5596,18.154
6304,after,6304_after_clip_0000,ok,150,119.0,78.0,13.9,8.86,87.54,0,134.24,54.27,1.05,-0.05164579647119562,33.39,74.47,5.5,74.2,1.86,74.38,3.68,POS+CHROM,79.963,6394.0124,-79.963,59.763,3571.5981,-59.763,60.032,3603.87,-60.032,59.858,3582.9609,-59.858
6304,after,6304_after_clip_0001,ok,150,119.0,78.0,13.9,14.74,82.83,0,102.54,54.24,1.08,-0.022727106536077936,33.39,71.74,1.96,60.81,2.05,57.78,1.56,CHROM+DEEP,48.305,2333.3499,-48.305,30.799,948.6011,-30.799,41.734,1741.7567,-41.734,44.756,2003.0855,-44.756
6304,after,6304_after_clip_0002,ok,150,119.0,78.0,13.9,4.51,94.88,0,99.21,54.25,1.07,-0.11141067571433608,33.42,63.76,3.09,65.64,2.78,64.68,2.94,POS+CHROM,44.963,2021.6533,-44.963,35.451,1256.7556,-35.451,33.572,1127.0846,-33.572,34.535,1192.6948,-34.535
6304,before,6304_before_clip_0000,ok,150,98.0,67.0,13.9,18.31,78.67,0,95.69,54.22,1.12,0.10376758636489075,33.04,73.42,2.84,76.81,-1.02,74.59,0.91,POS+CHROM,41.473,1720.0362,-41.473,22.273,496.0684,-22.273,18.885,356.627,-18.885,21.106,445.4791,-21.106
6304,before,6304_before_clip_0001,ok,150,98.0,67.0,13.9,14.49,84.04,0,97.53,54.21,1.05,-0.010210429329304996,33.47,72.07,0.76,67.42,2.44,69.42,1.6,POS+CHROM,43.322,1876.7756,-43.322,25.461,648.2803,-25.461,30.109,906.5759,-30.109,28.109,790.1019,-28.109
6304,before,6304_before_clip_0002,ok,150,98.0,67.0,13.9,15.46,72.43,0,69.14,54.26,1.08,-0.01213346229886871,33.46,76.79,0.47,135.87,-5.63,75.34,-1.36,POS+CHROM+DEEP,14.889,221.6792,-14.889,7.643,58.4195,7.643,66.724,4452.0487,66.724,6.199,38.4331,6.199
6307,after,6307_after_clip_0000,ok,150,136.0,78.0,14.8,23.31,71.11,0,65.43,53.17,1.48,0.07985217056523101,31.1,98.54,0.14,98.07,-3.01,98.37,-1.44,POS+CHROM,12.258,150.2592,-12.258,33.117,1096.719,33.117,32.642,1065.521,32.642,32.941,1085.077,32.941
6307,after,6307_after_clip_0001,ok,150,136.0,78.0,14.8,10.75,81.43,0,117.82,53.14,1.53,-0.14103129267685272,31.4,87.35,2.27,89.53,-1.08,88.15,0.6,POS+CHROM,64.686,4184.3344,-64.686,30.468,928.3221,-30.468,28.291,800.3636,-28.291,29.676,880.6809,-29.676
6307,after,6307_after_clip_0002,ok,150,136.0,78.0,14.8,30.53,58.16,0,99.53,53.22,1.45,-0.24032409304735186,31.13,80.74,0.99,79.15,0.86,79.95,0.92,POS+CHROM,46.31,2144.6546,-46.31,18.795,353.2376,-18.795,20.377,415.2114,-20.377,19.577,383.2433,-19.577
6307,before,6307_before_clip_0000,ok,150,119.0,64.0,14.8,17.35,73.21,0,89.52,53.7,1.23,-0.11588677431640189,32.13,129.09,0.58,126.69,1.88,127.76,1.23,POS+CHROM,35.819,1282.9762,-35.819,39.568,1565.6015,39.568,37.173,1381.8079,37.173,38.24,1462.3321,38.24
6307,before,6307_before_clip_0001,ok,150,119.0,64.0,14.8,10.69,80.48,0,99.42,53.6,1.21,-0.13911679971017488,31.77,75.03,1.42,74.55,-0.06,74.82,0.68,POS+CHROM,45.823,2099.7835,-45.823,24.391,594.9183,-24.391,24.871,618.5491,-24.871,24.601,605.2239,-24.601
6307,before,6307_before_clip_0002,ok,150,119.0,64.0,14.8,20.14,62.74,0,112.94,53.71,1.2,0.08527587767392376,32.16,72.16,-4.14,73.55,-4.03,72.86,-4.08,POS+CHROM,59.233,3508.5386,-59.233,40.778,1662.8285,-40.778,39.392,1551.7147,-39.392,40.079,1606.2971,-40.079
6329,after,6329_after_clip_0000,ok,150,121.0,79.0,15.7,24.21,69.52,0,123.56,53.87,0.5,-0.10568406577573666,35.83,73.64,-0.46,73.97,0.55,73.82,0.05,POS+CHROM,69.69,4856.683,-69.69,49.916,2491.6212,-49.916,49.585,2458.6999,-49.585,49.737,2473.758,-49.737
6329,after,6329_after_clip_0001,ok,150,121.0,79.0,15.7,20.76,78.9,0,128.53,55.92,1.7,-0.07112939161620714,36.65,85.84,-1.74,116.41,-0.31,82.3,-0.12,POS+CHROM+DEEP,72.618,5273.3376,-72.618,42.691,1822.5581,-42.691,12.126,147.0335,-12.126,46.233,2137.4633,-46.233
6329,after,6329_after_clip_0002,ok,150,121.0,79.0,15.7,27.41,60.33,0,113.23,53.25,0.7,-0.019462354849828615,32.01,75.75,-2.45,75.93,-1.47,75.85,-1.96,POS+CHROM,59.978,3597.419,-59.978,37.481,1404.8385,-37.481,37.294,1390.8781,-37.294,37.38,1397.2845,-37.38
6329,before,6329_before_clip_0000,ok,150,106.0,70.0,15.7,44.51,28.16,0,62.77,52.77,1.33,-0.09260860429031594,30.8,102.38,1.5,103.29,-0.37,102.77,0.57,POS+CHROM,10.003,100.0569,-10.003,39.613,1569.174,39.613,40.521,1641.9873,40.521,39.997,1599.7355,39.997
6329,before,6329_before_clip_0001,ok,150,106.0,70.0,15.7,37.35,49.16,0,133.06,52.6,1.06,0.051725010277885286,30.65,88.72,0.22,65.18,-1.87,68.35,-0.2,POS+CHROM+DEEP,80.458,6473.4885,-80.458,44.337,1965.7528,-44.337,67.881,4607.8747,-67.881,64.703,4186.5209,-64.703
6329,before,6329_before_clip_0002,ok,150,106.0,70.0,15.7,57.56,26.98,1,115.95,52.59,1.12,-0.02449592582328298,30.89,86.12,2.46,78.89,1.21,82.88,1.84,POS+CHROM,63.368,4015.5128,-63.368,29.834,890.0507,-29.834,37.062,1373.6134,-37.062,33.074,1093.8733,-33.074
6334,after,6334_after_clip_0000,ok,150,115.0,81.0,13.6,70.67,23.11,1,125.66,54.04,1.24,0.2542563645250568,33.06,92.82,-0.48,92.71,-0.58,92.76,-0.53,POS+CHROM,71.618,5129.147,-71.618,32.839,1078.384,-32.839,32.954,1085.9512,-32.954,32.896,1082.1353,-32.896
6334,after,6334_after_clip_0001,ok,150,115.0,81.0,13.6,25.57,46.76,0,127.86,54.09,1.2,-0.015293863621591512,32.69,101.07,-3.88,100.11,-3.96,100.59,-3.92,POS+CHROM,73.769,5441.8692,-73.769,26.785,717.4124,-26.785,27.746,769.8461,-27.746,27.262,743.2238,-27.262
6334,after,6334_after_clip_0002,ok,150,115.0,81.0,13.6,51.28,35.41,0,121.06,53.9,1.09,-0.0858441634585233,33.08,62.56,-2.19,61.97,-1.78,62.25,-1.99,POS+CHROM,67.16,4510.4241,-67.16,58.506,3423.0079,-58.506,59.095,3492.2573,-59.095,58.811,3458.7263,-58.811
6334,before,6334_before_clip_0000,ok,150,115.0,81.0,13.6,12.63,74.39,0,110.7,54.11,1.18,0.05651064826489117,33.34,83.29,1.7,84.02,2.91,83.69,2.3,POS+CHROM,56.596,3203.1335,-56.596,27.42,751.831,-27.42,26.689,712.284,-26.689,27.017,729.9314,-27.017
6334,before,6334_before_clip_0001,ok,150,115.0,81.0,13.6,19.72,68.48,0,105.24,54.17,1.2,0.06587009899497155,32.57,96.81,3.7,96.64,1.55,96.74,2.63,POS+CHROM,51.065,2607.6142,-51.065,8.43,71.0675,-8.43,8.596,73.8967,-8.596,8.499,72.2247,-8.499
6334,before,6334_before_clip_0002,ok,150,115.0,81.0,13.6,41.13,37.01,0,64.99,54.15,1.18,0.015705867645818283,33.36,95.26,0.15,95.1,-0.13,95.18,0.01,POS+CHROM,10.835,117.3981,-10.835,30.276,916.6538,30.276,30.109,906.5491,30.109,30.195,911.7091,30.195
6340,after,6340_after_clip_0000,ok,150,114.0,67.0,12.8,4.69,94.86,0,93.57,53.94,1.12,0.015246648060294283,33.01,71.52,4.21,69.79,3.23,70.73,3.72,POS+CHROM,39.636,1570.9794,-39.636,22.055,486.4411,-22.055,23.783,565.627,-23.783,22.849,522.0796,-22.849
6340,after,6340_after_clip_0001,ok,150,114.0,67.0,12.8,2.23,97.3,0,90.12,54.11,1.04,-0.020246984185252944,33.1,76.36,4.01,76.37,2.54,76.37,3.28,POS+CHROM,36.011,1296.8213,-36.011,13.755,189.1935,-13.755,13.745,188.9121,-13.745,13.75,189.0699,-13.75
6340,after,6340_after_clip_0002,ok,150,114.0,67.0,12.8,2.87,96.88,0,76.57,53.85,0.87,-0.03253865371814984,33.5,80.03,0.57,80.89,-0.19,80.44,0.19,POS+CHROM,22.721,516.2385,-22.721,3.468,12.0269,3.468,4.328,18.7276,4.328,3.87,14.9803,3.87
6340,before,6340_before_clip_0000,ok,150,102.0,62.0,12.8,8.9,88.6,0,87.16,53.58,1.13,-0.02351297586956884,33.48,73.2,3.34,72.07,3.53,72.63,3.44,POS+CHROM,33.575,1127.269,-33.575,13.952,194.6611,-13.952,15.084,227.5341,-15.084,14.527,211.0463,-14.527
6340,before,6340_before_clip_0001,ok,150,102.0,62.0,12.8,6.28,91.16,0,91.28,53.58,1.14,0.03963907935717309,33.06,83.55,1.18,82.8,0.66,83.19,0.92,POS+CHROM,37.699,1421.2104,-37.699,7.724,59.6606,-7.724,8.48,71.9161,-8.48,8.086,65.3815,-8.086
6340,before,6340_before_clip_0002,ok,150,102.0,62.0,12.8,3.35,95.75,0,130.51,53.59,1.13,-0.003573429223485914,32.7,82.91,0.61,82.09,0.99,82.49,0.8,POS+CHROM,76.923,5917.167,-76.923,47.607,2266.442,-47.607,48.424,2344.8575,-48.424,48.028,2306.7317,-48.028
6354,after,6354_after_clip_0000,ok,150,114.0,85.0,13.9,17.55,52.55,0,96.3,53.83,1.23,0.0007490639524574288,32.08,81.91,3.0,81.61,0.28,81.79,1.64,POS+CHROM,42.465,1803.295,-42.465,14.388,207.0227,-14.388,14.69,215.7912,-14.69,14.505,210.4086,-14.505
6354,after,6354_after_clip_0001,ok,150,114.0,85.0,13.9,20.22,73.71,0,109.24,53.72,1.25,-0.014344734362773698,32.03,87.92,-0.49,85.9,-2.34,87.07,-1.41,POS+CHROM,55.522,3082.7396,-55.522,21.323,454.6766,-21.323,23.341,544.8062,-23.341,22.177,491.8334,-22.177
6354,after,6354_after_clip_0002,ok,150,114.0,85.0,13.9,2.7,95.17,0,112.04,54.07,1.31,0.08423262113238282,32.18,96.52,0.58,94.68,-1.14,95.73,-0.28,POS+CHROM,57.969,3360.3778,-57.969,15.521,240.9125,-15.521,17.353,301.1421,-17.353,16.307,265.9104,-16.307
6354,before,6354_before_clip_0000,ok,150,128.0,78.0,13.9,27.29,65.15,0,97.5,53.45,0.88,-0.11172761222709798,33.66,97.31,-1.34,93.26,-0.14,95.08,-0.74,POS+CHROM,44.054,1940.7236,-44.054,0.193,0.0372,-0.193,4.237,17.9532,-4.237,2.417,5.8422,-2.417
6354,before,6354_before_clip_0001,ok,150,128.0,78.0,13.9,45.81,49.42,0,84.81,54.06,1.33,-0.08814118202067332,32.17,85.23,1.39,82.15,0.16,83.85,0.77,POS+CHROM,30.748,945.4199,-30.748,0.417,0.1741,0.417,2.661,7.0819,-2.661,0.965,0.9317,-0.965
6354,before,6354_before_clip_0002,ok,150,128.0,78.0,13.9,17.9,79.11,0,118.29,53.51,1.03,-0.10582673966308745,33.22,80.51,4.09,78.56,2.2,79.69,3.15,POS+CHROM,64.783,4196.798,-64.783,37.779,1427.2537,-37.779,39.728,1578.3201,-39.728,38.601,1490.0672,-38.601
6361,after,6361_after_clip_0000,ok,150,139.0,96.0,11.3,31.49,47.91,0,113.6,53.64,1.03,-0.0719582553650993,36.49,57.83,-0.67,79.4,3.19,55.44,0.18,POS+DEEP,59.964,3595.6219,-59.964,55.766,3109.86,-55.766,34.196,1169.3554,-34.196,58.159,3382.5186,-58.159
6361,after,6361_after_clip_0001,ok,150,139.0,96.0,11.3,49.89,48.06,0,91.43,53.87,1.11,-0.07718931651310473,31.05,137.98,-3.97,57.88,-2.23,55.33,-0.56,CHROM+DEEP,37.562,1410.8853,-37.562,46.541,2166.0683,46.541,33.559,1126.1948,-33.559,36.103,1303.4417,-36.103
6361,after,6361_after_clip_0002,ok,150,139.0,96.0,11.3,18.43,72.73,0,120.6,53.49,1.02,0.27380095766546997,36.45,71.32,1.29,70.94,1.38,71.13,1.34,POS+CHROM,67.111,4503.9127,-67.111,49.287,2429.1953,-49.287,49.663,2466.4202,-49.663,49.476,2447.9094,-49.476
6361,before,6361_before_clip_0000,ok,150,118.0,77.0,11.3,13.71,84.47,0,116.77,53.71,1.32,-0.025916031798207232,31.58,84.96,-0.22,104.87,-1.75,76.81,-0.22,POS+CHROM+DEEP,63.055,3975.9039,-63.055,31.808,1011.7514,-31.808,11.897,141.5489,-11.897,39.958,1596.6299,-39.958
6361,before,6361_before_clip_0001,ok,150,118.0,77.0,11.3,28.41,52.08,0,111.82,53.45,1.14,-0.12537280166628556,32.02,74.74,-2.51,110.1,0.06,78.2,-0.44,POS+CHROM+DEEP,58.369,3406.9747,-58.369,37.082,1375.1014,-37.082,1.725,2.9758,-1.725,33.627,1130.7797,-33.627
6361,before,6361_before_clip_0002,ok,150,118.0,77.0,11.3,19.49,77.29,0,104.53,53.49,1.29,-0.06347120061125049,31.59,62.03,-3.28,79.0,-2.69,62.14,-1.56,POS+CHROM+DEEP,51.038,2604.8459,-51.038,42.501,1806.3054,-42.501,25.53,651.7595,-25.53,42.397,1797.4946,-42.397
6368,after,6368_after_clip_0000,ok,150,115.0,101.0,15.1,36.72,60.56,0,129.39,53.49,1.57,-0.14205377527682478,30.74,95.0,4.53,97.16,1.97,95.85,3.25,POS+CHROM,75.896,5760.2435,-75.896,34.386,1182.4056,-34.386,32.223,1038.3183,-32.223,33.532,1124.4207,-33.532
6368,after,6368_after_clip_0001,ok,150,115.0,101.0,15.1,26.38,69.91,0,116.03,53.62,1.55,-0.07166327066600221,31.14,96.03,-1.47,75.35,-1.72,71.12,-0.55,POS+CHROM+DEEP,62.409,3894.8623,-62.409,19.999,399.9521,-19.999,40.68,1654.8238,-40.68,44.911,2016.96,-44.911
6368,after,6368_after_clip_0002,ok,150,115.0,101.0,15.1,28.17,66.33,0,123.59,53.16,1.39,0.03733943233998301,31.43,92.46,-1.07,88.45,-0.18,90.3,-0.63,POS+CHROM,70.43,4960.3977,-70.43,31.129,969.0239,-31.129,35.143,1235.0481,-35.143,33.285,1107.9081,-33.285
6368,before,6368_before_clip_0000,ok,150,128.0,65.0,15.1,11.14,84.51,0,64.13,53.62,1.36,-0.012837036220809218,31.25,68.48,3.51,66.36,1.82,67.57,2.66,POS+CHROM,10.502,110.292,-10.502,4.353,18.9527,4.353,2.238,5.0077,2.238,3.444,11.8633,3.444
6368,before,6368_before_clip_0001,ok,150,128.0,65.0,15.1,8.04,83.87,0,106.78,53.64,1.36,0.06102238552679792,31.24,74.32,4.47,74.09,4.37,74.21,4.42,POS+CHROM,53.138,2823.6359,-53.138,32.458,1053.5052,-32.458,32.69,1068.62,-32.69,32.573,1060.9869,-32.573
6368,before,6368_before_clip_0002,ok,150,128.0,65.0,15.1,3.36,94.87,0,71.87,53.63,1.38,0.0030661307622639046,31.23,74.41,5.46,74.63,4.46,74.51,4.96,POS+CHROM,18.237,332.5774,-18.237,2.542,6.4606,2.542,2.76,7.6154,2.76,2.642,6.978,2.642
6397,after,6397_after_clip_0000,ok,150,147.0,62.0,14.5,0.9,98.91,0,95.83,54.1,1.05,0.1277659809857847,32.57,55.6,4.31,55.85,2.21,55.3,2.52,POS+CHROM+DEEP,41.725,1740.9732,-41.725,40.226,1618.1335,-40.226,39.981,1598.4644,-39.981,40.532,1642.8124,-40.532
6397,after,6397_after_clip_0001,ok,150,147.0,62.0,14.5,8.84,91.06,0,131.54,54.08,1.06,0.03304516415838671,32.93,55.13,0.56,51.09,2.46,53.2,1.36,POS+CHROM+DEEP,77.467,6001.1349,-77.467,76.409,5838.3706,-76.409,80.456,6473.1707,-80.456,78.347,6138.1905,-78.347
6397,after,6397_after_clip_0002,ok,150,147.0,62.0,14.5,2.4,97.56,0,121.35,54.13,1.06,-0.017668454513345908,32.53,59.15,4.93,61.53,7.05,59.4,4.35,POS+CHROM+DEEP,67.216,4517.9263,-67.216,62.203,3869.1592,-62.203,59.822,3578.6573,-59.822,61.945,3837.2112,-61.945
6397,before,6397_before_clip_0000,ok,150,113.0,62.0,14.5,2.25,96.34,0,117.97,54.15,1.06,-0.01415231395127606,32.84,111.65,-4.75,50.78,0.8,52.5,0.93,CHROM+DEEP,63.822,4073.2778,-63.822,6.326,40.0129,-6.326,67.198,4515.593,-67.198,65.473,4286.7781,-65.473
6397,before,6397_before_clip_0001,ok,150,113.0,62.0,14.5,1.17,98.27,0,117.44,54.17,1.03,0.006215608503905918,33.59,112.21,-2.76,112.97,-7.53,112.45,-5.14,POS+CHROM,63.278,4004.1395,-63.278,5.231,27.3631,-5.231,4.475,20.0278,-4.475,4.996,24.9571,-4.996
6397,before,6397_before_clip_0002,ok,150,113.0,62.0,14.5,2.92,93.66,0,88.91,54.11,1.06,-0.027406244653669445,33.55,57.99,1.87,59.68,-3.32,56.82,-0.13,POS+CHROM+DEEP,34.805,1211.3616,-34.805,30.917,955.8512,-30.917,29.235,854.6657,-29.235,32.089,1029.6754,-32.089
6401,after,6401_after_clip_0000,ok,150,130.0,91.0,14.6,34.33,60.36,0,75.87,54.04,1.09,0.008401417500440385,33.13,83.13,-1.06,125.26,-3.79,78.27,-1.25,POS+CHROM+DEEP,21.824,476.2688,-21.824,7.267,52.8116,7.267,49.398,2440.1232,49.398,2.403,5.7731,2.403
6401,after,6401_after_clip_0001,ok,150,130.0,91.0,14.6,32.55,39.29,0,89.38,53.96,1.18,0.03222829772162551,32.73,93.97,2.09,94.22,-0.12,94.08,0.98,POS+CHROM,35.42,1254.5735,-35.42,4.595,21.1162,4.595,4.846,23.4856,4.846,4.698,22.0701,4.698
6401,after,6401_after_clip_0002,ok,150,130.0,91.0,14.6,26.49,52.45,0,70.45,54.02,1.16,0.2191177586556279,32.74,79.74,4.13,80.57,1.65,80.07,2.89,POS+CHROM,16.431,269.9674,-16.431,9.285,86.2136,9.285,10.114,102.2971,10.114,9.615,92.4517,9.615
6401,before,6401_before_clip_0000,ok,150,140.0,90.0,14.6,21.46,70.47,0,105.56,54.19,1.12,0.10148943175736051,33.38,81.57,0.35,84.74,-6.38,82.35,-3.01,POS+CHROM,51.376,2639.5212,-51.376,23.989,575.469,-23.989,20.818,433.3923,-20.818,23.209,538.6774,-23.209
6401,before,6401_before_clip_0001,ok,150,140.0,90.0,14.6,38.03,53.72,0,81.66,54.16,1.16,-0.04424685790865588,33.31,116.84,-0.43,121.6,-0.63,119.18,-0.53,POS+CHROM,27.503,756.4318,-27.503,35.173,1237.161,35.173,39.937,1594.9919,39.937,37.516,1407.4872,37.516
6401,before,6401_before_clip_0002,ok,150,140.0,90.0,14.6,10.08,83.34,0,124.81,54.1,1.14,-0.1929165712041749,33.32,74.91,-2.1,80.4,-2.56,77.55,-2.33,POS+CHROM,70.712,5000.2159,-70.712,49.903,2490.336,-49.903,44.413,1972.5189,-44.413,47.261,2233.647,-47.261
6411,after,6411_after_clip_0000,ok,150,130.0,65.0,13.2,6.8,92.43,0,88.84,54.0,1.1,0.02955528691151229,33.02,103.36,4.71,102.35,2.91,102.93,3.81,POS+CHROM,34.842,1213.9702,-34.842,14.513,210.6344,14.513,13.51,182.5305,13.51,14.087,198.4304,14.087
6411,after,6411_after_clip_0001,ok,150,130.0,65.0,13.2,7.46,89.04,0,84.3,53.88,0.9,0.05219857046792147,33.44,96.69,-0.16,98.36,-2.6,97.36,-1.38,POS+CHROM,30.418,925.2306,-30.418,12.399,153.7284,12.399,14.063,197.77,14.063,13.064,170.6626,13.064
6411,after,6411_after_clip_0002,ok,150,130.0,65.0,13.2,2.03,97.62,0,57.99,53.79,0.92,0.06964732359852689,34.22,103.37,2.97,102.44,1.05,102.98,2.01,POS+CHROM,4.2,17.6375,-4.2,45.382,2059.5137,45.382,44.45,1975.8449,44.45,44.99,2024.087,44.99
6411,before,6411_before_clip_0000,ok,150,112.0,64.0,13.2,23.57,23.31,0,76.58,53.7,1.07,-0.05705637495059177,33.22,77.21,2.81,80.16,1.14,78.48,1.98,POS+CHROM,22.885,523.738,-22.885,0.625,0.3912,0.625,3.574,12.7753,3.574,1.895,3.5917,1.895
6411,before,6411_before_clip_0001,ok,150,112.0,64.0,13.2,23.1,51.47,0,84.07,53.62,1.05,0.0687598408414152,33.26,88.06,4.7,59.82,-2.15,55.91,-0.55,CHROM+DEEP,30.454,927.4171,-30.454,3.987,15.8949,3.987,24.245,587.8358,-24.245,28.159,792.9247,-28.159
6411,before,6411_before_clip_0002,ok,150,112.0,64.0,13.2,29.3,63.96,0,70.16,53.64,1.07,0.12264864733286976,33.24,81.3,3.06,77.93,0.5,79.97,1.78,POS+CHROM,16.519,272.8648,-16.519,11.141,124.1231,11.141,7.77,60.3686,7.77,9.81,96.2306,9.81
6420,after,6420_after_clip_0000,ok,150,108.0,81.0,13.2,25.99,59.41,0,59.03,53.35,1.4,-0.11179533751105093,30.6,77.66,-0.24,79.81,-0.45,78.71,-0.35,POS+CHROM,5.68,32.2647,-5.68,18.631,347.0974,18.631,20.778,431.7192,20.778,19.685,387.5043,19.685
6420,after,6420_after_clip_0001,ok,150,108.0,81.0,13.2,54.25,28.28,1,114.98,53.29,1.35,0.0726603689703906,31.4,58.61,-1.54,91.61,-2.32,55.32,-0.1,POS+DEEP,61.694,3806.1538,-61.694,56.371,3177.7162,-56.371,23.376,546.4289,-23.376,59.662,3559.5402,-59.662
6420,after,6420_after_clip_0002,ok,150,108.0,81.0,13.2,50.0,12.79,1,70.6,53.09,1.38,0.0894212931576468,30.57,142.08,-4.3,56.3,-0.11,54.5,0.63,CHROM+DEEP,17.51,306.586,-17.51,71.48,5109.3964,71.48,14.308,204.7113,-14.308,16.107,259.4504,-16.107
6420,before,6420_before_clip_0000,ok,150,113.0,76.0,13.2,14.21,77.6,0,110.38,53.49,1.38,0.031910251257588305,31.47,112.01,-3.26,110.41,-0.35,111.02,-1.8,POS+CHROM,56.892,3236.7412,-56.892,1.626,2.6454,1.626,0.029,0.0008,0.029,0.638,0.4071,0.638
6420,before,6420_before_clip_0001,ok,150,113.0,76.0,13.2,6.87,86.96,0,89.63,53.65,1.51,-0.09421904639315408,31.1,83.39,0.63,84.86,1.42,84.18,1.02,POS+CHROM,35.979,1294.5132,-35.979,6.238,38.9105,-6.238,4.771,22.7668,-4.771,5.456,29.7701,-5.456
6420,before,6420_before_clip_0002,ok,150,113.0,76.0,13.2,28.29,51.5,0,110.03,53.55,1.47,-0.28659804015227847,31.11,76.84,2.35,75.98,-0.02,76.49,1.17,POS+CHROM,56.477,3189.7071,-56.477,33.186,1101.3072,-33.186,34.05,1159.3984,-34.05,33.534,1124.5293,-33.534
6422,after,6422_after_clip_0000,ok,150,110.0,76.0,12.8,5.23,91.65,0,84.6,53.8,1.05,-0.018147899011348983,32.87,82.24,1.97,101.09,-4.32,74.18,-0.43,POS+CHROM+DEEP,30.796,948.4205,-30.796,2.353,5.535,-2.353,16.496,272.1328,16.496,10.418,108.5251,-10.418
6422,after,6422_after_clip_0001,ok,150,110.0,76.0,12.8,18.3,76.21,0,83.65,53.75,1.01,-0.023339266590558426,32.88,79.33,3.52,66.39,0.29,68.45,1.61,POS+CHROM+DEEP,29.896,893.7627,-29.896,4.312,18.5955,-4.312,17.259,297.8558,-17.259,15.198,230.984,-15.198
6422,after,6422_after_clip_0002,ok,150,110.0,76.0,12.8,20.59,75.48,0,72.87,53.75,1.07,-0.018704175265663807,33.24,80.09,4.52,83.84,-1.71,81.07,1.41,POS+CHROM,19.125,365.7648,-19.125,7.218,52.1006,7.218,10.971,120.3652,10.971,8.199,67.2227,8.199
6422,before,6422_before_clip_0000,ok,150,111.0,80.0,12.8,4.58,90.43,0,81.16,54.36,1.19,0.023772486488820802,32.73,97.49,-4.88,112.59,-1.58,80.63,-1.76,POS+CHROM+DEEP,26.801,718.3009,-26.801,16.328,266.6112,16.328,31.432,987.9874,31.432,0.535,0.2866,-0.535
6422,before,6422_before_clip_0001,ok,150,111.0,80.0,12.8,9.04,89.7,0,75.19,54.44,1.38,0.18456190237120756,32.56,92.27,-0.12,129.13,-7.47,77.64,-2.07,POS+CHROM+DEEP,20.754,430.7115,-20.754,17.08,291.7141,17.08,53.94,2909.5656,53.94,2.448,5.992,2.448
6422,before,6422_before_clip_0002,ok,150,111.0,80.0,12.8,21.67,77.36,0,96.88,53.67,1.01,-0.009289491219400777,33.3,85.54,4.8,56.84,-2.28,54.83,-0.64,CHROM+DEEP,43.206,1866.7186,-43.206,11.339,128.5718,-11.339,40.036,1602.9076,-40.036,42.045,1767.7875,-42.045
6425,after,6425_after_clip_0000,ok,150,113.0,71.0,12.0,9.18,88.36,0,73.79,53.41,0.88,-0.08598255246148981,32.58,61.83,4.75,63.71,5.11,62.8,4.93,POS+CHROM,20.373,415.0784,-20.373,11.961,143.0726,-11.961,10.081,101.618,-10.081,10.993,120.8374,-10.993
6425,after,6425_after_clip_0001,ok,150,113.0,71.0,12.0,10.52,89.2,0,110.28,53.9,1.1,-0.019684133712549137,32.91,59.48,3.03,60.24,0.65,58.01,1.6,POS+CHROM+DEEP,56.374,3178.0013,-56.374,50.797,2580.3709,-50.797,50.04,2503.9867,-50.04,52.27,2732.11,-52.27
6425,after,6425_after_clip_0002,ok,150,113.0,71.0,12.0,9.82,85.25,0,60.5,54.03,1.18,0.08726611679551997,32.94,70.48,0.45,73.34,-0.9,71.75,-0.23,POS+CHROM,6.461,41.7405,-6.461,9.988,99.759,9.988,12.847,165.0365,12.847,11.257,126.7091,11.257
6425,before,6425_before_clip_0000,ok,150,119.0,68.0,12.0,18.75,71.91,0,82.08,53.91,1.36,-0.1798063088281137,31.17,71.53,-2.17,138.67,0.88,89.43,0.02,POS+CHROM+DEEP,28.167,793.4047,-28.167,10.542,111.1312,-10.542,56.599,3203.4778,56.599,7.351,54.039,7.351
6425,before,6425_before_clip_0001,ok,150,119.0,68.0,12.0,13.3,79.1,0,69.86,53.63,1.36,-0.07012274424729599,31.21,56.72,2.17,116.91,-3.91,55.28,1.77,POS+DEEP,16.231,263.4439,-16.231,13.144,172.7516,-13.144,47.049,2213.6237,47.049,14.584,212.6885,-14.584
6425,before,6425_before_clip_0002,ok,150,119.0,68.0,12.0,35.83,61.54,0,112.15,53.39,1.06,-0.09487090930430342,33.15,137.43,-4.99,109.09,-3.11,84.75,-2.35,POS+CHROM+DEEP,58.766,3453.4264,-58.766,25.28,639.0975,25.28,3.068,9.414,-3.068,27.402,750.8775,-27.402
6427,after,6427_after_clip_0000,ok,150,144.0,83.0,12.5,19.36,77.96,0,73.71,53.5,1.23,0.23249921652414263,32.89,124.48,-2.56,61.32,-1.6,56.51,-0.19,CHROM+DEEP,20.207,408.3189,-20.207,50.767,2577.2471,50.767,12.389,153.4807,-12.389,17.201,295.8826,-17.201
6427,after,6427_after_clip_0001,ok,150,144.0,83.0,12.5,37.88,50.28,0,101.18,53.67,1.17,0.17862438329777572,32.68,114.45,-4.12,114.99,-4.88,114.7,-4.5,POS+CHROM,47.506,2256.8455,-47.506,13.269,176.0551,13.269,13.809,190.6889,13.809,13.522,182.8372,13.522
6427,after,6427_after_clip_0002,ok,150,144.0,83.0,12.5,26.49,70.62,0,112.6,53.56,1.13,0.02519370413535433,32.72,104.22,3.23,104.69,1.5,104.42,2.36,POS+CHROM,59.039,3485.636,-59.039,8.382,70.2497,-8.382,7.915,62.6474,-7.915,8.182,66.9412,-8.182
6427,before,6427_before_clip_0000,ok,150,118.0,74.0,12.5,68.72,28.6,1,124.61,53.79,1.4,0.033247845654967446,30.94,91.38,3.25,91.07,2.77,91.23,3.01,POS+CHROM,70.828,5016.5939,-70.828,33.236,1104.6555,-33.236,33.547,1125.4277,-33.547,33.386,1114.6012,-33.386
6427,before,6427_before_clip_0001,ok,150,118.0,74.0,12.5,73.6,18.3,1,65.17,54.0,1.57,0.016309788130054296,32.12,58.04,-0.82,117.59,-3.27,55.62,0.37,POS+DEEP,11.167,124.6986,-11.167,7.13,50.8352,-7.13,52.421,2747.9829,52.421,9.545,91.0996,-9.545
6427,before,6427_before_clip_0002,ok,150,118.0,74.0,12.5,54.71,27.21,1,101.45,53.74,1.41,0.0030568615233156175,32.31,66.27,0.43,72.52,2.51,69.93,1.47,POS+CHROM,47.712,2276.402,-47.712,35.176,1237.3246,-35.176,28.933,837.0915,-28.933,31.519,993.4277,-31.519
6473,after,6473_after_clip_0000,ok,150,124.0,79.0,11.4,56.89,38.16,0,72.49,53.47,1.12,0.027291622479880158,31.63,113.15,-2.47,110.28,-3.77,111.87,-3.12,POS+CHROM,19.015,361.5642,-19.015,40.659,1653.1881,40.659,37.798,1428.6834,37.798,39.383,1551.0231,39.383
6473,after,6473_after_clip_0001,ok,150,124.0,79.0,11.4,31.91,34.8,0,96.91,53.46,1.16,0.17876234508024924,31.97,94.43,-0.93,100.53,-2.59,97.07,-1.76,POS+CHROM,43.443,1887.2691,-43.443,2.47,6.1033,-2.47,3.628,13.1631,3.628,0.161,0.0258,0.161
6473,after,6473_after_clip_0002,ok,150,124.0,79.0,11.4,40.73,41.89,0,86.86,53.43,1.15,-0.07418105273475538,31.95,127.26,-0.28,102.07,0.33,91.23,0.4,POS+CHROM+DEEP,33.436,1117.9775,-33.436,40.394,1631.6807,40.394,15.213,231.4291,15.213,4.373,19.1234,4.373
6473,before,6473_before_clip_0000,ok,150,108.0,74.0,11.4,20.7,75.7,0,93.0,53.36,1.17,0.08584042420962508,31.76,119.42,-2.09,95.02,-2.65,81.99,-1.19,POS+CHROM+DEEP,39.642,1571.4693,-39.642,26.418,697.9342,26.418,2.019,4.0748,2.019,11.012,121.2579,-11.012
6473,before,6473_before_clip_0001,ok,150,108.0,74.0,11.4,61.95,35.63,0,101.83,53.45,1.15,-0.1810789894197436,31.93,88.0,-2.86,110.26,-0.89,79.59,-0.87,POS+CHROM+DEEP,48.382,2340.7809,-48.382,13.832,191.3309,-13.832,8.428,71.0358,8.428,22.245,494.8481,-22.245
6473,before,6473_before_clip_0002,ok,150,108.0,74.0,11.4,58.19,25.81,1,105.78,53.48,1.29,0.2442376610241955,32.01,89.59,1.78,127.77,-6.91,78.32,-1.28,POS+CHROM+DEEP,52.296,2734.9086,-52.296,16.185,261.9649,-16.185,21.991,483.6151,21.991,27.457,753.8871,-27.457
6477,after,6477_after_clip_0000,ok,150,112.0,71.0,11.5,72.92,21.94,1,119.58,53.88,0.98,0.013229418107086312,33.24,109.71,3.22,111.51,1.68,110.49,2.45,POS+CHROM,65.709,4317.6109,-65.709,9.875,97.5216,-9.875,8.078,65.2607,-8.078,9.091,82.6553,-9.091
6477,after,6477_after_clip_0001,ok,150,112.0,71.0,11.5,52.2,31.57,0,126.61,53.85,0.96,-0.15300259790731333,34.0,91.65,-2.43,93.68,-3.66,92.56,-3.04,POS+CHROM,72.76,5293.9638,-72.76,34.956,1221.901,-34.956,32.926,1084.131,-32.926,34.045,1159.0349,-34.045
6477,after,6477_after_clip_0002,ok,150,112.0,71.0,11.5,73.41,15.8,1,70.2,53.92,1.15,-0.04234859282883637,33.24,104.82,-0.98,74.57,-1.72,74.81,-0.51,POS+CHROM+DEEP,16.286,265.2304,-16.286,34.615,1198.2082,34.615,4.37,19.0987,4.37,4.607,21.2225,4.607
6477,before,6477_before_clip_0000,ok,150,114.0,76.0,11.5,57.0,25.96,1,62.87,54.05,1.16,0.18232584946856545,33.36,88.25,-1.63,85.28,-1.35,86.73,-1.49,POS+CHROM,8.819,77.7684,-8.819,25.383,644.298,25.383,22.404,501.9507,22.404,23.86,569.2865,23.86
6477,before,6477_before_clip_0001,ok,150,114.0,76.0,11.5,67.85,24.03,1,69.56,54.15,1.16,0.2194199050263479,33.32,85.54,-0.19,60.91,-0.05,57.19,0.56,CHROM+DEEP,15.414,237.5776,-15.414,15.973,255.1459,15.973,8.651,74.8426,-8.651,12.371,153.034,-12.371
6477,before,6477_before_clip_0002,ok,150,114.0,76.0,11.5,53.04,34.03,0,96.23,54.22,1.17,0.07261467683233155,33.28,94.24,1.53,93.09,2.17,93.63,1.85,POS+CHROM,42.006,1764.5351,-42.006,1.983,3.9339,-1.983,3.14,9.8594,-3.14,2.592,6.7198,-2.592
6495,after,6495_after_clip_0000,ok,150,150.0,50.0,15.7,2.87,96.33,0,83.4,53.76,1.14,-0.004846531385253101,32.53,82.3,1.8,81.87,1.64,82.08,1.72,POS+CHROM,29.64,878.5233,-29.64,1.104,1.2184,-1.104,1.536,2.3584,-1.536,1.317,1.7341,-1.317
6495,after,6495_after_clip_0001,ok,150,150.0,50.0,15.7,0.54,98.99,0,88.0,53.6,1.08,-0.0614304376285431,33.7,74.72,4.69,75.2,3.98,74.95,4.34,POS+CHROM,34.401,1183.425,-34.401,13.278,176.3105,-13.278,12.793,163.6584,-12.793,13.05,170.299,-13.05
6495,after,6495_after_clip_0002,ok,150,150.0,50.0,15.7,3.12,95.63,0,62.41,53.68,1.04,0.04974464721673321,33.35,63.7,3.86,62.73,2.69,63.26,3.28,POS+CHROM,8.73,76.2146,-8.73,1.286,1.654,1.286,0.325,0.1056,0.325,0.852,0.7259,0.852
6495,before,6495_before_clip_0000,ok,150,141.0,69.0,15.7,3.07,95.68,0,121.18,54.31,1.22,-0.046839076582637466,33.03,73.72,0.27,100.11,0.6,75.33,0.7,POS+CHROM+DEEP,66.867,4471.1399,-66.867,47.459,2252.3439,-47.459,21.067,443.8097,-21.067,45.855,2102.7198,-45.855
6495,before,6495_before_clip_0001,ok,150,141.0,69.0,15.7,2.14,95.28,0,126.19,54.14,1.08,-0.010457499252201985,33.47,82.36,-0.24,80.23,-1.78,81.43,-1.01,POS+CHROM,72.046,5190.5768,-72.046,43.826,1920.7251,-43.826,45.961,2112.4281,-45.961,44.757,2003.231,-44.757
6495,before,6495_before_clip_0002,ok,150,141.0,69.0,15.7,2.72,96.66,0,56.88,54.16,1.11,0.004927797415614007,33.45,68.39,-2.18,70.3,-3.11,69.27,-2.65,POS+CHROM,2.719,7.3921,-2.719,11.513,132.5596,11.513,13.425,180.2333,13.425,12.395,153.6481,12.395
6503,after,6503_after_clip_0000,ok,150,176.0,77.0,11.5,9.81,86.76,0,101.38,54.11,1.17,-0.06141084482224781,33.45,83.49,2.35,84.76,0.92,84.05,1.64,POS+CHROM,47.269,2234.3253,-47.269,17.891,320.07,-17.891,16.618,276.1728,-16.618,17.33,300.3192,-17.33
6503,after,6503_after_clip_0001,ok,150,176.0,77.0,11.5,10.79,85.17,0,105.99,54.19,1.14,0.1785488932966632,33.42,125.12,-3.58,67.68,-1.77,73.8,-1.4,POS+CHROM+DEEP,51.8,2683.2385,-51.8,19.127,365.8364,19.127,38.309,1467.5536,-38.309,32.192,1036.3386,-32.192
6503,after,6503_after_clip_0002,ok,150,176.0,77.0,11.5,12.44,85.06,0,98.47,54.14,1.11,0.15855404692218006,33.46,72.85,1.42,73.53,0.43,73.16,0.92,POS+CHROM,44.329,1965.0908,-44.329,25.62,656.3668,-25.62,24.938,621.8925,-24.938,25.307,640.4221,-25.307
6503,before,6503_before_clip_0000,ok,150,113.0,79.0,11.5,28.77,66.9,0,121.82,52.79,1.17,-0.048538619003052584,30.72,84.93,1.14,84.78,1.09,84.86,1.11,POS+CHROM,69.035,4765.8942,-69.035,36.888,1360.7114,-36.888,37.045,1372.323,-37.045,36.966,1366.4853,-36.966
6503,before,6503_before_clip_0001,ok,150,113.0,79.0,11.5,3.67,95.67,0,104.5,53.3,1.3,0.03718478904617319,30.95,74.56,0.86,76.12,1.25,75.36,1.05,POS+CHROM,51.199,2621.3737,-51.199,29.945,896.7072,-29.945,28.384,805.6477,-28.384,29.139,849.0762,-29.139
6503,before,6503_before_clip_0002,ok,150,113.0,79.0,11.5,5.74,93.6,0,125.35,53.71,1.5,0.05654719910086617,30.69,70.82,-1.68,64.15,-0.99,67.29,-1.33,POS+CHROM,71.642,5132.6447,-71.642,54.53,2973.4726,-54.53,61.205,3746.0066,-61.205,58.06,3371.0206,-58.06
6537,after,6537_after_clip_0000,ok,150,144.0,88.0,16.4,26.86,65.12,0,115.4,53.75,0.89,-0.17939111277876726,33.58,115.27,0.83,99.68,-0.44,88.75,0.43,POS+CHROM+DEEP,61.646,3800.2205,-61.646,0.125,0.0156,-0.125,15.72,247.1159,-15.72,26.649,710.1807,-26.649
6537,after,6537_after_clip_0001,ok,150,144.0,88.0,16.4,69.65,13.14,1,61.8,53.81,0.89,0.004627514602002304,33.17,123.19,0.96,124.42,1.1,123.81,1.03,POS+CHROM,7.99,63.8405,-7.99,61.394,3769.2778,61.394,62.622,3921.4565,62.622,62.015,3845.8901,62.015
6537,after,6537_after_clip_0002,ok,150,144.0,88.0,16.4,61.81,7.5,1,59.07,53.79,0.94,-0.09631433559148572,33.52,114.43,-1.22,133.71,4.04,106.04,1.25,POS+CHROM+DEEP,5.286,27.9404,-5.286,55.357,3064.3984,55.357,74.637,5570.712,74.637,46.965,2205.6907,46.965
6537,before,6537_before_clip_0000,ok,150,123.0,75.0,16.4,31.64,64.82,0,103.81,54.22,1.05,-0.1306178810245436,34.36,98.43,2.98,97.83,1.42,98.17,2.2,POS+CHROM,49.588,2459.008,-49.588,5.378,28.9181,-5.378,5.976,35.7131,-5.976,5.638,31.7889,-5.638
6537,before,6537_before_clip_0001,ok,150,123.0,75.0,16.4,10.09,87.14,0,132.84,54.16,1.03,-0.034730818893316515,34.32,96.55,-0.65,62.0,-0.72,57.51,0.15,CHROM+DEEP,78.685,6191.3825,-78.685,36.297,1317.4871,-36.297,70.844,5018.9076,-70.844,75.33,5674.5976,-75.33
6537,before,6537_before_clip_0002,ok,150,123.0,75.0,16.4,7.08,86.94,0,106.97,54.16,1.06,-0.0430198948362745,33.58,113.7,-1.07,121.49,-3.59,116.79,-2.33,POS+CHROM,52.806,2788.4336,-52.806,6.735,45.3542,6.735,14.52,210.8209,14.52,9.823,96.4913,9.823
6599,after,6599_after_clip_0000,ok,150,104.0,67.0,13.2,34.53,64.7,0,120.54,54.1,1.22,0.12746959314430248,33.43,94.63,0.02,91.68,0.79,93.06,0.4,POS+CHROM,66.441,4414.3803,-66.441,25.912,671.4327,-25.912,28.862,833.0279,-28.862,27.482,755.26,-27.482
6599,after,6599_after_clip_0001,ok,150,104.0,67.0,13.2,46.48,52.52,0,102.22,54.09,1.17,-0.07636110025099996,33.42,84.48,-2.76,84.17,-0.38,84.29,-1.57,POS+CHROM,48.123,2315.816,-48.123,17.736,314.5512,-17.736,18.049,325.7684,-18.049,17.923,321.2315,-17.923
6599,after,6599_after_clip_0002,ok,150,104.0,67.0,13.2,23.88,75.74,0,127.69,54.16,1.18,-0.08489507185954547,33.81,69.36,-0.93,72.87,1.12,71.41,0.1,POS+CHROM,73.533,5407.1109,-73.533,58.338,3403.2855,-58.338,54.818,3005.0679,-54.818,56.281,3167.5602,-56.281
6599,before,6599_before_clip_0000,ok,150,107.0,69.0,13.2,10.45,86.73,0,68.77,53.55,1.23,-0.021224028397856275,32.16,85.57,0.13,86.59,-1.0,86.03,-0.44,POS+CHROM,15.221,231.6758,-15.221,16.798,282.1815,16.798,17.812,317.2751,17.812,17.258,297.8364,17.258
6599,before,6599_before_clip_0001,ok,150,107.0,69.0,13.2,11.28,87.79,0,101.97,53.59,1.28,-0.13627589565685155,32.12,92.38,2.02,90.77,-2.49,91.87,-0.23,POS+CHROM,48.379,2340.5629,-48.379,9.587,91.9027,-9.587,11.204,125.537,-11.204,10.105,102.1114,-10.105
6599,before,6599_before_clip_0002,ok,150,107.0,69.0,13.2,41.04,56.79,0,122.11,53.62,1.27,-0.1613669329564083,32.16,95.28,1.17,98.21,1.34,96.77,1.26,POS+CHROM,68.493,4691.3218,-68.493,26.834,720.0457,-26.834,23.9,571.2032,-23.9,25.346,642.4008,-25.346
6604,after,6604_after_clip_0000,ok,150,125.0,77.0,12.4,43.39,40.16,0,98.34,53.1,1.49,-0.08821450952180165,30.55,108.0,2.03,108.01,1.46,108.01,1.75,POS+CHROM,45.234,2046.1122,-45.234,9.667,93.4499,9.667,9.673,93.564,9.673,9.67,93.5042,9.67
6604,after,6604_after_clip_0001,ok,150,125.0,77.0,12.4,55.94,37.95,0,103.54,52.96,1.33,-0.01577440080004835,30.87,104.65,0.64,102.41,2.62,103.35,1.63,POS+CHROM,50.583,2558.6022,-50.583,1.111,1.2345,1.111,1.13,1.2767,-1.13,0.193,0.0371,-0.193
6604,after,6604_after_clip_0002,ok,150,125.0,77.0,12.4,26.0,65.64,0,104.6,53.02,1.29,0.20360294843675003,30.57,90.78,-1.72,95.57,0.42,93.6,-0.65,POS+CHROM,51.574,2659.9274,-51.574,13.817,190.9219,-13.817,9.028,81.5097,-9.028,11.001,121.0201,-11.001
6604,before,6604_before_clip_0000,ok,150,119.0,75.0,12.4,27.83,56.4,0,124.73,53.23,1.18,-0.10274470472614468,32.29,71.19,-1.24,67.41,-0.89,69.25,-1.07,POS+CHROM,71.493,5111.2027,-71.493,53.534,2865.8615,-53.534,57.317,3285.2241,-57.317,55.481,3078.0879,-55.481
6604,before,6604_before_clip_0001,ok,150,119.0,75.0,12.4,46.03,30.86,0,104.46,53.47,1.07,-0.20460533403096148,31.23,62.14,0.88,62.64,0.37,62.38,0.62,POS+CHROM,50.987,2599.6692,-50.987,42.317,1790.6878,-42.317,41.817,1748.6342,-41.817,42.077,1770.4806,-42.077
6604,before,6604_before_clip_0002,ok,150,119.0,75.0,12.4,42.62,53.35,0,132.65,53.51,1.33,-0.12903492900364713,32.0,109.9,2.61,112.17,1.71,110.95,2.16,POS+CHROM,79.144,6263.7317,-79.144,22.751,517.5935,-22.751,20.481,419.4707,-20.481,21.701,470.9143,-21.701
6631,after,6631_after_clip_0000,ok,150,127.0,66.0,11.9,72.07,18.71,1,59.82,53.53,0.97,0.18601860882522064,31.17,90.05,2.33,89.93,-1.76,90.01,0.29,POS+CHROM,6.284,39.4876,-6.284,30.238,914.3072,30.238,30.11,906.5851,30.11,30.195,911.7104,30.195
6631,after,6631_after_clip_0001,ok,150,127.0,66.0,11.9,44.72,25.71,0,66.33,54.33,1.19,0.038573548785626646,33.28,94.41,3.37,95.05,3.83,94.74,3.6,POS+CHROM,11.994,143.8618,-11.994,28.087,788.8659,28.087,28.722,824.9632,28.722,28.417,807.5054,28.417
6631,after,6631_after_clip_0002,ok,150,127.0,66.0,11.9,31.34,63.87,0,110.04,54.07,1.2,0.07902725099914776,33.31,99.23,4.8,98.46,2.36,98.92,3.58,POS+CHROM,55.974,3133.0469,-55.974,10.809,116.8249,-10.809,11.585,134.2037,-11.585,11.119,123.6275,-11.119
6631,before,6631_before_clip_0000,ok,150,113.0,68.0,11.9,32.37,63.71,0,107.86,54.54,1.25,0.0019858217760373746,33.54,124.75,-0.96,97.22,-0.03,87.78,0.08,POS+CHROM+DEEP,53.314,2842.421,-53.314,16.89,285.2642,16.89,10.634,113.0727,-10.634,20.081,403.2651,-20.081
6631,before,6631_before_clip_0001,ok,150,113.0,68.0,11.9,14.68,84.97,0,110.78,54.29,0.78,-0.054588198208178604,32.52,109.17,-0.39,96.98,-0.36,84.66,0.01,POS+CHROM+DEEP,56.493,3191.4359,-56.493,1.611,2.5967,-1.611,13.803,190.5172,-13.803,26.123,682.4094,-26.123
6631,before,6631_before_clip_0002,ok,150,113.0,68.0,11.9,4.09,94.1,0,100.81,53.85,0.89,-0.305375710638292,31.97,94.47,-1.61,98.41,-1.85,96.4,-1.73,POS+CHROM,46.961,2205.3089,-46.961,6.348,40.2959,-6.348,2.404,5.7802,-2.404,4.415,19.491,-4.415
6667,after,6667_after_clip_0000,ok,150,124.0,73.0,11.7,28.67,40.3,0,105.33,53.19,1.44,0.09317619024236003,31.2,76.5,2.84,77.19,2.35,76.83,2.6,POS+CHROM,52.14,2718.5731,-52.14,28.823,830.744,-28.823,28.134,791.5297,-28.134,28.492,811.8158,-28.492
6667,after,6667_after_clip_0001,ok,150,124.0,73.0,11.7,20.23,73.61,0,67.81,53.25,1.46,0.038814306015855796,30.78,82.79,2.02,80.69,1.66,81.77,1.84,POS+CHROM,14.561,212.0088,-14.561,14.976,224.2756,14.976,12.874,165.7357,12.874,13.957,194.785,13.957
6667,after,6667_after_clip_0002,ok,150,124.0,73.0,11.7,24.34,70.06,0,68.92,53.2,1.46,0.07238851776090957,31.13,74.78,3.71,74.0,0.44,74.5,2.08,POS+CHROM,15.721,247.162,-15.721,5.857,34.3073,5.857,5.08,25.8113,5.08,5.572,31.0494,5.572
6667,before,6667_before_clip_0000,ok,150,118.0,69.0,11.7,25.98,68.35,0,128.06,53.52,1.11,-0.1409746045659631,33.12,103.78,-3.95,106.29,-4.1,105.02,-4.02,POS+CHROM,74.541,5556.4093,-74.541,24.277,589.3648,-24.277,21.766,473.7737,-21.766,23.037,530.7078,-23.037
6667,before,6667_before_clip_0001,ok,150,118.0,69.0,11.7,15.49,69.8,0,80.09,53.48,0.91,-0.055804589516828866,32.77,95.67,-1.1,95.08,-0.72,95.37,-0.91,POS+CHROM,26.611,708.1506,-26.611,15.588,242.9813,15.588,14.996,224.8661,14.996,15.282,233.5501,15.282
6667,before,6667_before_clip_0002,ok,150,118.0,69.0,11.7,2.74,72.02,0,104.49,53.57,1.16,-0.06056862134883724,33.14,89.02,2.46,91.81,1.88,90.35,2.17,POS+CHROM,50.92,2592.8034,-50.92,15.47,239.3267,-15.47,12.678,160.7356,-12.678,14.141,199.9789,-14.141
6678,after,6678_after_clip_0000,ok,150,132.0,83.0,14.0,10.38,80.67,0,99.24,53.22,1.12,-0.13036670144210372,32.07,71.53,1.8,73.02,1.16,72.24,1.48,POS+CHROM,46.028,2118.6203,-46.028,27.715,768.1103,-27.715,26.224,687.6795,-26.224,27.009,729.4768,-27.009
6678,after,6678_after_clip_0001,ok,150,132.0,83.0,14.0,15.9,64.99,0,103.55,53.25,1.16,-0.06035330641476341,31.65,64.49,3.74,64.19,4.73,64.33,4.23,POS+CHROM,50.301,2530.2196,-50.301,39.063,1525.8936,-39.063,39.368,1549.8735,-39.368,39.228,1538.8435,-39.228
6678,after,6678_after_clip_0002,ok,150,132.0,83.0,14.0,16.85,76.42,0,71.41,53.29,1.12,-0.03571480671604968,31.71,64.46,4.79,64.33,5.1,64.39,4.95,POS+CHROM,18.112,328.0518,-18.112,6.945,48.2265,-6.945,7.078,50.0949,-7.078,7.013,49.1808,-7.013
6678,before,6678_before_clip_0000,ok,150,128.0,84.0,14.0,7.39,86.52,0,86.64,53.53,1.08,-0.19171984374528878,33.33,65.87,4.76,64.86,2.68,65.45,3.72,POS+CHROM,33.116,1096.645,-33.116,20.777,431.6828,-20.777,21.781,474.4305,-21.781,21.193,449.1358,-21.193
6678,before,6678_before_clip_0001,ok,150,128.0,84.0,14.0,27.21,57.42,0,97.19,53.5,1.14,0.07126410932549947,33.7,60.4,2.36,59.32,3.4,58.1,2.3,POS+CHROM+DEEP,43.688,1908.6725,-43.688,36.795,1353.8483,-36.795,37.872,1434.256,-37.872,39.093,1528.2462,-39.093
6678,before,6678_before_clip_0002,ok,150,128.0,84.0,14.0,16.43,80.55,0,63.4,53.54,1.01,0.050145735111379944,33.35,59.28,-0.04,62.22,1.71,58.46,0.89,POS+CHROM+DEEP,9.86,97.2272,-9.86,4.125,17.0134,-4.125,1.178,1.3884,-1.178,4.943,24.436,-4.943
6698,after,6698_after_clip_0000,ok,150,128.0,77.0,12.8,15.44,80.98,0,96.57,53.6,1.15,0.06427310900553826,33.05,98.11,-3.0,61.55,0.24,57.27,0.7,CHROM+DEEP,42.971,1846.4641,-42.971,1.544,2.3833,1.544,35.023,1226.5931,-35.023,39.296,1544.2098,-39.296
6698,after,6698_after_clip_0001,ok,150,128.0,77.0,12.8,8.24,87.55,0,86.52,53.67,1.19,0.1316259826831251,32.68,88.23,0.42,81.83,0.29,85.06,0.35,POS+CHROM,32.852,1079.2591,-32.852,1.711,2.9272,1.711,4.695,22.0445,-4.695,1.458,2.1257,-1.458
6698,after,6698_after_clip_0002,ok,150,128.0,77.0,12.8,16.71,82.7,0,134.23,53.63,1.18,0.08073143182750288,32.65,83.38,-1.25,56.6,-2.52,54.67,-0.67,CHROM+DEEP,80.599,6496.1668,-80.599,50.846,2585.2985,-50.846,77.63,6026.398,-77.63,79.558,6329.5091,-79.558
6698,before,6698_before_clip_0000,ok,150,126.0,80.0,12.8,5.54,91.43,0,132.92,53.76,1.16,0.13434230364467983,32.97,63.44,-2.4,68.45,-1.47,66.14,-1.94,POS+CHROM,79.162,6266.6087,-79.162,69.475,4826.8142,-69.475,64.47,4156.3701,-64.47,66.779,4459.4341,-66.779
6698,before,6698_before_clip_0001,ok,150,126.0,80.0,12.8,8.34,87.93,0,63.37,53.75,1.2,0.024847072366686866,32.61,94.33,-3.63,90.29,-2.05,92.05,-2.84,POS+CHROM,9.625,92.6492,-9.625,30.962,958.6359,30.962,26.919,724.6326,26.919,28.675,822.2599,28.675
6698,before,6698_before_clip_0002,ok,150,126.0,80.0,12.8,6.0,93.32,0,106.72,53.69,1.19,-0.03976028865208668,33.0,83.9,-0.35,83.2,-1.1,83.57,-0.72,POS+CHROM,53.032,2812.4151,-53.032,22.818,520.6421,-22.818,23.52,553.2118,-23.52,23.147,535.7927,-23.147
6718,after,6718_after_clip_0000,ok,150,123.0,71.0,11.8,12.31,62.67,0,109.66,53.83,0.99,-0.0385967392749011,33.53,117.26,-5.09,81.8,-2.7,73.88,-2.27,POS+CHROM+DEEP,55.83,3116.9403,-55.83,7.602,57.7975,7.602,27.86,776.184,-27.86,35.783,1280.3879,-35.783
6718,after,6718_after_clip_0001,ok,150,123.0,71.0,11.8,26.57,29.68,0,64.3,53.8,0.95,0.05314455874697555,33.35,79.08,-1.14,86.55,0.1,83.2,-0.52,POS+CHROM,10.503,110.31,-10.503,14.782,218.4999,14.782,22.247,494.9234,22.247,18.899,357.1734,18.899
6718,after,6718_after_clip_0002,ok,150,123.0,71.0,11.8,13.12,62.96,0,80.09,53.97,0.97,-0.10243034509593459,34.03,127.93,-1.24,83.11,0.03,83.85,-0.08,POS+CHROM+DEEP,26.119,682.1844,-26.119,47.84,2288.6689,47.84,3.021,9.1259,3.021,3.76,14.1378,3.76
6718,before,6718_before_clip_0000,ok,150,136.0,82.0,11.8,31.67,58.71,0,113.1,53.87,1.01,-0.12325524625379798,33.22,131.53,-5.55,54.02,1.12,53.95,1.06,CHROM+DEEP,59.229,3508.0923,-59.229,18.431,339.6886,18.431,59.085,3491.0242,-59.085,59.156,3499.4716,-59.156
6718,before,6718_before_clip_0001,ok,150,136.0,82.0,11.8,51.1,46.5,0,80.24,54.08,1.17,0.07305462636839224,32.86,72.87,2.18,73.29,2.38,73.08,2.28,POS+CHROM,26.16,684.3324,-26.16,7.369,54.3044,-7.369,6.942,48.1962,-6.942,7.152,51.1533,-7.152
6718,before,6718_before_clip_0002,ok,150,136.0,82.0,11.8,18.32,78.65,0,80.92,53.9,1.04,0.25866236641682944,32.78,131.23,-1.03,81.75,-1.68,84.82,-0.56,POS+CHROM+DEEP,27.021,730.1525,-27.021,50.306,2530.7031,50.306,0.826,0.6819,0.826,3.897,15.1872,3.897
6725,after,6725_after_clip_0000,ok,150,121.0,81.0,12.1,17.68,69.53,0,131.33,53.77,0.67,-0.07884796221065536,36.78,78.89,-0.37,79.32,-0.96,79.09,-0.66,POS+CHROM,77.562,6015.799,-77.562,52.44,2749.9073,-52.44,52.011,2705.1172,-52.011,52.236,2728.5553,-52.236
6725,after,6725_after_clip_0001,ok,150,121.0,81.0,12.1,36.33,59.99,0,68.83,53.98,1.21,0.1200800542232959,32.73,62.26,-2.61,59.98,-2.11,57.7,-1.17,POS+CHROM+DEEP,14.85,220.5114,-14.85,6.575,43.2278,-6.575,8.847,78.2686,-8.847,11.129,123.8499,-11.129
6725,after,6725_after_clip_0002,ok,150,121.0,81.0,12.1,22.19,73.62,0,101.81,53.9,1.0,0.05249113170540297,32.88,102.4,-2.33,59.9,-2.46,56.06,-0.73,CHROM+DEEP,47.907,2295.0836,-47.907,0.593,0.3512,0.593,41.906,1756.0937,-41.906,45.748,2092.872,-45.748
6725,before,6725_before_clip_0000,ok,150,121.0,81.0,12.1,18.62,67.93,0,111.49,53.92,0.96,0.1742427931532202,33.0,74.53,0.29,83.26,-1.99,68.44,-0.25,POS+CHROM+DEEP,57.575,3314.87,-57.575,36.961,1366.1075,-36.961,28.235,797.2335,-28.235,43.053,1853.536,-43.053
6725,before,6725_before_clip_0001,ok,150,121.0,81.0,12.1,15.81,46.67,0,73.81,53.85,1.07,-0.11631962497777931,32.94,112.87,-2.65,56.48,0.01,55.05,0.54,CHROM+DEEP,19.962,398.4858,-19.962,39.063,1525.8812,39.063,17.329,300.2819,-17.329,18.761,351.9741,-18.761
6725,before,6725_before_clip_0002,ok,150,121.0,81.0,12.1,56.12,37.94,0,100.72,53.79,1.02,0.23652431187353126,32.95,94.23,-1.13,94.31,-4.14,94.26,-2.64,POS+CHROM,46.932,2202.6366,-46.932,6.495,42.1851,-6.495,6.415,41.1506,-6.415,6.465,41.7933,-6.465
6731,after,6731_after_clip_0000,ok,150,122.0,80.0,14.5,3.7,94.8,0,112.98,53.47,1.02,-0.009072124086812598,31.8,88.92,-2.66,83.83,0.86,85.65,-0.9,POS+CHROM,59.502,3540.449,-59.502,24.055,578.6484,-24.055,29.145,849.4307,-29.145,27.325,746.6751,-27.325
6731,after,6731_after_clip_0001,ok,150,122.0,80.0,14.5,3.25,96.66,0,117.3,53.57,1.26,0.0374537887731342,31.84,81.9,2.54,80.33,1.77,81.17,2.16,POS+CHROM,63.727,4061.1603,-63.727,35.391,1252.5465,-35.391,36.962,1366.1844,-36.962,36.126,1305.1194,-36.126
6731,after,6731_after_clip_0002,ok,150,122.0,80.0,14.5,5.63,93.63,0,127.38,53.59,1.21,0.11077393990339418,32.17,75.65,3.19,72.23,1.88,74.13,2.53,POS+CHROM,73.791,5445.0504,-73.791,51.728,2675.8326,-51.728,55.145,3040.9957,-55.145,53.251,2835.7078,-53.251
6731,before,6731_before_clip_0000,ok,150,113.0,76.0,14.5,31.69,50.37,0,111.8,53.66,1.24,-0.07631994203832501,32.28,88.57,0.07,85.57,0.44,87.03,0.26,POS+CHROM,58.141,3380.4265,-58.141,23.231,539.7008,-23.231,26.229,687.9581,-26.229,24.777,613.8765,-24.777
6731,before,6731_before_clip_0001,ok,150,113.0,76.0,14.5,17.72,59.72,0,99.71,53.7,1.19,0.025062110272017553,32.31,103.32,-1.71,62.06,1.36,68.52,0.28,POS+CHROM+DEEP,46.014,2117.2556,-46.014,3.613,13.0565,3.613,37.655,1417.8917,-37.655,31.193,973.0202,-31.193
6731,before,6731_before_clip_0002,ok,150,113.0,76.0,14.5,21.06,75.44,0,131.72,53.6,1.18,-0.13412698007737336,32.28,116.55,-4.13,93.52,-4.41,76.68,-2.45,POS+CHROM+DEEP,78.112,6101.4953,-78.112,15.164,229.9604,-15.164,38.196,1458.9246,-38.196,55.038,3029.217,-55.038
6737,after,6737_after_clip_0000,ok,150,129.0,66.0,12.5,52.71,11.26,1,90.0,53.98,1.11,-0.01588070824878211,33.55,65.69,-1.73,64.41,-0.01,64.96,-0.87,POS+CHROM,36.023,1297.624,-36.023,24.308,590.861,-24.308,25.588,654.7605,-25.588,25.039,626.9601,-25.039
6737,after,6737_after_clip_0001,ok,150,129.0,66.0,12.5,34.73,19.99,0,119.51,54.02,1.11,-0.2374029774624944,33.55,102.98,1.09,101.95,-1.88,102.59,-0.39,POS+CHROM,65.497,4289.8869,-65.497,16.532,273.3098,-16.532,17.564,308.49,-17.564,16.923,286.388,-16.923
6737,after,6737_after_clip_0002,ok,150,129.0,66.0,12.5,45.29,28.03,0,60.16,54.04,1.12,0.16419435535533913,33.16,101.21,2.56,100.64,0.89,100.96,1.73,POS+CHROM,6.114,37.3839,-6.114,41.049,1685.0136,41.049,40.484,1638.9444,40.484,40.805,1665.086,40.805
6737,before,6737_before_clip_0000,ok,150,115.0,74.0,12.5,42.86,33.15,0,112.89,54.04,1.1,0.276344925691642,33.65,108.1,2.37,112.76,0.09,110.0,1.23,POS+CHROM,58.853,3463.6839,-58.853,4.787,22.9167,-4.787,0.126,0.0159,-0.126,2.893,8.3712,-2.893
6737,before,6737_before_clip_0001,ok,150,115.0,74.0,12.5,59.64,19.49,1,69.8,54.07,1.11,0.08962110697922678,33.68,59.39,1.18,61.26,4.42,58.83,2.24,POS+CHROM+DEEP,15.731,247.4674,-15.731,10.405,108.2734,-10.405,8.538,72.9027,-8.538,10.962,120.1612,-10.962
6737,before,6737_before_clip_0002,ok,150,115.0,74.0,12.5,57.21,14.08,1,65.35,54.09,1.08,0.028423854708242473,33.64,109.34,2.2,112.98,-1.46,110.62,0.37,POS+CHROM,11.258,126.7349,-11.258,43.993,1935.3567,43.993,47.627,2268.2838,47.627,45.272,2049.5234,45.272
6750,after,6750_after_clip_0000,ok,150,140.0,79.0,15.6,24.09,73.83,0,115.91,53.46,0.75,3.8805692279633655e-05,33.9,108.7,0.91,108.53,0.48,108.62,0.69,POS+CHROM,62.446,3899.5276,-62.446,7.212,52.0058,-7.212,7.382,54.4894,-7.382,7.294,53.1956,-7.294
6750,after,6750_after_clip_0001,ok,150,140.0,79.0,15.6,4.76,94.5,0,89.3,53.57,1.09,0.07092029984273127,32.63,109.32,0.67,110.52,-0.18,109.88,0.25,POS+CHROM,35.729,1276.5316,-35.729,20.02,400.7861,20.02,21.224,450.4437,21.224,20.579,423.4974,20.579
6750,after,6750_after_clip_0002,ok,150,140.0,79.0,15.6,9.36,88.51,0,84.23,53.74,1.09,0.05587592313447908,32.85,112.95,-2.17,116.56,-2.8,114.66,-2.49,POS+CHROM,30.493,929.8526,-30.493,28.714,824.5088,28.714,32.328,1045.0796,32.328,30.426,925.7184,30.426
6750,before,6750_before_clip_0000,ok,150,107.0,69.0,15.6,5.11,93.74,0,90.82,53.65,1.18,0.02544447318044402,31.89,86.33,2.48,85.28,1.02,85.87,1.75,POS+CHROM,37.169,1381.5548,-37.169,4.494,20.1996,-4.494,5.542,30.7126,-5.542,4.955,24.549,-4.955
6750,before,6750_before_clip_0001,ok,150,107.0,69.0,15.6,4.89,91.22,0,85.41,53.75,1.29,-0.05224261335456541,32.19,86.6,-3.68,88.9,-5.04,87.62,-4.36,POS+CHROM,31.66,1002.3612,-31.66,1.187,1.4082,1.187,3.491,12.1836,3.491,2.208,4.8745,2.208
6750,before,6750_before_clip_0002,ok,150,107.0,69.0,15.6,4.34,94.41,0,110.32,53.5,1.27,0.025415009617207024,32.38,84.96,1.92,85.03,1.22,84.99,1.57,POS+CHROM,56.824,3228.9361,-56.824,25.366,643.4484,-25.366,25.29,639.6019,-25.29,25.331,641.6369,-25.331
6782,after,6782_after_clip_0000,ok,150,151.0,87.0,15.6,38.89,48.7,0,104.7,54.54,1.34,-0.09477758086070959,36.33,98.09,-0.79,63.82,-0.07,69.74,0.16,POS+CHROM+DEEP,50.155,2515.5346,-50.155,6.607,43.646,-6.607,40.875,1670.7369,-40.875,34.953,1221.7415,-34.953
6782,after,6782_after_clip_0001,ok,150,151.0,87.0,15.6,14.77,77.62,0,64.01,53.7,0.77,-0.008176255334044114,35.37,105.6,-4.44,54.32,-0.05,53.99,0.36,CHROM+DEEP,10.305,106.1933,-10.305,41.596,1730.2146,41.596,9.69,93.8883,-9.69,10.018,100.3672,-10.018
6782,after,6782_after_clip_0002,ok,150,151.0,87.0,15.6,15.0,76.97,0,64.56,54.65,1.47,-0.09415450913309556,33.12,73.92,-1.91,88.93,-1.9,68.91,-0.78,POS+CHROM+DEEP,9.906,98.135,-9.906,9.359,87.598,9.359,24.372,593.9835,24.372,4.347,18.8967,4.347
6782,before,6782_before_clip_0000,ok,150,136.0,79.0,15.6,11.96,85.04,0,99.44,53.74,0.69,-0.029702735443456755,33.93,116.19,-2.63,51.93,0.74,52.83,0.72,CHROM+DEEP,45.697,2088.1971,-45.697,16.759,280.8753,16.759,47.51,2257.2173,-47.51,46.607,2172.2244,-46.607
6782,before,6782_before_clip_0001,ok,150,136.0,79.0,15.6,9.64,85.45,0,82.76,53.95,1.18,0.017989721517931333,36.96,126.67,-0.81,128.45,-4.94,127.27,-2.87,POS+CHROM,28.812,830.1035,-28.812,43.913,1928.3257,43.913,45.687,2087.3438,45.687,44.506,1980.8,44.506
6782,before,6782_before_clip_0002,ok,150,136.0,79.0,15.6,5.71,93.22,0,109.71,53.25,0.66,-0.14905525809348358,34.08,134.86,-3.78,71.05,-3.17,77.36,-2.1,POS+CHROM+DEEP,56.463,3188.0226,-56.463,25.15,632.5097,25.15,38.659,1494.5172,-38.659,32.351,1046.5757,-32.351
6803,after,6803_after_clip_0000,ok,150,117.0,75.0,13.4,31.29,67.02,0,105.71,53.71,0.91,0.007079507380423542,33.54,106.15,0.15,106.15,-0.65,106.15,-0.25,POS+CHROM,51.999,2703.9249,-51.999,0.437,0.1908,0.437,0.437,0.1906,0.437,0.437,0.1907,0.437
6803,after,6803_after_clip_0001,ok,150,117.0,75.0,13.4,27.62,70.88,0,111.98,53.71,0.8,0.12055062312302743,33.65,110.32,-0.73,107.55,1.08,108.73,0.17,POS+CHROM,58.27,3395.3643,-58.27,1.662,2.7615,-1.662,4.436,19.6745,-4.436,3.256,10.5992,-3.256
6803,after,6803_after_clip_0002,ok,150,117.0,75.0,13.4,23.61,74.91,0,117.04,53.76,1.06,-0.023376711408834766,33.02,96.67,1.84,98.35,0.84,97.44,1.34,POS+CHROM,63.282,4004.6675,-63.282,20.373,415.0683,-20.373,18.69,349.3181,-18.69,19.602,384.2287,-19.602
6803,before,6803_before_clip_0000,ok,150,110.0,77.0,13.4,18.06,79.47,0,119.21,53.93,1.14,0.25745450936776865,33.09,99.12,3.1,102.2,0.51,100.33,1.81,POS+CHROM,65.278,4261.1601,-65.278,20.084,403.3702,-20.084,17.002,289.0773,-17.002,18.871,356.1129,-18.871
6803,before,6803_before_clip_0001,ok,150,110.0,77.0,13.4,40.74,57.58,0,105.17,53.73,0.87,-0.22404476057622652,33.62,86.63,-0.47,67.78,-1.39,68.2,-0.33,POS+CHROM+DEEP,51.437,2645.7581,-51.437,18.542,343.8113,-18.542,37.384,1397.5544,-37.384,36.971,1366.8257,-36.971
6803,before,6803_before_clip_0002,ok,150,110.0,77.0,13.4,31.16,57.86,0,68.11,54.16,1.11,-0.16823349193582726,32.34,104.64,0.35,102.39,-2.12,103.74,-0.89,POS+CHROM,13.942,194.3717,-13.942,36.534,1334.72,36.534,34.281,1175.2026,34.281,35.636,1269.9433,35.636
6846,after,6846_after_clip_0000,ok,150,102.0,66.0,11.2,6.05,91.19,0,67.78,53.3,1.31,0.19631432520062594,30.99,72.63,0.19,66.03,1.21,69.05,0.7,POS+CHROM,14.481,209.7116,-14.481,4.853,23.5469,4.853,1.745,3.0466,-1.745,1.272,1.6185,1.272
6846,after,6846_after_clip_0001,ok,150,102.0,66.0,11.2,12.48,81.46,0,117.54,53.39,1.38,0.031787380483737526,30.99,73.79,2.23,72.65,-0.85,73.36,0.69,POS+CHROM,64.149,4115.0719,-64.149,43.756,1914.6167,-43.756,44.894,2015.4443,-44.894,44.182,1952.0822,-44.182
6846,after,6846_after_clip_0002,ok,150,102.0,66.0,11.2,2.74,95.16,0,111.46,53.36,1.36,0.0384787285818088,30.97,79.65,-0.08,90.8,0.47,73.35,0.58,POS+CHROM+DEEP,58.093,3374.7449,-58.093,31.809,1011.8041,-31.809,20.655,426.6382,-20.655,38.108,1452.2267,-38.108
6846,before,6846_before_clip_0000,ok,150,108.0,71.0,11.2,9.71,88.11,0,110.69,53.44,1.21,-0.10075782819633272,31.83,77.9,0.3,56.01,-2.3,54.36,-0.54,CHROM+DEEP,57.247,3277.2512,-57.247,32.789,1075.1261,-32.789,54.672,2988.9756,-54.672,56.325,3172.4914,-56.325
6846,before,6846_before_clip_0001,ok,150,108.0,71.0,11.2,14.38,81.77,0,115.56,53.39,1.24,0.09158993657431172,31.75,84.44,3.94,83.95,-0.64,84.28,1.65,POS+CHROM,62.177,3865.9839,-62.177,31.127,968.9096,-31.127,31.611,999.2446,-31.611,31.281,978.5006,-31.281
6846,before,6846_before_clip_0002,ok,150,108.0,71.0,11.2,28.56,56.64,0,66.86,53.48,1.22,0.12995070146213003,31.45,76.47,4.79,76.42,2.95,76.45,3.87,POS+CHROM,13.387,179.2188,-13.387,9.602,92.2053,9.602,9.555,91.2943,9.555,9.582,91.8187,9.582
6847,after,6847_after_clip_0000,ok,150,123.0,70.0,15.6,42.31,50.87,0,58.89,52.85,0.09,-0.02008392324505461,33.71,107.57,-3.01,88.71,-3.05,77.47,-1.99,POS+CHROM+DEEP,6.036,36.4336,-6.036,48.684,2370.158,48.684,29.821,889.2887,29.821,18.577,345.1219,18.577
6847,after,6847_after_clip_0001,ok,150,123.0,70.0,15.6,24.83,63.12,0,116.37,54.72,1.75,-0.02617400016293336,36.72,92.5,0.1,93.76,-0.49,93.1,-0.2,POS+CHROM,61.651,3800.8255,-61.651,23.871,569.8109,-23.871,22.606,511.0229,-22.606,23.27,541.4706,-23.27
6847,after,6847_after_clip_0002,ok,150,123.0,70.0,15.6,27.53,66.77,0,137.08,54.35,1.28,-0.03254137904257496,32.9,75.09,-2.08,70.07,-2.95,72.76,-2.52,POS+CHROM,82.733,6844.7608,-82.733,61.997,3843.625,-61.997,67.017,4491.3062,-67.017,64.325,4137.7208,-64.325
6847,before,6847_before_clip_0000,ok,150,99.0,57.0,15.6,2.76,95.77,0,94.03,54.16,1.31,0.014664902916034,33.2,69.4,0.24,68.99,-0.52,69.21,-0.14,POS+CHROM,39.866,1589.2857,-39.866,24.63,606.6372,-24.63,25.036,626.7878,-25.036,24.82,616.0312,-24.82
6847,before,6847_before_clip_0001,ok,150,99.0,57.0,15.6,2.96,96.76,0,126.12,54.29,1.33,-0.002501125741909097,33.21,75.38,1.9,75.16,1.09,75.28,1.49,POS+CHROM,71.826,5158.9599,-71.826,50.741,2574.6048,-50.741,50.954,2596.2822,-50.954,50.84,2584.6973,-50.84
6847,before,6847_before_clip_0002,ok,150,99.0,57.0,15.6,8.82,89.26,0,95.86,54.24,1.29,-0.012601220268735083,33.2,82.63,-1.1,79.92,-2.15,81.39,-1.62,POS+CHROM,41.619,1732.1315,-41.619,13.232,175.0892,-13.232,15.944,254.2074,-15.944,14.469,209.3597,-14.469
6856,after,6856_after_clip_0000,ok,150,96.0,67.0,15.3,21.3,71.87,0,102.43,53.38,1.33,0.05130931006651031,30.55,91.56,-1.62,90.43,-3.76,91.1,-2.69,POS+CHROM,49.047,2405.5822,-49.047,10.865,118.0521,-10.865,11.996,143.8967,-11.996,11.331,128.382,-11.331
6856,after,6856_after_clip_0001,ok,150,96.0,67.0,15.3,4.7,94.48,0,114.13,53.22,1.25,-0.00192603958920771,30.88,95.82,-0.22,83.62,-0.25,75.47,0.26,POS+CHROM+DEEP,60.913,3710.4349,-60.913,18.318,335.5658,-18.318,30.517,931.2689,-30.517,38.66,1494.5659,-38.66
6856,after,6856_after_clip_0002,ok,150,96.0,67.0,15.3,4.13,94.76,0,110.19,53.31,1.28,0.0039643915419302605,30.6,63.12,-1.38,99.64,-1.16,69.41,-0.42,POS+CHROM+DEEP,56.88,3235.3554,-56.88,47.072,2215.8152,-47.072,10.553,111.3737,-10.553,40.781,1663.0658,-40.781
6856,before,6856_before_clip_0000,ok,150,108.0,72.0,15.3,7.94,89.25,0,109.99,54.4,1.63,-0.19837863793024801,32.99,112.23,1.51,114.25,2.95,113.36,2.23,POS+CHROM,55.591,3090.3906,-55.591,2.246,5.045,2.246,4.26,18.1449,4.26,3.373,11.3785,3.373
6856,before,6856_before_clip_0001,ok,150,108.0,72.0,15.3,29.96,69.05,0,99.2,54.19,1.42,-0.014141767961107698,32.92,93.32,-4.34,134.9,-6.99,75.58,-3.3,POS+CHROM+DEEP,45.012,2026.0797,-45.012,5.876,34.5278,-5.876,35.698,1274.3765,35.698,23.619,557.8785,-23.619
6856,before,6856_before_clip_0002,ok,150,108.0,72.0,15.3,4.88,94.33,0,88.89,54.22,1.46,0.056531389553573126,32.97,58.45,-0.88,58.24,0.22,56.68,0.27,POS+CHROM+DEEP,34.674,1202.2854,-34.674,30.444,926.8236,-30.444,30.658,939.9407,-30.658,32.213,1037.6929,-32.213
6880,after,6880_after_clip_0000,ok,150,130.0,90.0,14.7,3.71,95.02,0,98.57,54.22,1.05,0.027420640321854817,33.46,74.41,3.41,74.82,-2.49,74.52,0.46,POS+CHROM,44.359,1967.7576,-44.359,24.164,583.922,-24.164,23.755,564.2804,-23.755,24.053,578.5423,-24.053
6880,after,6880_after_clip_0001,ok,150,130.0,90.0,14.7,1.52,97.9,0,59.42,54.13,1.09,-0.03040687482929115,33.36,74.16,4.64,73.88,2.53,74.04,3.58,POS+CHROM,5.293,28.0203,-5.293,14.737,217.1899,14.737,14.46,209.1028,14.46,14.623,213.8305,14.623
6880,after,6880_after_clip_0002,ok,150,130.0,90.0,14.7,1.8,97.42,0,54.92,54.17,1.13,-0.03164927747073428,33.33,74.52,4.93,77.55,2.95,75.78,3.94,POS+CHROM,0.754,0.5679,-0.754,19.594,383.9133,19.594,22.621,511.7206,22.621,20.86,435.1504,20.86
6880,before,6880_before_clip_0000,ok,150,128.0,96.0,14.7,9.98,88.08,0,66.77,54.06,1.02,-0.0006016915766772996,33.48,72.37,2.91,70.46,-0.21,71.66,1.35,POS+CHROM,12.715,161.6698,-12.715,5.598,31.3416,5.598,3.683,13.5659,3.683,4.885,23.8599,4.885
6880,before,6880_before_clip_0001,ok,150,128.0,96.0,14.7,2.91,95.89,0,84.04,54.05,1.08,0.023463311169940947,33.48,74.65,4.96,73.43,2.61,74.16,3.79,POS+CHROM,29.985,899.1146,-29.985,9.391,88.191,-9.391,10.602,112.4089,-10.602,9.879,97.5999,-9.879
6880,before,6880_before_clip_0002,ok,150,128.0,96.0,14.7,1.72,97.35,0,61.74,54.16,1.08,0.015949731959676552,33.4,75.33,2.86,73.8,1.04,74.68,1.95,POS+CHROM,7.58,57.4618,-7.58,13.59,184.7003,13.59,12.067,145.6005,12.067,12.943,167.5268,12.943
6916,after,6916_after_clip_0000,ok,150,108.0,70.0,12.5,20.97,76.85,0,93.28,53.73,1.02,-0.021112839068051902,32.75,81.33,0.84,80.53,0.86,80.93,0.85,POS+CHROM,39.547,1563.9794,-39.547,11.956,142.9538,-11.956,12.749,162.5365,-12.749,12.353,152.5995,-12.353
6916,after,6916_after_clip_0001,ok,150,108.0,70.0,12.5,4.65,94.64,0,100.26,53.79,1.12,-0.044379572283714766,32.27,85.87,-0.71,88.36,-0.91,87.1,-0.81,POS+CHROM,46.467,2159.1585,-46.467,14.385,206.9246,-14.385,11.897,141.5342,-11.897,13.162,173.2288,-13.162
6916,after,6916_after_clip_0002,ok,150,108.0,70.0,12.5,10.06,88.0,0,99.71,53.56,1.03,-0.016835919536370342,33.11,84.46,3.31,86.88,2.13,85.55,2.72,POS+CHROM,46.157,2130.4533,-46.157,15.253,232.6582,-15.253,12.836,164.7695,-12.836,14.163,200.6009,-14.163
6916,before,6916_before_clip_0000,ok,150,93.0,64.0,12.5,13.19,80.98,0,93.7,54.46,1.4,0.04630063364667381,36.76,62.71,-0.96,65.52,-0.52,64.17,-0.74,POS+CHROM,39.242,1539.936,-39.242,30.997,960.8398,-30.997,28.18,794.1025,-28.18,29.537,872.4372,-29.537
6916,before,6916_before_clip_0001,ok,150,93.0,64.0,12.5,11.51,87.07,0,89.19,53.79,1.05,0.007722937223663128,33.26,71.11,-2.4,126.37,-2.41,77.56,-1.25,POS+CHROM+DEEP,35.399,1253.0913,-35.399,18.08,326.9025,-18.08,37.186,1382.8044,37.186,11.627,135.1929,-11.627
6916,before,6916_before_clip_0002,ok,150,93.0,64.0,12.5,5.01,92.63,0,122.78,53.91,0.95,-0.21890958590566068,32.88,112.06,-1.88,109.3,-0.73,110.55,-1.31,POS+CHROM,68.869,4742.9584,-68.869,10.724,114.9971,-10.724,13.477,181.6238,-13.477,12.232,149.6202,-12.232
6923,after,6923_after_clip_0000,ok,150,138.0,82.0,13.3,19.82,77.09,0,137.93,53.34,1.13,0.20960904393074062,31.64,82.99,2.95,82.54,1.93,82.78,2.44,POS+CHROM,84.587,7155.0348,-84.587,54.942,3018.6759,-54.942,55.393,3068.4203,-55.393,55.149,3041.3897,-55.149
6923,after,6923_after_clip_0001,ok,150,138.0,82.0,13.3,32.87,30.52,0,112.05,53.69,1.27,-0.14955421667926677,31.68,84.64,2.63,89.15,1.24,86.63,1.93,POS+CHROM,58.359,3405.8011,-58.359,27.407,751.1423,-27.407,22.902,524.5024,-22.902,25.414,645.8778,-25.414
6923,after,6923_after_clip_0002,ok,150,138.0,82.0,13.3,22.01,76.15,0,121.71,53.7,1.33,-0.2829540351375562,31.29,91.53,-0.93,62.78,-1.68,67.43,-0.43,POS+CHROM+DEEP,68.011,4625.5107,-68.011,30.181,910.9112,-30.181,58.929,3472.6808,-58.929,54.283,2946.6188,-54.283
6923,before,6923_before_clip_0000,ok,150,130.0,78.0,13.3,6.98,92.17,0,132.89,53.27,1.42,0.017750407893780244,31.05,82.42,0.33,79.08,0.55,80.72,0.44,POS+CHROM,79.624,6339.9953,-79.624,50.474,2547.6381,-50.474,53.815,2896.0368,-53.815,52.174,2722.1536,-52.174
6923,before,6923_before_clip_0001,ok,150,130.0,78.0,13.3,1.87,97.74,0,84.5,52.99,1.2,-0.1094542901594068,31.4,80.88,0.45,82.92,-0.51,81.82,-0.03,POS+CHROM,31.518,993.3669,-31.518,3.623,13.1231,-3.623,1.58,2.4969,-1.58,2.683,7.1977,-2.683
6923,before,6923_before_clip_0002,ok,150,130.0,78.0,13.3,10.18,88.85,0,118.59,53.27,1.49,0.007970300287998236,31.11,77.13,4.67,78.33,2.28,77.61,3.48,POS+CHROM,65.318,4266.3851,-65.318,41.456,1718.5585,-41.456,40.264,1621.1567,-40.264,40.977,1679.1171,-40.977
6968,after,6968_after_clip_0000,ok,150,124.0,74.0,10.4,23.34,68.67,0,92.21,53.4,1.32,-0.0028852422497090613,31.32,87.33,2.76,90.44,3.95,89.04,3.35,POS+CHROM,38.808,1506.0909,-38.808,4.883,23.8418,-4.883,1.774,3.1454,-1.774,3.175,10.0786,-3.175
6968,after,6968_after_clip_0001,ok,150,124.0,74.0,10.4,7.1,80.78,0,85.28,53.26,1.33,0.019896691713293658,30.54,76.33,3.02,75.6,1.41,76.01,2.21,POS+CHROM,32.017,1025.0599,-32.017,8.954,80.1679,-8.954,9.679,93.6842,-9.679,9.268,85.895,-9.268
6968,after,6968_after_clip_0002,ok,150,124.0,74.0,10.4,6.15,92.18,0,87.13,53.25,1.33,-0.23020688916500381,30.9,71.8,0.31,70.47,-2.01,71.26,-0.85,POS+CHROM,33.875,1147.5224,-33.875,15.326,234.8753,-15.326,16.655,277.3941,-16.655,15.864,251.6575,-15.864
6968,before,6968_before_clip_0000,ok,150,104.0,76.0,10.4,5.67,90.63,0,76.17,53.97,1.23,-0.0891583515436829,32.82,104.71,-4.25,110.22,-2.57,107.85,-3.41,POS+CHROM,22.199,492.7863,-22.199,28.541,814.6138,28.541,34.054,1159.6512,34.054,31.68,1003.6508,31.68
6968,before,6968_before_clip_0001,ok,150,104.0,76.0,10.4,12.46,85.24,0,113.35,53.82,0.99,0.029252643632841326,33.61,83.46,3.39,79.37,3.28,81.43,3.34,POS+CHROM,59.531,3543.9264,-59.531,29.888,893.2797,-29.888,33.978,1154.5322,-33.978,31.914,1018.5124,-31.914
6968,before,6968_before_clip_0002,ok,150,104.0,76.0,10.4,20.55,68.62,0,132.4,53.4,1.02,-0.15601347536497123,33.08,82.36,-2.06,85.19,-1.53,83.84,-1.79,POS+CHROM,79.001,6241.1368,-79.001,50.033,2503.2906,-50.033,47.205,2228.3442,-47.205,48.557,2357.769,-48.557
6974,after,6974_after_clip_0000,ok,150,129.0,75.0,10.7,1.75,97.34,0,92.68,53.6,1.06,0.08158080003915888,33.22,87.02,1.1,87.7,1.04,87.36,1.07,POS+CHROM,39.083,1527.5071,-39.083,5.657,32.0013,-5.657,4.982,24.8248,-4.982,5.322,28.3184,-5.322
6974,after,6974_after_clip_0001,ok,150,129.0,75.0,10.7,2.86,96.16,0,96.8,53.77,1.01,-0.051845963877877745,33.26,81.81,1.52,80.81,1.34,81.32,1.43,POS+CHROM,43.023,1851.0079,-43.023,14.984,224.5086,-14.984,15.984,255.4993,-15.984,15.476,239.5159,-15.476
6974,after,6974_after_clip_0002,ok,150,129.0,75.0,10.7,3.8,95.98,0,79.4,53.75,1.16,0.05053163728056905,33.21,87.33,-2.58,82.7,-0.87,84.69,-1.72,POS+CHROM,25.653,658.0917,-25.653,7.933,62.9379,7.933,3.299,10.886,3.299,5.287,27.9568,5.287
6974,before,6974_before_clip_0000,ok,150,128.0,80.0,10.7,3.11,95.74,0,85.25,53.93,1.1,-0.031655931419540435,33.76,74.94,1.6,74.19,1.4,74.57,1.5,POS+CHROM,31.316,980.6967,-31.316,10.312,106.3391,-10.312,11.064,122.404,-11.064,10.682,114.0985,-10.682
6974,before,6974_before_clip_0001,ok,150,128.0,80.0,10.7,4.06,94.68,0,58.4,53.82,0.89,0.04665122016046579,34.18,75.38,2.36,75.99,0.15,75.63,1.26,POS+CHROM,4.578,20.9622,-4.578,16.98,288.3371,16.98,17.59,309.3942,17.59,17.23,296.8568,17.23
6974,before,6974_before_clip_0002,ok,150,128.0,80.0,10.7,3.25,95.96,0,93.82,53.83,0.95,0.06708097367078744,34.13,82.14,3.22,81.63,0.87,81.93,2.05,POS+CHROM,39.989,1599.0972,-39.989,11.683,136.5035,-11.683,12.191,148.6204,-12.191,11.888,141.3302,-11.888
6987,after,6987_after_clip_0000,ok,150,120.0,74.0,12.6,5.16,94.01,0,79.3,53.45,1.28,-0.009997607559073625,31.67,81.12,1.05,81.24,1.74,81.18,1.4,POS+CHROM,25.853,668.3775,-25.853,1.818,3.3056,1.818,1.939,3.7605,1.939,1.882,3.5424,1.882
6987,after,6987_after_clip_0001,ok,150,120.0,74.0,12.6,12.04,86.34,0,100.24,53.56,1.48,0.05107249968890352,31.62,69.53,1.63,64.44,3.06,66.68,2.34,POS+CHROM,46.678,2178.8408,-46.678,30.708,942.9752,-30.708,35.806,1282.084,-35.806,33.558,1126.1566,-33.558
6987,after,6987_after_clip_0002,ok,150,120.0,74.0,12.6,4.52,95.05,0,90.49,53.66,1.45,-0.01815307505321336,31.99,103.14,-2.02,117.77,-2.44,83.08,-1.0,POS+CHROM+DEEP,36.835,1356.8105,-36.835,12.646,159.9324,12.646,27.272,743.7592,27.272,7.415,54.9795,-7.415
6987,before,6987_before_clip_0000,ok,150,112.0,73.0,12.6,33.96,63.8,0,108.12,53.82,1.3,0.17026886188250923,31.7,58.48,-0.98,59.04,-1.07,56.66,-0.25,POS+CHROM+DEEP,54.294,2947.8907,-54.294,49.641,2464.1792,-49.641,49.081,2408.9132,-49.081,51.455,2647.6272,-51.455
6987,before,6987_before_clip_0001,ok,150,112.0,73.0,12.6,32.18,65.59,0,120.77,53.82,1.29,0.03997785676830214,31.64,116.74,-1.57,75.63,-0.73,77.23,-0.34,POS+CHROM+DEEP,66.949,4482.1124,-66.949,4.024,16.1945,-4.024,45.135,2037.1705,-45.135,43.536,1895.3927,-43.536
6987,before,6987_before_clip_0002,ok,150,112.0,73.0,12.6,15.3,83.35,0,110.64,53.86,1.28,0.1488366258827025,31.73,73.84,0.99,76.38,3.46,75.37,2.22,POS+CHROM,56.78,3223.9629,-56.78,36.796,1353.9704,-36.796,34.261,1173.8129,-34.261,35.271,1244.0734,-35.271
6993,after,6993_after_clip_0000,ok,150,140.0,75.0,14.3,2.84,96.41,0,133.26,53.86,0.99,0.1001651484315338,33.31,83.77,3.41,82.26,2.29,83.09,2.85,POS+CHROM,79.395,6303.6066,-79.395,49.488,2449.0926,-49.488,50.994,2600.3752,-50.994,50.171,2517.1219,-50.171
6993,after,6993_after_clip_0001,ok,150,140.0,75.0,14.3,12.17,85.3,0,102.66,53.85,1.02,0.04806382472681696,33.3,79.04,4.69,79.04,2.85,79.04,3.77,POS+CHROM,48.811,2382.5085,-48.811,23.62,557.924,-23.62,23.623,558.0674,-23.623,23.622,557.9848,-23.622
6993,after,6993_after_clip_0002,ok,150,140.0,75.0,14.3,3.09,95.71,0,104.24,53.81,1.01,-0.017769164961293382,33.29,74.66,4.19,73.35,1.91,74.12,3.05,POS+CHROM,50.432,2543.4181,-50.432,29.581,875.0456,-29.581,30.894,954.4455,-30.894,30.114,906.8766,-30.114
6993,before,6993_before_clip_0000,ok,150,116.0,70.0,14.3,9.73,89.94,0,119.55,53.84,1.1,-0.02199113608317004,32.77,73.16,-2.19,68.85,-0.83,70.76,-1.51,POS+CHROM,65.712,4318.0055,-65.712,46.392,2152.2009,-46.392,50.71,2571.4583,-50.71,48.794,2380.8676,-48.794
6993,before,6993_before_clip_0001,ok,150,116.0,70.0,14.3,1.64,97.98,0,61.14,53.81,1.07,-0.040139241907455256,33.17,95.43,-1.05,93.22,-0.45,94.27,-0.75,POS+CHROM,7.325,53.6577,-7.325,34.295,1176.1652,34.295,32.083,1029.3069,32.083,33.133,1097.8267,33.133
6993,before,6993_before_clip_0002,ok,150,116.0,70.0,14.3,2.81,94.68,0,69.18,53.82,1.08,0.014470678874446702,33.15,77.35,1.75,117.48,-3.12,75.98,-0.1,POS+CHROM+DEEP,15.362,236.0006,-15.362,8.171,66.7579,8.171,48.3,2332.8524,48.3,6.799,46.2328,6.799
7006,after,7006_after_clip_0000,ok,150,135.0,89.0,14.8,2.18,97.3,0,67.96,53.71,1.0,0.03900157246289378,33.33,75.95,2.8,76.51,0.31,76.17,1.55,POS+CHROM,14.25,203.0712,-14.25,7.993,63.8801,7.993,8.545,73.0115,8.545,8.212,67.4385,8.212
7006,after,7006_after_clip_0001,ok,150,135.0,89.0,14.8,1.93,95.73,0,110.02,53.71,1.1,0.026588439920680114,32.87,80.8,0.51,78.29,1.41,79.45,0.96,POS+CHROM,56.31,3170.854,-56.31,29.221,853.854,-29.221,31.728,1006.6622,-31.728,30.568,934.3989,-30.568
7006,after,7006_after_clip_0002,ok,150,135.0,89.0,14.8,1.46,98.09,0,75.68,53.92,1.22,-8.922195944534494e-05,32.1,77.95,0.94,124.35,-8.36,71.17,-2.07,POS+CHROM+DEEP,21.757,473.385,-21.757,2.275,5.1776,2.275,48.674,2369.1621,48.674,4.512,20.3598,-4.512
7006,before,7006_before_clip_0000,ok,150,109.0,87.0,14.8,21.76,71.93,0,106.65,53.86,1.12,-0.03845812488519047,32.74,70.12,4.76,75.64,-0.59,71.72,2.08,POS+CHROM,52.789,2786.6758,-52.789,36.531,1334.4836,-36.531,31.011,961.677,-31.011,34.926,1219.8523,-34.926
7006,before,7006_before_clip_0001,ok,150,109.0,87.0,14.8,6.36,88.84,0,99.26,53.78,1.09,-0.006401233375422412,33.15,75.76,0.27,70.23,-0.55,73.18,-0.14,POS+CHROM,45.476,2068.1073,-45.476,23.498,552.1697,-23.498,29.034,842.9524,-29.034,26.078,680.0483,-26.078
7006,before,7006_before_clip_0002,ok,150,109.0,87.0,14.8,3.02,94.36,0,99.8,53.81,1.09,-0.026019969587849454,32.77,77.41,4.17,116.16,-1.72,77.6,1.18,POS+CHROM+DEEP,45.994,2115.4914,-45.994,22.391,501.3503,-22.391,16.362,267.704,16.362,22.201,492.8728,-22.201
7047,after,7047_after_clip_0000,ok,150,91.0,53.0,13.0,18.07,76.34,0,76.66,53.77,1.13,-0.10174103344966051,32.93,62.44,5.67,62.33,3.32,62.4,4.5,POS+CHROM,22.889,523.9285,-22.889,14.219,202.1812,-14.219,14.33,205.3478,-14.33,14.264,203.4561,-14.264
7047,after,7047_after_clip_0001,ok,150,91.0,53.0,13.0,12.18,65.44,0,75.6,53.77,1.16,-0.22688062841949852,32.88,59.0,-2.2,90.6,-4.14,55.67,-0.52,POS+DEEP,21.838,476.8912,-21.838,16.605,275.7213,-16.605,14.995,224.8562,14.995,19.935,397.4179,-19.935
7047,after,7047_after_clip_0002,ok,150,91.0,53.0,13.0,41.09,53.15,0,90.8,53.69,1.18,0.02666890043225188,32.89,68.11,1.05,100.08,-5.31,66.56,-1.02,POS+CHROM+DEEP,37.116,1377.588,-37.116,22.693,514.978,-22.693,9.273,85.9856,9.273,24.242,587.6737,-24.242
7047,before,7047_before_clip_0000,ok,150,90.0,60.0,13.0,21.22,77.69,0,130.52,53.89,1.01,-0.08330423618897018,32.75,58.22,3.88,59.97,0.99,57.5,1.96,POS+CHROM+DEEP,76.635,5872.9522,-76.635,72.303,5227.7397,-72.303,70.556,4978.102,-70.556,73.02,5331.9032,-73.02
7047,before,7047_before_clip_0001,ok,150,90.0,60.0,13.0,22.38,66.01,0,116.42,53.97,1.38,0.06052305206949892,32.97,55.85,2.88,55.52,3.34,55.22,2.53,POS+CHROM+DEEP,62.455,3900.6221,-62.455,60.568,3668.4233,-60.568,60.899,3708.6872,-60.899,61.207,3746.2674,-61.207
7047,before,7047_before_clip_0002,ok,150,90.0,60.0,13.0,14.75,81.51,0,63.8,53.96,1.25,0.06409932843789329,32.68,69.6,-0.94,65.57,-0.66,67.54,-0.8,POS+CHROM,9.836,96.7455,-9.836,5.798,33.6191,5.798,1.774,3.1488,1.774,3.739,13.9798,3.739
7048,after,7048_after_clip_0000,ok,150,143.0,78.0,15.3,28.57,67.45,0,119.43,54.19,1.04,0.09221886993359825,33.33,98.43,4.35,99.94,1.11,98.99,2.73,POS+CHROM,65.237,4255.8243,-65.237,20.997,440.8786,-20.997,19.487,379.7547,-19.487,20.441,417.8535,-20.441
7048,after,7048_after_clip_0001,ok,150,143.0,78.0,15.3,35.12,54.99,0,75.27,54.22,1.04,0.27026717337317724,33.37,100.45,0.09,73.99,-1.48,75.1,-0.12,POS+CHROM+DEEP,21.045,442.9048,-21.045,25.187,634.3797,25.187,1.278,1.6341,-1.278,0.164,0.0268,-0.164
7048,after,7048_after_clip_0002,ok,150,143.0,78.0,15.3,48.65,36.01,0,112.48,54.26,1.09,-0.09715892831532912,33.31,106.52,-1.17,105.54,-2.44,106.08,-1.8,POS+CHROM,58.218,3389.3816,-58.218,5.956,35.4725,-5.956,6.939,48.1467,-6.939,6.396,40.9075,-6.396
7048,before,7048_before_clip_0000,ok,150,128.0,84.0,15.3,58.15,14.23,1,62.27,53.96,1.16,-0.04696922557022755,34.21,115.29,-4.16,97.11,-4.88,77.04,-2.63,POS+CHROM+DEEP,8.305,68.9813,-8.305,53.021,2811.2468,53.021,34.839,1213.7489,34.839,14.769,218.1266,14.769
7048,before,7048_before_clip_0001,ok,150,128.0,84.0,15.3,61.68,35.45,0,119.86,54.4,1.4,0.02448226048457696,33.48,134.44,-2.31,128.94,-1.2,131.44,-1.76,POS+CHROM,65.468,4286.0462,-65.468,14.577,212.4855,14.577,9.077,82.3977,9.077,11.573,133.9412,11.573
7048,before,7048_before_clip_0002,ok,150,128.0,84.0,15.3,57.94,34.5,0,97.42,54.11,1.15,0.1266156991793684,33.06,106.6,0.94,109.51,-7.31,107.19,-3.19,POS+CHROM,43.305,1875.3481,-43.305,9.18,84.2748,9.18,12.087,146.0967,12.087,9.767,95.3942,9.767
7050,after,7050_after_clip_0000,ok,150,100.0,56.0,12.5,9.79,88.35,0,95.11,53.99,1.02,0.17558392685286128,33.78,60.39,4.32,61.71,2.08,59.16,2.47,POS+CHROM+DEEP,41.117,1690.6107,-41.117,34.713,1205.0192,-34.713,33.393,1115.1198,-33.393,35.943,1291.9062,-35.943
7050,after,7050_after_clip_0001,ok,150,100.0,56.0,12.5,13.41,83.95,0,101.78,54.03,1.02,0.04770464044613379,33.76,62.59,1.23,87.39,-3.51,63.83,-0.42,POS+CHROM+DEEP,47.752,2280.2128,-47.752,39.187,1535.5967,-39.187,14.386,206.9631,-14.386,37.948,1440.0639,-37.948
7050,after,7050_after_clip_0002,ok,150,100.0,56.0,12.5,8.43,90.65,0,89.42,54.06,0.98,0.04543881996684698,33.75,58.35,5.96,62.83,-2.01,57.95,1.65,POS+CHROM+DEEP,35.363,1250.5756,-35.363,31.069,965.306,-31.069,26.589,706.9684,-26.589,31.471,990.4522,-31.471
7050,before,7050_before_clip_0000,ok,150,105.0,59.0,12.5,17.45,77.07,0,109.96,54.55,1.25,-0.15035447965432,33.66,71.75,3.61,72.31,-1.71,71.91,0.95,POS+CHROM,55.409,3070.1696,-55.409,38.207,1459.7705,-38.207,37.65,1417.5329,-37.65,38.044,1447.3807,-38.044
7050,before,7050_before_clip_0001,ok,150,105.0,59.0,12.5,15.29,80.41,0,104.91,54.34,1.08,-0.06761463759356161,34.05,63.41,2.33,60.91,-3.05,59.64,0.12,POS+CHROM+DEEP,50.571,2557.4017,-50.571,41.502,1722.3869,-41.502,44.009,1936.7623,-44.009,45.279,2050.2086,-45.279
7050,before,7050_before_clip_0002,ok,150,105.0,59.0,12.5,9.01,89.51,0,70.9,54.42,1.2,0.016309741422776088,33.31,62.45,2.1,67.54,0.11,64.57,1.11,POS+CHROM,16.478,271.5294,-16.478,8.451,71.4261,-8.451,3.361,11.2984,-3.361,6.325,40.0014,-6.325
7056,after,7056_after_clip_0000,ok,150,116.0,66.0,13.1,14.64,81.86,0,129.03,54.2,1.06,-0.027711268806357266,33.17,129.6,-1.0,104.37,-2.19,90.3,-0.71,POS+CHROM+DEEP,74.835,5600.3513,-74.835,0.571,0.3262,0.571,24.658,607.9936,-24.658,38.728,1499.8443,-38.728
7056,after,7056_after_clip_0001,ok,150,116.0,66.0,13.1,3.12,96.33,0,106.08,54.22,1.07,-0.017090611857815265,33.16,97.65,-2.44,127.08,-1.92,85.85,-1.1,POS+CHROM+DEEP,51.859,2689.3174,-51.859,8.43,71.0674,-8.43,20.996,440.8337,20.996,20.229,409.2278,-20.229
7056,after,7056_after_clip_0002,ok,150,116.0,66.0,13.1,5.28,94.31,0,118.72,54.25,1.13,-0.07911234356529928,33.13,96.84,-0.65,94.67,-1.26,95.81,-0.95,POS+CHROM,64.471,4156.4741,-64.471,21.883,478.8485,-21.883,24.049,578.3429,-24.049,22.911,524.897,-22.911
7056,before,7056_before_clip_0000,ok,150,108.0,69.0,13.1,57.35,41.33,0,114.96,54.2,1.14,0.17772518785651817,33.41,108.83,-2.61,105.21,-6.23,107.55,-4.42,POS+CHROM,60.755,3691.1378,-60.755,6.131,37.5903,-6.131,9.745,94.9628,-9.745,7.409,54.8862,-7.409
7056,before,7056_before_clip_0001,ok,150,108.0,69.0,13.1,43.18,56.42,0,110.14,53.94,1.05,0.10973805172262208,33.55,96.5,-2.61,72.25,-2.6,69.79,-1.38,POS+CHROM+DEEP,56.201,3158.6069,-56.201,13.639,186.0114,-13.639,37.893,1435.8667,-37.893,40.354,1628.4291,-40.354
7056,before,7056_before_clip_0002,ok,150,108.0,69.0,13.1,39.35,59.1,0,120.58,54.02,1.07,0.00988819093718562,33.54,88.14,0.25,87.92,-2.05,88.05,-0.9,POS+CHROM,66.558,4429.9354,-66.558,32.439,1052.3195,-32.439,32.66,1066.6805,-32.66,32.529,1058.1279,-32.529
7069,after,7069_after_clip_0000,ok,150,144.0,89.0,14.7,78.35,9.76,1,75.85,53.94,1.27,-0.053952976173391246,32.8,117.12,-2.32,114.04,-2.87,115.65,-2.59,POS+CHROM,21.91,480.0598,-21.91,41.266,1702.8546,41.266,38.192,1458.664,38.192,39.799,1583.9887,39.799
7069,after,7069_after_clip_0001,ok,150,144.0,89.0,14.7,62.87,12.9,1,69.89,53.79,1.13,0.3407905183017683,32.78,87.94,-1.9,117.77,-1.65,81.05,-0.81,POS+CHROM+DEEP,16.105,259.3766,-16.105,18.05,325.8043,18.05,47.882,2292.6982,47.882,11.16,124.5439,11.16
7069,after,7069_after_clip_0002,ok,150,144.0,89.0,14.7,77.29,20.19,1,99.43,53.69,1.11,0.26922085864100814,33.2,72.1,-0.45,73.21,0.28,72.69,-0.09,POS+CHROM,45.737,2091.8888,-45.737,27.324,746.6013,-27.324,26.218,687.3936,-26.218,26.738,714.9143,-26.738
7069,before,7069_before_clip_0000,ok,150,122.0,71.0,14.7,7.92,89.65,0,118.07,53.82,0.97,0.13696901162828184,32.86,128.03,-2.59,126.76,-1.94,127.36,-2.27,POS+CHROM,64.256,4128.8158,-64.256,9.959,99.1812,9.959,8.692,75.5595,8.692,9.291,86.3295,9.291
7069,before,7069_before_clip_0001,ok,150,122.0,71.0,14.7,13.63,85.14,0,105.89,54.06,1.17,0.0766658329360279,32.87,66.57,1.23,65.4,0.64,66.01,0.94,POS+CHROM,51.832,2686.5495,-51.832,39.324,1546.412,-39.324,40.491,1639.5186,-40.491,39.879,1590.3369,-39.879
7069,before,7069_before_clip_0002,ok,150,122.0,71.0,14.7,28.08,67.65,0,82.03,53.97,1.22,0.07991728184004038,32.85,83.06,-1.02,57.77,-1.73,55.41,-0.25,CHROM+DEEP,28.06,787.3522,-28.06,1.026,1.0527,1.026,24.261,588.5972,-24.261,26.618,708.5125,-26.618
7082,after,7082_after_clip_0000,ok,150,111.0,65.0,13.4,5.13,93.72,0,90.56,53.4,1.28,0.04452448465183172,30.6,94.85,2.39,96.55,2.08,95.68,2.24,POS+CHROM,37.16,1380.9008,-37.16,4.291,18.4109,4.291,5.985,35.826,5.985,5.116,26.177,5.116
7082,after,7082_after_clip_0001,ok,150,111.0,65.0,13.4,9.85,89.88,0,95.22,53.37,1.32,0.02375503200674314,30.56,84.36,-0.29,119.05,-1.91,79.79,-0.29,POS+CHROM+DEEP,41.848,1751.2835,-41.848,10.867,118.1013,-10.867,23.826,567.6662,23.826,15.436,238.2677,-15.436
7082,after,7082_after_clip_0002,ok,150,111.0,65.0,13.4,9.94,89.16,0,101.97,53.41,1.31,-0.016321846531553198,31.34,72.18,-0.43,70.04,1.03,70.98,0.3,POS+CHROM,48.561,2358.1376,-48.561,29.794,887.6614,-29.794,31.93,1019.5349,-31.93,30.991,960.4272,-30.991
7082,before,7082_before_clip_0000,ok,150,92.0,64.0,13.4,23.51,72.96,0,109.89,52.91,1.34,0.05655249587454806,31.51,71.09,-0.43,65.59,0.09,68.22,-0.17,POS+CHROM,56.977,3246.3473,-56.977,38.792,1504.8517,-38.792,44.292,1961.7763,-44.292,41.661,1735.6752,-41.661
7082,before,7082_before_clip_0001,ok,150,92.0,64.0,13.4,14.8,84.17,0,105.66,52.86,1.41,0.080592769011821,31.1,103.97,0.34,106.32,-2.19,104.9,-0.93,POS+CHROM,52.8,2787.8558,-52.8,1.689,2.8542,-1.689,0.665,0.4426,0.665,0.757,0.5729,-0.757
7082,before,7082_before_clip_0002,ok,150,92.0,64.0,13.4,37.78,50.65,0,94.04,52.62,1.24,0.259723312862469,31.13,101.67,1.07,100.5,0.29,101.12,0.68,POS+CHROM,41.419,1715.538,-41.419,7.622,58.1014,7.622,6.458,41.7022,6.458,7.078,50.0985,7.078
7137,after,7137_after_clip_0000,ok,150,107.0,62.0,13.6,35.06,56.39,0,96.25,53.9,1.26,-0.03778044102217276,32.21,87.48,4.33,132.52,-3.83,82.86,0.59,POS+CHROM+DEEP,42.35,1793.5179,-42.35,8.771,76.9391,-8.771,36.27,1315.4829,36.27,13.39,179.3054,-13.39
7137,after,7137_after_clip_0001,ok,150,107.0,62.0,13.6,29.29,68.72,0,83.76,53.88,1.27,-0.192405452989016,32.92,92.9,-0.09,122.96,-5.8,78.75,-1.54,POS+CHROM+DEEP,29.882,892.9536,-29.882,9.146,83.6408,9.146,39.199,1536.5628,39.199,5.01,25.0954,-5.01
7137,after,7137_after_clip_0002,ok,150,107.0,62.0,13.6,25.58,66.2,0,115.91,54.02,1.39,0.0167322892262172,32.59,88.05,4.64,64.26,-3.55,73.97,0.82,POS+CHROM+DEEP,61.887,3829.9832,-61.887,27.856,775.9613,-27.856,51.653,2667.9933,-51.653,41.936,1758.662,-41.936
7137,before,7137_before_clip_0000,ok,150,105.0,70.0,13.6,13.67,84.54,0,85.27,54.15,1.35,0.031392969101317114,32.14,61.75,2.74,58.41,4.48,58.4,2.86,POS+CHROM+DEEP,31.117,968.2951,-31.117,23.522,553.2877,-23.522,26.864,721.6763,-26.864,26.875,722.2606,-26.875
7137,before,7137_before_clip_0001,ok,150,105.0,70.0,13.6,5.86,93.02,0,95.69,54.15,1.3,0.13413521417760554,32.59,71.28,1.44,141.16,-1.87,80.51,0.29,POS+CHROM+DEEP,41.54,1725.535,-41.54,24.408,595.7544,-24.408,45.472,2067.7458,45.472,15.185,230.5696,-15.185
7137,before,7137_before_clip_0002,ok,150,105.0,70.0,13.6,15.6,80.36,0,86.34,54.12,1.39,-0.09628550156566798,32.52,73.46,2.91,75.42,2.24,74.39,2.58,POS+CHROM,32.225,1038.42,-32.225,12.88,165.903,-12.88,10.918,119.1948,-10.918,11.953,142.8807,-11.953
7142,after,7142_after_clip_0000,ok,150,141.0,69.0,15.2,63.8,35.84,0,126.03,54.37,1.29,-0.1339913708851397,33.55,87.09,-0.18,85.97,-1.66,86.6,-0.92,POS+CHROM,71.661,5135.251,-71.661,38.943,1516.5836,-38.943,40.059,1604.7596,-40.059,39.433,1554.9544,-39.433
7142,after,7142_after_clip_0001,ok,150,141.0,69.0,15.2,16.37,82.97,0,120.5,54.3,1.1,0.16378376656233573,34.35,90.52,2.45,89.67,1.91,90.12,2.18,POS+CHROM,66.199,4382.2809,-66.199,29.976,898.5659,-29.976,30.827,950.2951,-30.827,30.382,923.0793,-30.382
7142,after,7142_after_clip_0002,ok,150,141.0,69.0,15.2,14.49,81.62,0,86.01,54.47,1.4,-0.1536597279410021,33.57,88.33,2.75,90.42,1.26,89.25,2.01,POS+CHROM,31.537,994.6041,-31.537,2.326,5.4082,2.326,4.417,19.5135,4.417,3.242,10.5133,3.242
7142,before,7142_before_clip_0000,ok,150,109.0,72.0,15.2,19.43,75.98,0,137.79,54.19,1.35,-0.05018065049994401,33.22,76.2,1.82,73.81,0.61,75.13,1.21,POS+CHROM,83.594,6987.9089,-83.594,61.586,3792.8352,-61.586,63.973,4092.5409,-63.973,62.659,3926.1576,-62.659
7142,before,7142_before_clip_0001,ok,150,109.0,72.0,15.2,2.59,90.41,0,122.23,54.04,1.22,-0.08680361116956506,33.2,83.77,2.35,83.35,2.12,83.57,2.24,POS+CHROM,68.191,4650.0496,-68.191,38.452,1478.5877,-38.452,38.872,1511.0523,-38.872,38.658,1494.4616,-38.658
7142,before,7142_before_clip_0002,ok,150,109.0,72.0,15.2,25.55,43.52,0,64.61,54.11,1.31,-0.03760722718435355,33.18,78.2,-1.99,79.4,-2.15,78.79,-2.07,POS+CHROM,10.494,110.1285,-10.494,13.587,184.6173,13.587,14.795,218.902,14.795,14.183,201.1634,14.183
7151,after,7151_after_clip_0000,ok,150,121.0,81.0,15.8,20.91,72.23,0,88.5,54.05,1.19,-0.19442696601418802,32.79,71.16,2.3,74.14,1.29,72.52,1.79,POS+CHROM,34.451,1186.8666,-34.451,17.349,300.9706,-17.349,14.369,206.4617,-14.369,15.984,255.4783,-15.984
7151,after,7151_after_clip_0001,ok,150,121.0,81.0,15.8,47.07,47.34,0,96.28,53.92,1.19,0.2561857121484555,32.81,79.25,-0.24,123.59,-2.71,78.3,-0.59,POS+CHROM+DEEP,42.362,1794.5484,-42.362,17.033,290.1223,-17.033,27.31,745.8602,27.31,17.982,323.3656,-17.982
7151,after,7151_after_clip_0002,ok,150,121.0,81.0,15.8,67.31,25.67,1,113.9,53.93,1.19,-0.055441173086199905,33.19,63.08,-0.81,63.65,-1.31,63.35,-1.06,POS+CHROM,59.97,3596.4567,-59.97,50.823,2582.9873,-50.823,50.248,2524.8314,-50.248,50.547,2555.0376,-50.547
7151,before,7151_before_clip_0000,ok,150,121.0,79.0,15.8,15.92,83.25,0,99.92,54.05,1.24,0.03970940684936673,33.1,57.46,-1.41,59.78,0.82,56.97,0.22,POS+CHROM+DEEP,45.873,2104.3612,-45.873,42.467,1803.4609,-42.467,40.147,1611.7498,-40.147,42.949,1844.6359,-42.949
7151,before,7151_before_clip_0001,ok,150,121.0,79.0,15.8,3.79,90.83,0,97.13,53.82,1.06,0.09709698159217484,33.05,92.92,0.64,93.82,-2.31,93.26,-0.83,POS+CHROM,43.302,1875.0878,-43.302,4.207,17.7005,-4.207,3.311,10.9623,-3.311,3.867,14.9533,-3.867
7151,before,7151_before_clip_0002,ok,150,121.0,79.0,15.8,12.91,85.7,0,96.89,53.99,1.22,-0.09116048589107068,32.66,86.86,0.34,70.51,0.99,69.66,0.85,POS+CHROM+DEEP,42.893,1839.7754,-42.893,10.026,100.5156,-10.026,26.379,695.8452,-26.379,27.227,741.2946,-27.227
7165,after,7165_after_clip_0000,ok,150,139.0,86.0,12.2,28.2,61.0,0,82.34,53.61,1.14,0.11589089593354199,33.15,122.36,-0.58,63.66,-0.13,76.96,0.14,POS+CHROM+DEEP,28.728,825.2729,-28.728,40.022,1601.7887,40.022,18.681,348.9806,-18.681,5.383,28.9768,-5.383
7165,after,7165_after_clip_0001,ok,150,139.0,86.0,12.2,52.38,44.13,0,135.51,53.57,1.14,-0.04954401721173074,33.56,110.2,-0.44,110.61,-0.95,110.4,-0.7,POS+CHROM,81.949,6715.603,-81.949,25.309,640.566,-25.309,24.903,620.15,-24.903,25.115,630.7534,-25.115
7165,after,7165_after_clip_0002,ok,150,139.0,86.0,12.2,67.05,28.14,1,71.51,53.61,1.16,0.09127468370574149,33.15,93.85,1.01,90.97,2.58,92.22,1.8,POS+CHROM,17.905,320.5775,-17.905,22.338,498.9645,22.338,19.457,378.5604,19.457,20.71,428.9115,20.71
7165,before,7165_before_clip_0000,ok,150,108.0,70.0,12.2,27.48,17.27,0,129.07,53.98,1.18,0.09621563144654788,33.77,90.78,-2.72,66.09,-2.63,66.46,-1.39,POS+CHROM+DEEP,75.092,5638.8277,-75.092,38.292,1466.2435,-38.292,62.983,3966.8628,-62.983,62.609,3919.9012,-62.609
7165,before,7165_before_clip_0001,ok,150,108.0,70.0,12.2,58.22,27.56,1,109.43,54.02,1.19,0.0315253884529855,33.4,54.97,-3.72,54.06,-3.61,54.25,-2.05,POS+CHROM+DEEP,55.413,3070.5748,-55.413,54.454,2965.2009,-54.454,55.369,3065.7297,-55.369,55.179,3044.6838,-55.179
7165,before,7165_before_clip_0002,ok,150,108.0,70.0,12.2,25.69,59.29,0,120.14,53.97,1.17,0.2934044761916187,33.78,90.6,-0.36,93.67,-2.04,91.92,-1.2,POS+CHROM,66.171,4378.5957,-66.171,29.547,873.027,-29.547,26.473,700.8202,-26.473,28.224,796.5758,-28.224
7176,after,7176_after_clip_0000,ok,150,150.0,67.0,16.2,0.97,98.43,0,60.18,53.93,1.27,-0.037704719101463245,32.71,61.65,3.98,61.31,4.21,59.68,3.15,POS+CHROM+DEEP,6.25,39.0611,-6.25,1.465,2.1458,1.465,1.132,1.282,1.132,0.499,0.2487,-0.499
7176,after,7176_after_clip_0001,ok,150,150.0,67.0,16.2,1.93,96.74,0,80.29,53.9,1.07,0.012149238947190019,33.11,61.09,5.75,61.22,4.4,59.67,3.74,POS+CHROM+DEEP,26.388,696.3346,-26.388,19.205,368.8497,-19.205,19.077,363.9225,-19.077,20.619,425.126,-20.619
7176,after,7176_after_clip_0002,ok,150,150.0,67.0,16.2,2.02,93.64,0,102.3,53.96,1.27,-0.007595863686308307,33.13,60.25,5.71,60.06,5.48,58.95,4.16,POS+CHROM+DEEP,48.34,2336.728,-48.34,42.043,1767.6414,-42.043,42.24,1784.2584,-42.24,43.352,1879.4351,-43.352
7176,before,7176_before_clip_0000,ok,150,132.0,71.0,16.2,1.6,97.48,0,98.48,53.48,0.92,-0.020445753127469695,36.09,62.4,3.08,62.02,4.33,62.19,3.71,POS+CHROM,44.995,2024.5907,-44.995,36.083,1302.0102,-36.083,36.455,1328.9659,-36.455,36.288,1316.8449,-36.288
7176,before,7176_before_clip_0001,ok,150,132.0,71.0,16.2,2.0,97.11,0,70.29,53.89,0.94,-0.0055763433714858405,33.22,60.89,3.35,63.89,2.54,60.08,2.28,POS+CHROM+DEEP,16.401,269.0058,-16.401,9.401,88.3833,-9.401,6.401,40.9718,-6.401,10.215,104.3414,-10.215
7176,before,7176_before_clip_0002,ok,150,132.0,71.0,16.2,1.12,97.16,0,67.03,53.78,1.05,0.032365466991406966,32.08,58.95,3.45,58.58,5.89,57.68,3.46,POS+CHROM+DEEP,13.247,175.4899,-13.247,8.081,65.297,-8.081,8.447,71.3504,-8.447,9.346,87.3514,-9.346
7185,after,7185_after_clip_0000,ok,150,157.0,77.0,15.8,52.91,39.83,0,87.12,53.78,1.16,-0.029844207028587418,32.96,101.08,-1.39,59.95,-2.49,55.95,-0.66,CHROM+DEEP,33.344,1111.7935,-33.344,13.952,194.6713,13.952,27.177,738.5854,-27.177,31.17,971.5785,-31.17
7185,after,7185_after_clip_0001,ok,150,157.0,77.0,15.8,30.25,67.63,0,114.02,53.77,1.17,0.12326573792274134,32.93,97.74,-1.95,99.88,-4.18,98.61,-3.07,POS+CHROM,60.249,3629.8873,-60.249,16.286,265.2318,-16.286,14.139,199.9117,-14.139,15.41,237.4599,-15.41
7185,after,7185_after_clip_0002,ok,150,157.0,77.0,15.8,62.54,14.63,1,113.24,53.81,1.21,0.10844866652659485,32.96,95.44,-0.18,94.96,-1.26,95.22,-0.72,POS+CHROM,59.43,3531.9282,-59.43,17.792,316.5509,-17.792,18.274,333.9384,-18.274,18.011,324.4086,-18.011
7185,before,7185_before_clip_0000,ok,150,130.0,70.0,15.8,1.74,95.88,0,68.03,53.99,1.26,-0.014748151079042066,32.96,74.68,1.24,75.51,-1.94,74.99,-0.35,POS+CHROM,14.041,197.1522,-14.041,6.65,44.2178,6.65,7.475,55.8767,7.475,6.955,48.3769,6.955
7185,before,7185_before_clip_0001,ok,150,130.0,70.0,15.8,10.7,82.82,0,63.6,53.89,1.01,-0.09767368652158366,32.98,75.27,3.66,75.73,2.76,75.48,3.21,POS+CHROM,9.706,94.2083,-9.706,11.671,136.2009,11.671,12.129,147.1121,12.129,11.883,141.1967,11.883
7185,before,7185_before_clip_0002,ok,150,130.0,70.0,15.8,19.71,78.81,0,70.24,54.09,1.22,0.01639256426440089,32.55,71.61,3.37,72.24,2.94,71.91,3.15,POS+CHROM,16.151,260.8634,-16.151,1.367,1.869,1.367,1.998,3.993,1.998,1.671,2.7936,1.671
7186,after,7186_after_clip_0000,ok,150,100.0,60.0,14.2,0.81,97.54,0,58.65,53.57,1.21,-0.034904932007637474,33.0,62.42,3.54,67.27,2.06,64.54,2.8,POS+CHROM,5.079,25.7948,-5.079,3.768,14.1956,3.768,8.623,74.3551,8.623,5.897,34.7715,5.897
7186,after,7186_after_clip_0001,ok,150,100.0,60.0,14.2,0.89,98.32,0,106.46,53.7,1.15,0.0015523605828629077,32.34,62.89,1.51,110.41,-4.37,66.85,-0.57,POS+CHROM+DEEP,52.761,2783.7634,-52.761,43.569,1898.255,-43.569,3.949,15.5918,3.949,39.61,1568.9251,-39.61
7186,after,7186_after_clip_0002,ok,150,100.0,60.0,14.2,0.82,98.43,0,59.62,53.6,1.14,-0.018264222157187805,32.4,55.93,0.35,128.44,-2.74,54.69,0.74,POS+DEEP,6.02,36.2419,-6.02,3.685,13.5805,-3.685,68.824,4736.7866,68.824,4.929,24.2991,-4.929
7186,before,7186_before_clip_0000,ok,150,105.0,70.0,14.2,1.18,97.05,0,70.69,53.59,1.16,0.031108292669827863,32.68,114.79,-2.58,110.83,-3.63,112.98,-3.11,POS+CHROM,17.096,292.29,-17.096,44.104,1945.1199,44.104,40.144,1611.5408,40.144,42.297,1789.0177,42.297
7186,before,7186_before_clip_0001,ok,150,105.0,70.0,14.2,0.97,98.02,0,106.57,53.56,1.22,-0.07895475175870136,32.63,61.02,0.53,53.32,-2.68,56.26,-0.31,POS+CHROM+DEEP,53.01,2810.044,-53.01,45.558,2075.4943,-45.558,53.257,2836.3343,-53.257,50.312,2531.3319,-50.312
7186,before,7186_before_clip_0002,ok,150,105.0,70.0,14.2,1.39,98.16,0,100.7,53.55,1.15,0.011111542913786784,32.33,58.57,-0.07,62.39,-0.07,57.85,0.34,POS+CHROM+DEEP,47.154,2223.4786,-47.154,42.129,1774.8308,-42.129,38.312,1467.8037,-38.312,42.854,1836.4395,-42.854
7187,after,7187_after_clip_0000,ok,150,147.0,83.0,15.4,4.28,85.28,0,78.57,54.08,1.17,-0.06940268121331998,32.54,98.01,4.53,95.68,0.64,97.21,2.59,POS+CHROM,24.49,599.7841,-24.49,19.433,377.6595,19.433,17.109,292.7054,17.109,18.635,347.2603,18.635
7187,after,7187_after_clip_0001,ok,150,147.0,83.0,15.4,1.92,96.38,0,93.77,54.08,1.19,0.05120482052066323,33.16,84.54,-0.22,85.43,0.28,85.0,0.03,POS+CHROM,39.692,1575.4349,-39.692,9.231,85.2109,-9.231,8.344,69.6298,-8.344,8.769,76.8968,-8.769
7187,after,7187_after_clip_0002,ok,150,147.0,83.0,15.4,3.14,95.52,0,113.64,53.87,0.87,0.09509597285859497,33.3,98.98,-1.49,98.41,-1.4,98.69,-1.44,POS+CHROM,59.763,3571.6628,-59.763,14.659,214.8878,-14.659,15.227,231.8514,-15.227,14.945,223.3505,-14.945
7187,before,7187_before_clip_0000,ok,150,107.0,82.0,15.4,3.28,94.97,0,135.22,54.08,1.2,-0.06881999986032375,33.33,97.92,-2.52,77.34,-2.98,71.36,-1.43,POS+CHROM+DEEP,81.133,6582.6384,-81.133,37.301,1391.3643,-37.301,57.881,3350.1774,-57.881,63.86,4078.1447,-63.86
7187,before,7187_before_clip_0001,ok,150,107.0,82.0,15.4,2.32,96.24,0,104.45,54.11,1.15,-0.02093844915650429,33.02,85.53,2.01,85.73,-0.43,85.61,0.79,POS+CHROM,50.336,2533.7169,-50.336,18.918,357.8945,-18.918,18.713,350.1899,-18.713,18.836,354.8046,-18.836
7187,before,7187_before_clip_0002,ok,150,107.0,82.0,15.4,3.49,91.86,0,110.72,54.11,1.03,-0.07580955073612404,33.45,66.9,-0.73,99.08,-1.1,70.89,-0.27,POS+CHROM+DEEP,56.61,3204.7014,-56.61,43.823,1920.4944,-43.823,11.64,135.4945,-11.64,39.831,1586.4846,-39.831
7211,after,7211_after_clip_0000,ok,150,134.0,72.0,13.5,2.89,94.35,0,119.52,54.06,1.33,0.005156782841250806,32.92,93.65,3.46,93.09,3.98,93.36,3.72,POS+CHROM,65.466,4285.754,-65.466,25.875,669.5194,-25.875,26.432,698.6361,-26.432,26.166,684.6383,-26.166
7211,after,7211_after_clip_0001,ok,150,134.0,72.0,13.5,2.0,96.47,0,127.44,53.89,1.25,0.01704171141824148,32.86,75.66,1.84,75.06,2.62,75.34,2.23,POS+CHROM,73.552,5409.9683,-73.552,51.781,2681.2241,-51.781,52.382,2743.9093,-52.382,52.101,2714.5231,-52.101
7211,after,7211_after_clip_0002,ok,150,134.0,72.0,13.5,1.07,98.2,0,130.27,54.12,1.39,0.0009252148493306291,32.88,69.02,2.8,67.34,0.72,68.32,1.76,POS+CHROM,76.149,5798.6664,-76.149,61.248,3751.2658,-61.248,62.926,3959.7083,-62.926,61.943,3836.8927,-61.943
7211,before,7211_before_clip_0000,ok,150,104.0,66.0,13.5,14.97,84.07,0,104.02,53.3,1.21,-0.12060510079665317,31.43,84.49,3.44,84.7,1.41,84.58,2.42,POS+CHROM,50.72,2572.5489,-50.72,19.532,381.4833,-19.532,19.319,373.2397,-19.319,19.443,378.0415,-19.443
7211,before,7211_before_clip_0001,ok,150,104.0,66.0,13.5,14.56,84.87,0,109.77,53.32,1.26,-0.11987014406355498,31.4,79.01,4.25,79.27,4.21,79.14,4.23,POS+CHROM,56.453,3186.9547,-56.453,30.767,946.6014,-30.767,30.5,930.2235,-30.5,30.634,938.4211,-30.634
7211,before,7211_before_clip_0002,ok,150,104.0,66.0,13.5,8.44,91.27,0,90.03,53.33,1.29,0.012799445260090556,31.73,66.08,5.54,64.94,4.83,65.54,5.18,POS+CHROM,36.7,1346.9077,-36.7,23.942,573.2302,-23.942,25.09,629.4841,-25.09,24.482,599.3769,-24.482
7222,after,7222_after_clip_0000,ok,150,120.0,69.0,12.4,3.63,95.39,0,110.45,53.67,1.07,0.015994869367946144,33.06,66.75,-2.57,103.71,-3.07,69.41,-1.52,POS+CHROM+DEEP,56.779,3223.833,-56.779,43.7,1909.7172,-43.7,6.738,45.4063,-6.738,41.042,1684.44,-41.042
7222,after,7222_after_clip_0001,ok,150,120.0,69.0,12.4,3.08,96.22,0,128.71,53.73,1.1,0.13110444785711506,33.07,95.22,-0.37,97.92,-1.9,96.4,-1.13,POS+CHROM,74.979,5621.822,-74.979,33.493,1121.8016,-33.493,30.794,948.2561,-30.794,32.314,1044.2165,-32.314
7222,after,7222_after_clip_0002,ok,150,120.0,69.0,12.4,11.93,82.96,0,84.92,53.69,1.1,-0.09611864404522531,33.07,141.36,0.82,90.12,-3.62,95.3,-0.57,POS+CHROM+DEEP,31.239,975.8903,-31.239,56.44,3185.4571,56.44,5.2,27.0437,5.2,10.374,107.6178,10.374
7222,before,7222_before_clip_0000,ok,150,121.0,67.0,12.4,8.9,88.54,0,73.2,53.91,0.99,0.04613393957545863,33.1,82.93,0.25,83.92,1.62,83.48,0.94,POS+CHROM,19.288,372.0114,-19.288,9.729,94.6631,9.729,10.714,114.7895,10.714,10.278,105.6337,10.278
7222,before,7222_before_clip_0001,ok,150,121.0,67.0,12.4,11.04,87.2,0,116.84,53.75,1.04,-0.022261533555534226,33.1,83.34,-2.82,83.26,-0.25,83.29,-1.53,POS+CHROM,63.093,3980.7354,-63.093,33.504,1122.5055,-33.504,33.579,1127.5798,-33.579,33.55,1125.5759,-33.55
7222,before,7222_before_clip_0002,ok,150,121.0,67.0,12.4,7.74,90.2,0,116.58,53.88,1.03,-0.07388593070322776,33.02,87.43,-1.16,109.47,-5.2,74.85,-1.78,POS+CHROM+DEEP,62.699,3931.1241,-62.699,29.148,849.6129,-29.148,7.104,50.4685,-7.104,41.732,1741.5285,-41.732
7231,after,7231_after_clip_0000,ok,150,143.0,81.0,14.7,15.18,68.02,0,114.22,52.99,1.3,0.029727604208535992,30.82,139.66,3.25,139.93,-1.31,139.75,0.97,POS+CHROM,61.231,3749.2304,-61.231,25.44,647.2123,25.44,25.713,661.1613,25.713,25.527,651.64,25.527
7231,after,7231_after_clip_0001,ok,150,143.0,81.0,14.7,26.58,72.06,0,89.04,53.19,1.45,-0.18579191611944582,30.06,81.92,-1.33,130.06,-1.74,81.73,-0.54,POS+CHROM+DEEP,35.85,1285.2089,-35.85,7.117,50.6532,-7.117,41.027,1683.2123,41.027,7.309,53.4245,-7.309
7231,after,7231_after_clip_0002,ok,150,143.0,81.0,14.7,22.41,75.64,0,109.47,53.07,1.54,-0.008991491903604688,30.44,137.93,1.49,62.86,-2.39,88.62,0.22,POS+CHROM+DEEP,56.396,3180.561,-56.396,28.462,810.0671,28.462,46.608,2172.3287,-46.608,20.852,434.801,-20.852
7231,before,7231_before_clip_0000,ok,150,125.0,82.0,14.7,37.95,55.61,0,94.98,53.52,1.21,-0.1517960000544063,32.62,114.12,-2.52,109.86,-0.32,111.6,-1.42,POS+CHROM,41.456,1718.5804,-41.456,19.143,366.456,19.143,14.881,221.4576,14.881,16.627,276.4604,16.627
7231,before,7231_before_clip_0001,ok,150,125.0,82.0,14.7,62.65,18.91,1,82.74,53.48,1.22,0.007926415975252154,32.96,118.06,-2.97,112.34,-1.78,114.92,-2.37,POS+CHROM,29.257,855.9897,-29.257,35.323,1247.6999,35.323,29.597,875.9787,29.597,32.177,1035.3538,32.177
7231,before,7231_before_clip_0002,ok,150,125.0,82.0,14.7,46.02,51.46,0,87.75,53.44,1.07,0.21317003237356688,32.22,108.86,0.36,74.44,-2.58,78.37,-0.38,POS+CHROM+DEEP,34.306,1176.8751,-34.306,21.116,445.8809,21.116,13.307,177.0865,-13.307,9.374,87.8767,-9.374
7233,after,7233_after_clip_0000,ok,150,133.0,72.0,14.1,29.03,20.14,0,73.06,54.22,1.08,-0.10626604399306676,34.1,99.75,-2.53,57.41,-0.12,55.66,0.48,CHROM+DEEP,18.835,354.7642,-18.835,26.698,712.7673,26.698,15.644,244.723,-15.644,17.398,302.7023,-17.398
7233,after,7233_after_clip_0001,ok,150,133.0,72.0,14.1,57.96,33.19,0,83.32,54.25,1.11,0.11533190795083684,33.36,137.21,-1.76,133.1,-3.12,135.39,-2.44,POS+CHROM,29.071,845.1048,-29.071,53.887,2903.7939,53.887,49.776,2477.6264,49.776,52.063,2710.5708,52.063
7233,after,7233_after_clip_0002,ok,150,133.0,72.0,14.1,68.75,24.65,1,68.33,54.2,1.1,0.3419446698039876,33.34,97.95,1.31,98.87,-1.99,98.29,-0.34,POS+CHROM,14.122,199.4295,-14.122,29.625,877.6423,29.625,30.543,932.8799,30.543,29.961,897.6566,29.961
7233,before,7233_before_clip_0000,ok,150,119.0,66.0,14.1,1.89,97.89,0,91.14,53.32,1.21,0.028385971037807597,31.95,85.8,-0.2,87.3,-0.3,86.54,-0.25,POS+CHROM,37.819,1430.3037,-37.819,5.348,28.5971,-5.348,3.841,14.7517,-3.841,4.6,21.1635,-4.6
7233,before,7233_before_clip_0001,ok,150,119.0,66.0,14.1,10.37,88.94,0,122.21,53.4,1.2,-0.17887787043572148,31.56,122.06,-0.75,122.82,0.29,122.47,-0.23,POS+CHROM,68.812,4735.0577,-68.812,0.147,0.0216,-0.147,0.607,0.3685,0.607,0.263,0.069,0.263
7233,before,7233_before_clip_0002,ok,150,119.0,66.0,14.1,44.06,54.72,0,130.1,53.37,1.14,0.2333646236308477,31.59,81.05,1.24,81.95,1.57,81.51,1.4,POS+CHROM,76.726,5886.9353,-76.726,49.047,2405.5816,-49.047,48.149,2318.3575,-48.149,48.586,2360.5757,-48.586
7248,after,7248_after_clip_0000,ok,150,140.0,78.0,12.9,4.74,93.29,0,97.89,54.02,1.08,-0.061794756224892895,33.27,75.49,0.51,76.54,0.58,76.02,0.54,POS+CHROM,43.867,1924.2875,-43.867,22.392,501.3885,-22.392,21.348,455.7364,-21.348,21.867,478.1569,-21.867
7248,after,7248_after_clip_0001,ok,150,140.0,78.0,12.9,12.36,86.63,0,113.8,53.96,1.14,-0.19934613773515472,33.28,87.02,3.87,85.94,3.88,86.48,3.88,POS+CHROM,59.839,3580.6877,-59.839,26.783,717.3183,-26.783,27.864,776.4055,-27.864,27.324,746.5814,-27.324
7248,after,7248_after_clip_0002,ok,150,140.0,78.0,12.9,36.72,57.61,0,122.11,53.99,1.11,-0.11045079121860792,33.26,96.77,0.33,93.84,0.93,95.23,0.63,POS+CHROM,68.119,4640.1938,-68.119,25.342,642.2282,-25.342,28.274,799.4163,-28.274,26.882,722.626,-26.882
7248,before,7248_before_clip_0000,ok,150,106.0,72.0,12.9,16.0,82.82,0,136.33,55.04,1.35,-0.07896164332989229,36.44,76.47,-2.91,126.64,-2.91,78.11,-1.49,POS+CHROM+DEEP,81.282,6606.82,-81.282,59.855,3582.591,-59.855,9.683,93.7517,-9.683,58.215,3388.9833,-58.215
7248,before,7248_before_clip_0001,ok,150,106.0,72.0,12.9,25.16,73.36,0,99.27,56.02,1.77,-0.03179777127386471,31.61,57.38,0.45,87.06,-0.14,56.63,1.11,POS+DEEP,43.25,1870.5968,-43.25,41.893,1755.0596,-41.893,12.208,149.025,-12.208,42.646,1818.6715,-42.646
7248,before,7248_before_clip_0002,ok,150,106.0,72.0,12.9,5.93,92.49,0,80.51,53.58,0.92,0.005218666836662236,37.05,83.57,1.01,84.65,-0.11,84.06,0.45,POS+CHROM,26.93,725.2254,-26.93,3.058,9.3523,3.058,4.135,17.0998,4.135,3.547,12.5793,3.547
7279,after,7279_after_clip_0000,ok,150,132.0,72.0,13.6,56.84,39.79,0,92.13,54.11,1.19,-0.12405222660702293,33.35,108.8,4.0,109.13,0.55,108.92,2.27,POS+CHROM,38.019,1445.4178,-38.019,16.668,277.8092,16.668,17.0,289.0155,17.0,16.787,281.8172,16.787
7279,after,7279_after_clip_0001,ok,150,132.0,72.0,13.6,44.93,49.05,0,128.44,54.17,1.18,0.07500424592127682,33.3,103.17,5.23,108.53,0.76,104.9,2.99,POS+CHROM,74.273,5516.4655,-74.273,25.275,638.8359,-25.275,19.909,396.3677,-19.909,23.548,554.4976,-23.548
7279,after,7279_after_clip_0002,ok,150,132.0,72.0,13.6,44.23,54.54,0,141.49,54.24,1.19,-0.05717525631237794,33.31,80.33,-1.91,119.76,-6.13,72.68,-2.28,POS+CHROM+DEEP,87.256,7613.5442,-87.256,61.16,3740.5247,-61.16,21.736,472.4336,-21.736,68.806,4734.2817,-68.806
7279,before,7279_before_clip_0000,ok,150,103.0,65.0,13.6,5.95,92.19,0,140.46,54.14,1.14,-0.003290470319932821,33.31,84.2,0.28,85.8,0.57,85.02,0.42,POS+CHROM,86.325,7451.9499,-86.325,56.265,3165.7413,-56.265,54.66,2987.7175,-54.66,55.443,3073.9091,-55.443
7279,before,7279_before_clip_0001,ok,150,103.0,65.0,13.6,8.85,90.09,0,67.45,54.17,1.16,-0.2825709584861446,33.31,87.35,1.53,111.31,-1.61,80.63,0.36,POS+CHROM+DEEP,13.287,176.5458,-13.287,19.899,395.9892,19.899,43.86,1923.7088,43.86,13.178,173.6711,13.178
7279,before,7279_before_clip_0002,ok,150,103.0,65.0,13.6,32.77,60.63,0,82.54,54.15,1.19,0.10001138145287812,32.94,100.79,3.16,97.6,1.49,99.42,2.32,POS+CHROM,28.389,805.9088,-28.389,18.252,333.132,18.252,15.056,226.6977,15.056,16.874,284.7293,16.874
7280,after,7280_after_clip_0000,ok,150,139.0,68.0,14.0,6.24,89.2,0,97.59,53.27,1.0,0.08501659238405253,32.65,89.5,0.03,92.7,-0.73,91.0,-0.35,POS+CHROM,44.311,1963.4867,-44.311,8.085,65.3599,-8.085,4.884,23.8503,-4.884,6.586,43.3784,-6.586
7280,after,7280_after_clip_0001,ok,150,139.0,68.0,14.0,8.19,88.05,0,60.69,53.39,1.15,0.061465493588423736,31.87,89.17,0.15,86.54,-5.47,88.43,-2.66,POS+CHROM,7.295,53.2178,-7.295,28.478,810.9881,28.478,25.857,668.5801,25.857,27.74,769.5142,27.74
7280,after,7280_after_clip_0002,ok,150,139.0,68.0,14.0,35.99,42.0,0,72.42,53.38,1.24,0.09002320060671763,31.54,107.97,-0.61,88.21,-4.18,78.73,-1.18,POS+CHROM+DEEP,19.041,362.5448,-19.041,35.545,1263.4254,35.545,15.793,249.4125,15.793,6.305,39.7487,6.305
7280,before,7280_before_clip_0000,ok,150,123.0,66.0,14.0,16.31,79.91,0,63.85,53.95,1.7,-0.20969506922253772,30.76,92.93,-2.85,80.58,-0.46,70.96,-0.54,POS+CHROM+DEEP,9.902,98.0529,-9.902,29.08,845.6472,29.08,16.726,279.7674,16.726,7.105,50.4842,7.105
7280,before,7280_before_clip_0001,ok,150,123.0,66.0,14.0,36.05,47.17,0,92.17,53.61,1.17,-0.19965310119271734,33.18,90.5,0.47,83.19,0.1,86.96,0.29,POS+CHROM,38.559,1486.7651,-38.559,1.662,2.7637,-1.662,8.98,80.64,-8.98,5.209,27.1329,-5.209
7280,before,7280_before_clip_0002,ok,150,123.0,66.0,14.0,38.92,52.92,0,100.83,53.6,1.06,-0.3217556284669576,32.14,86.2,-1.25,85.41,-1.75,85.83,-1.5,POS+CHROM,47.226,2230.3212,-47.226,14.622,213.8012,-14.622,15.413,237.5632,-15.413,15.001,225.0279,-15.001
7362,after,7362_after_clip_0000,ok,150,105.0,66.0,12.8,17.08,45.49,0,84.67,53.55,1.17,0.03710354439129663,32.58,95.67,1.01,93.77,-1.97,94.95,-0.48,POS+CHROM,31.12,968.4398,-31.12,11.001,121.0135,11.001,9.1,82.8085,9.1,10.281,105.7057,10.281
7362,after,7362_after_clip_0001,ok,150,105.0,66.0,12.8,9.9,81.75,0,122.08,53.67,1.17,0.025698667619158143,32.09,94.99,-0.49,95.91,1.49,95.53,0.5,POS+CHROM,68.407,4679.5655,-68.407,27.091,733.923,-27.091,26.169,684.7945,-26.169,26.555,705.1444,-26.555
7362,after,7362_after_clip_0002,ok,150,105.0,66.0,12.8,16.57,72.31,0,80.16,53.37,1.06,-0.09777264468376508,32.75,87.78,5.26,86.56,1.63,87.35,3.44,POS+CHROM,26.784,717.4032,-26.784,7.623,58.1069,7.623,6.404,41.0102,6.404,7.192,51.7276,7.192
7362,before,7362_before_clip_0000,ok,150,116.0,70.0,12.8,61.55,33.66,0,75.22,53.6,1.21,-0.16172111881373533,31.73,111.1,1.15,113.69,-1.55,112.11,-0.2,POS+CHROM,21.62,467.423,-21.62,35.873,1286.8372,35.873,38.464,1479.5058,38.464,36.882,1360.2729,36.882
7362,before,7362_before_clip_0001,ok,150,116.0,70.0,12.8,15.92,71.07,0,65.69,53.68,1.17,-0.28364565611633535,32.29,94.11,1.83,96.74,2.62,95.51,2.23,POS+CHROM,12.015,144.352,-12.015,28.419,807.6427,28.419,31.05,964.1225,31.05,29.821,889.2829,29.821
7362,before,7362_before_clip_0002,ok,150,116.0,70.0,12.8,74.79,18.89,1,117.18,53.58,1.2,-0.049831970486722846,31.88,81.87,4.69,81.83,1.99,81.85,3.34,POS+CHROM,63.609,4046.0463,-63.609,35.318,1247.3374,-35.318,35.351,1249.6849,-35.351,35.331,1248.2515,-35.331
7376,after,7376_after_clip_0000,ok,150,118.0,61.0,15.4,4.76,23.44,0,113.04,53.91,0.99,0.010315807082443984,33.49,88.09,1.61,91.03,0.21,89.39,0.91,POS+CHROM,59.135,3496.9736,-59.135,24.953,622.6305,-24.953,22.012,484.5163,-22.012,23.652,559.4334,-23.652
7376,after,7376_after_clip_0001,ok,150,118.0,61.0,15.4,46.38,48.52,0,76.57,53.98,1.17,0.30477050360337904,33.87,92.2,-0.41,63.55,-2.38,68.92,-0.54,POS+CHROM+DEEP,22.592,510.3889,-22.592,15.628,244.2398,15.628,13.023,169.605,-13.023,7.654,58.5837,-7.654
7376,after,7376_after_clip_0002,ok,150,118.0,61.0,15.4,50.87,33.4,0,128.14,53.84,0.95,0.14331990334732006,33.9,102.72,0.26,67.75,-3.15,74.96,-0.65,POS+CHROM+DEEP,74.3,5520.4755,-74.3,25.418,646.0767,-25.418,60.387,3646.5914,-60.387,53.181,2828.2175,-53.181
7376,before,7376_before_clip_0000,ok,150,120.0,73.0,15.4,14.71,81.68,0,83.66,54.08,1.15,0.005700556176143761,33.47,137.76,-2.45,135.2,-3.09,136.55,-2.77,POS+CHROM,29.583,875.1391,-29.583,54.098,2926.5689,54.098,51.539,2656.3155,51.539,52.887,2796.9976,52.887
7376,before,7376_before_clip_0001,ok,150,120.0,73.0,15.4,9.7,84.89,0,111.69,53.99,1.12,0.06310321589011163,33.48,61.04,0.8,61.56,2.32,59.02,1.41,POS+CHROM+DEEP,57.691,3328.2965,-57.691,50.65,2565.4206,-50.65,50.121,2512.1322,-50.121,52.669,2773.977,-52.669
7376,before,7376_before_clip_0002,ok,150,120.0,73.0,15.4,27.56,67.6,0,113.21,54.02,1.14,0.12933886860913152,33.53,85.28,-2.57,114.32,-2.97,77.16,-1.47,POS+CHROM+DEEP,59.189,3503.3303,-59.189,27.935,780.3662,-27.935,1.11,1.2311,1.11,36.055,1299.9619,-36.055
7380,after,7380_after_clip_0000,ok,150,100.0,69.0,11.7,13.8,82.26,0,114.53,53.93,1.12,0.02227207977880598,33.09,71.21,2.86,71.75,2.92,71.48,2.89,POS+CHROM,60.599,3672.237,-60.599,43.314,1876.1303,-43.314,42.775,1829.7119,-42.775,43.043,1852.7381,-43.043
7380,after,7380_after_clip_0001,ok,150,100.0,69.0,11.7,19.04,75.51,0,89.88,54.16,1.31,0.12516178479244083,32.91,72.51,1.47,71.02,2.33,71.71,1.9,POS+CHROM,35.722,1276.0367,-35.722,17.367,301.6259,-17.367,18.866,355.9349,-18.866,18.171,330.1677,-18.171
7380,after,7380_after_clip_0002,ok,150,100.0,69.0,11.7,43.67,55.47,0,88.7,53.81,1.0,-0.019353443619967412,33.87,112.15,1.46,99.98,-1.29,88.01,0.39,POS+CHROM+DEEP,34.894,1217.6138,-34.894,23.447,549.7419,23.447,11.285,127.3441,11.285,0.686,0.47,-0.686
7380,before,7380_before_clip_0000,ok,150,108.0,71.0,11.7,14.15,82.58,0,101.1,53.73,0.95,-0.2359674864742733,33.13,76.6,1.85,77.21,1.79,76.9,1.82,POS+CHROM,47.369,2243.8119,-47.369,24.506,600.5311,-24.506,23.89,570.7244,-23.89,24.199,585.6136,-24.199
7380,before,7380_before_clip_0001,ok,150,108.0,71.0,11.7,35.83,63.21,0,111.83,53.85,0.86,-0.13082675398980517,33.15,76.76,2.7,75.78,-0.97,76.41,0.87,POS+CHROM,57.983,3362.0806,-57.983,35.078,1230.4483,-35.078,36.058,1300.1514,-36.058,35.422,1254.7395,-35.422
7380,before,7380_before_clip_0002,ok,150,108.0,71.0,11.7,25.62,63.87,0,79.16,53.89,0.94,0.13434187468957415,34.35,59.42,3.33,57.16,2.13,57.19,2.13,POS+CHROM+DEEP,25.27,638.5965,-25.27,19.739,389.6437,-19.739,21.995,483.788,-21.995,21.972,482.7557,-21.972
7396,after,7396_after_clip_0000,ok,150,132.0,82.0,16.7,31.04,62.36,0,102.74,53.69,1.15,0.21184648819272942,32.87,120.95,0.28,120.87,1.4,120.91,0.84,POS+CHROM,49.052,2406.0754,-49.052,18.212,331.6636,18.212,18.135,328.8722,18.135,18.17,330.1365,18.17
7396,after,7396_after_clip_0001,ok,150,132.0,82.0,16.7,58.86,15.53,1,67.96,53.69,1.17,0.10419899756377475,32.87,114.31,-0.69,122.19,-2.19,117.76,-1.44,POS+CHROM,14.268,203.5694,-14.268,46.353,2148.6396,46.353,54.226,2940.4728,54.226,49.801,2480.1726,49.801
7396,after,7396_after_clip_0002,ok,150,132.0,82.0,16.7,54.86,39.48,0,63.83,53.82,1.12,-0.16778127293749795,32.91,123.88,0.01,61.87,0.52,77.75,0.55,POS+CHROM+DEEP,10.006,100.1156,-10.006,60.052,3606.2634,60.052,1.961,3.8469,-1.961,13.926,193.9438,13.926
7396,before,7396_before_clip_0000,ok,150,118.0,81.0,16.7,29.84,67.09,0,129.42,53.91,1.12,-0.08631558189897447,32.96,94.35,0.29,74.91,-3.29,73.19,-0.63,POS+CHROM+DEEP,75.505,5700.9298,-75.505,35.067,1229.7112,-35.067,54.504,2970.7283,-54.504,56.23,3161.8308,-56.23
7396,before,7396_before_clip_0001,ok,150,118.0,81.0,16.7,19.34,61.2,0,97.01,53.88,1.08,0.03379414437288771,32.95,83.64,3.57,83.26,-0.62,83.52,1.47,POS+CHROM,43.129,1860.1238,-43.129,13.364,178.5991,-13.364,13.741,188.8096,-13.741,13.489,181.9611,-13.489
7396,before,7396_before_clip_0002,ok,150,118.0,81.0,16.7,18.2,65.55,0,112.46,53.77,1.12,-0.08702700596255168,32.94,84.24,4.94,81.96,3.65,83.22,4.3,POS+CHROM,58.691,3444.6445,-58.691,28.223,796.5636,-28.223,30.496,930.0089,-30.496,29.238,854.8823,-29.238
7412,after,7412_after_clip_0000,ok,150,135.0,86.0,13.7,54.26,22.33,1,133.7,53.38,1.16,-0.016868657839427016,31.66,130.85,-2.53,124.63,0.29,127.02,-1.12,POS+CHROM,80.318,6451.026,-80.318,2.85,8.1235,-2.85,9.063,82.1344,-9.063,6.671,44.5061,-6.671
7412,after,7412_after_clip_0001,ok,150,135.0,86.0,13.7,26.8,59.83,0,120.32,53.46,1.12,0.14558175463323716,31.67,85.8,1.29,84.89,1.85,85.32,1.57,POS+CHROM,66.865,4470.9429,-66.865,34.527,1192.1187,-34.527,35.434,1255.5417,-35.434,35.002,1225.1164,-35.002
7412,after,7412_after_clip_0002,ok,150,135.0,86.0,13.7,34.77,50.62,0,108.56,53.39,1.15,-0.09240193281171753,31.66,69.81,2.71,107.89,-5.72,68.17,-0.62,POS+CHROM+DEEP,55.169,3043.6302,-55.169,38.745,1501.1481,-38.745,0.669,0.4476,-0.669,40.39,1631.3601,-40.39
7412,before,7412_before_clip_0000,ok,150,124.0,77.0,13.7,38.89,43.97,0,71.1,53.45,1.02,0.09051972830348484,32.13,112.1,-0.79,108.77,-0.98,110.46,-0.88,POS+CHROM,17.651,311.5655,-17.651,40.991,1680.2873,40.991,37.661,1418.3223,37.661,39.353,1548.655,39.353
7412,before,7412_before_clip_0001,ok,150,124.0,77.0,13.7,28.0,33.35,0,76.94,53.59,1.25,-0.20355425516307563,32.1,106.01,-2.63,63.56,-2.49,69.52,-1.29,POS+CHROM+DEEP,23.355,545.4343,-23.355,29.072,845.1591,29.072,13.383,179.0919,-13.383,7.424,55.1104,-7.424
7412,before,7412_before_clip_0002,ok,150,124.0,77.0,13.7,63.95,17.25,1,116.26,53.6,1.24,-0.2758637616678164,32.5,101.3,-1.73,108.81,-1.41,105.15,-1.57,POS+CHROM,62.662,3926.5427,-62.662,14.964,223.9093,-14.964,7.453,55.544,-7.453,11.108,123.3978,-11.108
7437,after,7437_after_clip_0000,ok,150,152.0,72.0,13.2,56.95,41.83,0,73.44,54.16,1.14,-0.08849908273945616,33.41,95.2,0.75,93.0,0.28,94.14,0.51,POS+CHROM,19.288,372.0323,-19.288,21.755,473.2894,21.755,19.556,382.4272,19.556,20.699,428.4457,20.699
7437,after,7437_after_clip_0001,ok,150,152.0,72.0,13.2,37.28,56.62,0,121.07,54.16,1.15,0.08012328736358128,33.38,56.15,-1.16,87.06,-1.83,54.96,-0.0,POS+DEEP,66.915,4477.6293,-66.915,64.926,4215.3593,-64.926,34.011,1156.7504,-34.011,66.109,4370.3944,-66.109
7437,after,7437_after_clip_0002,ok,150,152.0,72.0,13.2,41.09,49.79,0,81.67,54.01,1.09,-0.2661421795049997,33.41,101.95,-4.41,58.1,-2.52,55.46,-0.72,CHROM+DEEP,27.658,764.9863,-27.658,20.28,411.2692,20.28,23.571,555.6065,-23.571,26.212,687.0765,-26.212
7437,before,7437_before_clip_0000,ok,150,127.0,68.0,13.2,24.62,73.65,0,94.83,54.09,1.26,-0.23166458521251956,32.89,101.19,0.42,101.18,-1.41,101.19,-0.49,POS+CHROM,40.735,1659.3677,-40.735,6.363,40.4853,6.363,6.355,40.3848,6.355,6.359,40.4426,6.359
7437,before,7437_before_clip_0001,ok,150,127.0,68.0,13.2,42.07,54.89,0,81.21,53.98,1.25,-0.06723867614176117,32.88,55.08,1.93,57.11,2.27,55.48,1.82,POS+CHROM+DEEP,27.228,741.3608,-27.228,26.127,682.6085,-26.127,24.095,580.5651,-24.095,25.731,662.0835,-25.731
7437,before,7437_before_clip_0002,ok,150,127.0,68.0,13.2,39.44,57.34,0,83.14,54.01,1.25,-0.04525542402682357,32.89,90.97,1.62,99.46,-1.65,79.14,0.41,POS+CHROM+DEEP,29.13,848.5432,-29.13,7.828,61.2791,7.828,16.316,266.2254,16.316,3.998,15.9821,-3.998
7445,after,7445_after_clip_0000,ok,150,126.0,62.0,15.0,37.94,49.66,0,74.52,54.17,0.85,0.13257790999174981,36.48,66.11,-2.64,68.45,0.37,67.57,-1.13,POS+CHROM,20.351,414.1488,-20.351,8.408,70.6924,-8.408,6.071,36.8566,-6.071,6.953,48.3457,-6.953
7445,after,7445_after_clip_0001,ok,150,126.0,62.0,15.0,34.63,21.95,0,78.68,54.07,1.19,-0.27239216222726553,32.22,100.87,-0.69,102.3,-0.65,101.59,-0.67,POS+CHROM,24.604,605.3337,-24.604,22.191,492.4259,22.191,23.624,558.0958,23.624,22.91,524.8509,22.91
7445,after,7445_after_clip_0002,ok,150,126.0,62.0,15.0,26.05,49.75,0,68.87,54.28,1.06,0.14224237330503417,33.59,131.05,-1.2,130.57,-2.3,130.83,-1.75,POS+CHROM,14.59,212.8589,-14.59,62.177,3865.9269,62.177,61.698,3806.678,61.698,61.959,3838.9576,61.959
7445,before,7445_before_clip_0000,ok,150,112.0,66.0,15.0,35.54,49.96,0,106.86,54.41,1.27,-0.13231100403498972,35.75,115.1,-0.79,117.75,-1.89,116.31,-1.34,POS+CHROM,52.444,2750.3313,-52.444,8.242,67.9331,8.242,10.894,118.6865,10.894,9.447,89.2465,9.447
7445,before,7445_before_clip_0001,ok,150,112.0,66.0,15.0,30.44,57.21,0,65.96,54.63,1.19,0.1036618596910174,32.88,106.61,-7.75,77.88,-1.9,68.68,-2.82,POS+CHROM+DEEP,11.338,128.5486,-11.338,40.65,1652.4385,40.65,11.919,142.0619,11.919,2.713,7.3579,2.713
7445,before,7445_before_clip_0002,ok,150,112.0,66.0,15.0,6.75,92.44,0,111.04,54.49,1.31,-0.26427795803835025,33.74,66.72,0.8,66.29,2.56,66.47,1.68,POS+CHROM,56.549,3197.7826,-56.549,44.312,1963.5496,-44.312,44.752,2002.7124,-44.752,44.564,1985.9217,-44.564
7456,after,7456_after_clip_0000,ok,150,142.0,75.0,10.5,16.6,81.82,0,74.97,53.42,1.19,0.06069371416702342,31.64,76.6,5.26,75.95,5.63,76.26,5.44,POS+CHROM,21.553,464.54,-21.553,1.631,2.6601,1.631,0.978,0.9566,0.978,1.294,1.6757,1.294
7456,after,7456_after_clip_0001,ok,150,142.0,75.0,10.5,3.96,93.94,0,117.93,53.54,1.37,0.3726906627686887,31.64,71.81,5.98,72.2,5.89,72.0,5.93,POS+CHROM,64.388,4145.7993,-64.388,46.123,2127.3248,-46.123,45.728,2091.0128,-45.728,45.927,2109.2742,-45.927
7456,after,7456_after_clip_0002,ok,150,142.0,75.0,10.5,35.3,64.39,0,109.94,53.4,1.16,-0.06991970169140328,32.01,75.12,1.33,74.62,-1.72,74.93,-0.19,POS+CHROM,56.538,3196.5734,-56.538,34.82,1212.4512,-34.82,35.317,1247.3154,-35.317,35.007,1225.4952,-35.007
7456,before,7456_before_clip_0000,ok,150,116.0,65.0,10.5,20.63,75.07,0,108.6,53.96,1.18,-0.04661960596223333,33.72,73.49,5.67,75.34,4.23,74.3,4.95,POS+CHROM,54.636,2985.1438,-54.636,35.113,1232.9341,-35.113,33.26,1106.2359,-33.26,34.298,1176.333,-34.298
7456,before,7456_before_clip_0001,ok,150,116.0,65.0,10.5,23.87,72.44,0,87.54,54.06,1.18,-0.08918114428350395,33.33,72.12,2.85,70.94,2.24,71.56,2.55,POS+CHROM,33.48,1120.9024,-33.48,15.424,237.9049,-15.424,16.602,275.6366,-16.602,15.983,255.4689,-15.983
7456,before,7456_before_clip_0002,ok,150,116.0,65.0,10.5,39.79,50.36,0,128.78,54.04,1.15,0.11511606744010633,33.32,94.45,1.01,94.84,-1.36,94.61,-0.17,POS+CHROM,74.745,5586.8421,-74.745,34.328,1178.4089,-34.328,33.947,1152.4272,-33.947,34.175,1167.9176,-34.175
7473,after,7473_after_clip_0000,ok,150,110.0,68.0,13.7,11.06,85.98,0,123.33,54.14,1.18,-0.03464609188620936,35.66,77.68,0.93,80.01,-2.92,78.49,-1.0,POS+CHROM,69.189,4787.1355,-69.189,45.643,2083.2704,-45.643,43.319,1876.4965,-43.319,44.841,2010.6733,-44.841
7473,after,7473_after_clip_0001,ok,150,110.0,68.0,13.7,3.05,96.02,0,128.49,55.07,1.7,-0.10797325289162404,34.16,65.31,0.03,67.45,1.25,66.49,0.64,POS+CHROM,73.415,5389.7542,-73.415,63.175,3991.0895,-63.175,61.034,3725.2039,-61.034,61.996,3843.4888,-61.996
7473,after,7473_after_clip_0002,ok,150,110.0,68.0,13.7,12.83,84.94,0,101.24,54.85,1.09,0.13127932968343384,34.78,108.73,-1.18,109.55,-0.6,109.16,-0.89,POS+CHROM,46.394,2152.3974,-46.394,7.487,56.0536,7.487,8.306,68.9839,8.306,7.916,62.6628,7.916
7473,before,7473_before_clip_0000,ok,150,107.0,68.0,13.7,1.47,97.78,0,99.04,54.24,1.04,0.03310298261040366,36.64,76.4,-3.36,75.6,-2.17,75.96,-2.77,POS+CHROM,44.806,2007.5484,-44.806,22.641,512.6027,-22.641,23.443,549.5607,-23.443,23.081,532.7445,-23.081
7473,before,7473_before_clip_0001,ok,150,107.0,68.0,13.7,7.43,91.66,0,133.43,54.03,1.09,0.08274618547208981,32.83,66.48,-0.18,112.76,-3.48,70.51,-0.85,POS+CHROM+DEEP,79.4,6304.4248,-79.4,66.95,4482.3677,-66.95,20.675,427.4444,-20.675,62.925,3959.5331,-62.925
7473,before,7473_before_clip_0002,ok,150,107.0,68.0,13.7,5.09,94.42,0,105.24,54.25,1.09,-0.03686388222656474,33.12,89.91,-1.53,96.47,-0.86,93.37,-1.2,POS+CHROM,50.993,2600.2366,-50.993,15.329,234.9787,-15.329,8.773,76.9705,-8.773,11.869,140.865,-11.869
7509,after,7509_after_clip_0000,ok,150,152.0,69.0,15.8,5.28,92.8,0,120.35,54.17,1.03,-0.05276353120606535,34.43,64.33,2.77,65.08,3.82,64.74,3.29,POS+CHROM,66.177,4379.4018,-66.177,56.025,3138.8055,-56.025,55.27,3054.7995,-55.27,55.615,3092.9954,-55.615
7509,after,7509_after_clip_0001,ok,150,152.0,69.0,15.8,3.25,96.03,0,81.1,54.21,0.96,0.014294676480917623,34.58,58.52,2.83,59.96,1.01,57.68,1.6,POS+CHROM+DEEP,26.89,723.0705,-26.89,22.582,509.9676,-22.582,21.139,446.8764,-21.139,23.428,548.8483,-23.428
7509,after,7509_after_clip_0002,ok,150,152.0,69.0,15.8,6.42,92.07,0,73.0,54.19,0.98,0.13452048109315506,33.77,63.75,4.15,64.34,6.19,64.09,5.17,POS+CHROM,18.811,353.8475,-18.811,9.256,85.6647,-9.256,8.658,74.9565,-8.658,8.906,79.3207,-8.906
7509,before,7509_before_clip_0000,ok,150,93.0,64.0,15.8,8.57,90.17,0,79.21,53.94,1.05,-0.01856177831477635,34.3,62.16,1.03,96.36,-2.64,66.21,-0.19,POS+CHROM+DEEP,25.262,638.1565,-25.262,17.048,290.6289,-17.048,17.157,294.3644,17.157,12.998,168.9396,-12.998
7509,before,7509_before_clip_0001,ok,150,93.0,64.0,15.8,4.63,91.42,0,130.45,54.0,1.01,-0.13111480323543365,33.53,57.41,-0.1,57.8,1.68,56.4,0.86,POS+CHROM+DEEP,76.458,5845.7892,-76.458,73.039,5334.7519,-73.039,72.65,5278.0439,-72.65,74.05,5483.4555,-74.05
7509,before,7509_before_clip_0002,ok,150,93.0,64.0,15.8,16.01,79.77,0,93.04,53.82,0.88,0.010420459851715285,34.31,55.99,4.22,55.96,5.21,55.52,3.44,POS+CHROM+DEEP,39.222,1538.3608,-39.222,37.053,1372.8921,-37.053,37.086,1375.3745,-37.086,37.519,1407.6406,-37.519
7514,after,7514_after_clip_0000,ok,150,133.0,88.0,12.8,28.77,54.24,0,80.37,53.82,1.06,0.17058564495237133,32.82,105.84,-1.71,106.49,-0.73,106.2,-1.22,POS+CHROM,26.545,704.6229,-26.545,25.476,649.0099,25.476,26.125,682.5118,26.125,25.827,667.0098,25.827
7514,after,7514_after_clip_0001,ok,150,133.0,88.0,12.8,30.05,67.57,0,133.01,53.75,1.07,-0.19136811576246748,33.18,103.28,-2.03,70.72,-1.24,71.8,-0.74,POS+CHROM+DEEP,79.253,6281.0825,-79.253,29.731,883.9312,-29.731,62.289,3879.9443,-62.289,61.208,3746.3603,-61.208
7514,after,7514_after_clip_0002,ok,150,133.0,88.0,12.8,60.19,23.95,1,80.39,53.82,1.07,-0.01877055651761682,33.19,67.18,-1.4,93.55,-2.05,68.2,-0.79,POS+CHROM+DEEP,26.569,705.9024,-26.569,13.209,174.4646,-13.209,13.166,173.343,13.166,12.184,148.4512,-12.184
7514,before,7514_before_clip_0000,ok,150,144.0,66.0,12.8,27.01,57.14,0,80.58,53.87,0.98,0.2498411692214215,33.01,79.33,0.22,81.67,2.99,80.76,1.6,POS+CHROM,26.711,713.4728,-26.711,1.249,1.5612,-1.249,1.087,1.181,1.087,0.183,0.0336,0.183
7514,before,7514_before_clip_0001,ok,150,144.0,66.0,12.8,51.28,34.65,0,65.32,53.94,1.15,0.10962844918897628,33.01,64.67,1.37,68.1,2.19,66.5,1.78,POS+CHROM,11.382,129.5576,-11.382,0.648,0.42,-0.648,2.781,7.7321,2.781,1.183,1.3992,1.183
7514,before,7514_before_clip_0002,ok,150,144.0,66.0,12.8,8.0,90.94,0,70.38,53.87,0.95,0.2799242820991336,33.4,75.68,-0.11,73.86,-0.35,74.79,-0.23,POS+CHROM,16.516,272.7925,-16.516,5.298,28.0683,5.298,3.474,12.0676,3.474,4.404,19.3963,4.404
7519,after,7519_after_clip_0000,ok,150,118.0,77.0,15.4,1.82,96.75,0,82.49,53.89,1.06,-0.05526994175309013,33.09,68.89,3.73,69.58,2.11,69.19,2.92,POS+CHROM,28.593,817.5716,-28.593,13.593,184.7725,-13.593,12.908,166.6191,-12.908,13.296,176.7935,-13.296
7519,after,7519_after_clip_0001,ok,150,118.0,77.0,15.4,1.53,98.03,0,71.32,53.98,1.24,-0.018642392915937476,33.04,71.92,3.06,71.19,3.48,71.55,3.27,POS+CHROM,17.341,300.6986,-17.341,0.606,0.367,0.606,0.126,0.0158,-0.126,0.227,0.0517,0.227
7519,after,7519_after_clip_0002,ok,150,118.0,77.0,15.4,0.53,99.2,0,78.3,53.9,1.09,0.05126814064211887,33.05,71.28,5.28,72.32,5.41,71.81,5.34,POS+CHROM,24.396,595.1479,-24.396,7.019,49.2668,-7.019,5.979,35.7473,-5.979,6.493,42.1614,-6.493
7519,before,7519_before_clip_0000,ok,150,132.0,87.0,15.4,6.73,89.78,0,76.57,53.91,1.03,-0.041741605012530686,33.1,73.37,1.78,71.78,2.06,72.55,1.92,POS+CHROM,22.657,513.3435,-22.657,3.206,10.2754,-3.206,4.795,22.99,-4.795,4.018,16.1451,-4.018
7519,before,7519_before_clip_0001,ok,150,132.0,87.0,15.4,1.99,91.19,0,65.97,54.01,1.23,-0.14717378067830877,32.98,71.74,3.73,73.37,3.59,72.55,3.66,POS+CHROM,11.956,142.9427,-11.956,5.773,33.3236,5.773,7.402,54.7959,7.402,6.578,43.2734,6.578
7519,before,7519_before_clip_0002,ok,150,132.0,87.0,15.4,15.2,74.11,0,72.64,54.46,1.11,-0.005949550057513357,33.1,126.18,-2.74,127.53,-5.23,126.71,-3.99,POS+CHROM,18.179,330.4788,-18.179,53.538,2866.3227,53.538,54.887,3012.6015,54.887,54.075,2924.0649,54.075
7520,after,7520_after_clip_0000,ok,150,140.0,67.0,15.9,2.14,93.88,0,100.01,53.99,1.34,-0.04885265684454709,33.17,91.17,0.64,90.12,1.84,90.6,1.24,POS+CHROM,46.025,2118.2568,-46.025,8.836,78.0732,-8.836,9.887,97.7543,-9.887,9.414,88.6211,-9.414
7520,after,7520_after_clip_0001,ok,150,140.0,67.0,15.9,4.17,95.38,0,87.24,53.91,0.95,0.00030745752178860697,33.93,92.11,4.85,86.35,-0.16,90.37,2.34,POS+CHROM,33.334,1111.1884,-33.334,4.867,23.684,4.867,0.895,0.8008,-0.895,3.124,9.7574,3.124
7520,after,7520_after_clip_0002,ok,150,140.0,67.0,15.9,1.51,98.08,0,82.57,53.92,1.19,0.018903582109210577,32.77,87.17,0.75,91.43,2.72,89.65,1.73,POS+CHROM,28.641,820.3181,-28.641,4.604,21.1961,4.604,8.866,78.6081,8.866,7.082,50.152,7.082
7520,before,7520_before_clip_0000,ok,150,144.0,73.0,15.9,9.82,88.98,0,68.59,53.77,0.84,-0.02344403142027447,35.31,76.4,-1.48,78.06,2.1,77.47,0.31,POS+CHROM,14.813,219.4213,-14.813,7.817,61.1019,7.817,9.475,89.7711,9.475,8.886,78.9659,8.886
7520,before,7520_before_clip_0001,ok,150,144.0,73.0,15.9,5.24,93.8,0,125.29,53.89,0.99,-0.016233900200399817,33.45,80.05,3.64,79.07,0.77,79.68,2.21,POS+CHROM,71.396,5097.4075,-71.396,45.237,2046.3717,-45.237,46.212,2135.5171,-46.212,45.61,2080.2623,-45.61
7520,before,7520_before_clip_0002,ok,150,144.0,73.0,15.9,3.16,95.39,0,116.89,53.7,1.0,-0.02495281091718533,33.62,79.53,3.77,80.26,1.88,79.84,2.82,POS+CHROM,63.186,3992.4843,-63.186,37.351,1395.1034,-37.351,36.626,1341.4725,-36.626,37.045,1372.3455,-37.045
7539,after,7539_after_clip_0000,ok,150,177.0,85.0,13.1,7.39,83.76,0,71.64,54.03,1.15,-0.02505477641439803,33.34,99.03,-1.43,66.26,-2.03,70.31,-0.77,POS+CHROM+DEEP,17.609,310.0795,-17.609,27.384,749.8693,27.384,5.384,28.984,-5.384,1.33,1.7701,-1.33
7539,after,7539_after_clip_0001,ok,150,177.0,85.0,13.1,4.5,93.4,0,58.46,53.58,0.85,-0.05813844924997108,33.29,93.89,-6.34,55.13,0.63,54.34,0.74,CHROM+DEEP,4.873,23.7497,-4.873,35.437,1255.8079,35.437,3.322,11.0358,-3.322,4.112,16.9067,-4.112
7539,after,7539_after_clip_0002,ok,150,177.0,85.0,13.1,4.22,91.92,0,90.52,53.53,1.02,0.11259972123712965,31.97,96.82,-1.54,81.18,-1.94,73.48,-0.82,POS+CHROM+DEEP,36.993,1368.4895,-36.993,6.293,39.6019,6.293,9.339,87.2258,-9.339,17.045,290.5165,-17.045
7539,before,7539_before_clip_0000,ok,150,133.0,88.0,13.1,2.15,96.99,0,59.08,53.91,0.95,-0.001802220607410576,33.0,86.52,4.66,84.91,3.62,85.78,4.14,POS+CHROM,5.17,26.734,-5.17,27.434,752.6057,27.434,25.831,667.2463,25.831,26.701,712.9644,26.701
7539,before,7539_before_clip_0001,ok,150,133.0,88.0,13.1,1.54,97.27,0,127.96,53.97,1.15,0.04283106130939368,33.04,82.65,-0.32,83.17,-0.64,82.91,-0.48,POS+CHROM,73.992,5474.8477,-73.992,45.309,2052.8901,-45.309,44.79,2006.1365,-44.79,45.056,2030.0675,-45.056
7539,before,7539_before_clip_0002,ok,150,133.0,88.0,13.1,0.1,99.45,0,110.99,54.0,1.11,-0.06306324268232218,33.06,88.62,-1.78,88.82,0.85,88.75,-0.46,POS+CHROM,56.998,3248.7809,-56.998,22.37,500.3961,-22.37,22.169,491.4644,-22.169,22.248,494.9554,-22.248
7542,after,7542_after_clip_0000,ok,150,170.0,100.0,14.6,12.1,5.93,0,62.65,53.98,1.27,0.03411719246978319,32.92,107.82,3.08,106.91,-0.57,107.5,1.26,POS+CHROM,8.663,75.0506,-8.663,45.175,2040.7918,45.175,44.263,1959.2534,44.263,44.854,2011.8917,44.854
7542,after,7542_after_clip_0001,ok,150,170.0,100.0,14.6,55.64,27.93,1,122.22,54.05,1.2,-0.15312397055140647,33.16,110.65,0.43,111.43,-4.0,110.9,-1.78,POS+CHROM,68.169,4646.9683,-68.169,11.57,133.8715,-11.57,10.797,116.5674,-10.797,11.32,128.1445,-11.32
7542,after,7542_after_clip_0002,ok,150,170.0,100.0,14.6,50.66,5.29,1,63.28,54.31,1.14,-0.12046222092789716,32.92,109.42,2.77,108.43,-0.69,109.06,1.04,POS+CHROM,8.976,80.5681,-8.976,46.141,2128.9997,46.141,45.143,2037.9303,45.143,45.782,2096.0153,45.782
7542,before,7542_before_clip_0000,ok,150,136.0,96.0,14.6,52.33,37.53,0,79.14,54.15,1.18,-0.10288135187682754,33.32,88.12,2.99,88.13,-1.67,88.12,0.66,POS+CHROM,24.994,624.6954,-24.994,8.983,80.6963,8.983,8.987,80.7647,8.987,8.984,80.7178,8.984
7542,before,7542_before_clip_0001,ok,150,136.0,96.0,14.6,16.15,80.32,0,104.22,54.04,1.17,0.22069084609100126,33.32,96.08,-0.43,97.94,-0.66,96.99,-0.55,POS+CHROM,50.18,2517.9991,-50.18,8.143,66.3163,-8.143,6.287,39.5289,-6.287,7.233,52.3118,-7.233
7542,before,7542_before_clip_0002,ok,150,136.0,96.0,14.6,52.04,39.26,0,131.7,54.18,1.19,0.07634899715874438,33.3,101.27,-2.54,97.5,-1.48,99.22,-2.01,POS+CHROM,77.516,6008.7091,-77.516,30.422,925.5148,-30.422,34.192,1169.1247,-34.192,32.473,1054.5006,-32.473
7557,after,7557_after_clip_0000,ok,150,126.0,69.0,14.3,3.88,96.02,0,78.12,54.34,1.12,0.03396291040504365,34.01,80.23,1.14,80.79,-0.18,80.48,0.48,POS+CHROM,23.775,565.2532,-23.775,2.11,4.4537,2.11,2.671,7.135,2.671,2.36,5.5696,2.36
7557,after,7557_after_clip_0001,ok,150,126.0,69.0,14.3,7.55,88.84,0,116.81,54.34,1.22,-0.019974759631324685,33.98,67.16,2.01,66.53,1.13,66.86,1.57,POS+CHROM,62.477,3903.4174,-62.477,49.658,2465.879,-49.658,50.288,2528.8742,-50.288,49.95,2494.9661,-49.95
7557,after,7557_after_clip_0002,ok,150,126.0,69.0,14.3,6.57,91.48,0,69.77,54.31,1.2,-0.05539101737537545,34.0,56.6,-1.77,56.76,-0.16,55.7,-0.24,POS+CHROM+DEEP,15.461,239.054,-15.461,13.167,173.3645,-13.167,13.012,169.3039,-13.012,14.068,197.9221,-14.068
7557,before,7557_before_clip_0000,ok,150,119.0,65.0,14.3,4.81,94.28,0,84.08,53.45,1.32,0.02528953101631636,31.04,79.81,0.8,79.69,1.44,79.75,1.12,POS+CHROM,30.63,938.1839,-30.63,4.266,18.1968,-4.266,4.39,19.2762,-4.39,4.331,18.7611,-4.331
7557,before,7557_before_clip_0001,ok,150,119.0,65.0,14.3,3.59,96.21,0,83.16,53.42,1.3,-0.030486873660140613,31.46,76.59,5.43,76.33,4.93,76.47,5.18,POS+CHROM,29.743,884.6664,-29.743,6.571,43.184,-6.571,6.829,46.6328,-6.829,6.695,44.821,-6.695
7557,before,7557_before_clip_0002,ok,150,119.0,65.0,14.3,1.68,97.94,0,104.79,53.45,1.26,0.005606411035079707,31.86,77.85,2.24,80.59,1.09,79.09,1.66,POS+CHROM,51.339,2635.738,-51.339,26.938,725.633,-26.938,24.197,585.5129,-24.197,25.698,660.3745,-25.698
7568,after,7568_after_clip_0000,ok,150,116.0,64.0,12.9,4.19,93.73,0,76.24,53.55,1.57,-0.004990115885919428,31.15,85.29,4.0,90.77,0.14,87.18,2.07,POS+CHROM,22.697,515.1568,-22.697,9.048,81.8633,9.048,14.523,210.9119,14.523,10.933,119.5263,10.933
7568,after,7568_after_clip_0001,ok,150,116.0,64.0,12.9,2.29,97.03,0,133.96,53.59,1.5,-0.03640580047541887,31.22,81.68,4.32,86.5,-0.19,83.22,2.07,POS+CHROM,80.37,6459.3613,-80.37,52.282,2733.411,-52.282,47.456,2252.0878,-47.456,50.735,2573.9904,-50.735
7568,after,7568_after_clip_0002,ok,150,116.0,64.0,12.9,5.26,93.2,0,63.82,53.48,1.29,0.0063164553792676124,31.58,131.47,-1.45,103.34,-0.79,89.64,-0.32,POS+CHROM+DEEP,10.344,107.0052,-10.344,67.646,4575.9654,67.646,39.524,1562.1662,39.524,25.822,666.7917,25.822
7568,before,7568_before_clip_0000,ok,150,105.0,70.0,12.9,8.42,89.19,0,60.59,53.38,1.25,0.042656661761712636,31.44,74.29,4.12,110.81,-5.83,70.98,-0.16,POS+CHROM+DEEP,7.211,51.9938,-7.211,13.7,187.6891,13.7,50.216,2521.6925,50.216,10.384,107.8179,10.384
7568,before,7568_before_clip_0001,ok,150,105.0,70.0,12.9,3.38,95.06,0,83.74,53.48,1.25,-0.008724893850529585,31.86,77.17,3.94,77.67,-2.86,77.29,0.54,POS+CHROM,30.26,915.6741,-30.26,6.567,43.1258,-6.567,6.067,36.804,-6.067,6.445,41.5396,-6.445
7568,before,7568_before_clip_0002,ok,150,105.0,70.0,12.9,4.57,92.61,0,59.6,53.41,1.2,-0.005611600429237818,31.86,76.85,1.43,64.81,-1.38,65.22,0.42,POS+CHROM+DEEP,6.192,38.3385,-6.192,17.244,297.3643,17.244,5.203,27.0692,5.203,5.614,31.5203,5.614
7570,after,7570_after_clip_0000,ok,150,127.0,80.0,13.8,32.66,62.6,0,113.68,53.78,1.22,-0.01131229024131749,32.21,112.41,-1.96,107.66,-1.96,110.03,-1.96,POS+CHROM,59.898,3587.8119,-59.898,1.266,1.6032,-1.266,6.02,36.2448,-6.02,3.642,13.2634,-3.642
7570,after,7570_after_clip_0001,ok,150,127.0,80.0,13.8,14.76,62.74,0,111.47,53.67,1.23,0.17035633045717324,32.93,91.7,-0.59,87.54,-2.23,89.9,-1.41,POS+CHROM,57.804,3341.3295,-57.804,19.773,390.9663,-19.773,23.939,573.0824,-23.939,21.573,465.4132,-21.573
7570,after,7570_after_clip_0002,ok,150,127.0,80.0,13.8,17.32,75.28,0,108.98,53.56,0.6,-0.24718676644127038,32.59,129.14,-1.79,130.31,-1.88,129.72,-1.84,POS+CHROM,55.417,3071.0487,-55.417,20.168,406.7668,20.168,21.332,455.0353,21.332,20.745,430.3706,20.745
7570,before,7570_before_clip_0000,ok,150,113.0,77.0,13.8,50.39,44.13,0,118.93,53.33,1.03,-0.04022207625444575,33.02,114.27,0.49,114.26,-0.24,114.27,0.13,POS+CHROM,65.604,4303.8916,-65.604,4.658,21.6972,-4.658,4.669,21.7968,-4.669,4.663,21.7439,-4.663
7570,before,7570_before_clip_0001,ok,150,113.0,77.0,13.8,58.53,31.16,0,75.37,53.47,1.08,0.044861219464487394,32.57,90.22,1.4,87.38,-0.35,89.01,0.53,POS+CHROM,21.903,479.7461,-21.903,14.849,220.5059,14.849,12.015,144.3687,12.015,13.638,186.0017,13.638
7570,before,7570_before_clip_0002,ok,150,113.0,77.0,13.8,42.5,50.66,0,104.21,53.57,1.24,-0.056416193074370735,31.85,94.35,0.47,98.26,-1.44,96.0,-0.49,POS+CHROM,50.641,2564.5483,-50.641,9.857,97.1588,-9.857,5.951,35.4153,-5.951,8.212,67.4328,-8.212
7576,after,7576_after_clip_0000,ok,150,112.0,69.0,13.1,2.28,97.5,0,136.68,53.54,1.3,-0.025428952583936994,31.24,62.07,3.98,62.06,1.22,62.07,2.6,POS+CHROM,83.133,6911.0339,-83.133,74.601,5565.3129,-74.601,74.613,5567.1347,-74.613,74.606,5566.0179,-74.606
7576,after,7576_after_clip_0001,ok,150,112.0,69.0,13.1,3.88,95.93,0,124.98,53.64,1.37,-0.03708023956498292,31.55,59.88,5.43,58.76,1.14,58.02,2.65,POS+CHROM+DEEP,71.339,5089.1944,-71.339,65.1,4238.0146,-65.1,66.225,4385.7975,-66.225,66.962,4483.9253,-66.962
7576,after,7576_after_clip_0002,ok,150,112.0,69.0,13.1,3.02,96.8,0,133.53,53.56,1.33,-0.15010381626463262,31.19,58.43,7.7,60.12,5.27,58.15,4.77,POS+CHROM+DEEP,79.969,6394.9934,-79.969,75.09,5638.5823,-75.09,73.407,5388.6208,-73.407,75.371,5680.8344,-75.371
7576,before,7576_before_clip_0000,ok,150,120.0,70.0,13.1,0.77,98.98,0,101.51,53.57,1.17,-0.03588996529511831,31.43,53.98,3.65,56.04,5.06,54.77,3.29,POS+CHROM+DEEP,47.947,2298.8939,-47.947,47.539,2259.9608,-47.539,45.477,2068.1278,-45.477,46.739,2184.5687,-46.739
7576,before,7576_before_clip_0001,ok,150,120.0,70.0,13.1,1.63,97.87,0,79.63,53.68,1.18,-0.004961059622218388,31.8,55.25,2.64,56.06,4.92,55.24,2.91,POS+CHROM+DEEP,25.944,673.0881,-25.944,24.378,594.2911,-24.378,23.565,555.306,-23.565,24.39,594.8647,-24.39
7576,before,7576_before_clip_0002,ok,150,120.0,70.0,13.1,1.58,97.75,0,55.39,53.72,1.18,-0.008559738598343077,31.81,52.48,4.3,126.2,-7.35,52.94,2.74,POS+DEEP,1.667,2.7777,-1.667,2.906,8.4429,-2.906,70.809,5013.9385,70.809,2.444,5.9712,-2.444
7596,after,7596_after_clip_0000,ok,150,141.0,66.0,15.4,25.33,72.85,0,88.56,54.29,1.15,-0.3582963028049259,33.19,67.87,-0.17,66.24,-1.42,67.14,-0.79,POS+CHROM,34.272,1174.5738,-34.272,20.687,427.9386,-20.687,22.324,498.3444,-22.324,21.42,458.8212,-21.42
7596,after,7596_after_clip_0001,ok,150,141.0,66.0,15.4,51.44,41.48,0,68.56,54.42,1.32,0.1231314760018511,33.92,62.72,-1.2,61.54,-0.53,58.89,-0.14,POS+CHROM+DEEP,14.137,199.8635,-14.137,5.842,34.1247,-5.842,7.021,49.2908,-7.021,9.672,93.5479,-9.672
7596,after,7596_after_clip_0002,ok,150,141.0,66.0,15.4,55.83,26.09,1,113.17,54.34,1.12,0.12070016885684562,33.96,93.26,0.29,91.66,1.08,92.41,0.69,POS+CHROM,58.833,3461.3729,-58.833,19.909,396.3597,-19.909,21.513,462.795,-21.513,20.763,431.1218,-20.763
7596,before,7596_before_clip_0000,ok,150,128.0,78.0,15.4,16.82,67.44,0,87.94,53.93,1.04,0.0392057624180442,34.79,72.61,0.17,74.39,1.74,73.61,0.96,POS+CHROM,34.014,1156.979,-34.014,15.332,235.0568,-15.332,13.556,183.7522,-13.556,14.328,205.2858,-14.328
7596,before,7596_before_clip_0001,ok,150,128.0,78.0,15.4,29.18,61.77,0,88.43,54.11,1.26,-0.21983123150335052,33.25,58.45,4.35,59.68,4.17,57.91,3.26,POS+CHROM+DEEP,34.321,1177.9472,-34.321,29.98,898.8019,-29.98,28.748,826.4288,-28.748,30.524,931.7026,-30.524
7596,before,7596_before_clip_0002,ok,150,128.0,78.0,15.4,61.31,27.08,1,95.06,54.0,0.96,0.0062042118879633915,33.32,92.85,-3.0,92.48,-2.75,92.66,-2.88,POS+CHROM,41.058,1685.775,-41.058,2.203,4.8535,-2.203,2.578,6.6449,-2.578,2.394,5.733,-2.394
7598,after,7598_after_clip_0000,ok,150,149.0,71.0,15.8,4.35,94.58,0,78.09,54.1,1.48,-0.07246160741030246,32.39,91.07,-0.01,92.64,0.19,91.87,0.09,POS+CHROM,23.989,575.4581,-23.989,12.981,168.4954,12.981,14.552,211.7648,14.552,13.78,189.8841,13.78
7598,after,7598_after_clip_0001,ok,150,149.0,71.0,15.8,10.96,88.27,0,85.74,54.21,1.47,-0.0989912278987759,32.01,125.04,-1.37,127.67,-3.95,126.08,-2.66,POS+CHROM,31.536,994.4904,-31.536,39.298,1544.3355,39.298,41.933,1758.3706,41.933,40.337,1627.0378,40.337
7598,after,7598_after_clip_0002,ok,150,149.0,71.0,15.8,11.35,81.04,0,102.18,54.02,1.49,-0.031321732731667426,32.78,62.14,-1.37,59.95,0.21,58.07,0.11,POS+CHROM+DEEP,48.158,2319.1475,-48.158,40.041,1603.2961,-40.041,42.228,1783.1975,-42.228,44.111,1945.8022,-44.111
7598,before,7598_before_clip_0000,ok,150,120.0,70.0,15.8,34.56,21.98,0,94.45,54.11,1.43,-0.05509779809139782,31.8,60.98,-1.82,63.68,-0.83,58.77,-0.41,POS+CHROM+DEEP,40.345,1627.6878,-40.345,33.475,1120.5703,-33.475,30.767,946.6177,-30.767,35.683,1273.2654,-35.683
7598,before,7598_before_clip_0001,ok,150,120.0,70.0,15.8,31.7,16.7,0,72.66,53.99,1.42,-0.1452801632704498,32.54,80.87,1.73,114.62,-3.21,76.38,-0.02,POS+CHROM+DEEP,18.674,348.7213,-18.674,8.205,67.3249,8.205,41.96,1760.6789,41.96,3.718,13.8245,3.718
7598,before,7598_before_clip_0002,ok,150,120.0,70.0,15.8,40.55,26.18,0,85.65,54.09,1.43,0.07364712653172123,32.59,84.3,3.36,83.25,1.74,83.84,2.55,POS+CHROM,31.556,995.7783,-31.556,1.35,1.8228,-1.35,2.401,5.7666,-2.401,1.806,3.2599,-1.806
7601,after,7601_after_clip_0000,ok,150,117.0,72.0,14.3,15.4,77.82,0,65.89,53.88,0.86,0.0776076202227979,33.63,82.18,0.72,75.11,1.15,78.52,0.93,POS+CHROM,12.017,144.4118,-12.017,16.292,265.4175,16.292,9.214,84.9012,9.214,12.626,159.4197,12.626
7601,after,7601_after_clip_0001,ok,150,117.0,72.0,14.3,23.73,72.76,0,60.12,54.07,1.12,0.21345549044986933,33.59,73.4,0.19,71.8,-2.55,72.78,-1.18,POS+CHROM,6.058,36.7049,-6.058,13.277,176.2714,13.277,11.673,136.2573,11.673,12.655,160.1423,12.655
7601,after,7601_after_clip_0002,ok,150,117.0,72.0,14.3,27.91,69.2,0,93.04,53.99,1.05,0.14283587133219863,33.25,70.17,2.48,68.81,3.19,69.45,2.83,POS+CHROM,39.058,1525.4917,-39.058,22.876,523.2918,-22.876,24.237,587.4457,-24.237,23.597,556.797,-23.597
7601,before,7601_before_clip_0000,ok,150,105.0,60.0,14.3,24.03,68.2,0,79.37,53.11,1.31,-0.030194652529126106,31.5,70.11,3.08,70.72,2.43,70.4,2.76,POS+CHROM,26.257,689.437,-26.257,9.255,85.6472,-9.255,8.644,74.7123,-8.644,8.966,80.3809,-8.966
7601,before,7601_before_clip_0001,ok,150,105.0,60.0,14.3,18.15,79.13,0,84.35,53.24,1.3,0.1115692160007051,31.52,72.77,1.88,74.32,1.13,73.5,1.5,POS+CHROM,31.109,967.7968,-31.109,11.579,134.0736,-11.579,10.027,100.5325,-10.027,10.851,117.742,-10.851
7601,before,7601_before_clip_0002,ok,150,105.0,60.0,14.3,12.57,84.74,0,82.41,53.21,1.32,-0.14553996352056547,31.52,63.39,0.71,61.73,-1.17,62.69,-0.23,POS+CHROM,29.207,853.035,-29.207,19.019,361.7145,-19.019,20.677,427.5482,-20.677,19.719,388.8335,-19.719
7604,after,7604_after_clip_0000,ok,150,122.0,78.0,15.3,5.0,75.97,0,105.18,53.46,1.0,-0.005864480610871884,32.19,63.66,-2.17,98.17,-2.64,67.7,-1.27,POS+CHROM+DEEP,51.719,2674.896,-51.719,41.527,1724.4688,-41.527,7.017,49.2316,-7.017,37.478,1404.6184,-37.478
7604,after,7604_after_clip_0001,ok,150,122.0,78.0,15.3,4.36,80.81,0,83.32,53.67,1.15,-0.056471998565982576,32.61,97.4,-0.05,97.54,1.54,97.48,0.75,POS+CHROM,29.647,878.9598,-29.647,14.075,198.1083,14.075,14.218,202.1468,14.218,14.156,200.3889,14.156
7604,after,7604_after_clip_0002,ok,150,122.0,78.0,15.3,5.42,76.72,0,77.44,53.51,1.24,0.04728903250750439,31.4,106.47,1.03,111.69,-2.08,108.42,-0.52,POS+CHROM,23.933,572.7803,-23.933,29.029,842.6938,29.029,34.248,1172.934,34.248,30.977,959.5644,30.977
7604,before,7604_before_clip_0000,ok,150,108.0,73.0,15.3,14.23,71.55,0,115.86,53.72,0.99,0.10067883837944683,33.38,82.51,2.73,80.52,4.41,81.37,3.57,POS+CHROM,62.145,3861.9403,-62.145,33.354,1112.5006,-33.354,35.348,1249.5007,-35.348,34.49,1189.5693,-34.49
7604,before,7604_before_clip_0001,ok,150,108.0,73.0,15.3,27.37,61.01,0,98.24,53.76,1.0,0.013383807910869744,32.95,78.22,2.75,79.7,3.52,79.01,3.14,POS+CHROM,44.482,1978.6303,-44.482,20.017,400.693,-20.017,18.54,343.7415,-18.54,19.231,369.8477,-19.231
7604,before,7604_before_clip_0002,ok,150,108.0,73.0,15.3,22.15,72.76,0,91.98,53.72,1.03,0.08007908042598216,32.94,81.54,0.65,84.39,-0.19,82.86,0.23,POS+CHROM,38.259,1463.7799,-38.259,10.441,109.0177,-10.441,7.597,57.7096,-7.597,9.119,83.1475,-9.119
7626,after,7626_after_clip_0000,ok,150,134.0,70.0,13.4,3.92,95.72,0,65.97,53.11,1.53,0.07172614800577766,30.67,83.29,0.73,85.77,-0.88,84.37,-0.07,POS+CHROM,12.859,165.3533,-12.859,17.329,300.2838,17.329,19.806,392.2899,19.806,18.402,338.6291,18.402
7626,after,7626_after_clip_0001,ok,150,134.0,70.0,13.4,7.25,92.21,0,105.93,53.17,1.5,-0.05712295796364382,30.72,73.91,2.75,73.04,1.45,73.52,2.1,POS+CHROM,52.756,2783.1624,-52.756,32.015,1024.9476,-32.015,32.882,1081.2424,-32.882,32.402,1049.8736,-32.402
7626,after,7626_after_clip_0002,ok,150,134.0,70.0,13.4,5.44,94.09,0,113.49,53.12,1.49,0.007775245387095391,30.71,73.85,1.17,72.53,0.55,73.22,0.86,POS+CHROM,60.371,3644.656,-60.371,39.644,1571.6796,-39.644,40.963,1677.9813,-40.963,40.27,1621.6433,-40.27
7626,before,7626_before_clip_0000,ok,150,128.0,66.0,13.4,5.87,91.47,0,91.7,53.58,1.29,0.014112641281643223,32.21,61.77,3.85,62.92,0.97,62.21,2.41,POS+CHROM,38.115,1452.75,-38.115,29.929,895.7172,-29.929,28.773,827.8931,-28.773,29.487,869.4766,-29.487
7626,before,7626_before_clip_0001,ok,150,128.0,66.0,13.4,7.64,91.56,0,87.04,53.54,1.18,0.05883513618655028,32.27,69.1,2.87,65.47,0.74,67.6,1.81,POS+CHROM,33.502,1122.3709,-33.502,17.941,321.862,-17.941,21.563,464.9544,-21.563,19.433,377.6542,-19.433
7626,before,7626_before_clip_0002,ok,150,128.0,66.0,13.4,5.9,92.12,0,104.41,53.56,1.21,-0.012329109784487946,32.25,69.93,1.71,118.82,-2.01,74.5,0.3,POS+CHROM+DEEP,50.848,2585.5163,-50.848,34.477,1188.6777,-34.477,14.418,207.8852,14.418,29.908,894.5035,-29.908
7628,after,7628_after_clip_0000,ok,150,120.0,89.0,11.2,7.02,34.57,0,137.54,53.86,0.98,-0.10384470458581337,33.31,135.73,-4.12,93.64,-1.03,83.48,-1.39,POS+CHROM+DEEP,83.685,7003.19,-83.685,1.812,3.2829,-1.812,43.899,1927.1461,-43.899,54.061,2922.6402,-54.061
7628,after,7628_after_clip_0001,ok,150,120.0,89.0,11.2,52.59,19.07,1,113.3,53.83,0.88,0.05423738133379348,33.21,67.54,-0.48,78.14,-0.75,65.34,-0.12,POS+CHROM+DEEP,59.474,3537.1523,-59.474,45.759,2093.9142,-45.759,35.161,1236.3187,-35.161,47.96,2300.1696,-47.96
7628,after,7628_after_clip_0002,ok,150,120.0,89.0,11.2,65.09,24.36,1,67.79,53.6,0.94,-0.07094101026057367,33.18,130.89,-0.06,93.55,-3.44,89.98,-0.85,POS+CHROM+DEEP,14.194,201.4789,-14.194,63.104,3982.1556,63.104,25.761,663.648,25.761,22.187,492.2756,22.187
7628,before,7628_before_clip_0000,ok,150,121.0,87.0,11.2,21.47,74.75,0,93.48,53.62,1.2,0.12353908770283288,32.43,105.29,-2.29,89.2,-1.89,76.86,-1.0,POS+CHROM+DEEP,39.855,1588.3912,-39.855,11.814,139.5749,11.814,4.281,18.3252,-4.281,16.615,276.0429,-16.615
7628,before,7628_before_clip_0001,ok,150,121.0,87.0,11.2,61.29,33.72,0,86.72,53.68,1.2,0.08339691192657911,31.69,109.59,-2.32,57.26,-2.37,54.95,-0.58,CHROM+DEEP,33.037,1091.4756,-33.037,22.869,522.9974,22.869,29.46,867.8688,-29.46,31.766,1009.0773,-31.766
7628,before,7628_before_clip_0002,ok,150,121.0,87.0,11.2,45.5,45.01,0,123.25,53.62,1.2,0.24332877463458638,32.08,99.16,-3.6,88.42,-3.56,72.65,-1.98,POS+CHROM+DEEP,69.639,4849.645,-69.639,24.098,580.6994,-24.098,34.831,1213.2288,-34.831,50.604,2560.7433,-50.604
7637,after,7637_after_clip_0000,ok,150,104.0,67.0,12.8,13.25,84.73,0,104.86,52.99,1.24,0.013291028030914533,31.45,80.68,-1.91,119.24,-1.23,79.74,-0.63,POS+CHROM+DEEP,51.872,2690.7524,-51.872,24.181,584.7128,-24.181,14.386,206.9537,14.386,25.12,631.0007,-25.12
7637,after,7637_after_clip_0001,ok,150,104.0,67.0,12.8,21.66,70.43,0,93.62,53.2,1.35,-0.0008404523401417334,30.48,81.59,0.92,81.14,-0.81,81.4,0.06,POS+CHROM,40.422,1633.9531,-40.422,12.03,144.7198,-12.03,12.473,155.581,-12.473,12.22,149.327,-12.22
7637,after,7637_after_clip_0002,ok,150,104.0,67.0,12.8,7.09,73.25,0,77.87,53.22,1.37,0.04499041014466154,30.44,75.87,2.16,76.05,1.74,75.96,1.95,POS+CHROM,24.652,607.7101,-24.652,1.997,3.9895,-1.997,1.82,3.3129,-1.82,1.912,3.6554,-1.912
7637,before,7637_before_clip_0000,ok,150,103.0,63.0,12.8,18.87,73.66,0,89.2,54.14,1.19,-0.025067875905997284,33.02,75.85,2.25,75.65,2.6,75.75,2.43,POS+CHROM,35.064,1229.462,-35.064,13.35,178.2206,-13.35,13.549,183.5887,-13.549,13.453,180.973,-13.453
7637,before,7637_before_clip_0001,ok,150,103.0,63.0,12.8,5.1,86.24,0,81.85,53.97,0.9,0.08248921390901248,33.99,86.55,4.45,83.98,1.93,85.53,3.19,POS+CHROM,27.878,777.2098,-27.878,4.703,22.1174,4.703,2.135,4.5568,2.135,3.684,13.5747,3.684
7637,before,7637_before_clip_0002,ok,150,103.0,63.0,12.8,10.91,87.65,0,86.52,54.23,0.99,-0.03596270706582184,33.0,77.06,1.27,79.95,1.96,78.59,1.61,POS+CHROM,32.287,1042.4234,-32.287,9.455,89.4031,-9.455,6.568,43.1334,-6.568,7.928,62.8505,-7.928
7685,after,7685_after_clip_0000,ok,150,117.0,80.0,12.4,41.44,47.19,0,74.66,53.8,0.42,-0.02395985932924496,35.66,81.02,-0.34,90.64,-0.75,73.88,-0.22,POS+CHROM+DEEP,20.859,435.112,-20.859,6.362,40.4725,6.362,15.978,255.3043,15.978,0.781,0.6107,-0.781
7685,after,7685_after_clip_0001,ok,150,117.0,80.0,12.4,16.79,80.88,0,116.13,52.86,0.42,0.16642422439400503,32.91,117.19,0.09,118.31,-1.27,117.69,-0.59,POS+CHROM,63.273,4003.4243,-63.273,1.062,1.1281,1.062,2.176,4.7354,2.176,1.557,2.4228,1.557
7685,after,7685_after_clip_0002,ok,150,117.0,80.0,12.4,37.32,62.0,0,127.02,53.6,0.48,0.11454393766511285,36.6,108.08,-2.14,107.5,-0.76,107.75,-1.45,POS+CHROM,73.421,5390.6846,-73.421,18.941,358.7618,-18.941,19.522,381.0944,-19.522,19.265,371.1255,-19.265
7685,before,7685_before_clip_0000,ok,150,124.0,73.0,12.4,7.56,91.56,0,123.23,53.34,1.22,-0.08015225019346016,31.83,80.58,3.12,80.87,0.37,80.69,1.75,POS+CHROM,69.893,4885.0399,-69.893,42.65,1818.9998,-42.65,42.358,1794.1588,-42.358,42.537,1809.3571,-42.537
7685,before,7685_before_clip_0001,ok,150,124.0,73.0,12.4,31.74,66.63,0,73.86,53.24,1.31,0.2688962427635625,31.63,82.37,5.6,82.41,5.27,82.39,5.44,POS+CHROM,20.623,425.2966,-20.623,8.509,72.3986,8.509,8.554,73.1761,8.554,8.531,72.7763,8.531
7685,before,7685_before_clip_0002,ok,150,124.0,73.0,12.4,47.02,38.63,0,110.46,53.3,1.23,-0.28654498675849494,31.35,85.75,4.41,85.17,3.69,85.48,4.05,POS+CHROM,57.16,3267.3224,-57.16,24.708,610.4761,-24.708,25.29,639.5831,-25.29,24.982,624.0768,-24.982
7695,after,7695_after_clip_0000,ok,150,118.0,80.0,14.8,23.84,63.58,0,105.32,53.54,1.34,0.09018683070777038,31.91,56.98,0.1,97.23,-1.63,55.08,0.72,POS+DEEP,51.781,2681.2321,-51.781,48.336,2336.4035,-48.336,8.094,65.5133,-8.094,50.236,2523.6909,-50.236
7695,after,7695_after_clip_0001,ok,150,118.0,80.0,14.8,33.88,50.04,0,66.46,53.49,1.4,-0.22668149565031892,31.18,96.36,4.06,96.4,-0.94,96.37,1.56,POS+CHROM,12.969,168.1943,-12.969,29.894,893.6373,29.894,29.942,896.526,29.942,29.908,894.5122,29.908
7695,after,7695_after_clip_0002,ok,150,118.0,80.0,14.8,31.39,35.15,0,81.74,53.43,1.18,-0.14971928733443846,31.52,92.23,-1.64,107.67,-0.18,81.29,-0.21,POS+CHROM+DEEP,28.312,801.5629,-28.312,10.482,109.8623,10.482,25.93,672.3548,25.93,0.454,0.2064,-0.454
7695,before,7695_before_clip_0000,ok,150,117.0,77.0,14.8,55.0,26.42,1,55.57,53.4,1.17,0.10112047438079945,31.14,104.89,1.41,108.1,-1.14,106.16,0.14,POS+CHROM,2.175,4.7293,-2.175,49.313,2431.7883,49.313,52.531,2759.4655,52.531,50.585,2558.8617,50.585
7695,before,7695_before_clip_0001,ok,150,117.0,77.0,14.8,46.31,45.18,0,102.77,53.42,1.2,0.06067325312212182,31.49,96.8,0.27,102.4,-2.22,99.03,-0.97,POS+CHROM,49.345,2434.8802,-49.345,5.973,35.6804,-5.973,0.365,0.1329,-0.365,3.743,14.0074,-3.743
7695,before,7695_before_clip_0002,ok,150,117.0,77.0,14.8,34.61,53.19,0,97.12,53.45,1.18,0.03176422565026767,31.56,85.99,0.57,95.36,1.97,78.81,1.24,POS+CHROM+DEEP,43.678,1907.753,-43.678,11.137,124.036,-11.137,1.767,3.1238,-1.767,18.318,335.5314,-18.318
7736,after,7736_after_clip_0000,ok,150,148.0,78.0,13.3,46.15,34.75,0,70.28,54.23,1.13,-0.0009651224192155029,33.49,111.11,2.62,110.01,-1.24,110.73,0.69,POS+CHROM,16.054,257.7374,-16.054,40.83,1667.0945,40.83,39.726,1578.1618,39.726,40.45,1636.1785,40.45
7736,after,7736_after_clip_0001,ok,150,148.0,78.0,13.3,15.52,81.89,0,108.11,54.05,1.0,0.020673040344678758,34.38,103.99,-1.77,101.95,-3.14,103.08,-2.45,POS+CHROM,54.06,2922.4924,-54.06,4.126,17.0238,-4.126,6.162,37.9647,-6.162,5.028,25.2777,-5.028
7736,after,7736_after_clip_0002,ok,150,148.0,78.0,13.3,23.97,66.03,0,64.55,54.15,1.07,-0.08439319300715745,33.44,77.81,0.46,77.55,2.53,77.65,1.49,POS+CHROM,10.396,108.0849,-10.396,13.256,175.7144,13.256,12.996,168.9075,12.996,13.104,171.7138,13.104
7736,before,7736_before_clip_0000,ok,150,123.0,71.0,13.3,3.31,96.26,0,129.0,54.23,1.14,0.11836026344120344,33.44,79.28,-1.36,76.69,-0.02,77.84,-0.69,POS+CHROM,74.772,5590.8537,-74.772,49.72,2472.0984,-49.72,52.311,2736.3936,-52.311,51.16,2617.3411,-51.16
7736,before,7736_before_clip_0001,ok,150,123.0,71.0,13.3,21.43,77.99,0,94.38,54.09,1.07,-0.08563239094607936,33.53,87.02,-0.18,86.85,-0.22,86.93,-0.2,POS+CHROM,40.296,1623.7829,-40.296,7.362,54.1935,-7.362,7.535,56.7821,-7.535,7.448,55.476,-7.448
7736,before,7736_before_clip_0002,ok,150,123.0,71.0,13.3,18.92,75.58,0,61.21,54.23,1.12,-0.10755405663223318,33.44,70.98,1.25,68.3,0.47,69.73,0.86,POS+CHROM,6.982,48.7493,-6.982,9.77,95.4518,9.77,7.093,50.3158,7.093,8.519,72.5699,8.519
7748,after,7748_after_clip_0000,ok,150,179.0,90.0,10.4,13.3,86.18,0,56.75,53.62,0.68,0.1525719564306623,35.28,128.37,-5.95,84.35,1.39,77.78,-1.29,POS+CHROM+DEEP,3.132,9.8093,-3.132,71.626,5130.2805,71.626,27.603,761.9341,27.603,21.034,442.4171,21.034
7748,after,7748_after_clip_0001,ok,150,179.0,90.0,10.4,10.65,88.33,0,79.41,53.7,0.89,0.02301927937523599,33.08,75.08,3.41,76.02,2.82,75.53,3.11,POS+CHROM,25.714,661.2197,-25.714,4.328,18.7314,-4.328,3.389,11.4873,-3.389,3.882,15.067,-3.882
7748,after,7748_after_clip_0002,ok,150,179.0,90.0,10.4,6.46,88.55,0,90.11,54.8,0.99,-0.018850606868883853,36.88,71.42,3.82,70.12,4.95,70.71,4.38,POS+CHROM,35.309,1246.7539,-35.309,18.692,349.397,-18.692,19.994,399.7749,-19.994,19.404,376.5186,-19.404
7748,before,7748_before_clip_0000,ok,150,160.0,87.0,10.4,3.26,96.08,0,64.74,54.04,1.08,-0.03844827739178803,33.65,81.56,2.06,80.17,2.62,80.83,2.34,POS+CHROM,10.703,114.5535,-10.703,16.817,282.8096,16.817,15.436,238.2696,15.436,16.094,259.0183,16.094
7748,before,7748_before_clip_0001,ok,150,160.0,87.0,10.4,1.38,97.09,0,64.78,53.97,1.04,-0.01388896180334747,33.32,77.63,2.35,81.73,3.08,79.81,2.72,POS+CHROM,10.807,116.794,-10.807,12.853,165.1895,12.853,16.957,287.555,16.957,15.029,225.8766,15.029
7748,before,7748_before_clip_0002,ok,150,160.0,87.0,10.4,3.08,94.43,0,62.3,53.9,0.89,0.08287080572046555,33.64,73.9,2.17,73.4,1.03,73.67,1.6,POS+CHROM,8.4,70.5601,-8.4,11.597,134.4806,11.597,11.094,123.0675,11.094,11.369,129.2533,11.369
7759,after,7759_after_clip_0000,ok,150,115.0,61.0,12.0,8.47,88.42,0,86.85,54.04,1.16,-0.02123666723700668,32.84,73.25,0.06,70.28,1.19,71.62,0.62,POS+CHROM,32.806,1076.2037,-32.806,13.6,184.9636,-13.6,16.572,274.6236,-16.572,15.225,231.7973,-15.225
7759,after,7759_after_clip_0001,ok,150,115.0,61.0,12.0,2.84,92.38,0,87.1,54.05,1.02,-0.0036094246850643715,34.92,55.78,3.99,60.42,3.79,57.11,2.94,POS+CHROM+DEEP,33.048,1092.1644,-33.048,31.321,981.0341,-31.321,26.685,712.1132,-26.685,29.99,899.3718,-29.99
7759,after,7759_after_clip_0002,ok,150,115.0,61.0,12.0,3.73,96.07,0,135.78,54.29,0.99,-0.12619540305846208,32.67,85.2,-2.59,58.35,2.0,56.49,1.5,CHROM+DEEP,81.484,6639.708,-81.484,50.575,2557.8464,-50.575,77.432,5995.6811,-77.432,79.289,6286.7133,-79.289
7759,before,7759_before_clip_0000,ok,150,104.0,60.0,12.0,2.62,95.79,0,107.8,54.37,1.11,0.02651011668143017,36.02,78.41,-0.81,61.01,4.23,58.53,2.67,CHROM+DEEP,53.435,2855.3092,-53.435,29.392,863.8917,-29.392,46.794,2189.7231,-46.794,49.272,2427.746,-49.272
7759,before,7759_before_clip_0001,ok,150,104.0,60.0,12.0,1.94,95.13,0,74.81,53.99,1.07,-0.09420616927397461,35.33,59.82,2.58,66.19,2.2,60.35,1.95,POS+CHROM+DEEP,20.821,433.5122,-20.821,14.987,224.6037,-14.987,8.62,74.3117,-8.62,14.456,208.9871,-14.456
7759,before,7759_before_clip_0002,ok,150,104.0,60.0,12.0,7.11,81.5,0,111.67,54.55,1.15,-0.04101857600671187,35.25,59.12,-0.28,54.14,1.75,55.64,0.87,POS+CHROM+DEEP,57.116,3262.2776,-57.116,52.549,2761.3464,-52.549,57.527,3309.3109,-57.527,56.029,3139.217,-56.029
7769,after,7769_after_clip_0000,ok,150,106.0,67.0,13.0,15.61,78.24,0,97.71,53.75,1.01,-0.133390508362335,33.17,133.81,-1.02,105.45,0.48,93.46,0.16,POS+CHROM+DEEP,43.963,1932.7112,-43.963,36.096,1302.9558,36.096,7.741,59.9241,7.741,4.248,18.0418,-4.248
7769,after,7769_after_clip_0001,ok,150,106.0,67.0,13.0,14.57,72.34,0,97.16,53.78,1.02,-0.11180416754374536,33.13,80.16,-4.31,106.26,-3.34,72.9,-2.21,POS+CHROM+DEEP,43.377,1881.5876,-43.377,16.996,288.8595,-16.996,9.098,82.7715,9.098,24.255,588.3141,-24.255
7769,after,7769_after_clip_0002,ok,150,106.0,67.0,13.0,7.04,89.54,0,82.89,53.82,1.08,-0.0021275497589681746,32.76,76.32,0.02,114.14,-4.63,72.77,-1.18,POS+CHROM+DEEP,29.072,845.1891,-29.072,6.566,43.1116,-6.566,31.251,976.6459,31.251,10.118,102.3648,-10.118
7769,before,7769_before_clip_0000,ok,150,109.0,75.0,13.0,19.01,78.54,0,128.59,53.08,1.23,-0.05028965996825387,31.65,80.28,-1.7,118.28,0.03,81.89,-0.15,POS+CHROM+DEEP,75.508,5701.4913,-75.508,48.314,2334.289,-48.314,10.314,106.3759,-10.314,46.698,2180.6969,-46.698
7769,before,7769_before_clip_0001,ok,150,109.0,75.0,13.0,4.58,90.89,0,116.85,53.39,1.21,-0.1218843789871887,31.41,118.08,-4.41,107.68,0.2,85.24,-1.0,POS+CHROM+DEEP,63.458,4026.9501,-63.458,1.231,1.5156,1.231,9.171,84.1019,-9.171,31.608,999.0499,-31.608
7769,before,7769_before_clip_0002,ok,150,109.0,75.0,13.0,12.99,76.77,0,113.02,53.42,1.16,0.13486512291168845,31.49,56.49,-0.0,118.64,-5.53,54.81,0.58,POS+DEEP,59.592,3551.1634,-59.592,56.527,3195.3259,-56.527,5.62,31.5885,5.62,58.208,3388.1384,-58.208
7788,after,7788_after_clip_0000,ok,150,128.0,73.0,13.8,25.85,62.78,0,128.93,54.1,1.13,0.05275031985175365,33.56,74.93,-1.85,102.38,-5.59,68.79,-2.1,POS+CHROM+DEEP,74.831,5599.6445,-74.831,53.998,2915.7927,-53.998,26.552,705.0332,-26.552,60.137,3616.4521,-60.137
7788,after,7788_after_clip_0001,ok,150,128.0,73.0,13.8,26.68,71.21,0,111.72,54.0,1.06,-0.1111306772779954,33.6,96.12,-0.04,137.57,-0.82,91.52,0.07,POS+CHROM+DEEP,57.717,3331.3066,-57.717,15.597,243.2767,-15.597,25.855,668.4665,25.855,20.197,407.9143,-20.197
7788,after,7788_after_clip_0002,ok,150,128.0,73.0,13.8,27.48,67.91,0,105.12,54.05,1.05,-0.12198209722189976,33.61,137.21,-5.66,121.98,-2.07,89.23,-2.23,POS+CHROM+DEEP,51.069,2608.0042,-51.069,32.09,1029.7492,32.09,16.869,284.5547,16.869,15.887,252.4065,-15.887
7788,before,7788_before_clip_0000,ok,150,116.0,73.0,13.8,6.58,87.24,0,110.46,53.96,1.07,-0.018621064467098054,33.42,73.64,-1.91,77.2,-0.41,75.64,-1.16,POS+CHROM,56.502,3192.4424,-56.502,36.823,1355.953,-36.823,33.261,1106.2652,-33.261,34.821,1212.4824,-34.821
7788,before,7788_before_clip_0001,ok,150,116.0,73.0,13.8,6.68,92.97,0,71.48,53.98,1.07,0.0553176328280171,33.45,102.56,-1.62,74.77,-0.05,73.54,-0.2,POS+CHROM+DEEP,17.507,306.496,-17.507,31.077,965.7516,31.077,3.285,10.7925,3.285,2.059,4.2405,2.059
7788,before,7788_before_clip_0002,ok,150,116.0,73.0,13.8,7.98,91.71,0,84.44,53.95,1.09,-0.03364129813236131,33.46,79.6,-2.27,81.18,0.11,80.54,-1.08,POS+CHROM,30.485,929.3449,-30.485,4.835,23.3798,-4.835,3.26,10.6303,-3.26,3.894,15.1615,-3.894
7793,after,7793_after_clip_0000,ok,150,116.0,87.0,12.2,25.39,65.16,0,76.54,54.22,1.03,0.15842149069811218,34.24,88.67,-0.11,85.56,1.63,86.89,0.76,POS+CHROM,22.324,498.3569,-22.324,12.122,146.9511,12.122,9.016,81.2879,9.016,10.345,107.0241,10.345
7793,after,7793_after_clip_0001,ok,150,116.0,87.0,12.2,39.01,42.96,0,95.98,54.48,1.12,0.05233295192343079,33.26,78.56,1.92,78.86,2.5,78.72,2.21,POS+CHROM,41.498,1722.1133,-41.498,17.417,303.3598,-17.417,17.125,293.2731,-17.125,17.264,298.0551,-17.264
7793,after,7793_after_clip_0002,ok,150,116.0,87.0,12.2,51.69,21.13,1,95.36,55.08,1.38,-0.02750756601797188,32.88,135.65,-4.19,136.61,-4.39,136.13,-4.29,POS+CHROM,40.274,1621.9772,-40.274,40.295,1623.7185,40.295,41.255,1701.9981,41.255,40.767,1661.9675,40.767
7793,before,7793_before_clip_0000,ok,150,124.0,72.0,12.2,19.5,24.32,0,78.69,54.41,1.28,0.05691176563003509,33.55,123.71,-0.47,123.33,-2.83,123.56,-1.65,POS+CHROM,24.275,589.267,-24.275,45.022,2026.967,45.022,44.646,1993.2969,44.646,44.871,2013.3742,44.871
7793,before,7793_before_clip_0001,ok,150,124.0,72.0,12.2,39.29,51.38,0,81.53,54.22,1.09,-0.1090607917780631,33.54,101.93,-4.76,97.16,-7.45,100.07,-6.1,POS+CHROM,27.304,745.5283,-27.304,20.403,416.2739,20.403,15.635,244.4506,15.635,18.545,343.9229,18.545
7793,before,7793_before_clip_0002,ok,150,124.0,72.0,12.2,21.19,70.16,0,113.35,54.47,1.2,0.015072178119735442,33.56,72.83,-0.52,70.87,-1.26,71.91,-0.89,POS+CHROM,58.882,3467.0944,-58.882,40.519,1641.8142,-40.519,42.485,1804.9364,-42.485,41.441,1717.3763,-41.441
7831,after,7831_after_clip_0000,ok,150,159.0,85.0,15.5,22.96,73.44,0,108.35,53.82,0.96,0.19334852183112755,33.46,108.69,0.04,105.11,0.07,106.9,0.06,POS+CHROM,54.532,2973.6855,-54.532,0.345,0.1188,0.345,3.235,10.4674,-3.235,1.45,2.1018,-1.45
7831,after,7831_after_clip_0001,ok,150,159.0,85.0,15.5,42.41,26.03,0,77.37,53.96,1.14,-0.08343036521947927,33.11,113.2,0.56,116.2,0.0,114.63,0.28,POS+CHROM,23.407,547.8769,-23.407,35.831,1283.8628,35.831,38.833,1508.0401,38.833,37.262,1388.4914,37.262
7831,after,7831_after_clip_0002,ok,150,159.0,85.0,15.5,49.41,16.85,0,64.35,53.83,0.96,0.06087979822075246,33.51,100.08,1.69,73.72,-2.42,77.38,0.07,POS+CHROM+DEEP,10.525,110.7729,-10.525,35.721,1276.0078,35.721,9.362,87.6491,9.362,13.023,169.6092,13.023
7831,before,7831_before_clip_0000,ok,150,137.0,86.0,15.5,21.95,74.0,0,103.19,53.66,1.08,-0.04128442354246145,32.25,71.56,1.23,73.92,3.69,72.98,2.46,POS+CHROM,49.525,2452.773,-49.525,31.625,1000.1413,-31.625,29.266,856.4939,-29.266,30.208,912.5016,-30.208
7831,before,7831_before_clip_0001,ok,150,137.0,86.0,15.5,43.22,46.3,0,104.34,53.68,1.04,0.2628779188985772,32.6,67.11,5.31,64.52,4.81,65.87,5.06,POS+CHROM,50.663,2566.7697,-50.663,37.23,1386.0577,-37.23,39.826,1586.1194,-39.826,38.473,1480.2044,-38.473
7831,before,7831_before_clip_0002,ok,150,137.0,86.0,15.5,46.25,37.44,0,81.91,53.56,1.09,0.19958593916370085,32.27,71.45,-2.54,101.76,-1.65,72.06,-1.03,POS+CHROM+DEEP,28.351,803.764,-28.351,10.46,109.4076,-10.46,19.848,393.9408,19.848,9.849,96.998,-9.849
7864,after,7864_after_clip_0000,ok,150,164.0,75.0,11.9,6.01,92.88,0,125.9,53.68,1.06,0.02810218377579262,32.7,118.05,0.8,64.69,-0.89,79.64,0.32,POS+CHROM+DEEP,72.224,5216.3077,-72.224,7.85,61.6234,-7.85,61.213,3747.073,-61.213,46.265,2140.4929,-46.265
7864,after,7864_after_clip_0001,ok,150,164.0,75.0,11.9,4.35,95.6,0,119.19,53.67,1.12,0.024362131747892875,32.3,116.02,1.21,66.26,-2.11,80.86,0.07,POS+CHROM+DEEP,65.529,4294.0163,-65.529,3.171,10.0576,-3.171,52.932,2801.8124,-52.932,38.334,1469.4835,-38.334
7864,after,7864_after_clip_0002,ok,150,164.0,75.0,11.9,3.64,96.02,0,125.22,53.77,1.09,-0.264503185221487,32.7,114.76,1.08,114.34,-2.57,114.61,-0.74,POS+CHROM,71.446,5104.5981,-71.446,10.454,109.279,-10.454,10.872,118.2072,-10.872,10.601,112.3877,-10.601
7864,before,7864_before_clip_0000,ok,150,134.0,66.0,11.9,32.37,51.84,0,98.01,53.57,1.49,0.07223181619765638,30.73,104.73,1.17,103.72,1.51,104.21,1.34,POS+CHROM,44.44,1974.8867,-44.44,6.72,45.1546,6.72,5.703,32.519,5.703,6.197,38.399,6.197
7864,before,7864_before_clip_0001,ok,150,134.0,66.0,11.9,34.69,13.49,0,80.68,53.41,1.27,0.003099474939052168,31.39,98.8,3.51,98.08,3.69,98.44,3.6,POS+CHROM,27.269,743.6168,-27.269,18.116,328.1952,18.116,17.401,302.8011,17.401,17.753,315.1816,17.753
7864,before,7864_before_clip_0002,ok,150,134.0,66.0,11.9,31.64,57.66,0,95.15,53.43,1.28,0.14868809027107688,31.79,103.23,-1.78,73.67,-1.69,72.55,-0.73,POS+CHROM+DEEP,41.71,1739.7616,-41.71,8.083,65.3374,8.083,21.47,460.9804,-21.47,22.6,510.7529,-22.6
7865,after,7865_after_clip_0000,ok,150,128.0,71.0,16.9,6.77,92.2,0,87.92,53.73,1.48,-0.09576523556789102,31.36,53.05,-1.7,80.82,-3.1,53.48,-0.11,POS+DEEP,34.185,1168.6042,-34.185,34.871,1215.9899,-34.871,7.101,50.4209,-7.101,34.439,1186.0547,-34.439
7865,after,7865_after_clip_0001,ok,150,128.0,71.0,16.9,5.76,93.3,0,121.12,53.62,1.45,0.029836592216943122,31.67,64.18,-3.24,129.28,-1.17,79.15,-0.99,POS+CHROM+DEEP,67.499,4556.0924,-67.499,56.938,3241.9838,-56.938,8.161,66.6009,8.161,41.965,1761.0967,-41.965
7865,after,7865_after_clip_0002,ok,150,128.0,71.0,16.9,2.68,96.54,0,107.95,53.8,1.46,-0.16400892967324732,31.74,67.16,0.07,70.26,1.43,68.89,0.75,POS+CHROM,54.155,2932.8051,-54.155,40.788,1663.6785,-40.788,37.692,1420.6778,-37.692,39.065,1526.1017,-39.065
7865,before,7865_before_clip_0000,ok,150,116.0,70.0,16.9,18.39,78.49,0,73.8,53.5,1.57,-0.12286725654044144,30.81,78.34,0.28,76.34,0.39,77.33,0.34,POS+CHROM,20.3,412.0835,-20.3,4.538,20.591,4.538,2.545,6.4781,2.545,3.532,12.4773,3.532
7865,before,7865_before_clip_0001,ok,150,116.0,70.0,16.9,9.34,90.29,0,120.93,53.97,1.68,-0.032278539639153475,30.54,59.65,0.1,59.22,2.12,57.49,1.3,POS+CHROM+DEEP,66.962,4483.9197,-66.962,61.276,3754.7896,-61.276,61.714,3808.6381,-61.714,63.441,4024.7036,-63.441
7865,before,7865_before_clip_0002,ok,150,116.0,70.0,16.9,2.15,96.33,0,91.51,53.27,1.41,-0.008680501869020724,30.72,84.96,2.4,83.58,2.62,84.26,2.51,POS+CHROM,38.24,1462.3074,-38.24,6.543,42.8077,-6.543,7.927,62.83,-7.927,7.248,52.5273,-7.248
7878,after,7878_after_clip_0000,ok,150,159.0,89.0,14.6,12.72,82.75,0,110.71,53.98,1.2,-0.09641921190093825,33.2,89.67,2.82,89.33,0.48,89.53,1.65,POS+CHROM,56.732,3218.5661,-56.732,21.046,442.9286,-21.046,21.379,457.0471,-21.379,21.18,448.605,-21.18
7878,after,7878_after_clip_0001,ok,150,159.0,89.0,14.6,24.47,61.69,0,74.21,54.04,1.18,-0.03172683199203964,33.59,90.9,2.39,87.09,1.12,89.2,1.76,POS+CHROM,20.171,406.8752,-20.171,16.691,278.592,16.691,12.886,166.0435,12.886,14.989,224.6683,14.989
7878,after,7878_after_clip_0002,ok,150,159.0,89.0,14.6,5.35,94.42,0,88.23,54.02,1.22,0.19774755596658503,33.2,95.2,0.74,95.22,1.42,95.21,1.08,POS+CHROM,34.202,1169.7512,-34.202,6.976,48.6596,6.976,6.99,48.8625,6.99,6.983,48.7667,6.983
7878,before,7878_before_clip_0000,ok,150,152.0,82.0,14.6,56.7,40.62,0,90.38,53.34,1.28,0.13640997140410377,31.36,83.48,2.37,84.2,1.05,83.8,1.71,POS+CHROM,37.041,1372.0242,-37.041,6.895,47.5389,-6.895,6.175,38.1357,-6.175,6.575,43.2249,-6.575
7878,before,7878_before_clip_0001,ok,150,152.0,82.0,14.6,51.39,43.0,0,94.15,53.25,1.28,-0.07587613346045372,31.7,95.64,3.46,95.53,3.19,95.58,3.32,POS+CHROM,40.894,1672.322,-40.894,1.487,2.2108,1.487,1.381,1.9084,1.381,1.435,2.0603,1.435
7878,before,7878_before_clip_0002,ok,150,152.0,82.0,14.6,63.46,16.03,1,63.9,53.32,1.25,0.03970317309001898,31.75,88.92,4.0,89.0,3.29,88.96,3.64,POS+CHROM,10.581,111.9678,-10.581,25.021,626.0447,25.021,25.104,630.2306,25.104,25.06,628.0119,25.06
7889,after,7889_after_clip_0000,ok,150,181.0,63.0,15.8,25.38,71.26,0,59.13,53.3,1.41,-0.09960723453061447,30.62,109.26,1.2,107.15,0.65,108.26,0.93,POS+CHROM,5.825,33.9313,-5.825,50.135,2513.554,50.135,48.024,2306.2942,48.024,49.128,2413.5428,49.128
7889,after,7889_after_clip_0001,ok,150,181.0,63.0,15.8,38.73,54.79,0,107.27,53.37,1.39,-0.049903567959846865,31.02,116.8,-2.6,74.62,-4.1,74.85,-1.77,POS+CHROM+DEEP,53.893,2904.4339,-53.893,9.531,90.844,9.531,32.644,1065.6174,-32.644,32.418,1050.9127,-32.418
7889,after,7889_after_clip_0002,ok,150,181.0,63.0,15.8,22.03,75.48,0,74.66,53.23,1.4,0.03560025335453192,31.0,114.4,1.5,117.9,-0.75,115.83,0.37,POS+CHROM,21.432,459.3192,-21.432,39.74,1579.2981,39.74,43.24,1869.708,43.24,41.167,1694.7279,41.167
7889,before,7889_before_clip_0000,ok,150,125.0,70.0,15.8,23.93,72.85,0,115.83,53.17,1.42,-0.0006841869820063505,30.95,72.66,0.36,66.88,-0.6,70.0,-0.12,POS+CHROM,62.656,3925.7355,-62.656,43.17,1863.6289,-43.17,48.948,2395.9468,-48.948,45.828,2100.2473,-45.828
7889,before,7889_before_clip_0001,ok,150,125.0,70.0,15.8,32.36,59.54,0,123.86,53.15,1.36,-0.08215729100825944,31.73,68.91,4.1,69.46,3.69,69.18,3.89,POS+CHROM,70.705,4999.1491,-70.705,54.947,3019.1205,-54.947,54.392,2958.5065,-54.392,54.679,2989.7802,-54.679
7889,before,7889_before_clip_0002,ok,150,125.0,70.0,15.8,32.4,60.9,0,80.14,53.33,1.38,-0.08985140248061364,30.65,63.56,2.94,63.72,2.3,63.63,2.62,POS+CHROM,26.805,718.4886,-26.805,16.576,274.7613,-16.576,16.42,269.6314,-16.42,16.502,272.3274,-16.502
7901,after,7901_after_clip_0000,ok,150,131.0,69.0,10.9,4.34,94.53,0,119.02,53.54,1.39,0.0448862886708584,31.29,72.81,-0.01,115.5,-9.33,66.63,-2.65,POS+CHROM+DEEP,65.476,4287.1093,-65.476,46.205,2134.9065,-46.205,3.524,12.4209,-3.524,52.392,2744.9414,-52.392
7901,after,7901_after_clip_0001,ok,150,131.0,69.0,10.9,2.81,95.71,0,77.48,53.44,1.13,-0.0012202308979019844,31.2,79.54,-1.32,138.93,-1.22,85.54,-0.47,POS+CHROM+DEEP,24.034,577.6333,-24.034,2.069,4.2788,2.069,61.46,3777.3069,61.46,8.063,65.0091,8.063
7901,after,7901_after_clip_0002,ok,150,131.0,69.0,10.9,5.7,91.32,0,129.18,53.41,1.3,-0.07817495461914022,31.52,77.22,2.47,75.11,0.48,76.34,1.48,POS+CHROM,75.768,5740.8385,-75.768,51.964,2700.2617,-51.964,54.067,2923.2079,-54.067,52.843,2792.3505,-52.843
7901,before,7901_before_clip_0000,ok,150,96.0,71.0,10.9,28.31,68.11,0,89.33,53.56,1.29,-0.007955252836576335,31.61,72.67,3.72,73.6,2.77,73.1,3.25,POS+CHROM,35.77,1279.4589,-35.77,16.658,277.4915,-16.658,15.728,247.3829,-15.728,16.23,263.4146,-16.23
7901,before,7901_before_clip_0001,ok,150,96.0,71.0,10.9,8.46,86.35,0,110.47,53.44,1.22,-0.06342809515747068,31.61,64.44,2.28,69.34,-0.19,66.39,1.04,POS+CHROM,57.03,3252.3766,-57.03,46.032,2118.9623,-46.032,41.124,1691.1699,-41.124,44.076,1942.6839,-44.076
7901,before,7901_before_clip_0002,ok,150,96.0,71.0,10.9,4.95,94.64,0,101.21,53.21,1.19,-0.03590708737279249,36.16,136.47,-3.59,81.89,-1.97,79.89,-1.46,POS+CHROM+DEEP,48.005,2304.4517,-48.005,35.257,1243.0562,35.257,19.329,373.6169,-19.329,21.325,454.7541,-21.325
7927,after,7927_after_clip_0000,ok,150,140.0,64.0,15.6,38.94,54.97,0,117.74,54.03,1.09,-0.2203508176423316,33.49,97.76,1.25,99.51,0.77,98.6,1.01,POS+CHROM,63.704,4058.2191,-63.704,19.972,398.8835,-19.972,18.229,332.2868,-18.229,19.135,366.1654,-19.135
7927,after,7927_after_clip_0001,ok,150,140.0,64.0,15.6,25.83,65.4,0,72.83,54.17,1.17,-0.055284510422622585,33.1,105.22,3.94,104.02,-0.26,104.82,1.84,POS+CHROM,18.659,348.1739,-18.659,32.392,1049.2395,32.392,31.184,972.4535,31.184,31.991,1023.4317,31.991
7927,after,7927_after_clip_0002,ok,150,140.0,64.0,15.6,4.74,94.52,0,123.0,54.04,1.03,-0.015389938878465043,33.49,107.08,0.31,108.1,-0.33,107.56,-0.01,POS+CHROM,68.96,4755.4131,-68.96,15.921,253.4732,-15.921,14.896,221.9045,-14.896,15.436,238.2707,-15.436
7927,before,7927_before_clip_0000,ok,150,139.0,64.0,15.6,46.48,43.53,0,102.43,54.07,1.17,0.07627550440765897,33.86,83.65,2.11,84.72,1.9,84.18,2.01,POS+CHROM,48.353,2338.0011,-48.353,18.772,352.3727,-18.772,17.709,313.6092,-17.709,18.249,333.0425,-18.249
7927,before,7927_before_clip_0001,ok,150,139.0,64.0,15.6,66.65,28.37,1,127.25,54.05,1.17,0.02864423359307146,33.84,74.39,3.23,111.68,-2.77,74.04,0.54,POS+CHROM+DEEP,73.194,5357.3347,-73.194,52.854,2793.5696,-52.854,15.571,242.4493,-15.571,53.201,2830.3707,-53.201
7927,before,7927_before_clip_0002,ok,150,139.0,64.0,15.6,70.49,20.34,1,65.73,54.16,1.02,0.14118765815261297,34.02,85.74,2.08,87.82,0.17,86.62,1.13,POS+CHROM,11.571,133.8991,-11.571,20.011,400.4411,20.011,22.094,488.1617,22.094,20.888,436.3045,20.888
7928,after,7928_after_clip_0000,ok,150,143.0,83.0,15.7,9.24,88.27,0,88.41,53.89,0.88,0.023207617333936257,33.21,68.84,3.56,68.88,2.77,68.86,3.16,POS+CHROM,34.523,1191.849,-34.523,19.572,383.0667,-19.572,19.536,381.6572,-19.536,19.555,382.4077,-19.555
7928,after,7928_after_clip_0001,ok,150,143.0,83.0,15.7,8.08,90.92,0,96.85,53.93,1.13,-0.0023015106182067368,33.12,70.26,4.37,71.92,3.07,71.0,3.72,POS+CHROM,42.923,1842.3688,-42.923,26.593,707.1693,-26.593,24.935,621.7486,-24.935,25.853,668.3791,-25.853
7928,after,7928_after_clip_0002,ok,150,143.0,83.0,15.7,2.12,97.13,0,64.73,53.9,0.93,0.025318822811281835,33.89,60.27,6.3,58.32,3.77,58.39,3.67,POS+CHROM+DEEP,10.832,117.3363,-10.832,4.46,19.8953,-4.46,6.412,41.1125,-6.412,6.342,40.2207,-6.342
7928,before,7928_before_clip_0000,ok,150,146.0,85.0,15.7,12.26,81.99,0,127.78,53.91,1.05,-0.03137979602700536,33.04,63.78,0.73,60.09,-0.22,59.12,0.52,POS+CHROM+DEEP,73.879,5458.1014,-73.879,64.001,4096.0717,-64.001,67.697,4582.9301,-67.697,68.669,4715.4208,-68.669
7928,before,7928_before_clip_0001,ok,150,146.0,85.0,15.7,6.82,91.39,0,95.55,53.9,1.04,-0.016556924059078812,33.03,70.55,4.63,71.58,4.29,71.05,4.46,POS+CHROM,41.648,1734.5355,-41.648,24.993,624.6633,-24.993,23.971,574.5963,-23.971,24.497,600.0833,-24.497
7928,before,7928_before_clip_0002,ok,150,146.0,85.0,15.7,5.05,93.68,0,66.6,53.94,1.24,0.015180653682438705,33.03,72.69,2.52,72.19,3.48,72.42,3.0,POS+CHROM,12.658,160.2269,-12.658,6.088,37.0649,6.088,5.587,31.2171,5.587,5.818,33.8451,5.818
7942,after,7942_after_clip_0000,ok,150,107.0,69.0,11.4,5.58,88.76,0,89.65,53.99,1.41,0.0540733787754258,31.71,67.23,-0.32,81.14,-1.07,65.55,0.01,POS+CHROM+DEEP,35.664,1271.8914,-35.664,22.419,502.6113,-22.419,8.513,72.4757,-8.513,24.099,580.751,-24.099
7942,after,7942_after_clip_0001,ok,150,107.0,69.0,11.4,3.79,94.06,0,70.6,53.59,1.37,-0.022984888248995562,31.97,83.29,-0.86,86.38,-1.72,84.73,-1.29,POS+CHROM,17.004,289.1262,-17.004,12.696,161.1779,12.696,15.781,249.0243,15.781,14.128,199.5943,14.128
7942,after,7942_after_clip_0002,ok,150,107.0,69.0,11.4,9.38,83.33,0,89.13,53.71,1.35,0.16199736048198085,32.27,77.66,-0.59,124.74,-9.87,68.77,-3.03,POS+CHROM+DEEP,35.423,1254.7881,-35.423,11.472,131.6167,-11.472,35.611,1268.1696,35.611,20.358,414.4506,-20.358
7942,before,7942_before_clip_0000,ok,150,115.0,76.0,11.4,12.23,85.56,0,80.98,53.74,1.21,-0.022838511976898453,32.83,78.45,0.3,82.37,0.19,80.39,0.24,POS+CHROM,27.235,741.7402,-27.235,2.53,6.4031,-2.53,1.394,1.9426,1.394,0.586,0.3439,-0.586
7942,before,7942_before_clip_0001,ok,150,115.0,76.0,11.4,10.33,85.0,0,57.17,53.79,1.21,-0.049122951276814555,32.86,79.62,0.82,73.8,2.34,76.34,1.58,POS+CHROM,3.378,11.4135,-3.378,22.447,503.8613,22.447,16.631,276.5976,16.631,19.172,367.5653,19.172
7942,before,7942_before_clip_0002,ok,150,115.0,76.0,11.4,10.77,85.43,0,99.59,53.78,1.21,0.06699998954300615,32.89,78.91,4.03,84.05,-0.24,80.6,1.89,POS+CHROM,45.818,2099.3023,-45.818,20.69,428.0625,-20.69,15.546,241.6752,-15.546,18.998,360.9167,-18.998
7957,after,7957_after_clip_0000,ok,150,122.0,72.0,11.6,44.06,35.79,0,110.52,53.61,1.23,-0.09955214207046693,31.87,58.5,3.12,57.92,-2.05,56.73,0.77,POS+CHROM+DEEP,56.911,3238.8457,-56.911,52.023,2706.4128,-52.023,52.605,2767.318,-52.605,53.794,2893.7527,-53.794
7957,after,7957_after_clip_0001,ok,150,122.0,72.0,11.6,35.68,40.68,0,95.83,53.59,1.22,-0.0011702404400994217,31.89,105.01,-3.4,104.79,-1.06,104.88,-2.23,POS+CHROM,42.238,1784.0854,-42.238,9.182,84.3118,9.182,8.958,80.2381,8.958,9.048,81.8703,9.048
7957,after,7957_after_clip_0002,ok,150,122.0,72.0,11.6,62.27,7.21,1,56.42,53.62,1.19,-0.039123570502993144,32.3,107.28,-2.13,108.04,-4.34,107.59,-3.24,POS+CHROM,2.798,7.8285,-2.798,50.867,2587.429,50.867,51.623,2664.9145,51.623,51.176,2618.9664,51.176
7957,before,7957_before_clip_0000,ok,150,100.0,67.0,11.6,31.55,57.35,0,65.04,53.38,1.32,0.03278855109667333,31.68,77.35,0.86,76.89,1.53,77.11,1.2,POS+CHROM,11.656,135.8739,-11.656,12.307,151.4633,12.307,11.855,140.5347,11.855,12.068,145.6442,12.068
7957,before,7957_before_clip_0001,ok,150,100.0,67.0,11.6,40.36,49.5,0,100.68,53.32,1.29,0.18253606983272488,31.34,81.11,-2.94,119.56,-2.67,77.17,-1.44,POS+CHROM+DEEP,47.356,2242.5484,-47.356,19.562,382.6826,-19.562,18.889,356.7987,18.889,23.503,552.3824,-23.503
7957,before,7957_before_clip_0002,ok,150,100.0,67.0,11.6,42.35,31.99,0,111.43,53.38,1.3,-0.3445420495164612,31.72,62.73,5.33,62.2,3.81,62.5,4.57,POS+CHROM,58.056,3370.4412,-58.056,48.702,2371.8985,-48.702,49.231,2423.6424,-49.231,48.933,2394.4543,-48.933
7959,after,7959_after_clip_0000,ok,150,114.0,66.0,13.6,9.79,85.58,0,81.18,53.65,1.18,0.04205582953301994,36.9,84.23,-2.62,106.02,-4.63,72.55,-2.02,POS+CHROM+DEEP,27.53,757.8937,-27.53,3.046,9.2798,3.046,24.842,617.1183,24.842,8.628,74.4507,-8.628
7959,after,7959_after_clip_0001,ok,150,114.0,66.0,13.6,13.19,80.7,0,114.0,52.74,0.66,0.010243916361539285,34.28,130.17,-0.02,125.45,-2.43,128.28,-1.22,POS+CHROM,61.26,3752.7578,-61.26,16.172,261.5461,16.172,11.451,131.1332,11.451,14.281,203.9417,14.281
7959,after,7959_after_clip_0002,ok,150,114.0,66.0,13.6,4.78,90.38,0,103.35,53.44,0.75,-0.14138257095049675,31.64,68.76,-1.22,122.55,-4.48,72.13,-1.65,POS+CHROM+DEEP,49.904,2490.4334,-49.904,34.589,1196.3742,-34.589,19.197,368.5371,19.197,31.222,974.8272,-31.222
7959,before,7959_before_clip_0000,ok,150,105.0,67.0,13.6,11.82,86.66,0,81.4,54.49,1.48,-0.0656896631515587,36.42,134.15,-1.56,124.65,-4.11,92.38,-1.4,POS+CHROM+DEEP,26.901,723.6751,-26.901,52.754,2782.9391,52.754,43.254,1870.8933,43.254,10.98,120.5507,10.98
7959,before,7959_before_clip_0001,ok,150,105.0,67.0,13.6,9.5,87.32,0,82.13,53.7,1.0,0.05293446459592796,36.73,83.37,-0.32,83.75,0.53,83.57,0.11,POS+CHROM,28.437,808.6411,-28.437,1.235,1.525,1.235,1.611,2.5965,1.611,1.436,2.0633,1.436
7959,before,7959_before_clip_0002,ok,150,105.0,67.0,13.6,3.65,95.58,0,100.76,53.36,0.84,-0.02305623420880909,30.53,139.27,-0.94,59.56,-1.15,55.95,-0.15,CHROM+DEEP,47.401,2246.8262,-47.401,38.506,1482.6822,38.506,41.205,1697.8156,-41.205,44.812,2008.1476,-44.812
7969,after,7969_after_clip_0000,ok,150,104.0,64.0,11.6,27.45,47.02,0,127.79,54.24,1.07,-0.014786746600322065,33.6,108.37,-2.15,107.98,-2.53,108.18,-2.34,POS+CHROM,73.546,5409.0348,-73.546,19.42,377.1446,-19.42,19.807,392.3219,-19.807,19.608,384.4574,-19.608
7969,after,7969_after_clip_0001,ok,150,104.0,64.0,11.6,3.08,94.42,0,109.1,54.23,1.1,-0.030924131092503297,33.59,110.4,0.69,77.91,-1.11,80.44,0.23,POS+CHROM+DEEP,54.873,3011.0605,-54.873,1.297,1.6829,1.297,31.2,973.4144,-31.2,28.666,821.7276,-28.666
7969,after,7969_after_clip_0002,ok,150,104.0,64.0,11.6,7.6,90.73,0,82.89,54.17,1.06,0.07010996632021714,33.63,105.29,1.28,70.2,-0.86,77.57,0.49,POS+CHROM+DEEP,28.724,825.0909,-28.724,22.395,501.5317,22.395,12.694,161.1251,-12.694,5.328,28.3902,-5.328
7969,before,7969_before_clip_0000,ok,150,104.0,59.0,11.6,20.25,73.17,0,115.72,54.23,1.14,0.09685094908598241,33.42,87.76,1.22,91.4,0.36,89.45,0.79,POS+CHROM,61.493,3781.3741,-61.493,27.962,781.8485,-27.962,24.314,591.1915,-24.314,26.268,690.0313,-26.268
7969,before,7969_before_clip_0001,ok,150,104.0,59.0,11.6,14.17,81.89,0,59.01,54.22,1.14,0.02812690559878946,32.29,85.98,-0.79,122.0,-2.86,80.05,-0.83,POS+CHROM+DEEP,4.792,22.9647,-4.792,26.972,727.4704,26.972,62.997,3968.6554,62.997,21.046,442.9213,21.046
7969,before,7969_before_clip_0002,ok,150,104.0,59.0,11.6,8.69,88.43,0,118.03,54.19,1.09,-0.038455948005792856,33.46,74.51,1.48,71.77,1.64,73.12,1.56,POS+CHROM,63.842,4075.8081,-63.842,43.524,1894.2976,-43.524,46.263,2140.2509,-46.263,44.912,2017.0916,-44.912
7983,after,7983_after_clip_0000,ok,150,105.0,73.0,12.4,36.1,37.92,0,68.38,53.11,1.54,-0.05631519953365782,31.35,113.93,-2.15,113.83,-3.24,113.89,-2.69,POS+CHROM,15.279,233.4355,-15.279,45.547,2074.5343,45.547,45.447,2065.41,45.447,45.501,2070.3854,45.501
7983,after,7983_after_clip_0001,ok,150,105.0,73.0,12.4,47.89,41.56,0,100.63,52.85,1.3,-0.01573037868945798,31.35,62.8,-0.87,67.59,1.02,65.57,0.08,POS+CHROM,47.772,2282.1791,-47.772,37.828,1430.9545,-37.828,33.033,1091.1823,-33.033,35.057,1228.9896,-35.057
7983,after,7983_after_clip_0002,ok,150,105.0,73.0,12.4,27.75,25.49,0,74.48,53.0,1.34,-0.16192947490662715,31.0,89.03,1.54,88.24,-0.53,88.7,0.51,POS+CHROM,21.479,461.3389,-21.479,14.55,211.7098,14.55,13.764,189.4442,13.764,14.224,202.3352,14.224
7983,before,7983_before_clip_0000,ok,150,108.0,72.0,12.4,26.25,70.38,0,121.02,53.25,1.44,-0.15945778150559306,30.67,84.42,3.93,85.78,4.61,85.14,4.27,POS+CHROM,67.77,4592.7777,-67.77,36.597,1339.3765,-36.597,35.237,1241.6485,-35.237,35.878,1287.2598,-35.878
7983,before,7983_before_clip_0001,ok,150,108.0,72.0,12.4,30.24,66.91,0,98.39,53.35,1.43,0.2687458524980328,30.67,87.8,-0.82,130.4,-3.71,80.04,-1.03,POS+CHROM+DEEP,45.043,2028.8845,-45.043,10.591,112.1735,-10.591,32.008,1024.4996,32.008,18.346,336.5819,-18.346
7983,before,7983_before_clip_0002,ok,150,108.0,72.0,12.4,36.97,41.94,0,99.49,53.12,1.43,0.19949601146741736,31.05,87.54,-1.1,115.27,-2.1,78.93,-0.59,POS+CHROM+DEEP,46.369,2150.1173,-46.369,11.949,142.7754,-11.949,15.777,248.9273,15.777,20.555,422.5149,-20.555
7997,after,7997_after_clip_0000,ok,150,104.0,63.0,11.4,1.23,98.56,0,60.84,54.1,1.14,0.036066915139586805,33.39,75.68,-0.7,59.99,-1.25,56.47,-0.05,CHROM+DEEP,6.736,45.3684,-6.736,14.844,220.3303,14.844,0.848,0.7184,-0.848,4.369,19.0868,-4.369
7997,after,7997_after_clip_0001,ok,150,104.0,63.0,11.4,3.9,95.1,0,108.23,54.05,1.19,-0.0141301859492877,33.41,77.88,1.46,76.73,0.53,77.35,1.0,POS+CHROM,54.176,2935.0551,-54.176,30.344,920.7458,-30.344,31.491,991.6935,-31.491,30.873,953.1577,-30.873
7997,after,7997_after_clip_0002,ok,150,104.0,63.0,11.4,2.2,97.67,0,105.71,53.98,1.09,-0.10323267701605975,33.39,73.97,-0.76,74.27,-0.4,74.12,-0.58,POS+CHROM,51.731,2676.0897,-51.731,31.743,1007.6422,-31.743,31.445,988.7616,-31.445,31.589,997.894,-31.589
7997,before,7997_before_clip_0000,ok,150,100.0,61.0,11.4,2.08,97.78,0,64.26,53.99,1.06,-0.0671815630091188,33.42,65.59,0.64,67.19,-1.57,66.25,-0.46,POS+CHROM,10.266,105.3963,-10.266,1.334,1.7806,1.334,2.927,8.5691,2.927,1.986,3.945,1.986
7997,before,7997_before_clip_0001,ok,150,100.0,61.0,11.4,1.97,97.86,0,82.34,54.96,1.87,0.02610830986221931,31.96,104.53,-2.72,73.37,-0.69,71.52,-0.51,POS+CHROM+DEEP,27.386,750.0013,-27.386,22.19,492.39,22.19,8.974,80.5276,-8.974,10.823,117.135,-10.823
7997,before,7997_before_clip_0002,ok,150,100.0,61.0,11.4,4.76,94.55,0,95.94,54.1,1.16,-0.022230889922760587,32.8,130.11,-2.43,128.98,-1.42,129.5,-1.93,POS+CHROM,41.847,1751.1569,-41.847,34.17,1167.618,34.17,33.034,1091.2551,33.034,33.555,1125.9137,33.555
8001,after,8001_after_clip_0000,ok,150,121.0,70.0,12.2,1.65,95.93,0,72.71,53.92,1.03,0.015840357655482848,33.92,85.3,1.13,136.05,-5.47,79.27,-1.1,POS+CHROM+DEEP,18.79,353.0781,-18.79,12.586,158.419,12.586,63.338,4011.6927,63.338,6.561,43.0436,6.561
8001,after,8001_after_clip_0001,ok,150,121.0,70.0,12.2,2.66,89.23,0,56.08,53.96,0.98,-2.510485585542587e-05,33.94,77.88,1.89,115.32,-2.67,76.57,0.06,POS+CHROM+DEEP,2.118,4.4839,-2.118,21.804,475.4272,21.804,59.244,3509.8456,59.244,20.493,419.9543,20.493
8001,after,8001_after_clip_0002,ok,150,121.0,70.0,12.2,2.35,91.97,0,98.27,53.99,0.99,-0.03805388871016115,34.31,78.72,1.52,75.0,-1.94,77.38,-0.21,POS+CHROM,44.279,1960.6435,-44.279,19.548,382.1299,-19.548,23.264,541.2008,-23.264,20.884,436.1392,-20.884
8001,before,8001_before_clip_0000,ok,150,120.0,70.0,12.2,1.14,98.75,0,105.58,53.97,1.04,0.01569570435587692,34.29,67.31,2.91,67.4,2.3,67.35,2.6,POS+CHROM,51.608,2663.3739,-51.608,38.276,1465.0466,-38.276,38.178,1457.5725,-38.178,38.23,1461.4977,-38.23
8001,before,8001_before_clip_0001,ok,150,120.0,70.0,12.2,6.46,93.41,0,82.73,54.01,1.05,-0.050191497226552716,34.28,71.82,3.02,61.41,0.83,57.64,0.94,CHROM+DEEP,28.722,824.9397,-28.722,10.912,119.0824,-10.912,21.317,454.4357,-21.317,25.089,629.4433,-25.089
8001,before,8001_before_clip_0002,ok,150,120.0,70.0,12.2,0.63,98.36,0,113.33,54.08,1.04,0.053056961227832135,33.16,68.2,2.97,130.64,-5.58,70.63,-0.52,POS+CHROM+DEEP,59.256,3511.2582,-59.256,45.129,2036.6714,-45.129,17.304,299.4163,17.304,42.701,1823.3406,-42.701
8009,after,8009_after_clip_0000,ok,150,116.0,62.0,14.8,2.73,95.75,0,97.7,54.13,1.04,-0.004521103333846455,33.81,63.11,5.25,65.31,5.08,64.19,5.16,POS+CHROM,43.571,1898.4012,-43.571,34.596,1196.877,-34.596,32.392,1049.2335,-32.392,33.51,1122.9099,-33.51
8009,after,8009_after_clip_0001,ok,150,116.0,62.0,14.8,1.44,92.53,0,109.22,54.03,1.07,-0.06006909040136835,34.23,63.24,5.13,63.71,4.67,63.46,4.9,POS+CHROM,55.182,3045.0485,-55.182,45.975,2113.7376,-45.975,45.508,2070.9907,-45.508,45.751,2093.1227,-45.751
8009,after,8009_after_clip_0002,ok,150,116.0,62.0,14.8,3.81,94.42,0,117.33,54.07,1.07,-0.055900280051196086,33.46,61.19,5.37,60.26,3.66,59.33,3.36,POS+CHROM+DEEP,63.266,4002.5976,-63.266,56.141,3151.8063,-56.141,57.071,3257.0633,-57.071,58.006,3364.6722,-58.006
8009,before,8009_before_clip_0000,ok,150,119.0,92.0,14.8,3.47,95.51,0,118.4,54.16,1.05,0.02090547643038415,32.64,61.45,5.03,61.7,1.81,59.73,2.63,POS+CHROM+DEEP,64.242,4127.0014,-64.242,56.947,3242.9438,-56.947,56.705,3215.4141,-56.705,58.67,3442.2054,-58.67
8009,before,8009_before_clip_0001,ok,150,119.0,92.0,14.8,2.23,96.52,0,118.05,54.03,1.06,-0.02799612796005831,33.77,61.1,1.59,60.54,-0.26,58.5,0.8,POS+CHROM+DEEP,64.014,4097.7518,-64.014,56.946,3242.8289,-56.946,57.512,3307.5905,-57.512,59.545,3545.5519,-59.545
8009,before,8009_before_clip_0002,ok,150,119.0,92.0,14.8,3.34,90.51,0,103.92,54.21,1.05,0.08014950848134236,33.04,63.08,5.76,65.7,3.64,64.16,4.7,POS+CHROM,49.702,2470.2496,-49.702,40.835,1667.5155,-40.835,38.217,1460.5601,-38.217,39.756,1580.5056,-39.756
8021,after,8021_after_clip_0000,ok,150,120.0,70.0,10.8,15.88,76.26,0,77.71,53.48,1.23,-0.013133099717124067,33.75,110.24,-2.98,109.22,-1.16,109.65,-2.07,POS+CHROM,24.233,587.2334,-24.233,32.528,1058.1032,32.528,31.506,992.6101,31.506,31.94,1020.1935,31.94
8021,after,8021_after_clip_0001,ok,150,120.0,70.0,10.8,17.44,81.12,0,118.75,53.92,0.96,-0.12671331278117803,35.29,106.21,-2.57,102.84,-1.85,104.42,-2.21,POS+CHROM,64.832,4203.1587,-64.832,12.544,157.3636,-12.544,15.916,253.3152,-15.916,14.331,205.3889,-14.331
8021,after,8021_after_clip_0002,ok,150,120.0,70.0,10.8,47.14,41.91,0,118.12,54.18,1.23,-0.07404320708604743,33.32,108.22,-2.65,56.79,-2.51,55.09,-0.64,CHROM+DEEP,63.936,4087.8235,-63.936,9.899,97.9997,-9.899,61.328,3761.0953,-61.328,63.026,3972.2454,-63.026
8021,before,8021_before_clip_0000,ok,150,112.0,71.0,10.8,5.7,91.08,0,97.39,54.08,0.91,-0.011705099336910144,34.26,77.55,-0.18,80.43,0.58,79.08,0.2,POS+CHROM,43.304,1875.2605,-43.304,19.834,393.3806,-19.834,16.957,287.5276,-16.957,18.304,335.0468,-18.304
8021,before,8021_before_clip_0001,ok,150,112.0,71.0,10.8,2.06,95.74,0,63.8,54.6,1.46,0.07204510014531418,35.97,88.84,-1.22,89.79,1.05,89.4,-0.09,POS+CHROM,9.198,84.6075,-9.198,25.043,627.1555,25.043,25.989,675.4409,25.989,25.605,655.5947,25.605
8021,before,8021_before_clip_0002,ok,150,112.0,71.0,10.8,7.62,88.51,0,89.67,54.2,1.06,0.03850175334541618,34.17,69.19,-1.25,68.93,1.3,69.03,0.03,POS+CHROM,35.474,1258.4227,-35.474,20.483,419.5539,-20.483,20.745,430.3571,-20.745,20.641,426.0703,-20.641
8147,after,8147_after_clip_0000,ok,150,122.0,80.0,11.7,17.81,68.42,0,69.48,53.33,1.25,-0.022781146460821085,31.47,66.76,-2.41,120.17,-0.17,79.07,-0.44,POS+CHROM+DEEP,16.147,260.7111,-16.147,2.721,7.4049,-2.721,50.688,2569.3061,50.688,9.592,92.0115,9.592
8147,after,8147_after_clip_0001,ok,150,122.0,80.0,11.7,11.29,85.83,0,109.91,53.6,1.38,-0.11483071519190381,31.18,131.94,-0.71,67.77,-0.87,80.77,-0.06,POS+CHROM+DEEP,56.311,3170.9125,-56.311,22.026,485.1542,22.026,42.145,1776.2362,-42.145,29.141,849.179,-29.141
8147,after,8147_after_clip_0002,ok,150,122.0,80.0,11.7,11.75,84.5,0,81.97,53.46,1.19,0.048025482106372974,31.54,64.98,0.19,66.98,-3.36,65.69,-1.58,POS+CHROM,28.511,812.8905,-28.511,16.99,288.6541,-16.99,14.992,224.7705,-14.992,16.278,264.9785,-16.278
8147,before,8147_before_clip_0000,ok,150,112.0,79.0,11.7,3.01,96.28,0,72.02,53.52,1.51,-0.05710303953173195,31.17,61.38,-0.53,93.66,-2.4,56.79,0.49,POS+DEEP,18.494,342.0462,-18.494,10.634,113.0802,-10.634,21.645,468.5123,21.645,15.228,231.9025,-15.228
8147,before,8147_before_clip_0001,ok,150,112.0,79.0,11.7,7.52,91.29,0,68.26,53.45,1.3,0.03416851872903583,31.12,80.9,2.5,83.88,1.93,82.32,2.22,POS+CHROM,14.814,219.4671,-14.814,12.639,159.7322,12.639,15.617,243.8959,15.617,14.056,197.5799,14.056
8147,before,8147_before_clip_0002,ok,150,112.0,79.0,11.7,6.9,92.39,0,68.53,53.39,1.27,0.005750084474574124,31.55,71.48,-0.98,111.61,-3.15,71.99,-0.95,POS+CHROM+DEEP,15.136,229.1076,-15.136,2.954,8.7236,2.954,43.081,1855.9501,43.081,3.462,11.9867,3.462
8213,after,8213_after_clip_0000,ok,150,138.0,82.0,12.5,47.14,31.16,0,124.01,52.97,1.24,-0.0677859088002224,30.35,109.06,3.63,108.87,3.24,108.97,3.44,POS+CHROM,71.035,5046.0034,-71.035,14.949,223.4757,-14.949,15.141,229.2462,-15.141,15.042,226.2566,-15.042
8213,after,8213_after_clip_0001,ok,150,138.0,82.0,12.5,49.4,47.07,0,122.21,52.99,1.23,-0.16721066472884683,30.36,78.89,-0.99,76.98,-1.76,77.99,-1.37,POS+CHROM,69.219,4791.3107,-69.219,43.317,1876.3587,-43.317,45.23,2045.7615,-45.23,44.213,1954.7456,-44.213
8213,after,8213_after_clip_0002,ok,150,138.0,82.0,12.5,13.88,83.19,0,117.47,53.22,1.37,0.03368899294297623,30.38,99.79,-2.82,98.54,-2.33,99.14,-2.58,POS+CHROM,64.257,4129.0056,-64.257,17.682,312.6541,-17.682,18.934,358.5003,-18.934,18.334,336.1204,-18.334
8213,before,8213_before_clip_0000,ok,150,119.0,75.0,12.5,36.68,60.25,0,101.27,53.04,1.17,0.031637457852627664,31.46,105.86,1.57,105.02,1.66,105.44,1.61,POS+CHROM,48.231,2326.2245,-48.231,4.591,21.0803,4.591,3.755,14.1016,3.755,4.17,17.3894,4.17
8213,before,8213_before_clip_0001,ok,150,119.0,75.0,12.5,65.02,29.47,1,80.62,53.13,1.35,0.05317418398717248,31.44,109.1,-0.3,109.23,-0.32,109.17,-0.31,POS+CHROM,27.491,755.7374,-27.491,28.48,811.0975,28.48,28.614,818.7578,28.614,28.547,814.9151,28.547
8213,before,8213_before_clip_0002,ok,150,119.0,75.0,12.5,32.39,63.61,0,122.28,53.05,1.31,-0.08585036871595854,31.5,63.05,1.4,64.45,2.04,63.78,1.72,POS+CHROM,69.237,4793.6997,-69.237,59.235,3508.8236,-59.235,57.837,3345.0808,-57.837,58.499,3422.1341,-58.499
8262,after,8262_after_clip_0000,ok,150,106.0,67.0,13.3,7.95,83.51,0,125.25,54.05,1.08,0.033687049624564314,33.55,81.15,4.27,86.08,2.06,83.17,3.17,POS+CHROM,71.2,5069.3991,-71.2,44.101,1944.8773,-44.101,39.172,1534.4577,-39.172,42.084,1771.0975,-42.084
8262,after,8262_after_clip_0001,ok,150,106.0,67.0,13.3,11.39,84.33,0,136.34,54.15,1.09,0.08053505426348148,33.56,80.61,2.15,73.1,-0.57,77.7,0.79,POS+CHROM,82.189,6755.0318,-82.189,55.722,3104.9678,-55.722,63.235,3998.6518,-63.235,58.639,3438.531,-58.639
8262,after,8262_after_clip_0002,ok,150,106.0,67.0,13.3,5.13,93.58,0,114.26,54.06,1.05,0.08202985279064018,33.57,79.84,1.44,75.28,0.75,77.69,1.1,POS+CHROM,60.196,3623.614,-60.196,34.423,1184.913,-34.423,38.983,1519.6831,-38.983,36.572,1337.5239,-36.572
8262,before,8262_before_clip_0000,ok,150,96.0,69.0,13.3,10.68,80.74,0,62.96,54.12,1.04,-0.15597613402128374,33.61,84.76,4.42,68.59,0.44,72.4,1.97,POS+CHROM+DEEP,8.841,78.1644,-8.841,21.799,475.1914,21.799,5.633,31.7334,5.633,9.44,89.1142,9.44
8262,before,8262_before_clip_0001,ok,150,96.0,69.0,13.3,20.84,58.86,0,83.31,54.15,1.02,0.15609987043033424,33.3,75.72,1.51,78.79,0.99,77.19,1.25,POS+CHROM,29.161,850.3445,-29.161,7.598,57.7283,-7.598,4.525,20.4759,-4.525,6.128,37.555,-6.128
8262,before,8262_before_clip_0002,ok,150,96.0,69.0,13.3,22.5,65.61,0,119.77,54.14,1.04,0.24878451637622226,33.66,84.42,0.93,56.37,-3.48,54.86,-1.22,CHROM+DEEP,65.626,4306.8235,-65.626,35.352,1249.7425,-35.352,63.394,4018.8355,-63.394,64.912,4213.5304,-64.912
8266,after,8266_after_clip_0000,ok,150,100.0,62.0,13.0,13.32,84.21,0,124.91,53.54,1.15,0.03502739470211712,32.27,96.43,0.57,74.59,0.38,74.16,0.7,POS+CHROM+DEEP,71.375,5094.4614,-71.375,28.48,811.0995,-28.48,50.321,2532.1793,-50.321,50.758,2576.3921,-50.758
8266,after,8266_after_clip_0001,ok,150,100.0,62.0,13.0,5.27,94.1,0,116.93,53.5,1.13,0.03491489687245617,32.69,78.09,-0.68,77.67,-1.62,77.89,-1.15,POS+CHROM,63.432,4023.5596,-63.432,38.848,1509.162,-38.848,39.264,1541.6398,-39.264,39.04,1524.0924,-39.04
8266,after,8266_after_clip_0002,ok,150,100.0,62.0,13.0,4.79,94.72,0,122.86,53.6,1.15,0.04512963491505655,32.66,77.74,1.56,84.07,-0.17,80.45,0.7,POS+CHROM,69.251,4795.761,-69.251,45.117,2035.5299,-45.117,38.784,1504.2039,-38.784,42.404,1798.0638,-42.404
8266,before,8266_before_clip_0000,ok,150,102.0,69.0,13.0,9.56,86.87,0,66.47,54.24,1.25,-0.08178840216070206,32.45,90.06,-0.4,92.42,-0.06,91.28,-0.23,POS+CHROM,12.237,149.7391,-12.237,23.589,556.4564,23.589,25.95,673.4165,25.95,24.804,615.2198,24.804
8266,before,8266_before_clip_0001,ok,150,102.0,69.0,13.0,8.08,91.28,0,103.76,53.72,1.06,0.0773249987951446,32.79,74.72,2.5,68.05,3.22,71.19,2.86,POS+CHROM,50.039,2503.9069,-50.039,29.041,843.4061,-29.041,35.708,1275.0375,-35.708,32.574,1061.0942,-32.574
8266,before,8266_before_clip_0002,ok,150,102.0,69.0,13.0,11.83,85.09,0,86.74,53.73,1.06,0.0007374960648903618,33.23,80.52,-2.08,83.09,-1.75,81.84,-1.92,POS+CHROM,33.009,1089.5657,-33.009,6.226,38.7644,-6.226,3.652,13.3385,-3.652,4.903,24.0421,-4.903
8290,after,8290_after_clip_0000,ok,150,105.0,62.0,12.8,18.32,76.25,0,126.02,53.28,0.81,-0.15960996096295232,33.61,68.36,1.92,68.06,2.76,68.2,2.34,POS+CHROM,72.748,5292.2098,-72.748,57.669,3325.657,-57.669,57.96,3359.3624,-57.96,57.825,3343.6779,-57.825
8290,after,8290_after_clip_0001,ok,150,105.0,62.0,12.8,9.45,86.47,0,99.61,53.47,0.76,0.008870630666680215,34.36,74.51,0.75,77.14,-0.49,75.69,0.13,POS+CHROM,46.141,2129.0263,-46.141,25.098,629.9315,-25.098,22.471,504.9665,-22.471,23.919,572.142,-23.919
8290,after,8290_after_clip_0002,ok,150,105.0,62.0,12.8,11.73,87.04,0,95.08,54.03,1.3,-0.0696597696655785,32.09,70.98,1.94,70.96,-1.4,70.97,0.27,POS+CHROM,41.051,1685.1646,-41.051,24.096,580.6114,-24.096,24.113,581.4449,-24.113,24.102,580.9151,-24.102
8290,before,8290_before_clip_0000,ok,150,105.0,65.0,12.8,13.29,84.97,0,111.33,53.55,1.3,0.15358874128637226,32.08,77.82,4.25,78.48,2.49,78.1,3.37,POS+CHROM,57.779,3338.4285,-57.779,33.516,1123.2984,-33.516,32.857,1079.5908,-32.857,33.234,1104.5149,-33.234
8290,before,8290_before_clip_0001,ok,150,105.0,65.0,12.8,17.79,80.12,0,119.33,53.55,1.32,-0.10840953516435536,31.67,78.55,0.42,121.04,-3.9,75.39,-0.72,POS+CHROM+DEEP,65.78,4327.0258,-65.78,40.778,1662.8497,-40.778,1.713,2.9327,1.713,43.936,1930.4094,-43.936
8290,before,8290_before_clip_0002,ok,150,105.0,65.0,12.8,8.4,89.62,0,101.83,53.5,1.33,0.13840567399890502,32.0,73.8,4.77,73.67,4.28,73.74,4.53,POS+CHROM,48.332,2335.9674,-48.332,28.028,785.5726,-28.028,28.159,792.9069,-28.159,28.091,789.0839,-28.091
8331,after,8331_after_clip_0000,ok,150,117.0,69.0,14.1,33.49,63.94,0,134.5,54.29,1.13,0.015427789708162836,33.41,97.98,0.6,97.34,1.35,97.64,0.97,POS+CHROM,80.21,6433.6546,-80.21,36.518,1333.5864,-36.518,37.159,1380.7761,-37.159,36.859,1358.5507,-36.859
8331,after,8331_after_clip_0001,ok,150,117.0,69.0,14.1,4.16,95.47,0,87.92,54.12,1.11,-0.06135624334826193,33.53,97.31,-0.08,73.69,-1.96,73.61,-0.31,POS+CHROM+DEEP,33.794,1142.0574,-33.794,9.395,88.2633,9.395,14.232,202.5491,-14.232,14.304,204.6103,-14.304
8331,after,8331_after_clip_0002,ok,150,117.0,69.0,14.1,34.4,61.12,0,109.0,54.2,1.03,-0.270961338974886,33.44,83.01,-2.09,106.98,-2.72,75.5,-1.26,POS+CHROM+DEEP,54.796,3002.6055,-54.796,25.983,675.128,-25.983,2.018,4.0708,-2.018,33.5,1122.2344,-33.5
8331,before,8331_before_clip_0000,ok,150,116.0,72.0,14.1,31.48,33.66,0,108.3,54.04,0.98,0.24855160404059895,33.28,99.59,-1.77,98.83,-2.29,99.23,-2.03,POS+CHROM,54.26,2944.0936,-54.26,8.705,75.7836,-8.705,9.468,89.6416,-9.468,9.07,82.2647,-9.07
8331,before,8331_before_clip_0001,ok,150,116.0,72.0,14.1,21.35,58.45,0,87.62,54.19,1.1,0.008031001356198102,33.4,111.93,-1.01,60.48,-1.6,56.64,-0.25,CHROM+DEEP,33.427,1117.3858,-33.427,24.309,590.9101,24.309,27.143,736.7635,-27.143,30.981,959.8119,-30.981
8331,before,8331_before_clip_0002,ok,150,116.0,72.0,14.1,54.09,25.37,1,122.08,54.0,1.1,0.18515882507259887,35.66,54.59,1.61,58.91,1.24,55.82,1.32,POS+CHROM+DEEP,68.085,4635.5702,-68.085,67.494,4555.5027,-67.494,63.168,3990.2475,-63.168,66.262,4390.6724,-66.262
8364,after,8364_after_clip_0000,ok,150,99.0,71.0,12.8,53.15,37.1,0,113.64,53.91,1.11,0.21234168581748475,32.45,85.43,-0.68,87.74,1.39,86.79,0.35,POS+CHROM,59.727,3567.283,-59.727,28.207,795.6332,-28.207,25.892,670.4126,-25.892,26.852,721.029,-26.852
8364,after,8364_after_clip_0001,ok,150,99.0,71.0,12.8,36.47,50.49,0,71.88,54.03,1.4,0.0617983342215205,31.87,136.77,-0.79,112.16,-3.68,92.84,-1.02,POS+CHROM+DEEP,17.847,318.5259,-17.847,64.892,4210.9917,64.892,40.284,1622.7987,40.284,20.966,439.57,20.966
8364,after,8364_after_clip_0002,ok,150,99.0,71.0,12.8,37.24,35.88,0,86.98,53.67,1.09,-0.19552582498594637,33.04,76.78,4.13,79.0,3.32,77.81,3.72,POS+CHROM,33.308,1109.4201,-33.308,10.2,104.0443,-10.2,7.983,63.7229,-7.983,9.166,84.0096,-9.166
8364,before,8364_before_clip_0000,ok,150,103.0,60.0,12.8,47.71,42.19,0,99.76,53.47,1.27,0.1327474790443014,31.46,82.92,4.53,82.27,4.2,82.6,4.36,POS+CHROM,46.285,2142.3333,-46.285,16.838,283.5222,-16.838,17.49,305.9146,-17.49,17.156,294.3114,-17.156
8364,before,8364_before_clip_0001,ok,150,103.0,60.0,12.8,28.58,63.19,0,96.31,53.43,1.24,0.14817714723000036,31.47,79.23,3.44,81.08,2.28,80.06,2.86,POS+CHROM,42.88,1838.6702,-42.88,17.084,291.8505,-17.084,15.23,231.9565,-15.23,16.247,263.955,-16.247
8364,before,8364_before_clip_0002,ok,150,103.0,60.0,12.8,31.39,59.63,0,88.75,53.39,1.23,0.20850236233860703,31.87,84.63,4.72,83.02,4.28,83.85,4.5,POS+CHROM,35.36,1250.3407,-35.36,4.125,17.0144,-4.125,5.731,32.8499,-5.731,4.898,23.9943,-4.898
8370,after,8370_after_clip_0000,ok,150,120.0,72.0,14.1,47.52,38.44,0,84.47,54.09,1.07,0.3768055528789879,32.91,95.1,0.58,82.39,-2.76,75.62,-0.37,POS+CHROM+DEEP,30.388,923.4304,-30.388,10.624,112.871,10.624,2.087,4.3571,-2.087,8.857,78.4483,-8.857
8370,after,8370_after_clip_0001,ok,150,120.0,72.0,14.1,74.6,17.04,1,63.82,53.6,0.96,-0.1762486758422566,33.4,102.21,-0.77,61.62,0.7,69.9,0.3,POS+CHROM+DEEP,10.22,104.4553,-10.22,38.394,1474.0795,38.394,2.197,4.8256,-2.197,6.077,36.9358,6.077
8370,after,8370_after_clip_0002,ok,150,120.0,72.0,14.1,40.87,14.49,0,71.64,54.0,1.09,0.041495369125919224,33.93,90.69,0.51,94.15,0.82,92.46,0.66,POS+CHROM,17.645,311.3498,-17.645,19.043,362.6522,19.043,22.505,506.4944,22.505,20.819,433.4463,20.819
8370,before,8370_before_clip_0000,ok,150,120.0,76.0,14.1,64.3,21.86,1,94.67,54.03,1.06,-0.10444104542737759,33.63,103.96,-1.37,105.69,-1.46,104.82,-1.42,POS+CHROM,40.639,1651.5323,-40.639,9.294,86.3819,9.294,11.021,121.4521,11.021,10.151,103.0351,10.151
8370,before,8370_before_clip_0001,ok,150,120.0,76.0,14.1,41.53,30.73,0,101.79,54.06,1.04,0.2635271499073421,33.61,93.62,0.42,89.18,-0.72,91.61,-0.15,POS+CHROM,47.73,2278.1467,-47.73,8.171,66.7605,-8.171,12.617,159.2006,-12.617,10.184,103.708,-10.184
8370,before,8370_before_clip_0002,ok,150,120.0,76.0,14.1,37.77,26.74,0,99.05,54.07,1.04,-0.12388174245214018,33.22,96.22,-1.79,92.77,0.68,94.14,-0.55,POS+CHROM,44.98,2023.2067,-44.98,2.825,7.9794,-2.825,6.279,39.4276,-6.279,4.902,24.0288,-4.902
8377,after,8377_after_clip_0000,ok,150,144.0,76.0,11.5,1.55,98.07,0,100.64,54.1,1.09,-0.06535268313131536,37.04,83.69,-0.23,75.64,3.18,70.95,1.35,POS+CHROM+DEEP,46.542,2166.2018,-46.542,16.951,287.3446,-16.951,24.996,624.7763,-24.996,29.687,881.3459,-29.687
8377,after,8377_after_clip_0001,ok,150,144.0,76.0,11.5,7.02,91.53,0,112.62,53.99,0.96,0.013728141007644502,32.35,96.33,-0.99,80.58,0.12,74.71,0.03,POS+CHROM+DEEP,58.635,3438.0073,-58.635,16.296,265.5474,-16.296,32.041,1026.6345,-32.041,37.912,1437.3396,-37.912
8377,after,8377_after_clip_0002,ok,150,144.0,76.0,11.5,1.63,98.03,0,75.1,54.59,0.97,0.029955887593563216,34.0,125.2,2.34,122.61,1.6,123.98,1.97,POS+CHROM,20.514,420.8393,-20.514,50.095,2509.5518,50.095,47.506,2256.7776,47.506,48.881,2389.3651,48.881
8377,before,8377_before_clip_0000,ok,150,133.0,84.0,11.5,11.63,72.92,0,123.34,53.51,0.86,-0.010167520514958256,34.07,120.56,-1.83,77.08,-0.62,78.82,-0.53,POS+CHROM+DEEP,69.832,4876.4436,-69.832,2.789,7.7766,-2.789,46.262,2140.2187,-46.262,44.525,1982.4515,-44.525
8377,before,8377_before_clip_0001,ok,150,133.0,84.0,11.5,21.01,68.42,0,96.39,54.09,1.04,0.17480795436438704,34.54,83.24,2.05,82.93,-1.76,83.13,0.15,POS+CHROM,42.298,1789.162,-42.298,13.153,173.0016,-13.153,13.459,181.1332,-13.459,13.259,175.7978,-13.259
8377,before,8377_before_clip_0002,ok,150,133.0,84.0,11.5,11.51,86.54,0,112.68,54.23,0.97,0.016125498464296464,33.33,86.2,1.81,87.11,1.36,86.64,1.59,POS+CHROM,58.446,3415.9107,-58.446,26.474,700.8673,-26.474,25.565,653.5745,-25.565,26.037,677.9113,-26.037
8380,after,8380_after_clip_0000,ok,150,100.0,62.0,13.2,11.88,84.32,0,58.21,53.62,1.16,0.06079696102955742,31.86,95.78,-1.08,129.18,-1.97,85.99,-0.63,POS+CHROM+DEEP,4.589,21.0545,-4.589,37.563,1410.9884,37.563,70.965,5035.9924,70.965,27.777,771.565,27.777
8380,after,8380_after_clip_0001,ok,150,100.0,62.0,13.2,3.69,89.48,0,126.65,53.63,1.14,0.07651830525319278,31.94,80.88,1.31,78.94,0.79,79.95,1.05,POS+CHROM,73.018,5331.6453,-73.018,45.765,2094.4477,-45.765,47.711,2276.3334,-47.711,46.696,2180.5067,-46.696
8380,after,8380_after_clip_0002,ok,150,100.0,62.0,13.2,35.18,45.84,0,67.64,53.68,1.17,-0.1799113336669733,31.54,135.15,-2.76,138.74,-3.11,136.89,-2.93,POS+CHROM,13.961,194.915,-13.961,67.516,4558.3582,67.516,71.099,5055.0728,71.099,69.256,4796.3538,69.256
8380,before,8380_before_clip_0000,ok,150,105.0,64.0,13.2,2.84,95.24,0,104.58,53.52,1.23,0.010645689542987443,32.04,76.88,0.75,107.36,-2.44,74.11,-0.15,POS+CHROM+DEEP,51.058,2606.9067,-51.058,27.7,767.2826,-27.7,2.782,7.7417,2.782,30.472,928.5447,-30.472
8380,before,8380_before_clip_0001,ok,150,105.0,64.0,13.2,17.68,80.86,0,116.78,53.58,1.24,-0.03211757120106022,31.68,82.4,-1.73,114.07,-1.08,79.21,-0.52,POS+CHROM+DEEP,63.196,3993.6935,-63.196,34.382,1182.115,-34.382,2.711,7.3495,-2.711,37.567,1411.2591,-37.567
8380,before,8380_before_clip_0002,ok,150,105.0,64.0,13.2,9.31,89.81,0,106.08,53.61,1.22,-0.11752307350643804,32.1,79.51,3.94,79.31,2.63,79.42,3.29,POS+CHROM,52.466,2752.7109,-52.466,26.567,705.8205,-26.567,26.768,716.5117,-26.768,26.657,710.5738,-26.657
8381,after,8381_after_clip_0000,ok,150,148.0,71.0,12.2,43.73,12.76,0,109.46,53.55,1.2,0.09729461975123213,32.56,98.67,0.78,96.62,-0.65,97.77,0.06,POS+CHROM,55.91,3125.9747,-55.91,10.787,116.3565,-10.787,12.833,164.6895,-12.833,11.688,136.6139,-11.688
8381,after,8381_after_clip_0001,ok,150,148.0,71.0,12.2,70.28,25.76,1,108.64,53.54,1.2,-0.19097613574682298,32.11,98.69,-1.79,136.52,-0.86,90.8,-0.48,POS+CHROM+DEEP,55.096,3035.5985,-55.096,9.952,99.0433,-9.952,27.881,777.3461,27.881,17.843,318.3792,-17.843
8381,after,8381_after_clip_0002,ok,150,148.0,71.0,12.2,55.59,43.14,0,80.46,53.63,1.26,0.19395659588224595,31.67,82.12,2.79,79.48,2.72,80.81,2.75,POS+CHROM,26.827,719.7049,-26.827,1.659,2.7506,1.659,0.979,0.958,-0.979,0.347,0.1207,0.347
8381,before,8381_before_clip_0000,ok,150,112.0,69.0,12.2,10.45,85.63,0,111.37,53.41,0.96,0.19289104019718867,32.01,119.93,-2.65,64.44,-2.93,73.8,-1.54,POS+CHROM+DEEP,57.959,3359.2954,-57.959,8.556,73.2099,8.556,46.931,2202.5218,-46.931,37.568,1411.3824,-37.568
8381,before,8381_before_clip_0001,ok,150,112.0,69.0,12.2,39.18,40.78,0,81.31,53.52,1.36,0.05387959645899014,31.99,76.1,2.8,75.91,4.55,75.99,3.68,POS+CHROM,27.788,772.1456,-27.788,5.209,27.1306,-5.209,5.403,29.1938,-5.403,5.32,28.3023,-5.32
8381,before,8381_before_clip_0002,ok,150,112.0,69.0,12.2,49.03,47.9,0,63.8,53.5,1.33,-0.08308767787262215,31.95,83.28,0.88,84.31,-0.06,83.75,0.41,POS+CHROM,10.302,106.1219,-10.302,19.476,379.3067,19.476,20.504,420.4044,20.504,19.95,397.9947,19.95
8384,after,8384_after_clip_0000,ok,150,118.0,74.0,15.2,4.02,95.25,0,127.77,53.63,0.68,0.06503643150833155,34.43,83.31,0.58,81.3,-0.28,82.37,0.15,POS+CHROM,74.134,5495.8568,-74.134,44.46,1976.7172,-44.46,46.469,2159.3944,-46.469,45.392,2060.4689,-45.392
8384,after,8384_after_clip_0001,ok,150,118.0,74.0,15.2,7.91,91.94,0,122.44,54.05,1.12,-0.009118964301415967,33.3,88.78,1.39,66.64,-0.12,70.34,0.8,POS+CHROM+DEEP,68.389,4676.9906,-68.389,33.659,1132.9285,-33.659,55.803,3113.9399,-55.803,52.103,2714.7719,-52.103
8384,after,8384_after_clip_0002,ok,150,118.0,74.0,15.2,1.57,97.75,0,73.9,54.12,1.12,-0.0016474662123213402,33.28,69.17,-0.29,61.67,-1.92,60.99,-0.36,POS+CHROM+DEEP,19.775,391.0669,-19.775,4.727,22.3453,-4.727,12.228,149.5244,-12.228,12.905,166.5506,-12.905
8384,before,8384_before_clip_0000,ok,150,129.0,79.0,15.2,7.95,88.78,0,128.52,54.07,1.11,-0.14575905552768761,32.87,77.93,0.55,75.54,2.14,76.57,1.35,POS+CHROM,74.447,5542.3837,-74.447,50.591,2559.4348,-50.591,52.983,2807.2056,-52.983,51.944,2698.229,-51.944
8384,before,8384_before_clip_0001,ok,150,129.0,79.0,15.2,21.86,74.12,0,92.71,54.01,1.13,0.1694591138879532,33.25,86.45,-0.21,87.83,-2.0,87.04,-1.11,POS+CHROM,38.698,1497.5417,-38.698,6.258,39.1673,-6.258,4.875,23.7624,-4.875,5.669,32.1372,-5.669
8384,before,8384_before_clip_0002,ok,150,129.0,79.0,15.2,19.28,75.5,0,108.83,54.06,1.11,0.12390489072809158,32.87,91.99,0.47,92.65,2.15,92.36,1.31,POS+CHROM,54.77,2999.7181,-54.77,16.835,283.4254,-16.835,16.184,261.9269,-16.184,16.464,271.0788,-16.464
8412,after,8412_after_clip_0000,ok,150,147.0,81.0,12.7,3.3,94.12,0,76.42,53.8,0.91,-0.01281270747340633,33.36,74.68,0.22,74.27,0.92,74.46,0.57,POS+CHROM,22.621,511.7144,-22.621,1.747,3.0511,-1.747,2.151,4.6256,-2.151,1.96,3.8432,-1.96
8412,after,8412_after_clip_0001,ok,150,147.0,81.0,12.7,4.62,94.09,0,98.16,53.84,0.94,0.06042803628452591,33.34,79.21,1.1,72.39,0.03,76.1,0.57,POS+CHROM,44.32,1964.2626,-44.32,18.954,359.2405,-18.954,25.771,664.1427,-25.771,22.057,486.5255,-22.057
8412,after,8412_after_clip_0002,ok,150,147.0,81.0,12.7,5.42,92.62,0,100.43,53.76,0.92,0.06739616015974867,34.12,73.12,3.53,72.37,0.72,72.83,2.12,POS+CHROM,46.674,2178.473,-46.674,27.319,746.3284,-27.319,28.069,787.8502,-28.069,27.608,762.1754,-27.608
8412,before,8412_before_clip_0000,ok,150,125.0,86.0,12.7,11.19,84.31,0,75.75,53.85,0.96,-0.1378982599985197,32.86,82.85,2.01,83.21,2.84,83.04,2.43,POS+CHROM,21.901,479.6405,-21.901,7.09,50.2745,7.09,7.453,55.5464,7.453,7.284,53.0583,7.284
8412,before,8412_before_clip_0001,ok,150,125.0,86.0,12.7,13.42,84.3,0,112.87,53.71,0.98,-0.016117844522677664,32.89,81.46,1.1,59.03,-1.81,55.76,-0.41,CHROM+DEEP,59.155,3499.299,-59.155,31.408,986.4897,-31.408,53.839,2898.5973,-53.839,57.105,3261.0242,-57.105
8412,before,8412_before_clip_0002,ok,150,125.0,86.0,12.7,10.97,87.19,0,63.51,53.8,1.0,0.11944226112704671,33.31,73.92,-0.01,73.51,-0.89,73.73,-0.45,POS+CHROM,9.71,94.291,-9.71,10.416,108.4874,10.416,10.0,99.9967,10.0,10.223,104.5127,10.223
8428,after,8428_after_clip_0000,ok,150,115.0,87.0,15.2,37.85,52.97,0,104.69,54.32,1.17,0.014674028308162257,33.2,127.94,-1.67,126.87,-3.29,127.48,-2.48,POS+CHROM,50.374,2537.5204,-50.374,23.248,540.4597,23.248,22.176,491.757,22.176,22.784,519.0987,22.784
8428,after,8428_after_clip_0001,ok,150,115.0,87.0,15.2,35.71,53.53,0,64.97,54.28,1.19,0.14421071574398192,33.2,131.47,-0.39,129.52,-3.14,130.71,-1.77,POS+CHROM,10.685,114.1757,-10.685,66.504,4422.7343,66.504,64.551,4166.8392,64.551,65.747,4322.6256,65.747
8428,after,8428_after_clip_0002,ok,150,115.0,87.0,15.2,28.72,53.82,0,69.17,54.34,1.22,0.1830655225742209,33.19,122.46,1.62,123.69,0.68,123.03,1.15,POS+CHROM,14.827,219.853,-14.827,53.297,2840.5375,53.297,54.526,2973.1149,54.526,53.864,2901.2876,53.864
8428,before,8428_before_clip_0000,ok,150,112.0,83.0,15.2,52.55,44.06,0,121.19,54.2,1.18,0.0817482756479737,33.17,119.2,-2.49,92.65,-3.22,80.76,-1.51,POS+CHROM+DEEP,66.987,4487.3087,-66.987,1.986,3.9433,-1.986,28.54,814.559,-28.54,40.427,1634.3223,-40.427
8428,before,8428_before_clip_0001,ok,150,112.0,83.0,15.2,37.23,53.79,0,85.94,54.2,1.16,-0.1349172126035772,33.18,106.52,-1.78,110.72,-0.17,108.9,-0.97,POS+CHROM,31.74,1007.4349,-31.74,20.581,423.5654,20.581,24.779,614.0111,24.779,22.96,527.1397,22.96
8428,before,8428_before_clip_0002,ok,150,112.0,83.0,15.2,24.12,51.85,0,104.34,54.17,1.12,0.08008031159855922,33.2,103.41,-1.86,102.18,-1.36,102.77,-1.61,POS+CHROM,50.166,2516.6378,-50.166,0.932,0.8691,-0.932,2.161,4.669,-2.161,1.572,2.4712,-1.572
8430,after,8430_after_clip_0000,ok,150,126.0,84.0,14.0,21.22,76.08,0,110.79,53.18,1.37,0.04165146801965146,30.77,129.5,-1.73,128.82,-2.8,129.19,-2.26,POS+CHROM,57.603,3318.1459,-57.603,18.717,350.3095,18.717,18.036,325.3107,18.036,18.406,338.7982,18.406
8430,after,8430_after_clip_0001,ok,150,126.0,84.0,14.0,46.48,37.79,0,71.25,53.2,1.38,0.2716407174697171,30.22,57.83,0.96,129.54,-5.5,55.43,1.17,POS+DEEP,18.05,325.8044,-18.05,13.411,179.8496,-13.411,58.292,3397.9776,58.292,15.811,249.9832,-15.811
8430,after,8430_after_clip_0002,ok,150,126.0,84.0,14.0,36.99,55.99,0,117.59,53.2,1.32,0.07035397281140093,31.1,94.37,-0.28,93.27,-4.47,94.0,-2.37,POS+CHROM,64.387,4145.749,-64.387,23.217,539.0234,-23.217,24.316,591.2814,-24.316,23.582,556.1115,-23.582
8430,before,8430_before_clip_0000,ok,150,122.0,80.0,14.0,44.02,48.13,0,81.15,53.22,1.44,-0.04206151181260961,30.54,115.27,3.32,116.57,-0.71,115.71,1.3,POS+CHROM,27.93,780.0843,-27.93,34.117,1163.9384,34.117,35.414,1254.1661,35.414,34.555,1194.0743,34.555
8430,before,8430_before_clip_0001,ok,150,122.0,80.0,14.0,25.93,71.79,0,112.55,53.19,1.38,-0.0693742231533614,30.57,117.1,0.6,119.87,-2.98,118.08,-1.19,POS+CHROM,59.358,3523.4057,-59.358,4.547,20.6766,4.547,7.317,53.5452,7.317,5.53,30.5864,5.53
8430,before,8430_before_clip_0002,ok,150,122.0,80.0,14.0,29.14,62.45,0,100.35,53.27,1.45,-0.09588463786086825,30.56,113.82,0.02,110.69,-0.6,112.34,-0.29,POS+CHROM,47.077,2216.2854,-47.077,13.473,181.5246,13.473,10.343,106.9681,10.343,11.988,143.724,11.988
8432,after,8432_after_clip_0000,ok,150,133.0,77.0,12.2,45.28,29.8,0,69.28,53.59,1.18,0.05377178490181473,33.2,91.28,0.0,91.96,1.57,91.66,0.79,POS+CHROM,15.69,246.1605,-15.69,22.0,483.9796,22.0,22.678,514.2704,22.678,22.383,500.9772,22.383
8432,after,8432_after_clip_0001,ok,150,133.0,77.0,12.2,23.12,36.31,0,127.17,53.6,1.11,0.04439425481035135,33.18,72.05,3.88,73.44,3.83,72.74,3.85,POS+CHROM,73.568,5412.2166,-73.568,55.115,3037.6762,-55.115,53.723,2886.1542,-53.723,54.422,2961.776,-54.422
8432,after,8432_after_clip_0002,ok,150,133.0,77.0,12.2,47.05,41.28,0,107.12,53.63,1.19,-0.025146679960582532,33.14,80.93,-0.02,81.33,0.96,81.15,0.47,POS+CHROM,53.487,2860.8148,-53.487,26.183,685.5536,-26.183,25.782,664.7131,-25.782,25.966,674.2475,-25.966
8432,before,8432_before_clip_0000,ok,150,124.0,74.0,12.2,29.17,35.27,0,60.95,53.52,1.12,-0.15267879524762323,33.17,82.5,0.26,75.07,-0.67,79.08,-0.21,POS+CHROM,7.428,55.1689,-7.428,21.552,464.4821,21.552,14.123,199.4467,14.123,18.126,328.5432,18.126
8432,before,8432_before_clip_0001,ok,150,124.0,74.0,12.2,37.81,32.76,0,110.59,53.6,1.17,0.18736979158783912,33.13,86.98,-1.3,87.13,-0.11,87.06,-0.71,POS+CHROM,56.982,3246.962,-56.982,23.602,557.0498,-23.602,23.455,550.129,-23.455,23.521,553.2397,-23.521
8432,before,8432_before_clip_0002,ok,150,124.0,74.0,12.2,45.83,41.86,0,122.09,53.57,1.11,-0.19081430901791244,33.16,60.01,-1.08,97.78,-2.06,56.21,0.01,POS+DEEP,68.52,4695.0092,-68.52,62.086,3854.6173,-62.086,24.311,591.0161,-24.311,65.885,4340.8171,-65.885
8490,after,8490_after_clip_0000,ok,150,105.0,67.0,16.4,12.49,83.37,0,84.99,53.34,1.34,-0.05023641325956439,30.68,74.21,1.43,73.29,0.06,73.8,0.74,POS+CHROM,31.646,1001.4738,-31.646,10.781,116.2308,-10.781,11.697,136.8302,-11.697,11.187,125.154,-11.187
8490,after,8490_after_clip_0001,ok,150,105.0,67.0,16.4,6.49,92.83,0,93.19,53.17,1.45,-0.1267199324231617,31.09,77.24,-1.34,107.25,-1.35,74.91,-0.41,POS+CHROM+DEEP,40.021,1601.652,-40.021,15.951,254.4456,-15.951,14.059,197.661,14.059,18.287,334.401,-18.287
8490,after,8490_after_clip_0002,ok,150,105.0,67.0,16.4,13.76,76.37,0,81.52,53.33,1.46,-0.04375435551128153,30.28,98.32,1.03,97.35,-0.37,97.89,0.33,POS+CHROM,28.185,794.4203,-28.185,16.802,282.3158,16.802,15.839,250.8879,15.839,16.377,268.1957,16.377
8490,before,8490_before_clip_0000,ok,150,108.0,69.0,16.4,36.27,54.23,0,62.49,54.35,1.36,0.20879850054242768,32.75,89.84,0.15,87.24,0.35,88.51,0.25,POS+CHROM,8.135,66.171,-8.135,27.35,748.0126,27.35,24.749,612.4986,24.749,26.028,677.4378,26.028
8490,before,8490_before_clip_0001,ok,150,108.0,69.0,16.4,25.81,69.26,0,73.16,54.29,1.36,0.003481108301671162,32.68,67.88,-0.17,73.36,-1.01,70.43,-0.59,POS+CHROM,18.866,355.9273,-18.866,5.283,27.9056,-5.283,0.203,0.0413,0.203,2.732,7.4636,-2.732
8490,before,8490_before_clip_0002,ok,150,108.0,69.0,16.4,14.95,72.96,0,110.06,54.25,1.34,0.08330145817004446,32.73,95.51,-4.22,59.61,-1.91,56.22,-0.29,CHROM+DEEP,55.812,3114.9897,-55.812,14.557,211.9118,-14.557,50.454,2545.6069,-50.454,53.841,2898.8086,-53.841
8500,after,8500_after_clip_0000,ok,150,121.0,80.0,12.9,12.32,84.07,0,113.24,54.21,1.0,-0.057197312293743946,33.65,69.43,0.99,68.02,-0.56,68.82,0.22,POS+CHROM,59.033,3484.8651,-59.033,43.81,1919.3529,-43.81,45.223,2045.0781,-45.223,44.426,1973.6662,-44.426
8500,after,8500_after_clip_0001,ok,150,121.0,80.0,12.9,12.06,83.59,0,126.7,54.45,1.02,0.0791963356700518,33.41,97.59,1.34,66.97,-2.99,74.67,-0.21,POS+CHROM+DEEP,72.253,5220.4477,-72.253,29.113,847.5526,-29.113,59.735,3568.3149,-59.735,52.031,2707.224,-52.031
8500,after,8500_after_clip_0002,ok,150,121.0,80.0,12.9,7.49,90.43,0,117.26,54.24,0.99,0.06341387917189151,33.55,86.5,-0.72,88.6,0.37,87.64,-0.17,POS+CHROM,63.019,3971.3852,-63.019,30.762,946.2985,-30.762,28.665,821.6626,-28.665,29.619,877.2753,-29.619
8500,before,8500_before_clip_0000,ok,150,109.0,75.0,12.9,5.0,93.09,0,70.41,54.21,1.04,0.011465289452122957,33.63,102.03,-1.59,104.76,-2.16,103.33,-1.87,POS+CHROM,16.201,262.4739,-16.201,31.624,1000.0651,31.624,34.347,1179.725,34.347,32.921,1083.7816,32.921
8500,before,8500_before_clip_0001,ok,150,109.0,75.0,12.9,19.13,46.49,0,58.51,54.17,1.03,-0.013437956745436384,33.22,98.84,1.13,100.71,-1.65,99.56,-0.26,POS+CHROM,4.331,18.7611,-4.331,40.333,1626.726,40.333,42.208,1781.5126,42.208,41.057,1685.6609,41.057
8500,before,8500_before_clip_0002,ok,150,109.0,75.0,12.9,17.55,71.02,0,118.82,54.19,1.06,-0.05966774150907426,33.57,88.24,-2.06,129.85,-4.72,79.04,-1.91,POS+CHROM+DEEP,64.636,4177.7827,-64.636,30.578,935.0135,-30.578,11.023,121.5139,11.023,39.779,1582.3531,-39.779
8514,after,8514_after_clip_0000,ok,150,118.0,68.0,14.2,21.74,72.45,0,79.72,53.15,1.49,-0.08972714507380407,31.32,124.76,-1.65,124.9,-1.11,124.83,-1.38,POS+CHROM,26.574,706.1583,-26.574,45.039,2028.4956,45.039,45.17,2040.3446,45.17,45.107,2034.6804,45.107
8514,after,8514_after_clip_0001,ok,150,118.0,68.0,14.2,5.76,91.07,0,118.47,53.15,1.47,0.050471441471231795,31.33,120.3,-1.25,119.19,-1.13,119.74,-1.19,POS+CHROM,65.326,4267.4887,-65.326,1.828,3.3415,1.828,0.72,0.5185,0.72,1.269,1.6093,1.269
8514,after,8514_after_clip_0002,ok,150,118.0,68.0,14.2,8.58,87.44,0,102.63,53.27,1.55,-0.019785073462624342,30.49,94.9,-0.75,96.39,-1.2,95.62,-0.98,POS+CHROM,49.367,2437.1488,-49.367,7.73,59.7579,-7.73,6.245,38.9978,-6.245,7.016,49.2199,-7.016
8514,before,8514_before_clip_0000,ok,150,99.0,58.0,14.2,12.42,82.38,0,85.22,54.33,1.33,-0.043558880735168365,32.18,79.35,-0.86,82.13,-0.13,80.83,-0.5,POS+CHROM,30.892,954.3366,-30.892,5.869,34.444,-5.869,3.087,9.5324,-3.087,4.394,19.3075,-4.394
8514,before,8514_before_clip_0001,ok,150,99.0,58.0,14.2,11.29,64.16,0,60.42,54.11,1.34,0.05575542731939775,32.5,90.96,0.63,93.4,0.01,92.12,0.32,POS+CHROM,6.305,39.756,-6.305,30.547,933.1397,30.547,32.988,1088.1899,32.988,31.705,1005.1801,31.705
8514,before,8514_before_clip_0002,ok,150,99.0,58.0,14.2,12.58,80.16,0,101.45,54.1,1.32,0.02172691864608974,32.52,103.51,-2.54,102.21,-2.29,102.85,-2.41,POS+CHROM,47.343,2241.351,-47.343,2.067,4.2735,2.067,0.768,0.5898,0.768,1.404,1.9711,1.404
8517,after,8517_after_clip_0000,ok,150,160.0,87.0,11.5,44.65,53.05,0,63.65,53.82,1.15,0.22691606778040108,32.86,121.64,-0.29,127.19,-1.79,124.07,-1.04,POS+CHROM,9.831,96.6425,-9.831,57.993,3363.1569,57.993,63.543,4037.6788,63.543,60.422,3650.8298,60.422
8517,after,8517_after_clip_0001,ok,150,160.0,87.0,11.5,42.32,54.24,0,113.13,53.76,1.1,-0.012123058167138863,33.23,102.18,-3.46,54.44,0.04,54.07,0.57,CHROM+DEEP,59.373,3525.2095,-59.373,10.955,120.0081,-10.955,58.69,3444.5667,-58.69,59.062,3488.3129,-59.062
8517,after,8517_after_clip_0002,ok,150,160.0,87.0,11.5,56.54,34.37,0,116.16,53.75,1.07,0.17957418140340936,33.24,73.02,2.15,68.81,1.76,70.98,1.96,POS+CHROM,62.405,3894.3913,-62.405,43.142,1861.2531,-43.142,47.346,2241.6385,-47.346,45.176,2040.8278,-45.176
8517,before,8517_before_clip_0000,ok,150,124.0,81.0,11.5,13.24,85.91,0,97.76,53.68,1.12,0.16590952142730866,33.17,73.65,1.51,73.65,2.77,73.65,2.14,POS+CHROM,44.081,1943.1339,-44.081,24.11,581.3084,-24.11,24.108,581.219,-24.108,24.109,581.259,-24.109
8517,before,8517_before_clip_0001,ok,150,124.0,81.0,11.5,52.12,27.31,1,126.25,53.7,1.1,-0.01726155522898191,32.4,72.61,3.32,73.15,3.1,72.88,3.21,POS+CHROM,72.546,5262.9651,-72.546,53.636,2876.8257,-53.636,53.092,2818.7517,-53.092,53.369,2848.2463,-53.369
8517,before,8517_before_clip_0002,ok,150,124.0,81.0,11.5,47.6,30.74,0,74.58,53.71,1.13,0.0864616725948318,31.99,86.5,0.85,85.81,-0.28,86.19,0.28,POS+CHROM,20.867,435.4489,-20.867,11.925,142.1938,11.925,11.229,126.0817,11.229,11.609,134.7728,11.609
8540,after,8540_after_clip_0000,ok,150,116.0,65.0,12.4,15.97,78.56,0,100.49,53.82,1.23,0.05776082837908507,32.14,78.26,2.81,77.39,1.22,77.88,2.01,POS+CHROM,46.671,2178.1427,-46.671,22.233,494.3278,-22.233,23.104,533.7876,-23.104,22.611,511.2758,-22.611
8540,after,8540_after_clip_0001,ok,150,116.0,65.0,12.4,30.47,67.54,0,66.1,53.68,1.25,0.13734247913947267,32.12,69.97,5.09,69.81,2.68,69.91,3.89,POS+CHROM,12.421,154.2917,-12.421,3.868,14.9588,3.868,3.71,13.7639,3.71,3.804,14.4739,3.804
8540,after,8540_after_clip_0002,ok,150,116.0,65.0,12.4,50.62,46.57,0,107.11,53.73,1.2,-0.05876771019105079,31.4,83.52,2.07,87.18,0.8,85.16,1.43,POS+CHROM,53.373,2848.6494,-53.373,23.585,556.2573,-23.585,19.921,396.8528,-19.921,21.946,481.6343,-21.946
8540,before,8540_before_clip_0000,ok,150,111.0,68.0,12.4,7.01,90.21,0,102.61,53.78,1.05,-0.026427402387737508,33.12,60.58,6.97,60.45,4.85,59.31,4.29,POS+CHROM+DEEP,48.833,2384.6404,-48.833,42.03,1766.5394,-42.03,42.16,1777.4726,-42.16,43.296,1874.5188,-43.296
8540,before,8540_before_clip_0001,ok,150,111.0,68.0,12.4,3.44,94.64,0,130.77,53.91,1.04,-0.159671602780229,33.15,60.63,6.99,59.98,6.53,59.28,4.86,POS+CHROM+DEEP,76.858,5907.1278,-76.858,70.139,4919.4276,-70.139,70.791,5011.3985,-70.791,71.487,5110.3641,-71.487
8540,before,8540_before_clip_0002,ok,150,111.0,68.0,12.4,12.89,86.26,0,84.5,53.9,1.05,-0.06396613349580131,33.17,58.18,6.62,57.09,5.22,57.01,4.3,POS+CHROM+DEEP,30.602,936.4573,-30.602,26.322,692.8556,-26.322,27.413,751.4758,-27.413,27.49,755.6931,-27.49
8541,after,8541_after_clip_0000,ok,150,152.0,87.0,12.5,2.96,96.8,0,134.65,53.51,1.26,0.1516611300401869,32.28,109.54,0.04,71.21,-2.36,76.97,-0.35,POS+CHROM+DEEP,81.135,6582.8987,-81.135,25.111,630.5628,-25.111,63.433,4023.7553,-63.433,57.68,3326.9603,-57.68
8541,after,8541_after_clip_0001,ok,150,152.0,87.0,12.5,8.92,89.84,0,124.41,53.51,1.25,0.004513728057201174,32.24,109.3,3.7,106.32,2.72,107.93,3.21,POS+CHROM,70.894,5025.9575,-70.894,15.111,228.3293,-15.111,18.089,327.2124,-18.089,16.478,271.5334,-16.478
8541,after,8541_after_clip_0002,ok,150,152.0,87.0,12.5,3.82,93.18,0,62.2,53.48,1.26,0.08506869039497228,32.23,113.25,2.34,113.28,0.54,113.26,1.44,POS+CHROM,8.715,75.9427,-8.715,51.052,2606.3254,51.052,51.081,2609.239,51.081,51.064,2607.5642,51.064
8541,before,8541_before_clip_0000,ok,150,132.0,78.0,12.5,14.25,85.09,0,77.82,53.4,1.16,0.014248121314493146,32.01,110.52,2.31,111.71,1.09,111.06,1.7,POS+CHROM,24.42,596.3183,-24.42,32.697,1069.1215,32.697,33.89,1148.5022,33.89,33.234,1104.467,33.234
8541,before,8541_before_clip_0001,ok,150,132.0,78.0,12.5,7.65,90.76,0,110.57,53.39,1.16,0.055761983831035464,31.63,108.66,3.64,106.84,2.92,107.8,3.28,POS+CHROM,57.182,3269.7817,-57.182,1.912,3.6549,-1.912,3.725,13.8724,-3.725,2.764,7.638,-2.764
8541,before,8541_before_clip_0002,ok,150,132.0,78.0,12.5,14.89,82.46,0,106.0,53.4,1.15,0.11253438273714648,31.69,103.93,2.14,102.33,1.38,103.18,1.76,POS+CHROM,52.597,2766.438,-52.597,2.069,4.2828,-2.069,3.666,13.4403,-3.666,2.817,7.9372,-2.817
8550,after,8550_after_clip_0000,ok,150,129.0,93.0,11.3,7.11,92.61,0,101.6,54.39,1.4,0.13939479260589496,33.24,80.67,1.77,83.07,1.64,81.86,1.71,POS+CHROM,47.205,2228.3278,-47.205,20.923,437.7783,-20.923,18.528,343.2787,-18.528,19.738,389.5881,-19.738
8550,after,8550_after_clip_0001,ok,150,129.0,93.0,11.3,56.9,41.36,0,110.24,54.33,1.19,-0.012400795500932574,33.26,79.01,-0.91,77.85,-0.43,78.41,-0.67,POS+CHROM,55.907,3125.6159,-55.907,31.231,975.3731,-31.231,32.385,1048.8131,-32.385,31.831,1013.209,-31.831
8550,after,8550_after_clip_0002,ok,150,129.0,93.0,11.3,24.84,73.1,0,110.24,54.33,1.22,-0.02979807838356166,33.26,76.1,0.5,52.97,-1.99,53.83,-0.38,CHROM+DEEP,55.91,3125.9434,-55.91,34.138,1165.3709,-34.138,57.271,3279.9802,-57.271,56.413,3182.3715,-56.413
8550,before,8550_before_clip_0000,ok,150,150.0,90.0,11.3,9.31,89.16,0,91.24,54.48,1.34,-0.09270977617351264,33.2,55.1,-1.63,54.8,-0.17,54.74,-0.16,POS+CHROM+DEEP,36.76,1351.2825,-36.76,36.139,1306.0154,-36.139,36.437,1327.6224,-36.437,36.496,1331.9611,-36.496
8550,before,8550_before_clip_0001,ok,150,150.0,90.0,11.3,18.08,81.03,0,84.2,54.28,1.09,-0.10126830860471302,33.98,83.47,0.08,83.44,-0.48,83.46,-0.2,POS+CHROM,29.919,895.1612,-29.919,0.728,0.5302,-0.728,0.76,0.5773,-0.76,0.743,0.5524,-0.743
8550,before,8550_before_clip_0002,ok,150,150.0,90.0,11.3,12.32,83.8,0,122.43,54.56,1.43,0.09984885773722492,32.8,67.69,-0.86,91.85,-1.19,68.76,-0.2,POS+CHROM+DEEP,67.868,4606.1032,-67.868,54.737,2996.1903,-54.737,30.577,934.9269,-30.577,53.668,2880.2804,-53.668
8555,after,8555_after_clip_0000,ok,150,129.0,75.0,13.2,25.12,73.72,0,88.5,53.7,1.05,0.08899679699187231,33.3,82.62,-2.46,92.91,-5.26,69.34,-2.22,POS+CHROM+DEEP,34.795,1210.7136,-34.795,5.876,34.5237,-5.876,4.406,19.4153,4.406,19.161,367.1462,-19.161
8555,after,8555_after_clip_0001,ok,150,129.0,75.0,13.2,9.62,86.31,0,102.68,53.72,1.07,-0.02210343300470133,32.94,59.98,0.33,59.69,0.58,57.65,0.66,POS+CHROM+DEEP,48.959,2396.9936,-48.959,42.696,1822.9615,-42.696,42.985,1847.7053,-42.985,45.023,2027.0666,-45.023
8555,after,8555_after_clip_0002,ok,150,129.0,75.0,13.2,12.2,81.86,0,114.93,53.77,1.07,0.05504390618552145,32.93,76.15,-2.31,108.18,-2.53,73.89,-1.26,POS+CHROM+DEEP,61.163,3740.9241,-61.163,38.784,1504.2354,-38.784,6.756,45.6431,-6.756,41.045,1684.6934,-41.045
8555,before,8555_before_clip_0000,ok,150,120.0,76.0,13.2,20.84,75.86,0,126.09,53.66,1.06,0.10176103416178373,33.24,69.51,-0.66,72.11,1.83,71.07,0.59,POS+CHROM,72.435,5246.7929,-72.435,56.586,3202.0301,-56.586,53.981,2913.9636,-53.981,55.017,3026.9212,-55.017
8555,before,8555_before_clip_0001,ok,150,120.0,76.0,13.2,33.55,63.84,0,127.99,53.67,1.13,-0.029207061838513772,33.19,67.88,-2.52,72.11,-2.14,70.06,-2.33,POS+CHROM,74.32,5523.3904,-74.32,60.109,3613.0479,-60.109,55.88,3122.5994,-55.88,57.927,3355.5336,-57.927
8555,before,8555_before_clip_0002,ok,150,120.0,76.0,13.2,31.5,62.12,0,68.61,53.72,1.14,0.08681731475942926,32.45,88.42,-4.34,122.35,-3.94,77.4,-2.38,POS+CHROM+DEEP,14.889,221.6831,-14.889,19.809,392.3939,19.809,53.741,2888.1098,53.741,8.794,77.334,8.794
8563,after,8563_after_clip_0000,ok,150,100.0,60.0,13.6,25.85,68.83,0,78.31,53.49,1.61,-0.002119798904367207,30.23,89.83,3.53,92.68,3.33,91.23,3.43,POS+CHROM,24.819,615.981,-24.819,11.521,132.738,11.521,14.367,206.4089,14.367,12.92,166.9345,12.92
8563,after,8563_after_clip_0001,ok,150,100.0,60.0,13.6,27.99,57.77,0,74.91,53.38,1.4,0.12867390939063256,30.66,70.2,0.66,65.1,0.75,67.63,0.7,POS+CHROM,21.524,463.2763,-21.524,4.709,22.1783,-4.709,9.801,96.0663,-9.801,7.275,52.9276,-7.275
8563,after,8563_after_clip_0002,ok,150,100.0,60.0,13.6,35.76,61.54,0,81.67,53.3,1.39,-0.04184449556025877,30.61,82.47,-0.06,68.05,-0.2,66.71,0.37,POS+CHROM+DEEP,28.372,804.9874,-28.372,0.799,0.6386,0.799,13.625,185.6408,-13.625,14.962,223.8482,-14.962
8563,before,8563_before_clip_0000,ok,150,110.0,70.0,13.6,13.35,85.08,0,118.78,53.96,1.23,-0.06405367046773403,32.98,91.16,2.98,90.56,1.44,90.9,2.21,POS+CHROM,64.829,4202.8434,-64.829,27.625,763.1604,-27.625,28.224,796.5789,-28.224,27.886,777.6484,-27.886
8563,before,8563_before_clip_0001,ok,150,110.0,70.0,13.6,1.64,97.11,0,97.13,54.01,1.25,0.018578757315396852,33.02,78.92,-2.52,79.85,-1.84,79.41,-2.18,POS+CHROM,43.116,1858.9658,-43.116,18.212,331.6617,-18.212,17.278,298.545,-17.278,17.718,313.9423,-17.718
8563,before,8563_before_clip_0002,ok,150,110.0,70.0,13.6,5.6,93.58,0,85.94,53.94,1.28,0.004651006247618819,33.02,68.2,0.74,71.48,1.39,69.93,1.06,POS+CHROM,32.008,1024.5012,-32.008,17.74,314.7215,-17.74,14.461,209.1127,-14.461,16.012,256.3939,-16.012
8565,after,8565_after_clip_0000,ok,150,112.0,71.0,12.0,11.45,87.07,0,96.1,53.74,1.14,-0.0045402480111756465,32.66,92.53,2.76,93.59,2.84,93.07,2.8,POS+CHROM,42.359,1794.3048,-42.359,3.568,12.729,-3.568,2.509,6.2946,-2.509,3.034,9.208,-3.034
8565,after,8565_after_clip_0001,ok,150,112.0,71.0,12.0,7.42,87.37,0,116.34,53.65,1.1,-0.003936246896190151,33.1,85.83,1.85,84.73,-0.27,85.38,0.79,POS+CHROM,62.692,3930.3273,-62.692,30.516,931.206,-30.516,31.611,999.2805,-31.611,30.968,959.0199,-30.968
8565,after,8565_after_clip_0002,ok,150,112.0,71.0,12.0,3.73,95.88,0,112.98,53.61,1.13,0.003119215878157089,32.29,77.03,3.44,75.56,0.36,76.48,1.9,POS+CHROM,59.374,3525.2485,-59.374,35.954,1292.7228,-35.954,37.422,1400.4219,-37.422,36.504,1332.5276,-36.504
8565,before,8565_before_clip_0000,ok,150,130.0,79.0,12.0,3.52,95.16,0,112.98,53.73,1.35,-0.058458313696256474,31.68,76.94,1.13,76.64,-0.01,76.8,0.56,POS+CHROM,59.244,3509.9008,-59.244,36.038,1298.7314,-36.038,36.339,1320.5153,-36.339,36.174,1308.5655,-36.174
8565,before,8565_before_clip_0001,ok,150,130.0,79.0,12.0,3.42,96.18,0,120.3,53.56,1.32,-0.035932676218551514,31.63,68.01,3.6,69.58,2.2,68.7,2.9,POS+CHROM,66.738,4453.9529,-66.738,52.285,2733.772,-52.285,50.723,2572.813,-50.723,51.595,2662.0601,-51.595
8565,before,8565_before_clip_0002,ok,150,130.0,79.0,12.0,2.1,96.21,0,124.01,53.57,1.3,0.023615288738020535,31.62,73.87,2.71,72.55,2.31,73.23,2.51,POS+CHROM,70.441,4961.9619,-70.441,50.142,2514.2669,-50.142,51.46,2648.083,-51.46,50.779,2578.5374,-50.779
8584,after,8584_after_clip_0000,ok,150,186.0,108.0,14.2,16.28,72.68,0,68.14,54.0,1.06,-0.018301052515486135,33.13,83.87,2.58,84.71,4.09,84.34,3.34,POS+CHROM,14.142,199.9886,-14.142,15.726,247.3227,15.726,16.566,274.4189,16.566,16.198,262.3911,16.198
8584,after,8584_after_clip_0001,ok,150,186.0,108.0,14.2,15.14,73.07,0,106.91,53.81,0.89,-0.028804600463329777,33.58,86.78,-0.26,86.59,-2.72,86.71,-1.49,POS+CHROM,53.092,2818.8089,-53.092,20.123,404.938,-20.123,20.315,412.707,-20.315,20.2,408.0282,-20.2
8584,after,8584_after_clip_0002,ok,150,186.0,108.0,14.2,19.54,70.18,0,132.79,53.99,1.0,0.0013726407748695564,33.59,80.61,-3.42,128.64,-1.49,83.0,-1.3,POS+CHROM+DEEP,78.797,6208.9134,-78.797,52.18,2722.7027,-52.18,4.153,17.2482,-4.153,49.791,2479.1706,-49.791
8584,before,8584_before_clip_0000,ok,150,160.0,104.0,14.2,4.86,94.91,0,100.66,54.19,0.96,-0.020734306596918793,33.83,89.64,3.47,90.14,2.16,89.86,2.81,POS+CHROM,46.471,2159.5233,-46.471,11.028,121.6261,-11.028,10.527,110.8108,-10.527,10.805,116.7433,-10.805
8584,before,8584_before_clip_0001,ok,150,160.0,104.0,14.2,2.62,94.14,0,109.28,54.02,0.91,-0.07507207554793457,33.83,80.01,3.65,77.17,0.65,78.93,2.15,POS+CHROM,55.263,3053.9819,-55.263,29.279,857.2386,-29.279,32.115,1031.4034,-32.115,30.349,921.068,-30.349
8584,before,8584_before_clip_0002,ok,150,160.0,104.0,14.2,16.82,78.44,0,98.65,54.14,0.96,0.08668112336077236,33.89,88.7,2.17,90.86,-1.76,89.44,0.21,POS+CHROM,44.515,1981.6216,-44.515,9.949,98.9781,-9.949,7.788,60.6603,-7.788,9.21,84.8287,-9.21
8587,after,8587_after_clip_0000,ok,150,120.0,67.0,14.9,3.33,96.03,0,108.65,53.97,1.19,-0.051754145595979566,33.16,83.41,1.03,90.35,0.4,86.7,0.71,POS+CHROM,54.682,2990.1473,-54.682,25.246,637.3856,-25.246,18.306,335.097,-18.306,21.956,482.0524,-21.956
8587,after,8587_after_clip_0001,ok,150,120.0,67.0,14.9,15.91,79.63,0,113.47,53.96,1.15,-0.017431672415504827,33.95,92.03,1.2,92.55,-2.25,92.22,-0.53,POS+CHROM,59.514,3541.9546,-59.514,21.438,459.5713,-21.438,20.923,437.7524,-20.923,21.252,451.6475,-21.252
8587,after,8587_after_clip_0002,ok,150,120.0,67.0,14.9,2.59,93.11,0,136.3,53.89,1.03,0.13044250811772584,33.23,63.79,-0.49,62.89,2.1,63.24,0.81,POS+CHROM,82.407,6790.8476,-82.407,72.504,5256.8923,-72.504,73.408,5388.738,-73.408,73.052,5336.6486,-73.052
8587,before,8587_before_clip_0000,ok,150,125.0,58.0,14.9,10.9,84.18,0,95.88,53.99,1.14,-0.014488079255395374,33.21,76.05,0.7,76.77,1.07,76.42,0.89,POS+CHROM,41.892,1754.9254,-41.892,19.827,393.1185,-19.827,19.114,365.3276,-19.114,19.459,378.6623,-19.459
8587,before,8587_before_clip_0001,ok,150,125.0,58.0,14.9,8.06,88.06,0,62.97,54.07,1.1,-0.1323610055159619,33.39,67.86,-0.28,95.65,-2.04,68.97,-0.41,POS+CHROM+DEEP,8.895,79.1183,-8.895,4.893,23.9424,4.893,32.68,1067.9988,32.68,6.007,36.0832,6.007
8587,before,8587_before_clip_0002,ok,150,125.0,58.0,14.9,5.08,91.65,0,74.68,53.72,0.96,-0.0427460303869474,34.16,81.05,4.17,81.18,-1.0,81.09,1.59,POS+CHROM,20.956,439.1683,-20.956,6.376,40.6531,6.376,6.509,42.3637,6.509,6.415,41.1574,6.415
8603,after,8603_after_clip_0000,ok,150,170.0,89.0,15.7,11.29,87.71,0,97.73,53.7,0.86,0.023761959986473822,32.19,106.84,-1.58,139.38,-3.31,89.79,-1.34,POS+CHROM+DEEP,44.034,1938.9743,-44.034,9.111,83.0015,9.111,41.648,1734.5327,41.648,7.935,62.9661,-7.935
8603,after,8603_after_clip_0001,ok,150,170.0,89.0,15.7,4.65,93.59,0,109.13,53.81,1.2,-0.04529378282788022,34.44,132.07,-2.1,131.36,0.56,131.64,-0.77,POS+CHROM,55.327,3061.1,-55.327,22.936,526.0655,22.936,22.226,493.9889,22.226,22.503,506.402,22.503
8603,after,8603_after_clip_0002,ok,150,170.0,89.0,15.7,4.36,93.43,0,78.73,54.16,1.24,0.018821219888266728,33.7,69.96,-1.92,132.3,0.19,84.99,-0.16,POS+CHROM+DEEP,24.571,603.7358,-24.571,8.769,76.903,-8.769,53.569,2869.6701,53.569,6.254,39.1139,6.254
8603,before,8603_before_clip_0000,ok,150,132.0,87.0,15.7,18.12,80.76,0,92.1,54.67,1.4,0.03187084521792987,32.91,80.07,-1.08,83.54,-1.57,81.74,-1.33,POS+CHROM,37.435,1401.3542,-37.435,12.03,144.7153,-12.03,8.556,73.2017,-8.556,10.364,107.4153,-10.364
8603,before,8603_before_clip_0001,ok,150,132.0,87.0,15.7,11.38,87.57,0,97.39,54.69,1.31,-0.08344587785025577,32.81,102.52,-0.07,105.35,-1.46,103.77,-0.76,POS+CHROM,42.701,1823.3483,-42.701,5.132,26.3337,5.132,7.954,63.2683,7.954,6.38,40.7035,6.38
8603,before,8603_before_clip_0002,ok,150,132.0,87.0,15.7,17.38,76.5,0,81.92,54.31,1.02,-0.0076800421738414905,33.39,85.1,-3.56,82.87,-1.97,83.84,-2.76,POS+CHROM,27.611,762.373,-27.611,3.183,10.1322,3.183,0.953,0.9088,0.953,1.921,3.6912,1.921
8661,after,8661_after_clip_0000,ok,150,118.0,71.0,12.8,33.29,49.32,0,60.34,53.82,0.91,-0.03354227452583681,33.43,121.41,-0.95,59.1,-1.99,55.83,-0.54,CHROM+DEEP,6.523,42.5525,-6.523,61.065,3728.9848,61.065,1.246,1.5518,-1.246,4.51,20.3375,-4.51
8661,after,8661_after_clip_0001,ok,150,118.0,71.0,12.8,42.02,43.63,0,67.47,53.76,0.93,-0.01852223925569331,33.03,112.05,0.93,111.73,-0.53,111.91,0.2,POS+CHROM,13.709,187.9471,-13.709,44.572,1986.6522,44.572,44.26,1958.9295,44.26,44.435,1974.4384,44.435
8661,after,8661_after_clip_0002,ok,150,118.0,71.0,12.8,39.27,47.65,0,61.68,53.75,0.9,0.0008678333559014543,33.41,112.07,4.34,115.22,2.83,113.44,3.58,POS+CHROM,7.935,62.9563,-7.935,50.388,2538.9145,50.388,53.537,2866.2086,53.537,51.765,2679.5818,51.765
8661,before,8661_before_clip_0000,ok,150,110.0,72.0,12.8,25.44,68.84,0,115.35,53.63,1.06,-0.011616920475108898,33.21,94.65,-0.32,95.48,-0.87,95.05,-0.6,POS+CHROM,61.728,3810.3713,-61.728,20.702,428.5692,-20.702,19.878,395.1403,-19.878,20.309,412.451,-20.309
8661,before,8661_before_clip_0001,ok,150,110.0,72.0,12.8,14.2,71.01,0,89.41,53.63,1.07,0.0958758104600878,32.84,93.34,2.77,92.5,-0.34,93.03,1.21,POS+CHROM,35.78,1280.2213,-35.78,3.932,15.4579,3.932,3.095,9.5766,3.095,3.619,13.0991,3.619
8661,before,8661_before_clip_0002,ok,150,110.0,72.0,12.8,25.43,69.6,0,117.68,53.57,1.07,0.09920994534176934,33.17,82.76,3.95,82.03,1.29,82.48,2.62,POS+CHROM,64.114,4110.6582,-64.114,34.92,1219.4406,-34.92,35.649,1270.8763,-35.649,35.205,1239.4216,-35.205
8664,after,8664_after_clip_0000,ok,150,132.0,80.0,12.0,10.26,88.55,0,81.52,53.85,0.65,-0.07755367157144474,31.99,110.32,-0.79,117.9,-2.12,113.69,-1.45,POS+CHROM,27.669,765.5831,-27.669,28.802,829.5569,28.802,36.38,1323.5222,36.38,32.173,1035.1053,32.173
8664,after,8664_after_clip_0001,ok,150,132.0,80.0,12.0,4.8,92.12,0,116.44,53.38,1.09,-0.03660579326631007,36.42,61.42,-0.57,101.61,-2.08,68.09,-0.52,POS+CHROM+DEEP,63.057,3976.1344,-63.057,55.02,3027.152,-55.02,14.828,219.8722,-14.828,48.345,2337.2513,-48.345
8664,after,8664_after_clip_0002,ok,150,132.0,80.0,12.0,7.1,89.19,0,105.9,54.1,0.81,0.0684665691097834,36.88,88.62,-2.17,78.27,-1.28,70.54,-0.88,POS+CHROM+DEEP,51.809,2684.1753,-51.809,17.286,298.8229,-17.286,27.632,763.5281,-27.632,35.361,1250.3694,-35.361
8664,before,8664_before_clip_0000,ok,150,120.0,76.0,12.0,19.01,67.04,0,79.56,53.6,1.48,-0.029895500913647236,32.66,82.85,3.61,82.04,1.39,82.52,2.5,POS+CHROM,25.954,673.6111,-25.954,3.296,10.8634,3.296,2.49,6.1979,2.49,2.967,8.8002,2.967
8664,before,8664_before_clip_0001,ok,150,120.0,76.0,12.0,18.05,69.82,0,102.5,53.25,1.05,0.052013059044894866,32.15,83.86,-2.17,81.85,-0.14,82.69,-1.15,POS+CHROM,49.246,2425.1759,-49.246,18.636,347.2913,-18.636,20.647,426.3186,-20.647,19.81,392.4223,-19.81
8664,before,8664_before_clip_0002,ok,150,120.0,76.0,12.0,10.76,69.16,0,131.55,53.78,0.98,-0.08264265494931224,31.98,122.6,-0.3,121.02,-2.77,121.97,-1.54,POS+CHROM,77.775,6049.0247,-77.775,8.957,80.2287,-8.957,10.528,110.8441,-10.528,9.583,91.8385,-9.583
8679,after,8679_after_clip_0000,ok,150,157.0,94.0,15.4,5.94,88.87,0,90.52,53.89,1.38,-0.0018370819917180063,31.81,58.44,2.9,58.67,0.49,57.06,1.59,POS+CHROM+DEEP,36.639,1342.4223,-36.639,32.085,1029.4229,-32.085,31.854,1014.6739,-31.854,33.467,1120.044,-33.467
8679,after,8679_after_clip_0001,ok,150,157.0,94.0,15.4,5.56,88.45,0,119.95,54.05,1.56,0.11569776933239659,31.47,64.76,4.9,115.11,-2.34,69.53,1.37,POS+CHROM+DEEP,65.906,4343.6599,-65.906,55.198,3046.8723,-55.198,4.847,23.4923,-4.847,50.428,2543.0011,-50.428
8679,after,8679_after_clip_0002,ok,150,157.0,94.0,15.4,9.69,81.14,0,71.89,54.08,1.53,-0.009386827179171652,31.47,59.8,5.11,63.95,1.54,59.39,2.73,POS+CHROM+DEEP,17.813,317.2984,-17.813,12.084,146.0344,-12.084,7.939,63.034,-7.939,12.498,156.2105,-12.498
8679,before,8679_before_clip_0000,ok,150,146.0,89.0,15.4,34.56,54.37,0,62.42,53.83,1.38,0.04950018728558394,32.11,63.59,5.01,67.03,-0.18,64.61,2.41,POS+CHROM,8.587,73.7404,-8.587,1.171,1.3722,1.171,4.611,21.2657,4.611,2.191,4.8004,2.191
8679,before,8679_before_clip_0001,ok,150,146.0,89.0,15.4,15.42,81.7,0,77.15,53.96,1.52,-0.08252639584800177,32.01,65.32,4.45,58.42,5.47,59.91,3.81,POS+CHROM+DEEP,23.191,537.8412,-23.191,11.83,139.9391,-11.83,18.732,350.9008,-18.732,17.246,297.4119,-17.246
8679,before,8679_before_clip_0002,ok,150,146.0,89.0,15.4,18.89,77.18,0,102.37,53.96,1.46,0.13934443030746155,31.3,63.97,2.4,65.28,2.39,64.62,2.4,POS+CHROM,48.408,2343.3246,-48.408,38.401,1474.6566,-38.401,37.091,1375.7776,-37.091,37.747,1424.8258,-37.747
8681,after,8681_after_clip_0000,ok,150,124.0,55.0,15.9,61.66,33.0,0,73.47,54.4,1.35,0.09685204092759676,33.21,98.63,-2.11,101.38,-3.74,99.82,-2.92,POS+CHROM,19.065,363.4773,-19.065,25.161,633.0718,25.161,27.909,778.9026,27.909,26.349,694.25,26.349
8681,after,8681_after_clip_0001,ok,150,124.0,55.0,15.9,39.45,25.95,0,83.82,54.46,1.35,-0.074538185371306,33.21,108.3,-1.0,85.98,-0.22,79.27,0.04,POS+CHROM+DEEP,29.361,862.0413,-29.361,24.476,599.0678,24.476,2.154,4.6414,2.154,4.555,20.7444,-4.555
8681,after,8681_after_clip_0002,ok,150,124.0,55.0,15.9,18.76,63.27,0,71.49,54.33,1.17,-0.16866134833176738,33.19,60.57,-1.77,90.72,-1.43,56.7,-0.3,POS+DEEP,17.165,294.6349,-17.165,10.927,119.3999,-10.927,19.225,369.5952,19.225,14.793,218.8406,-14.793
8681,before,8681_before_clip_0000,ok,150,107.0,65.0,15.9,10.22,85.21,0,117.23,54.44,1.34,0.17305844081631516,33.96,88.56,2.62,88.46,1.04,88.51,1.83,POS+CHROM,62.785,3941.928,-62.785,28.671,822.0344,-28.671,28.77,827.6979,-28.77,28.714,824.4938,-28.714
8681,before,8681_before_clip_0001,ok,150,107.0,65.0,15.9,32.63,64.6,0,111.38,54.3,1.17,0.053069610909896335,33.19,84.08,1.46,82.48,-0.27,83.39,0.59,POS+CHROM,57.079,3258.0407,-57.079,27.301,745.3494,-27.301,28.894,834.8356,-28.894,27.984,783.0785,-27.984
8681,before,8681_before_clip_0002,ok,150,107.0,65.0,15.9,59.16,34.61,0,82.09,54.37,1.32,0.1616673778350405,33.23,68.66,0.5,70.28,0.12,69.44,0.31,POS+CHROM,27.722,768.5157,-27.722,13.43,180.3673,-13.43,11.812,139.5225,-11.812,12.647,159.9345,-12.647
8706,after,8706_after_clip_0000,ok,150,155.0,88.0,15.7,45.73,6.01,0,67.65,53.19,1.44,0.1078869303508439,30.31,103.36,-3.01,75.66,-0.6,71.42,-0.73,POS+CHROM+DEEP,14.459,209.0634,-14.459,35.706,1274.8918,35.706,8.005,64.0822,8.005,3.768,14.1946,3.768
8706,after,8706_after_clip_0001,ok,150,155.0,88.0,15.7,50.78,18.1,1,81.79,53.2,1.44,-0.011755719504747538,31.13,89.51,1.01,88.3,1.93,88.86,1.47,POS+CHROM,28.587,817.2121,-28.587,7.717,59.5511,7.717,6.508,42.3602,6.508,7.066,49.9306,7.066
8706,after,8706_after_clip_0002,ok,150,155.0,88.0,15.7,40.24,16.3,0,59.77,53.28,1.32,-0.41383077232672283,30.89,97.43,0.43,80.19,-0.38,75.57,0.46,POS+CHROM+DEEP,6.485,42.0533,-6.485,37.662,1418.4373,37.662,20.426,417.2266,20.426,15.807,249.8722,15.807
8706,before,8706_before_clip_0000,ok,150,121.0,71.0,15.7,7.46,91.76,0,111.58,53.27,1.24,-0.0007638692582335873,31.79,68.78,2.06,68.51,1.66,68.65,1.86,POS+CHROM,58.308,3399.8522,-58.308,42.799,1831.7738,-42.799,43.062,1854.3425,-43.062,42.926,1842.6607,-42.926
8706,before,8706_before_clip_0001,ok,150,121.0,71.0,15.7,2.23,97.32,0,93.41,53.23,1.28,-0.01557469972234538,31.31,72.1,-0.61,72.4,-1.85,72.24,-1.23,POS+CHROM,40.18,1614.4095,-40.18,21.304,453.8459,-21.304,21.003,441.1074,-21.003,21.169,448.1068,-21.169
8706,before,8706_before_clip_0002,ok,150,121.0,71.0,15.7,2.83,96.92,0,136.33,53.26,1.3,-0.010666128882582834,31.65,72.35,3.31,72.66,2.06,72.49,2.69,POS+CHROM,83.067,6900.076,-83.067,63.983,4093.8827,-63.983,63.671,4053.9958,-63.671,63.843,4075.9899,-63.843
8718,after,8718_after_clip_0000,ok,150,128.0,64.0,15.7,35.71,41.96,0,95.1,54.4,1.55,0.06509367974993177,33.5,84.92,-2.12,82.86,-0.71,83.77,-1.42,POS+CHROM,40.703,1656.7197,-40.703,10.184,103.7069,-10.184,12.239,149.8006,-12.239,11.332,128.4052,-11.332
8718,after,8718_after_clip_0001,ok,150,128.0,64.0,15.7,35.83,49.71,0,99.19,54.23,1.09,-0.07978377222449448,33.32,126.75,-3.34,93.46,-2.73,81.83,-1.66,POS+CHROM+DEEP,44.956,2021.0221,-44.956,27.559,759.4808,27.559,5.726,32.785,-5.726,17.363,301.4767,-17.363
8718,after,8718_after_clip_0002,ok,150,128.0,64.0,15.7,61.16,31.08,0,100.17,54.31,1.15,-0.24115643915571403,32.5,67.03,0.08,64.29,0.14,65.65,0.11,POS+CHROM,45.861,2103.2572,-45.861,33.139,1098.2211,-33.139,35.881,1287.4551,-35.881,34.518,1191.4593,-34.518
8718,before,8718_before_clip_0000,ok,150,108.0,75.0,15.7,57.6,28.44,1,103.72,54.31,1.17,-0.03083081115358491,33.27,95.43,2.61,95.47,1.62,95.45,2.11,POS+CHROM,49.409,2441.2246,-49.409,8.291,68.7369,-8.291,8.256,68.1563,-8.256,8.275,68.4701,-8.275
8718,before,8718_before_clip_0001,ok,150,108.0,75.0,15.7,42.58,42.01,0,97.01,54.29,1.07,-0.10882004819876756,33.64,66.75,2.27,67.36,-1.09,66.97,0.59,POS+CHROM,42.72,1824.976,-42.72,30.261,915.7335,-30.261,29.646,878.8724,-29.646,30.037,902.2454,-30.037
8718,before,8718_before_clip_0002,ok,150,108.0,75.0,15.7,54.86,32.83,0,88.21,54.17,1.04,0.22487134365942676,34.05,79.24,-0.87,80.23,0.13,79.78,-0.37,POS+CHROM,34.032,1158.1674,-34.032,8.962,80.3209,-8.962,7.982,63.7067,-7.982,8.431,71.0822,-8.431
8730,after,8730_after_clip_0000,ok,150,124.0,74.0,15.3,0.49,98.37,0,83.52,54.08,1.12,-0.005493011262101593,33.36,84.98,1.78,85.09,0.9,85.03,1.34,POS+CHROM,29.442,866.8588,-29.442,1.459,2.1299,1.459,1.563,2.4424,1.563,1.507,2.272,1.507
8730,after,8730_after_clip_0001,ok,150,124.0,74.0,15.3,0.37,99.12,0,55.64,54.1,1.09,0.00820953783805018,33.39,80.91,1.35,83.05,-1.61,81.72,-0.13,POS+CHROM,1.535,2.356,-1.535,25.274,638.7513,25.274,27.411,751.3571,27.411,26.084,680.367,26.084
8730,after,8730_after_clip_0002,ok,150,124.0,74.0,15.3,0.49,97.94,0,66.86,54.05,1.16,0.03937475767756489,33.4,80.4,3.29,78.17,2.07,79.4,2.68,POS+CHROM,12.814,164.1935,-12.814,13.535,183.1886,13.535,11.3,127.6991,11.3,12.531,157.0213,12.531
8730,before,8730_before_clip_0000,ok,150,116.0,73.0,15.3,0.28,99.64,0,89.23,54.18,1.09,-0.0315509528627031,33.02,87.54,2.36,85.21,0.22,86.58,1.29,POS+CHROM,35.043,1228.0229,-35.043,1.691,2.8599,-1.691,4.021,16.1695,-4.021,2.65,7.023,-2.65
8730,before,8730_before_clip_0001,ok,150,116.0,73.0,15.3,0.54,99.0,0,88.62,54.14,1.05,0.024106690133480005,33.03,83.26,0.39,83.82,-2.47,83.48,-1.04,POS+CHROM,34.484,1189.1605,-34.484,5.358,28.7056,-5.358,4.799,23.0298,-4.799,5.144,26.4569,-5.144
8730,before,8730_before_clip_0002,ok,150,116.0,73.0,15.3,0.55,99.4,0,58.66,54.13,1.05,-0.005076282920687283,33.01,82.73,1.63,81.44,-0.14,82.18,0.75,POS+CHROM,4.529,20.5148,-4.529,24.068,579.2736,24.068,22.782,519.0048,22.782,23.519,553.1487,23.519
8738,after,8738_after_clip_0000,ok,150,152.0,98.0,12.7,51.52,35.44,0,114.02,53.93,1.3,-0.10569672202129295,32.86,119.03,2.53,119.42,-0.43,119.18,1.05,POS+CHROM,60.085,3610.2501,-60.085,5.01,25.1011,5.01,5.399,29.1492,5.399,5.158,26.6002,5.158
8738,after,8738_after_clip_0001,ok,150,152.0,98.0,12.7,28.41,31.09,0,113.28,54.21,1.07,0.11593065227307757,32.84,106.29,-0.48,107.06,-1.0,106.66,-0.74,POS+CHROM,59.064,3488.5859,-59.064,6.991,48.869,-6.991,6.214,38.6183,-6.214,6.619,43.8168,-6.619
8738,after,8738_after_clip_0002,ok,150,152.0,98.0,12.7,40.19,11.49,0,109.88,53.57,1.11,0.10373163209473826,33.92,62.77,-2.37,99.59,-0.9,70.31,-0.72,POS+CHROM+DEEP,56.316,3171.5237,-56.316,47.119,2220.1771,-47.119,10.29,105.89,-10.29,39.579,1566.5177,-39.579
8738,before,8738_before_clip_0000,ok,150,129.0,86.0,12.7,15.77,83.3,0,75.03,53.49,1.07,0.011990838021505676,33.23,73.06,-1.04,70.32,-1.92,71.79,-1.48,POS+CHROM,21.54,463.9642,-21.54,1.971,3.886,-1.971,4.714,22.2212,-4.714,3.242,10.5097,-3.242
8738,before,8738_before_clip_0001,ok,150,129.0,86.0,12.7,5.95,92.11,0,108.75,53.69,1.12,-0.013975215607251283,32.81,78.66,-2.98,79.43,-2.84,79.05,-2.91,POS+CHROM,55.06,3031.5558,-55.06,30.087,905.2012,-30.087,29.321,859.7029,-29.321,29.699,882.0451,-29.699
8738,before,8738_before_clip_0002,ok,150,129.0,86.0,12.7,34.01,64.26,0,116.57,53.64,1.11,-0.19669174477263576,33.18,113.17,-1.53,114.42,-2.97,113.72,-2.25,POS+CHROM,62.929,3960.0676,-62.929,3.399,11.5565,-3.399,2.148,4.6159,-2.148,2.849,8.1158,-2.849
8768,after,8768_after_clip_0000,ok,150,150.0,94.0,13.2,1.07,98.84,0,88.26,53.92,1.34,0.06507326693831125,32.44,77.22,1.2,77.79,-1.29,77.45,-0.04,POS+CHROM,34.341,1179.3087,-34.341,11.037,121.8071,-11.037,10.466,109.5323,-10.466,10.81,116.8455,-10.81
8768,after,8768_after_clip_0001,ok,150,150.0,94.0,13.2,0.78,98.91,0,78.32,53.72,1.02,-0.004449128295222414,32.76,68.95,1.0,67.55,1.61,68.21,1.31,POS+CHROM,24.599,605.0882,-24.599,9.37,87.7929,-9.37,10.764,115.8685,-10.764,10.102,102.0591,-10.102
8768,after,8768_after_clip_0002,ok,150,150.0,94.0,13.2,1.27,98.6,0,100.12,53.81,0.91,-0.015423950825898914,31.79,72.41,1.11,73.63,-0.13,72.96,0.49,POS+CHROM,46.31,2144.6146,-46.31,27.709,767.7818,-27.709,26.486,701.5262,-26.486,27.161,737.6942,-27.161
8768,before,8768_before_clip_0000,ok,150,112.0,70.0,13.2,9.8,86.3,0,74.76,54.26,1.03,0.0032135459770955437,36.9,79.58,1.24,82.5,2.55,81.2,1.9,POS+CHROM,20.494,420.0091,-20.494,4.819,23.2192,4.819,7.739,59.8931,7.739,6.438,41.4527,6.438
8768,before,8768_before_clip_0001,ok,150,112.0,70.0,13.2,2.77,96.67,0,98.69,52.89,0.62,-0.011749457257769644,33.81,61.87,0.75,62.49,0.84,62.18,0.8,POS+CHROM,45.792,2096.879,-45.792,36.811,1355.0789,-36.811,36.201,1310.5076,-36.201,36.504,1332.5312,-36.504
8768,before,8768_before_clip_0002,ok,150,112.0,70.0,13.2,2.57,96.89,0,78.91,53.82,0.68,-0.06753632196224774,35.85,128.04,-4.08,126.3,-3.91,127.16,-4.0,POS+CHROM,25.089,629.4371,-25.089,49.136,2414.2987,49.136,47.387,2245.5164,47.387,48.249,2327.9872,48.249
8772,after,8772_after_clip_0000,ok,150,122.0,68.0,14.2,12.84,84.77,0,58.35,53.05,1.41,0.1587802225323522,31.16,89.31,2.91,89.31,1.49,89.31,2.2,POS+CHROM,5.296,28.0501,-5.296,30.96,958.5488,30.96,30.961,958.5906,30.961,30.961,958.5672,30.961
8772,after,8772_after_clip_0001,ok,150,122.0,68.0,14.2,47.73,46.96,0,136.44,52.98,1.22,-0.21007365396026365,30.77,81.05,1.59,77.61,0.46,79.49,1.02,POS+CHROM,83.458,6965.1798,-83.458,55.395,3068.6349,-55.395,58.833,3461.354,-58.833,56.952,3243.5415,-56.952
8772,after,8772_after_clip_0002,ok,150,122.0,68.0,14.2,49.4,44.52,0,125.02,52.81,1.27,-0.019644019193580792,30.74,80.04,1.68,80.41,0.15,80.2,0.92,POS+CHROM,72.21,5214.3342,-72.21,44.983,2023.4833,-44.983,44.608,1989.9146,-44.608,44.82,2008.7941,-44.82
8772,before,8772_before_clip_0000,ok,150,102.0,59.0,14.2,11.9,82.18,0,85.74,52.99,1.21,-0.13897847768942811,30.89,90.92,2.07,90.51,1.96,90.71,2.02,POS+CHROM,32.75,1072.5459,-32.75,5.172,26.7458,5.172,4.764,22.6937,4.764,4.97,24.6972,4.97
8772,before,8772_before_clip_0001,ok,150,102.0,59.0,14.2,31.93,42.91,0,75.21,52.84,1.07,-0.023807785791876975,31.0,76.09,2.2,76.17,2.64,76.13,2.42,POS+CHROM,22.375,500.6396,-22.375,0.879,0.7731,0.879,0.955,0.9112,0.955,0.918,0.8433,0.918
8772,before,8772_before_clip_0002,ok,150,102.0,59.0,14.2,6.26,91.59,0,65.39,53.28,1.4,-0.09129490890822597,30.97,78.86,3.02,79.3,2.26,79.07,2.64,POS+CHROM,12.107,146.5774,-12.107,13.476,181.6157,13.476,13.917,193.6753,13.917,13.683,187.2186,13.683
8785,after,8785_after_clip_0000,ok,150,137.0,83.0,14.0,46.56,44.2,0,101.13,53.2,1.41,0.20000484678440664,30.58,131.81,2.71,134.47,1.11,132.96,1.91,POS+CHROM,47.932,2297.4806,-47.932,30.679,941.2042,30.679,33.338,1111.4232,33.338,31.833,1013.3181,31.833
8785,after,8785_after_clip_0001,ok,150,137.0,83.0,14.0,37.53,54.32,0,111.29,53.23,1.43,0.009768634709676566,30.92,117.79,0.69,118.67,-0.98,118.17,-0.15,POS+CHROM,58.06,3370.9157,-58.06,6.5,42.251,6.5,7.376,54.4101,7.376,6.878,47.3001,6.878
8785,after,8785_after_clip_0002,ok,150,137.0,83.0,14.0,13.47,86.18,0,119.84,53.34,1.42,-0.0037988432891631076,30.55,94.76,-2.44,95.18,-0.3,95.01,-1.37,POS+CHROM,66.493,4421.2537,-66.493,25.072,628.5916,-25.072,24.659,608.0719,-24.659,24.829,616.4767,-24.829
8785,before,8785_before_clip_0000,ok,150,104.0,72.0,14.0,62.16,13.29,1,72.63,53.4,1.25,0.02355687603322251,31.78,70.42,-4.11,70.68,-2.76,70.56,-3.44,POS+CHROM,19.232,369.8719,-19.232,2.212,4.8912,-2.212,1.95,3.8011,-1.95,2.066,4.2681,-2.066
8785,before,8785_before_clip_0001,ok,150,104.0,72.0,14.0,30.14,18.88,0,64.71,53.33,1.25,0.015129972622971772,31.77,86.39,1.89,86.04,1.51,86.22,1.7,POS+CHROM,11.382,129.5482,-11.382,21.682,470.122,21.682,21.33,454.9601,21.33,21.512,462.7489,21.512
8785,before,8785_before_clip_0002,ok,150,104.0,72.0,14.0,47.09,38.97,0,117.96,53.51,1.36,-0.1490602450525312,31.64,97.19,2.07,97.27,2.11,97.23,2.09,POS+CHROM,64.448,4153.5177,-64.448,20.764,431.1502,-20.764,20.692,428.1539,-20.692,20.728,429.6459,-20.728
8802,after,8802_after_clip_0000,ok,150,141.0,77.0,12.5,41.65,49.13,0,114.41,54.04,0.93,0.28005583091136305,34.59,107.03,2.8,102.43,-0.0,105.26,1.4,POS+CHROM,60.368,3644.2953,-60.368,7.379,54.4568,-7.379,11.977,143.4379,-11.977,9.151,83.7365,-9.151
8802,after,8802_after_clip_0001,ok,150,141.0,77.0,12.5,57.11,11.89,1,118.02,54.11,0.96,0.14858030969266695,34.61,102.21,5.09,103.22,4.42,102.69,4.76,POS+CHROM,63.91,4084.4945,-63.91,15.807,249.8586,-15.807,14.796,218.9221,-14.796,15.33,234.9945,-15.33
8802,after,8802_after_clip_0002,ok,150,141.0,77.0,12.5,46.01,21.63,0,84.61,54.11,0.96,-0.07529611875194099,33.83,99.7,2.79,101.16,-0.9,100.21,0.94,POS+CHROM,30.503,930.4214,-30.503,15.087,227.6042,15.087,16.546,273.7707,16.546,15.599,243.327,15.599
8802,before,8802_before_clip_0000,ok,150,109.0,55.0,12.5,8.15,90.24,0,128.73,53.39,0.99,0.0038464324920598554,33.48,79.08,-0.38,78.93,-0.49,79.01,-0.44,POS+CHROM,75.343,5676.6124,-75.343,49.649,2465.0336,-49.649,49.801,2480.1489,-49.801,49.724,2472.5159,-49.724
8802,before,8802_before_clip_0001,ok,150,109.0,55.0,12.5,7.17,91.19,0,122.96,53.56,1.22,0.07715459722747539,32.36,120.57,-3.06,122.66,-1.52,121.75,-2.29,POS+CHROM,69.406,4817.1996,-69.406,2.394,5.7319,-2.394,0.304,0.0922,-0.304,1.215,1.4764,-1.215
8802,before,8802_before_clip_0002,ok,150,109.0,55.0,12.5,26.77,44.6,0,67.01,53.37,1.06,-0.06583664525738019,31.98,89.06,2.93,88.28,3.66,88.65,3.29,POS+CHROM,13.64,186.0587,-13.64,22.05,486.1807,22.05,21.262,452.0858,21.262,21.632,467.938,21.632
8808,after,8808_after_clip_0000,ok,150,147.0,69.0,12.7,5.68,86.43,0,115.95,54.11,1.35,-0.04396547071995011,36.86,85.17,2.05,85.71,2.24,85.45,2.14,POS+CHROM,61.838,3823.9994,-61.838,30.783,947.6229,-30.783,30.239,914.4262,-30.239,30.507,930.6891,-30.507
8808,after,8808_after_clip_0001,ok,150,147.0,69.0,12.7,2.03,95.52,0,130.9,53.72,1.29,0.04585001881045776,32.83,63.29,0.69,63.43,0.2,63.35,0.44,POS+CHROM,77.181,5956.9143,-77.181,67.609,4570.9882,-67.609,67.473,4552.6075,-67.473,67.544,4562.1702,-67.544
8808,after,8808_after_clip_0002,ok,150,147.0,69.0,12.7,1.57,98.01,0,128.29,54.28,1.16,-0.012590086392662979,34.15,79.2,-1.94,78.82,-2.1,79.01,-2.02,POS+CHROM,74.009,5477.347,-74.009,49.086,2409.4112,-49.086,49.467,2447.0317,-49.467,49.274,2427.944,-49.274
8808,before,8808_before_clip_0000,ok,150,100.0,53.0,12.7,1.66,97.79,0,112.22,53.8,0.95,0.04863002032925938,33.35,56.33,3.93,56.79,5.01,55.98,3.3,POS+CHROM+DEEP,58.428,3413.7896,-58.428,55.892,3123.9691,-55.892,55.43,3072.5351,-55.43,56.246,3163.5602,-56.246
8808,before,8808_before_clip_0001,ok,150,100.0,53.0,12.7,5.66,92.5,0,108.16,53.7,0.92,-0.039809661207155816,33.37,58.48,2.95,59.18,1.17,57.3,1.68,POS+CHROM+DEEP,54.461,2966.02,-54.461,49.678,2467.8797,-49.678,48.984,2399.4457,-48.984,50.856,2586.3469,-50.856
8808,before,8808_before_clip_0002,ok,150,100.0,53.0,12.7,4.42,92.51,0,82.46,53.9,0.99,-0.015674958600195944,32.94,58.34,3.22,59.61,0.74,57.39,1.65,POS+CHROM+DEEP,28.562,815.7663,-28.562,24.125,582.0056,-24.125,22.856,522.3882,-22.856,25.069,628.4519,-25.069
8817,after,8817_after_clip_0000,ok,150,120.0,75.0,13.4,6.08,93.28,0,121.94,53.75,1.05,0.030384450514485323,33.12,87.82,1.17,121.51,-6.55,77.14,-1.44,POS+CHROM+DEEP,68.197,4650.8869,-68.197,34.123,1164.4105,-34.123,0.431,0.1856,-0.431,44.802,2007.2199,-44.802
8817,after,8817_after_clip_0001,ok,150,120.0,75.0,13.4,3.17,95.74,0,101.4,53.75,1.04,0.1287690883312522,33.13,72.12,1.93,70.53,2.43,71.29,2.18,POS+CHROM,47.648,2270.3204,-47.648,29.277,857.1419,-29.277,30.873,953.1187,-30.873,30.108,906.4894,-30.108
8817,after,8817_after_clip_0002,ok,150,120.0,75.0,13.4,18.58,77.71,0,74.18,53.75,1.11,-0.050923834022418416,33.11,76.76,4.54,65.29,0.49,67.68,2.05,POS+CHROM+DEEP,20.433,417.5203,-20.433,2.584,6.6767,2.584,8.885,78.9431,-8.885,6.497,42.2151,-6.497
8817,before,8817_before_clip_0000,ok,150,119.0,78.0,13.4,18.28,72.26,0,101.89,53.83,0.95,-0.07682172362601007,34.04,85.38,3.41,84.03,1.52,84.81,2.46,POS+CHROM,48.052,2309.0073,-48.052,16.507,272.4969,-16.507,17.86,318.9684,-17.86,17.078,291.6536,-17.078
8817,before,8817_before_clip_0001,ok,150,119.0,78.0,13.4,13.07,86.79,0,105.49,53.85,0.97,-0.1611710979718652,33.65,86.31,2.63,88.14,0.55,87.07,1.59,POS+CHROM,51.638,2666.4687,-51.638,19.175,367.6624,-19.175,17.352,301.0802,-17.352,18.42,339.3014,-18.42
8817,before,8817_before_clip_0002,ok,150,119.0,78.0,13.4,66.95,29.46,1,129.14,53.85,0.94,-0.007938102995750517,34.05,83.58,-1.05,126.67,-8.24,73.03,-2.78,POS+CHROM+DEEP,75.286,5667.9935,-75.286,45.562,2075.9276,-45.562,2.466,6.0824,-2.466,56.106,3147.9117,-56.106
8834,after,8834_after_clip_0000,ok,150,110.0,66.0,13.3,2.28,96.9,0,72.14,53.82,0.17,0.049219803627271685,36.07,99.23,-1.12,102.74,-1.94,100.87,-1.53,POS+CHROM,18.313,335.3674,-18.313,27.092,733.9789,27.092,30.605,936.6405,30.605,28.729,825.3811,28.729
8834,after,8834_after_clip_0001,ok,150,110.0,66.0,13.3,1.84,96.77,0,105.45,53.04,0.21,-0.05094135415996601,32.73,70.16,-1.76,76.93,2.05,74.58,0.15,POS+CHROM,52.409,2746.7374,-52.409,35.291,1245.4207,-35.291,28.528,813.8282,-28.528,30.87,952.9291,-30.87
8834,after,8834_after_clip_0002,ok,150,110.0,66.0,13.3,3.94,93.96,0,79.75,55.13,1.58,-0.004396107685741158,36.84,68.82,2.46,55.89,-2.06,55.4,-0.24,CHROM+DEEP,24.621,606.182,-24.621,10.924,119.3384,-10.924,23.856,569.1069,-23.856,24.351,592.9621,-24.351
8834,before,8834_before_clip_0000,ok,150,109.0,75.0,13.3,10.25,81.11,0,87.6,53.74,1.21,0.13004526167595573,31.92,83.2,0.81,82.03,0.76,82.62,0.78,POS+CHROM,33.865,1146.8284,-33.865,4.405,19.4062,-4.405,5.574,31.0671,-5.574,4.987,24.8703,-4.987
8834,before,8834_before_clip_0001,ok,150,109.0,75.0,13.3,27.56,58.96,0,75.26,53.58,1.01,0.13767711068570168,36.73,91.33,1.89,90.24,0.67,90.84,1.28,POS+CHROM,21.683,470.1679,-21.683,16.063,258.0122,16.063,14.978,224.3266,14.978,15.575,242.5798,15.575
8834,before,8834_before_clip_0002,ok,150,109.0,75.0,13.3,12.13,77.05,0,69.8,53.18,0.64,-0.008541178351577468,33.29,80.18,0.74,81.43,0.2,80.78,0.47,POS+CHROM,16.62,276.2261,-16.62,10.382,107.7867,10.382,11.634,135.3577,11.634,10.98,120.5651,10.98
8844,after,8844_after_clip_0000,ok,150,152.0,72.0,14.7,4.49,91.16,0,90.96,53.85,1.04,-0.002427594862505232,32.86,107.61,0.23,110.07,-0.26,108.79,-0.02,POS+CHROM,37.104,1376.7314,-37.104,16.657,277.472,16.657,19.114,365.3446,19.114,17.836,318.1103,17.836
8844,after,8844_after_clip_0001,ok,150,152.0,72.0,14.7,11.47,75.91,0,84.24,53.75,1.07,-0.046746574271300995,33.18,98.4,-3.31,117.04,-2.61,81.32,-1.62,POS+CHROM+DEEP,30.497,930.0401,-30.497,14.152,200.277,14.152,32.797,1075.667,32.797,2.923,8.5457,-2.923
8844,after,8844_after_clip_0002,ok,150,152.0,72.0,14.7,20.62,68.88,0,68.8,54.07,1.17,-0.1829837485896815,33.11,87.24,-1.58,109.32,-7.3,72.42,-2.57,POS+CHROM+DEEP,14.737,217.1877,-14.737,18.436,339.8909,18.436,40.511,1641.1235,40.511,3.62,13.1058,3.62
8844,before,8844_before_clip_0000,ok,150,123.0,70.0,14.7,33.59,54.35,0,69.01,54.09,1.1,0.0011003109911998353,32.75,63.22,1.71,86.82,-0.89,65.98,0.64,POS+CHROM+DEEP,14.921,222.6493,-14.921,5.79,33.5209,-5.79,17.809,317.1603,17.809,3.026,9.1595,-3.026
8844,before,8844_before_clip_0001,ok,150,123.0,70.0,14.7,34.53,55.13,0,75.22,54.24,1.15,0.10822330812299867,32.24,119.6,-1.51,127.53,-4.89,122.48,-3.2,POS+CHROM,20.983,440.2813,-20.983,44.38,1969.5835,44.38,52.311,2736.4026,52.311,47.258,2233.2829,47.258
8844,before,8844_before_clip_0002,ok,150,123.0,70.0,14.7,41.64,44.69,0,59.49,54.17,1.15,-0.07724230765785652,32.67,72.05,-4.47,138.05,-9.21,68.13,-4.18,POS+CHROM+DEEP,5.328,28.3893,-5.328,12.554,157.6055,12.554,78.557,6171.1876,78.557,8.638,74.6231,8.638
8847,after,8847_after_clip_0000,ok,150,121.0,75.0,15.6,18.43,78.65,0,119.25,54.19,1.17,0.08280110344078034,33.17,92.66,-1.87,91.99,-3.84,92.38,-2.85,POS+CHROM,65.06,4232.7555,-65.06,26.59,707.0253,-26.59,27.256,742.8899,-27.256,26.869,721.9348,-26.869
8847,after,8847_after_clip_0001,ok,150,121.0,75.0,15.6,14.15,81.4,0,105.3,54.25,1.14,-0.0016478492214532156,33.15,90.54,-1.49,89.05,1.19,89.63,-0.15,POS+CHROM,51.052,2606.3108,-51.052,14.76,217.8721,-14.76,16.247,263.969,-16.247,15.667,245.4503,-15.667
8847,after,8847_after_clip_0002,ok,150,121.0,75.0,15.6,28.51,54.76,0,94.28,54.25,1.18,-0.17308190520798977,33.15,114.75,0.58,115.85,-2.53,115.16,-0.98,POS+CHROM,40.025,1602.0017,-40.025,20.477,419.3001,20.477,21.572,465.3542,21.572,20.886,436.2067,20.886
8847,before,8847_before_clip_0000,ok,150,126.0,80.0,15.6,7.05,91.23,0,109.05,53.56,1.21,0.18656268798630787,31.85,101.39,3.83,102.77,1.88,101.97,2.86,POS+CHROM,55.489,3079.0043,-55.489,7.659,58.6564,-7.659,6.279,39.4287,-6.279,7.08,50.1248,-7.08
8847,before,8847_before_clip_0001,ok,150,126.0,80.0,15.6,18.79,77.25,0,113.33,53.6,1.23,-0.2075300011822863,31.54,89.98,-0.74,91.67,-1.35,90.78,-1.04,POS+CHROM,59.727,3567.3153,-59.727,23.35,545.225,-23.35,21.656,468.9631,-21.656,22.546,508.3136,-22.546
8847,before,8847_before_clip_0002,ok,150,126.0,80.0,15.6,14.96,84.03,0,108.94,53.55,1.21,0.02982964886606805,31.54,129.28,-2.83,104.93,-2.56,85.86,-1.39,POS+CHROM+DEEP,55.391,3068.1611,-55.391,20.335,413.5243,20.335,4.015,16.1172,-4.015,23.085,532.9342,-23.085
8848,after,8848_after_clip_0000,ok,150,96.0,79.0,12.5,50.29,12.94,1,86.85,53.56,1.44,0.11867592686820205,31.45,82.64,-1.92,88.17,-0.31,85.77,-1.12,POS+CHROM,33.29,1108.2158,-33.29,4.212,17.7372,-4.212,1.321,1.745,1.321,1.078,1.1611,-1.078
8848,after,8848_after_clip_0001,ok,150,96.0,79.0,12.5,41.8,53.5,0,77.69,53.48,1.24,-0.13469295840668194,31.82,101.7,0.93,98.5,-0.74,100.32,0.09,POS+CHROM,24.216,586.3924,-24.216,24.002,576.0805,24.002,20.811,433.1095,20.811,22.627,511.9773,22.627
8848,after,8848_after_clip_0002,ok,150,96.0,79.0,12.5,23.98,72.72,0,90.03,53.33,1.23,-0.024335589322402987,31.44,107.77,-1.6,54.01,-2.58,53.56,-0.67,CHROM+DEEP,36.703,1347.087,-36.703,17.743,314.8245,17.743,36.015,1297.0657,-36.015,36.464,1329.647,-36.464
8848,before,8848_before_clip_0000,ok,150,88.0,68.0,12.5,26.52,63.07,0,92.37,53.33,1.03,0.042490522501921466,32.38,71.98,-3.35,97.18,-2.39,69.83,-1.57,POS+CHROM+DEEP,39.04,1524.1585,-39.04,20.384,415.5247,-20.384,4.816,23.1983,4.816,22.538,507.9681,-22.538
8848,before,8848_before_clip_0001,ok,150,88.0,68.0,12.5,13.01,81.3,0,113.03,53.57,1.33,0.13871672476300126,31.61,69.19,0.18,69.27,-3.12,69.22,-1.47,POS+CHROM,59.467,3536.3262,-59.467,43.842,1922.1593,-43.842,43.759,1914.8701,-43.759,43.812,1919.4918,-43.812
8848,before,8848_before_clip_0002,ok,150,88.0,68.0,12.5,15.02,68.54,0,102.41,53.48,1.27,-0.015991630187317966,32.06,78.62,-0.57,118.0,0.36,81.97,0.35,POS+CHROM+DEEP,48.924,2393.5518,-48.924,23.789,565.8931,-23.789,15.587,242.9472,15.587,20.438,417.6947,-20.438
8852,after,8852_after_clip_0000,ok,150,117.0,75.0,16.3,5.33,94.14,0,86.19,54.0,1.18,-0.006483817921298059,33.29,95.16,0.35,97.01,0.93,96.13,0.64,POS+CHROM,32.194,1036.4579,-32.194,8.967,80.4067,8.967,10.819,117.0614,10.819,9.938,98.7541,9.938
8852,after,8852_after_clip_0001,ok,150,117.0,75.0,16.3,6.93,88.57,0,57.56,53.92,1.19,0.07818789578354823,33.24,129.49,-6.48,56.05,-2.02,54.71,-0.41,CHROM+DEEP,3.637,13.2263,-3.637,71.931,5174.049,71.931,1.508,2.2735,-1.508,2.85,8.125,-2.85
8852,after,8852_after_clip_0002,ok,150,117.0,75.0,16.3,1.8,97.38,0,124.19,54.0,1.1,-0.06538728640021074,33.29,77.06,-0.08,71.33,-1.19,74.46,-0.63,POS+CHROM,70.193,4927.0149,-70.193,47.128,2221.0556,-47.128,52.861,2794.2722,-52.861,49.73,2473.0747,-49.73
8852,before,8852_before_clip_0000,ok,150,116.0,75.0,16.3,7.27,91.31,0,84.75,53.83,0.85,0.04339200655898229,36.83,54.92,-3.26,113.97,-4.41,54.2,-1.21,POS+DEEP,30.914,955.6887,-30.914,29.824,889.4832,-29.824,29.224,854.033,29.224,30.549,933.2406,-30.549
8852,before,8852_before_clip_0001,ok,150,116.0,75.0,16.3,1.93,96.78,0,85.16,54.04,1.12,0.011118882478778926,33.6,79.49,2.62,78.15,0.42,78.94,1.52,POS+CHROM,31.113,968.0344,-31.113,5.67,32.1475,-5.67,7.01,49.1355,-7.01,6.218,38.6643,-6.218
8852,before,8852_before_clip_0002,ok,150,116.0,75.0,16.3,3.8,91.1,0,108.16,54.09,1.05,-0.03482391963267929,32.84,75.94,3.01,73.78,0.48,75.09,1.74,POS+CHROM,54.071,2923.7025,-54.071,32.217,1037.9163,-32.217,34.374,1181.5391,-34.374,33.071,1093.702,-33.071
8874,after,8874_after_clip_0000,ok,150,128.0,83.0,11.2,14.6,83.81,0,101.57,53.37,1.21,-0.036359181158503937,31.82,58.06,-0.19,61.79,-0.35,57.36,0.22,POS+CHROM+DEEP,48.196,2322.8414,-48.196,43.505,1892.6894,-43.505,39.773,1581.8976,-39.773,44.211,1954.6141,-44.211
8874,after,8874_after_clip_0001,ok,150,128.0,83.0,11.2,1.96,97.5,0,111.23,53.52,1.4,-0.051584136488842525,31.84,72.12,-2.17,112.78,-1.31,75.44,-0.69,POS+CHROM+DEEP,57.709,3330.3506,-57.709,39.108,1529.3978,-39.108,1.552,2.4089,1.552,35.787,1280.6769,-35.787
8874,after,8874_after_clip_0002,ok,150,128.0,83.0,11.2,14.21,82.09,0,103.01,53.54,1.39,-0.15061639311192704,31.56,68.49,-0.19,89.59,-1.62,67.57,-0.14,POS+CHROM+DEEP,49.472,2447.4803,-49.472,34.523,1191.8421,-34.523,13.424,180.2056,-13.424,35.44,1256.0012,-35.44
8874,before,8874_before_clip_0000,ok,150,108.0,74.0,11.2,3.09,94.33,0,78.97,53.41,1.23,0.03600039760440615,31.45,70.89,1.43,123.94,-1.81,76.38,0.28,POS+CHROM+DEEP,25.556,653.1284,-25.556,8.079,65.2708,-8.079,44.976,2022.8125,44.976,2.589,6.7015,-2.589
8874,before,8874_before_clip_0001,ok,150,108.0,74.0,11.2,8.06,91.01,0,122.9,53.5,1.38,0.10666371955179173,31.5,72.79,-0.57,66.57,-0.29,69.61,-0.43,POS+CHROM,69.399,4816.2715,-69.399,50.11,2510.9927,-50.11,56.337,3173.8178,-56.337,53.295,2840.3866,-53.295
8874,before,8874_before_clip_0002,ok,150,108.0,74.0,11.2,16.1,81.04,0,70.32,53.42,1.21,0.046408436769309884,31.82,131.43,-2.18,130.07,-1.16,130.69,-1.67,POS+CHROM,16.896,285.4656,-16.896,61.108,3734.1431,61.108,59.748,3569.8544,59.748,60.37,3644.5626,60.37
8897,after,8897_after_clip_0000,ok,150,129.0,68.0,12.6,46.32,38.79,0,66.74,53.19,1.43,-0.009000327413334225,30.74,116.18,2.58,115.33,1.04,115.81,1.81,POS+CHROM,13.554,183.7228,-13.554,49.435,2443.7839,49.435,48.586,2360.6301,48.586,49.065,2407.3433,49.065
8897,after,8897_after_clip_0001,ok,150,129.0,68.0,12.6,29.54,63.08,0,89.44,53.09,1.57,0.035387065243230126,30.58,109.93,3.19,110.64,2.78,110.27,2.99,POS+CHROM,36.352,1321.4789,-36.352,20.486,419.6685,20.486,21.196,449.2603,21.196,20.829,433.8296,20.829
8897,after,8897_after_clip_0002,ok,150,129.0,68.0,12.6,33.57,58.06,0,111.14,53.2,1.5,-0.1520090313037047,31.08,108.21,-1.62,106.11,-2.41,107.23,-2.01,POS+CHROM,57.949,3358.1027,-57.949,2.939,8.6378,-2.939,5.032,25.3231,-5.032,3.917,15.3461,-3.917
8897,before,8897_before_clip_0000,ok,150,120.0,69.0,12.6,26.39,60.09,0,124.02,53.85,0.86,-0.4100166632104048,34.01,133.6,-2.53,134.49,-1.23,134.09,-1.88,POS+CHROM,70.169,4923.7015,-70.169,9.575,91.687,9.575,10.465,109.5105,10.465,10.068,101.3639,10.068
8897,before,8897_before_clip_0001,ok,150,120.0,69.0,12.6,60.67,35.35,0,96.72,53.99,1.19,-0.11509711727144073,32.84,70.8,1.9,68.15,1.23,69.55,1.57,POS+CHROM,42.727,1825.5863,-42.727,25.92,671.8364,-25.92,28.568,816.1219,-28.568,27.17,738.2178,-27.17
8897,before,8897_before_clip_0002,ok,150,120.0,69.0,12.6,68.63,20.91,1,69.18,53.69,0.98,0.016833259965616167,33.99,115.69,-1.69,117.59,-3.15,116.53,-2.42,POS+CHROM,15.491,239.958,-15.491,46.507,2162.8696,46.507,48.413,2343.8321,48.413,47.345,2241.5051,47.345
8902,after,8902_after_clip_0000,ok,150,117.0,70.0,16.6,16.47,76.82,0,119.74,53.45,1.32,0.03144170384232543,31.36,86.09,0.43,85.79,-2.42,85.98,-0.99,POS+CHROM,66.289,4394.2589,-66.289,33.645,1131.9838,-33.645,33.946,1152.3424,-33.946,33.76,1139.7699,-33.76
8902,after,8902_after_clip_0001,ok,150,117.0,70.0,16.6,30.84,63.14,0,120.74,53.47,1.33,0.20083638244066027,31.35,99.05,1.61,101.32,1.52,100.17,1.57,POS+CHROM,67.272,4525.5367,-67.272,21.694,470.6165,-21.694,19.427,377.4218,-19.427,20.569,423.0811,-20.569
8902,after,8902_after_clip_0002,ok,150,117.0,70.0,16.6,44.34,54.44,0,118.19,53.44,1.31,0.3102462405379552,31.08,102.67,-0.26,103.64,-3.22,103.04,-1.74,POS+CHROM,64.751,4192.7243,-64.751,15.518,240.8123,-15.518,14.548,211.6464,-14.548,15.15,229.524,-15.15
8902,before,8902_before_clip_0000,ok,150,117.0,70.0,16.6,40.58,57.64,0,139.07,54.28,1.2,0.01614132562324319,33.17,79.73,1.82,78.82,1.82,79.27,1.82,POS+CHROM,84.79,7189.4044,-84.79,59.342,3521.4983,-59.342,60.249,3629.9447,-60.249,59.796,3575.5371,-59.796
8902,before,8902_before_clip_0001,ok,150,117.0,70.0,16.6,35.02,49.18,0,105.08,54.12,1.19,-0.06290422941128099,33.17,63.56,1.67,62.14,0.77,62.9,1.22,POS+CHROM,50.967,2597.6662,-50.967,41.522,1724.0795,-41.522,42.945,1844.2641,-42.945,42.18,1779.1676,-42.18
8902,before,8902_before_clip_0002,ok,150,117.0,70.0,16.6,37.79,36.63,0,75.55,54.27,1.19,0.07822870198339564,33.18,71.44,-3.2,66.1,-3.14,68.76,-3.17,POS+CHROM,21.272,452.5121,-21.272,4.105,16.8527,-4.105,9.449,89.2757,-9.449,6.79,46.1093,-6.79
9003,after,9003_after_clip_0000,ok,150,148.0,79.0,15.6,17.55,77.92,0,76.22,53.23,-0.04,0.14435889753724318,35.06,101.56,2.83,95.93,2.53,98.82,2.68,POS+CHROM,22.991,528.6025,-22.991,25.345,642.3481,25.345,19.716,388.726,19.716,22.6,510.766,22.6
9003,after,9003_after_clip_0001,ok,150,148.0,79.0,15.6,8.94,86.29,0,85.43,86.28,-0.48,-0.2092938476010353,36.85,88.41,0.37,92.32,-3.38,88.51,-1.16,POS+CHROM+DEEP,0.854,0.7291,0.854,2.983,8.9003,2.983,6.888,47.4441,6.888,3.084,9.5107,3.084
9003,after,9003_after_clip_0002,ok,150,148.0,79.0,15.6,9.4,87.03,0,81.74,61.15,3.34,0.06486126864425126,35.84,96.86,0.87,128.11,-4.21,83.07,-0.0,POS+CHROM+DEEP,20.596,424.1847,-20.596,15.119,228.5715,15.119,46.37,2150.1415,46.37,1.325,1.7559,1.325
9003,before,9003_before_clip_0000,ok,150,112.0,78.0,15.6,9.9,86.57,0,98.11,54.27,1.08,-0.09137778413109295,33.32,125.39,-2.09,78.15,0.41,79.73,-0.2,POS+CHROM+DEEP,43.846,1922.4805,-43.846,27.277,744.0075,27.277,19.963,398.5254,-19.963,18.38,337.8204,-18.38
9003,before,9003_before_clip_0001,ok,150,112.0,78.0,15.6,5.52,86.87,0,60.87,54.16,1.07,0.01717495685263459,33.46,80.61,2.45,81.7,2.71,81.17,2.58,POS+CHROM,6.707,44.9828,-6.707,19.748,389.9643,19.748,20.834,434.0462,20.834,20.302,412.1783,20.302
9003,before,9003_before_clip_0002,ok,150,112.0,78.0,15.6,14.86,81.67,0,65.06,54.18,0.84,0.00869512730973264,34.77,78.21,0.88,78.73,3.28,78.52,2.08,POS+CHROM,10.877,118.3062,-10.877,13.145,172.8004,13.145,13.672,186.9128,13.672,13.46,181.1775,13.46
9028,after,9028_after_clip_0000,ok,150,125.0,80.0,13.8,12.16,83.26,0,93.03,53.82,0.94,-0.07132712309894734,33.4,55.9,1.58,103.72,-6.46,54.92,1.26,POS+DEEP,39.211,1537.5034,-39.211,37.128,1378.5006,-37.128,10.689,114.2587,10.689,38.114,1452.6674,-38.114
9028,after,9028_after_clip_0001,ok,150,125.0,80.0,13.8,4.73,92.74,0,76.45,53.8,1.05,-0.014860657374005501,33.31,67.41,1.91,64.73,3.51,65.9,2.71,POS+CHROM,22.647,512.9019,-22.647,9.036,81.6497,-9.036,11.716,137.2679,-11.716,10.553,111.3719,-10.553
9028,after,9028_after_clip_0002,ok,150,125.0,80.0,13.8,3.94,93.03,0,56.26,53.81,0.98,-0.01033022534741096,32.94,75.62,1.76,80.76,-4.23,77.01,-1.24,POS+CHROM,2.449,5.9997,-2.449,19.364,374.9468,19.364,24.504,600.4252,24.504,20.748,430.4669,20.748
9028,before,9028_before_clip_0000,ok,150,112.0,70.0,13.8,7.23,91.89,0,70.61,53.89,0.97,0.03166573600742322,33.03,72.52,0.99,70.45,0.74,71.51,0.87,POS+CHROM,16.722,279.6374,-16.722,1.914,3.6622,1.914,0.155,0.024,-0.155,0.901,0.8118,0.901
9028,before,9028_before_clip_0001,ok,150,112.0,70.0,13.8,10.97,87.35,0,109.22,53.83,0.95,0.06266195981306923,33.04,68.75,5.25,67.84,1.8,68.42,3.53,POS+CHROM,55.384,3067.3404,-55.384,40.464,1637.3246,-40.464,41.378,1712.1207,-41.378,40.793,1664.0665,-40.793
9028,before,9028_before_clip_0002,ok,150,112.0,70.0,13.8,14.43,81.57,0,125.13,53.84,0.86,0.10554039758558378,33.72,75.23,2.34,98.77,-4.69,70.72,-0.5,POS+CHROM+DEEP,71.295,5082.9114,-71.295,49.908,2490.8353,-49.908,26.364,695.0761,-26.364,54.419,2961.3758,-54.419
9039,after,9039_after_clip_0000,ok,150,134.0,73.0,15.9,1.27,98.43,0,88.61,54.03,1.09,-0.0403797653739317,33.49,73.57,4.83,75.43,3.04,74.36,3.94,POS+CHROM,34.584,1196.0732,-34.584,15.041,226.2467,-15.041,13.185,173.8356,-13.185,14.251,203.0806,-14.251
9039,after,9039_after_clip_0001,ok,150,134.0,73.0,15.9,1.61,98.24,0,120.93,54.1,1.05,0.01221378173799466,33.52,82.69,-3.05,77.3,1.19,79.08,-0.93,POS+CHROM,66.833,4466.6669,-66.833,38.241,1462.3739,-38.241,43.632,1903.7486,-43.632,41.85,1751.4628,-41.85
9039,after,9039_after_clip_0002,ok,150,134.0,73.0,15.9,0.72,98.6,0,77.92,54.15,1.1,0.024869300770821882,33.47,72.76,2.6,69.8,2.27,71.32,2.44,POS+CHROM,23.771,565.0596,-23.771,5.157,26.5986,-5.157,8.121,65.9488,-8.121,6.598,43.5345,-6.598
9039,before,9039_before_clip_0000,ok,150,116.0,89.0,15.9,3.36,95.44,0,81.59,53.86,0.99,0.07516532193872022,33.45,75.87,1.62,75.64,-0.75,75.78,0.44,POS+CHROM,27.723,768.5797,-27.723,5.717,32.6888,-5.717,5.943,35.3164,-5.943,5.808,33.734,-5.808
9039,before,9039_before_clip_0001,ok,150,116.0,89.0,15.9,13.08,83.52,0,100.35,53.88,1.06,-0.04741959365969332,32.74,75.41,2.26,73.44,0.96,74.53,1.61,POS+CHROM,46.474,2159.7887,-46.474,24.942,622.1173,-24.942,26.911,724.1912,-26.911,25.82,666.6545,-25.82
9039,before,9039_before_clip_0002,ok,150,116.0,89.0,15.9,3.72,95.82,0,121.05,54.04,1.24,-0.03713329018439542,36.65,73.72,1.07,132.75,-10.0,68.73,-2.56,POS+CHROM+DEEP,67.018,4491.3558,-67.018,47.339,2240.9468,-47.339,11.697,136.8132,11.697,52.328,2738.1845,-52.328
9064,after,9064_after_clip_0000,ok,150,93.0,62.0,12.6,13.09,86.64,0,76.56,53.1,1.49,-0.010307623815406812,30.99,70.45,-0.84,70.45,-1.33,70.45,-1.09,POS+CHROM,23.464,550.5605,-23.464,6.111,37.3386,-6.111,6.115,37.391,-6.115,6.113,37.3637,-6.113
9064,after,9064_after_clip_0001,ok,150,93.0,62.0,12.6,8.13,89.37,0,72.99,53.12,1.49,0.001804951790837211,30.61,76.31,0.13,76.69,-0.39,76.49,-0.13,POS+CHROM,19.871,394.8415,-19.871,3.322,11.0369,3.322,3.7,13.6868,3.7,3.503,12.2684,3.503
9064,after,9064_after_clip_0002,ok,150,93.0,62.0,12.6,23.96,66.78,0,74.06,53.02,1.34,-0.002809763113926303,30.61,87.53,-3.77,87.0,-3.78,87.26,-3.78,POS+CHROM,21.045,442.8817,-21.045,13.468,181.3871,13.468,12.937,167.3596,12.937,13.203,174.3068,13.203
9064,before,9064_before_clip_0000,ok,150,103.0,55.0,12.6,12.72,80.54,0,61.33,53.82,1.04,0.038202974844302746,33.11,106.99,-0.8,105.64,0.32,106.25,-0.24,POS+CHROM,7.508,56.3713,-7.508,45.657,2084.5177,45.657,44.31,1963.3404,44.31,44.92,2017.8383,44.92
9064,before,9064_before_clip_0001,ok,150,103.0,55.0,12.6,34.68,60.36,0,124.48,53.91,1.05,0.05652916012073788,33.03,91.27,-1.74,111.63,-0.55,82.19,-0.41,POS+CHROM+DEEP,70.565,4979.4069,-70.565,33.211,1102.941,-33.211,12.848,165.0779,-12.848,42.293,1788.7319,-42.293
9064,before,9064_before_clip_0002,ok,150,103.0,55.0,12.6,24.72,57.66,0,79.09,53.79,1.05,0.07070735181969849,33.02,101.83,-1.94,82.96,-1.12,75.27,-0.67,POS+CHROM+DEEP,25.304,640.2696,-25.304,22.736,516.9474,22.736,3.866,14.9433,3.866,3.826,14.6369,-3.826
9077,after,9077_after_clip_0000,ok,150,129.0,86.0,13.7,56.64,30.05,0,99.05,53.72,1.02,-0.10413456074623133,33.36,119.42,-1.23,88.73,0.96,83.53,0.25,POS+CHROM+DEEP,45.332,2054.9521,-45.332,20.369,414.9128,20.369,10.32,106.4996,-10.32,15.518,240.8084,-15.518
9077,after,9077_after_clip_0001,ok,150,129.0,86.0,13.7,22.07,53.57,0,93.53,53.7,0.99,0.028805025237259158,34.09,82.12,1.19,87.72,0.68,84.8,0.93,POS+CHROM,39.831,1586.5143,-39.831,11.415,130.31,-11.415,5.809,33.7491,-5.809,8.732,76.2409,-8.732
9077,after,9077_after_clip_0002,ok,150,129.0,86.0,13.7,29.22,37.37,0,97.31,53.74,0.95,-0.276550139034348,33.45,60.77,3.18,56.58,-0.71,57.59,1.14,POS+CHROM+DEEP,43.571,1898.3978,-43.571,36.534,1334.765,-36.534,40.731,1659.0525,-40.731,39.72,1577.7023,-39.72
9077,before,9077_before_clip_0000,ok,150,124.0,79.0,13.7,39.06,42.91,0,114.78,53.87,0.96,-0.020556292636885232,33.09,87.31,1.27,86.1,-1.62,86.85,-0.17,POS+CHROM,60.912,3710.3239,-60.912,27.472,754.6946,-27.472,28.679,822.4616,-28.679,27.933,780.2252,-27.933
9077,before,9077_before_clip_0001,ok,150,124.0,79.0,13.7,28.48,27.84,0,109.43,53.77,0.97,-0.11139036003227991,33.44,94.4,0.1,94.4,-1.37,94.4,-0.63,POS+CHROM,55.655,3097.4423,-55.655,15.024,225.7226,-15.024,15.026,225.7692,-15.026,15.025,225.7431,-15.025
9077,before,9077_before_clip_0002,ok,150,124.0,79.0,13.7,22.49,69.38,0,74.1,53.68,0.93,0.25938160018352185,33.08,76.71,0.17,78.77,-0.24,77.71,-0.03,POS+CHROM,20.424,417.1349,-20.424,2.611,6.8168,2.611,4.669,21.8028,4.669,3.605,12.9956,3.605
9092,after,9092_after_clip_0000,ok,150,136.0,81.0,13.2,26.19,64.77,0,125.07,54.05,1.28,0.13143235994870223,33.0,69.7,-1.5,73.85,-0.82,71.89,-1.16,POS+CHROM,71.024,5044.4079,-71.024,55.374,3066.2896,-55.374,51.223,2623.7464,-51.223,53.181,2828.2084,-53.181
9092,after,9092_after_clip_0001,ok,150,136.0,81.0,13.2,16.4,79.54,0,102.38,54.18,1.36,-0.0949338809616938,31.8,108.29,1.33,108.96,-1.91,108.53,-0.29,POS+CHROM,48.206,2323.7807,-48.206,5.905,34.8697,5.905,6.578,43.2641,6.578,6.152,37.8528,6.152
9092,after,9092_after_clip_0002,ok,150,136.0,81.0,13.2,25.15,73.74,0,80.99,54.07,1.3,-0.10465261218774237,32.6,113.16,-0.51,112.55,-1.31,112.88,-0.91,POS+CHROM,26.915,724.3949,-26.915,32.171,1034.9581,32.171,31.564,996.2609,31.564,31.887,1016.7973,31.887
9092,before,9092_before_clip_0000,ok,150,101.0,89.0,13.2,19.49,78.98,0,92.93,54.02,1.3,0.051098234181962354,32.64,107.22,-0.43,106.74,-0.18,106.97,-0.3,POS+CHROM,38.913,1514.2336,-38.913,14.287,204.1262,14.287,13.802,190.5025,13.802,14.04,197.1105,14.04
9092,before,9092_before_clip_0001,ok,150,101.0,89.0,13.2,7.14,92.58,0,92.55,53.99,1.23,-0.017232714128687956,33.05,119.57,-4.93,98.52,-3.37,78.22,-2.36,POS+CHROM+DEEP,38.56,1486.8653,-38.56,27.021,730.1513,27.021,5.972,35.6631,5.972,14.325,205.1952,-14.325
9092,before,9092_before_clip_0002,ok,150,101.0,89.0,13.2,8.77,90.66,0,126.54,53.99,1.3,-0.05470753472871758,32.61,112.14,4.57,111.08,3.3,111.67,3.94,POS+CHROM,72.552,5263.7683,-72.552,14.399,207.3247,-14.399,15.465,239.1731,-15.465,14.876,221.282,-14.876
9098,after,9098_after_clip_0000,ok,150,132.0,83.0,13.6,42.05,32.85,0,101.84,53.45,1.31,0.10811978218725792,31.44,91.53,0.41,90.6,2.32,90.99,1.36,POS+CHROM,48.39,2341.6193,-48.39,10.312,106.3348,-10.312,11.237,126.2775,-11.237,10.847,117.6643,-10.847
9098,after,9098_after_clip_0001,ok,150,132.0,83.0,13.6,47.67,17.84,0,75.26,53.51,1.45,-0.17788926009297254,31.86,60.03,0.05,64.72,0.39,59.04,0.63,POS+CHROM+DEEP,21.749,472.9976,-21.749,15.234,232.0874,-15.234,10.539,111.0803,-10.539,16.216,262.9714,-16.216
9098,after,9098_after_clip_0002,ok,150,132.0,83.0,13.6,50.78,25.51,1,96.77,53.45,1.21,-0.24757650759016303,31.98,59.1,-1.5,58.72,-0.47,56.62,-0.25,POS+CHROM+DEEP,43.321,1876.6909,-43.321,37.669,1418.9346,-37.669,38.048,1447.6601,-38.048,40.152,1612.2101,-40.152
9098,before,9098_before_clip_0000,ok,150,124.0,72.0,13.6,12.11,87.01,0,105.7,53.38,1.43,-0.12669484774758766,30.8,77.24,-0.47,80.3,0.36,78.88,-0.06,POS+CHROM,52.321,2737.5322,-52.321,28.461,810.0565,-28.461,25.402,645.2533,-25.402,26.826,719.6439,-26.826
9098,before,9098_before_clip_0001,ok,150,124.0,72.0,13.6,29.12,66.0,0,96.64,53.4,1.41,-0.14086326141274652,30.77,108.14,0.65,127.26,-1.96,90.26,0.03,POS+CHROM+DEEP,43.247,1870.3409,-43.247,11.499,132.2206,11.499,30.612,937.0975,30.612,6.381,40.7136,-6.381
9098,before,9098_before_clip_0002,ok,150,124.0,72.0,13.6,18.45,77.22,0,101.1,53.36,1.39,0.10192730365421283,30.77,89.61,2.87,90.54,1.25,90.01,2.06,POS+CHROM,47.734,2278.5537,-47.734,11.493,132.089,-11.493,10.559,111.4846,-10.559,11.089,122.9565,-11.089
9105,after,9105_after_clip_0000,ok,150,109.0,69.0,14.2,12.51,86.02,0,99.44,53.92,1.08,-0.09422625572180734,33.39,84.69,0.96,141.16,-4.26,81.51,-0.74,POS+CHROM+DEEP,45.519,2072.009,-45.519,14.75,217.5644,-14.75,41.718,1740.4053,41.718,17.927,321.385,-17.927
9105,after,9105_after_clip_0001,ok,150,109.0,69.0,14.2,6.29,88.21,0,68.03,53.91,0.93,0.07306606999357781,34.09,73.93,3.79,75.9,-0.07,74.61,1.86,POS+CHROM,14.113,199.1745,-14.113,5.909,34.9155,5.909,7.872,61.9683,7.872,6.585,43.3647,6.585
9105,after,9105_after_clip_0002,ok,150,109.0,69.0,14.2,9.27,86.49,0,119.04,53.86,0.98,-0.042004540737598656,33.68,72.73,2.69,52.64,-1.27,53.36,-0.15,CHROM+DEEP,65.181,4248.5481,-65.181,46.309,2144.4837,-46.309,66.395,4408.3205,-66.395,65.675,4313.2648,-65.675
9105,before,9105_before_clip_0000,ok,150,106.0,76.0,14.2,34.63,62.67,0,87.29,53.81,0.93,0.1576708193850212,33.31,71.14,0.29,101.87,-6.78,67.08,-1.85,POS+CHROM+DEEP,33.48,1120.904,-33.48,16.153,260.9158,-16.153,14.58,212.5659,14.58,20.208,408.3499,-20.208
9105,before,9105_before_clip_0001,ok,150,106.0,76.0,14.2,19.05,78.5,0,89.56,53.87,0.95,0.10239006390042417,33.3,64.79,4.35,117.34,-4.42,68.12,0.29,POS+CHROM+DEEP,35.691,1273.8299,-35.691,24.762,613.175,-24.762,27.78,771.709,27.78,21.44,459.6638,-21.44
9105,before,9105_before_clip_0002,ok,150,106.0,76.0,14.2,15.19,81.17,0,93.68,53.96,1.14,-0.07297347089389093,33.28,73.08,1.2,72.27,0.19,72.71,0.7,POS+CHROM,39.721,1577.7762,-39.721,20.603,424.4822,-20.603,21.41,458.3749,-21.41,20.972,439.8335,-20.972
9115,after,9115_after_clip_0000,ok,150,159.0,93.0,16.3,15.73,73.23,0,120.58,54.21,1.1,-0.13992392963266595,32.51,84.28,2.04,86.7,0.02,85.29,1.03,POS+CHROM,66.373,4405.4266,-66.373,36.298,1317.5532,-36.298,33.884,1148.1553,-33.884,35.293,1245.5746,-35.293
9115,after,9115_after_clip_0001,ok,150,159.0,93.0,16.3,44.44,34.17,0,120.95,54.09,1.11,-0.016759298625520093,32.89,85.17,-0.61,85.75,-0.88,85.45,-0.74,POS+CHROM,66.857,4469.8195,-66.857,35.778,1280.0586,-35.778,35.197,1238.8564,-35.197,35.494,1259.8264,-35.494
9115,after,9115_after_clip_0002,ok,150,159.0,93.0,16.3,11.47,84.19,0,130.7,54.1,1.09,0.045791630377629663,33.32,77.09,-1.73,83.0,-3.22,79.68,-2.47,POS+CHROM,76.597,5867.0327,-76.597,53.609,2873.8982,-53.609,47.694,2274.6728,-47.694,51.017,2602.7609,-51.017
9115,before,9115_before_clip_0000,ok,150,136.0,87.0,16.3,6.43,77.51,0,115.84,54.23,1.04,-0.13391166985020264,32.87,64.05,-2.71,93.63,-0.78,69.33,-0.81,POS+CHROM+DEEP,61.606,3795.2751,-61.606,51.79,2682.1538,-51.79,22.208,493.2139,-22.208,46.508,2162.9567,-46.508
9115,before,9115_before_clip_0001,ok,150,136.0,87.0,16.3,4.47,87.94,0,65.5,54.2,1.12,-0.11535932448106781,32.88,113.37,-1.84,111.81,-3.0,112.67,-2.42,POS+CHROM,11.295,127.5858,-11.295,47.877,2292.1603,47.877,46.312,2144.7826,46.312,47.17,2224.9972,47.17
9115,before,9115_before_clip_0002,ok,150,136.0,87.0,16.3,6.26,83.59,0,118.87,54.24,1.11,0.05901134674068318,32.43,62.64,-2.75,54.1,-1.83,54.19,-0.36,CHROM+DEEP,64.63,4177.0236,-64.63,56.228,3161.5433,-56.228,64.763,4194.3006,-64.763,64.681,4183.5797,-64.681
9118,after,9118_after_clip_0000,ok,150,93.0,55.0,12.2,16.44,77.75,0,60.85,53.3,1.4,-0.0557962668119621,30.62,64.58,4.83,63.67,4.68,64.13,4.76,POS+CHROM,7.544,56.9186,-7.544,3.734,13.94,3.734,2.825,7.9819,2.825,3.285,10.791,3.285
9118,after,9118_after_clip_0001,ok,150,93.0,55.0,12.2,4.36,94.94,0,122.1,53.29,1.38,0.012122638007900836,30.62,116.94,-1.4,116.54,-1.5,116.74,-1.45,POS+CHROM,68.807,4734.4357,-68.807,5.152,26.5416,-5.152,5.557,30.8832,-5.557,5.353,28.654,-5.353
9118,after,9118_after_clip_0002,ok,150,93.0,55.0,12.2,10.74,78.0,0,115.73,53.37,1.38,-0.045795729231778284,30.62,65.32,-1.91,62.37,-2.57,63.92,-2.24,POS+CHROM,62.357,3888.4126,-62.357,50.41,2541.1493,-50.41,53.354,2846.6215,-53.354,51.801,2683.3879,-51.801
9118,before,9118_before_clip_0000,ok,150,84.0,50.0,12.2,18.55,68.36,0,56.59,53.18,1.49,-0.060044435561995645,30.67,98.13,0.22,98.15,-0.53,98.14,-0.16,POS+CHROM,3.411,11.6363,-3.411,41.534,1725.1113,41.534,41.559,1727.1821,41.559,41.546,1726.0818,41.546
9118,before,9118_before_clip_0001,ok,150,84.0,50.0,12.2,16.97,76.46,0,111.92,53.21,1.51,0.09218533375128121,30.65,73.22,-1.51,109.41,-2.12,73.11,-0.71,POS+CHROM+DEEP,58.709,3446.791,-58.709,38.696,1497.3739,-38.696,2.508,6.2881,-2.508,38.801,1505.5052,-38.801
9118,before,9118_before_clip_0002,ok,150,84.0,50.0,12.2,4.48,86.5,0,62.62,53.18,1.49,-0.13796028144574293,30.66,106.16,-0.76,99.41,-0.94,102.84,-0.85,POS+CHROM,9.44,89.1192,-9.44,43.545,1896.1307,43.545,36.798,1354.1059,36.798,40.224,1617.9534,40.224
9139,after,9139_after_clip_0000,ok,150,154.0,83.0,15.8,5.66,92.71,0,61.31,53.7,1.06,0.008182326131934065,33.01,60.86,6.4,61.21,6.43,59.79,4.63,POS+CHROM+DEEP,7.608,57.8842,-7.608,0.448,0.2007,-0.448,0.097,0.0094,-0.097,1.519,2.3076,-1.519
9139,after,9139_after_clip_0001,ok,150,154.0,83.0,15.8,2.46,97.06,0,55.82,53.89,1.03,0.05312860961435539,33.04,62.7,3.99,62.4,3.35,62.56,3.67,POS+CHROM,1.929,3.721,-1.929,6.884,47.3876,6.884,6.587,43.394,6.587,6.744,45.4761,6.744
9139,after,9139_after_clip_0002,ok,150,154.0,83.0,15.8,6.32,93.17,0,82.8,53.76,1.02,0.03899812720488096,33.35,65.98,3.17,66.17,2.04,66.06,2.61,POS+CHROM,29.046,843.6566,-29.046,16.828,283.1974,-16.828,16.636,276.7548,-16.636,16.741,280.2687,-16.741
9139,before,9139_before_clip_0000,ok,150,136.0,74.0,15.8,11.42,85.38,0,96.88,53.7,1.0,-0.12349624953398243,33.26,63.27,1.66,64.33,-0.2,63.72,0.73,POS+CHROM,43.176,1864.1472,-43.176,33.608,1129.4869,-33.608,32.543,1059.0704,-32.543,33.157,1099.412,-33.157
9139,before,9139_before_clip_0001,ok,150,136.0,74.0,15.8,19.68,77.11,0,103.68,53.65,1.09,-0.04283525516934013,33.27,61.8,4.82,62.75,4.55,62.26,4.68,POS+CHROM,50.03,2503.0099,-50.03,41.885,1754.3137,-41.885,40.927,1675.0508,-40.927,41.417,1715.3486,-41.417
9139,before,9139_before_clip_0002,ok,150,136.0,74.0,15.8,3.92,92.43,0,79.91,53.96,1.5,0.02074639827084347,32.65,62.25,3.75,60.82,4.73,59.67,3.33,POS+CHROM+DEEP,25.952,673.4847,-25.952,17.663,311.9805,-17.663,19.094,364.5651,-19.094,20.238,409.5861,-20.238
9141,after,9141_after_clip_0000,ok,150,94.0,59.0,14.6,5.52,93.16,0,109.88,54.53,1.61,-0.06813283664963425,33.71,54.31,-0.91,102.94,-3.75,54.44,0.35,POS+DEEP,55.345,3063.0776,-55.345,55.567,3087.7234,-55.567,6.94,48.1656,-6.94,55.433,3072.8421,-55.433
9141,after,9141_after_clip_0001,ok,150,94.0,59.0,14.6,15.36,78.99,0,69.58,54.5,1.56,-0.09178611634699939,32.92,58.57,-0.27,105.41,-3.21,56.23,0.65,POS+DEEP,15.085,227.5538,-15.085,11.013,121.294,-11.013,35.824,1283.3676,35.824,13.356,178.3817,-13.356
9141,after,9141_after_clip_0002,ok,150,94.0,59.0,14.6,13.04,85.1,0,75.91,54.34,1.42,0.022223260173946394,32.99,134.4,-0.94,134.27,-1.66,134.34,-1.3,POS+CHROM,21.573,465.3946,-21.573,58.485,3420.5481,58.485,58.361,3405.9714,58.361,58.427,3413.6932,58.427
9141,before,9141_before_clip_0000,ok,150,91.0,54.0,14.6,7.29,86.98,0,68.94,53.63,1.5,-0.054510025566383256,31.33,104.91,-3.56,101.77,-2.84,103.25,-3.2,POS+CHROM,15.309,234.3769,-15.309,35.97,1293.8497,35.97,32.83,1077.7878,32.83,34.305,1176.8272,34.305
9141,before,9141_before_clip_0001,ok,150,91.0,54.0,14.6,2.93,94.49,0,99.52,53.75,1.52,0.06570698820769319,30.6,120.23,-3.13,121.97,-2.32,121.16,-2.72,POS+CHROM,45.77,2094.8972,-45.77,20.713,429.0099,20.713,22.453,504.1545,22.453,21.641,468.3491,21.641
9141,before,9141_before_clip_0002,ok,150,91.0,54.0,14.6,6.3,90.81,0,118.27,53.58,1.57,0.058451976044630975,30.53,65.59,1.57,71.34,-0.82,67.9,0.38,POS+CHROM,64.689,4184.6313,-64.689,52.679,2775.0579,-52.679,46.936,2202.9955,-46.936,50.372,2537.3317,-50.372
9146,after,9146_after_clip_0000,ok,150,120.0,78.0,14.8,2.44,96.93,0,127.09,53.03,1.25,0.1425738241228948,30.64,77.78,-2.02,76.38,0.43,76.94,-0.8,POS+CHROM,74.057,5484.4669,-74.057,49.309,2431.3318,-49.309,50.71,2571.4766,-50.71,50.15,2515.0609,-50.15
9146,after,9146_after_clip_0001,ok,150,120.0,78.0,14.8,14.77,84.37,0,117.02,53.08,1.44,0.0424958034936243,30.66,69.15,-0.92,71.19,-1.62,70.11,-1.27,POS+CHROM,63.937,4087.9959,-63.937,47.864,2290.9458,-47.864,45.829,2100.3019,-45.829,46.905,2200.1248,-46.905
9146,after,9146_after_clip_0002,ok,150,120.0,78.0,14.8,3.79,95.75,0,102.62,53.15,1.42,-0.007738575862629987,30.71,77.27,1.92,79.75,0.09,78.32,1.0,POS+CHROM,49.477,2448.0006,-49.477,25.358,643.022,-25.358,22.871,523.0962,-22.871,24.302,590.5797,-24.302
9146,before,9146_before_clip_0000,ok,150,120.0,75.0,14.8,13.76,83.66,0,67.58,53.15,1.3,-0.07164901764799016,31.7,76.71,3.63,75.81,3.14,76.28,3.38,POS+CHROM,14.433,208.3242,-14.433,9.126,83.2752,9.126,8.225,67.6435,8.225,8.693,75.5766,8.693
9146,before,9146_before_clip_0001,ok,150,120.0,75.0,14.8,8.77,87.13,0,120.44,53.44,1.34,-0.07088479568493355,31.36,81.11,4.36,81.91,3.35,81.48,3.85,POS+CHROM,67.003,4489.4553,-67.003,39.33,1546.8176,-39.33,38.529,1484.4746,-38.529,38.963,1518.1241,-38.963
9146,before,9146_before_clip_0002,ok,150,120.0,75.0,14.8,3.27,92.4,0,60.97,53.29,1.34,-0.10077410279244255,31.71,77.86,1.79,78.88,0.16,78.3,0.98,POS+CHROM,7.681,58.9917,-7.681,16.897,285.5087,16.897,17.914,320.919,17.914,17.337,300.5759,17.337
9153,after,9153_after_clip_0000,ok,150,133.0,84.0,13.7,11.67,85.24,0,99.5,53.67,1.1,-0.09694002254825775,33.08,109.89,1.36,117.03,-3.25,112.15,-0.94,POS+CHROM,45.837,2101.0259,-45.837,10.388,107.9101,10.388,17.527,307.1952,17.527,12.649,160.0069,12.649
9153,after,9153_after_clip_0001,ok,150,133.0,84.0,13.7,47.93,42.02,0,68.75,53.68,1.15,0.016948622792699937,33.39,96.3,-0.42,95.12,-4.44,95.9,-2.43,POS+CHROM,15.073,227.1966,-15.073,27.544,758.6694,27.544,26.365,695.1347,26.365,27.145,736.833,27.145
9153,after,9153_after_clip_0002,ok,150,133.0,84.0,13.7,7.53,91.96,0,124.95,53.57,1.18,0.057504407899868215,32.63,106.41,0.82,89.65,-1.36,81.83,0.21,POS+CHROM+DEEP,71.382,5095.3453,-71.382,18.537,343.6339,-18.537,35.295,1245.7499,-35.295,43.122,1859.487,-43.122
9153,before,9153_before_clip_0000,ok,150,121.0,90.0,13.7,8.07,90.18,0,133.58,53.7,1.18,0.10332731204295137,32.19,91.08,-0.52,92.64,-2.17,91.75,-1.34,POS+CHROM,79.877,6380.332,-79.877,42.499,1806.1711,-42.499,40.939,1676.0421,-40.939,41.826,1749.4383,-41.826
9153,before,9153_before_clip_0001,ok,150,121.0,90.0,13.7,9.99,88.84,0,99.09,53.52,1.2,0.058627482867187664,32.56,68.7,0.12,71.97,0.8,70.42,0.46,POS+CHROM,45.563,2075.9982,-45.563,30.391,923.6432,-30.391,27.118,735.381,-27.118,28.662,821.5384,-28.662
9153,before,9153_before_clip_0002,ok,150,121.0,90.0,13.7,3.8,95.44,0,73.55,53.57,1.18,-0.10183999741113454,32.2,53.28,-0.38,122.39,-7.58,53.44,0.4,POS+DEEP,19.985,399.3893,-19.985,20.272,410.9584,-20.272,48.843,2385.6707,48.843,20.11,404.4061,-20.11
9160,after,9160_after_clip_0000,ok,150,135.0,91.0,12.4,15.97,79.07,0,94.09,53.67,1.13,-0.11430180900804411,32.73,77.49,-0.97,83.03,0.32,80.56,-0.32,POS+CHROM,40.422,1633.9318,-40.422,16.602,275.641,-16.602,11.062,122.366,-11.062,13.535,183.1858,-13.535
9160,after,9160_after_clip_0001,ok,150,135.0,91.0,12.4,17.39,66.12,0,114.44,53.65,1.12,-0.20344939865875947,33.1,76.85,-1.34,79.03,-1.24,77.95,-1.29,POS+CHROM,60.791,3695.525,-60.791,37.589,1412.9433,-37.589,35.408,1253.7392,-35.408,36.49,1331.5192,-36.49
9160,after,9160_after_clip_0002,ok,150,135.0,91.0,12.4,51.17,47.12,0,99.97,53.61,1.13,0.18807534414355015,33.08,67.85,1.69,68.58,2.28,68.23,1.98,POS+CHROM,46.358,2149.0607,-46.358,32.116,1031.4551,-32.116,31.387,985.1347,-31.387,31.734,1007.029,-31.734
9160,before,9160_before_clip_0000,ok,150,136.0,85.0,12.4,28.32,58.72,0,88.0,53.57,1.23,-0.12608680686756987,31.78,69.49,-1.49,133.43,-2.42,78.14,-0.9,POS+CHROM+DEEP,34.424,1185.0167,-34.424,18.506,342.4865,-18.506,45.428,2063.7399,45.428,9.856,97.1384,-9.856
9160,before,9160_before_clip_0001,ok,150,136.0,85.0,12.4,28.13,57.32,0,70.19,53.59,1.26,0.1226532740685405,31.8,89.87,1.2,86.98,0.71,88.48,0.96,POS+CHROM,16.602,275.6205,-16.602,19.678,387.2283,19.678,16.786,281.7863,16.786,18.291,334.5664,18.291
9160,before,9160_before_clip_0002,ok,150,136.0,85.0,12.4,44.9,37.52,0,63.72,53.56,1.22,-0.0726335574715788,32.14,71.56,3.16,70.69,4.84,71.06,4.0,POS+CHROM,10.159,103.1965,-10.159,7.841,61.4836,7.841,6.966,48.521,6.966,7.343,53.914,7.343
9163,after,9163_after_clip_0000,ok,150,135.0,87.0,13.3,25.51,61.78,0,97.27,53.45,1.09,0.1523870485280558,31.73,106.46,-4.24,107.41,-2.25,107.01,-3.25,POS+CHROM,43.819,1920.125,-43.819,9.19,84.4486,9.19,10.138,102.7854,10.138,9.742,94.9071,9.742
9163,after,9163_after_clip_0001,ok,150,135.0,87.0,13.3,16.03,51.88,0,131.91,53.44,1.1,-0.16230497962587628,32.06,121.72,1.2,67.59,-2.29,83.41,0.01,POS+CHROM+DEEP,78.479,6158.9506,-78.479,10.191,103.8537,-10.191,64.321,4137.201,-64.321,48.502,2352.4622,-48.502
9163,after,9163_after_clip_0002,ok,150,135.0,87.0,13.3,46.34,27.05,0,124.91,53.45,1.09,-0.13758387118469162,31.69,117.66,-0.35,114.78,-2.1,116.43,-1.23,POS+CHROM,71.465,5107.188,-71.465,7.255,52.6371,-7.255,10.133,102.6803,-10.133,8.486,72.0089,-8.486
9163,before,9163_before_clip_0000,ok,150,135.0,87.0,13.3,23.18,13.44,0,94.84,53.35,1.41,-0.041422549816114596,30.51,115.09,3.28,114.16,3.27,114.63,3.27,POS+CHROM,41.494,1721.7698,-41.494,20.246,409.9026,20.246,19.323,373.3862,19.323,19.785,391.4514,19.785
9163,before,9163_before_clip_0001,ok,150,135.0,87.0,13.3,46.69,30.7,0,113.68,53.13,1.35,0.23481652628747243,30.83,111.42,-2.75,74.78,-2.44,73.22,-1.28,POS+CHROM+DEEP,60.547,3665.9241,-60.547,2.255,5.0871,-2.255,38.901,1513.2945,-38.901,40.456,1636.6999,-40.456
9163,before,9163_before_clip_0002,ok,150,135.0,87.0,13.3,57.09,27.31,1,82.18,53.05,1.39,0.016206470426835328,30.45,112.38,-2.61,72.72,-4.44,73.09,-1.89,POS+CHROM+DEEP,29.133,848.713,-29.133,30.196,911.7796,30.196,9.458,89.4451,-9.458,9.095,82.7248,-9.095
9174,after,9174_after_clip_0000,ok,150,126.0,75.0,9.7,2.44,97.13,0,108.39,54.33,1.04,0.04034117482636303,33.83,89.38,-4.29,88.32,-1.1,88.71,-2.7,POS+CHROM,54.054,2921.8406,-54.054,19.009,361.3606,-19.009,20.068,402.7141,-20.068,19.676,387.1367,-19.676
9174,after,9174_after_clip_0001,ok,150,126.0,75.0,9.7,3.6,95.9,0,108.49,54.37,1.5,0.06412649833734728,34.25,77.66,1.46,76.6,-1.91,77.27,-0.22,POS+CHROM,54.125,2929.5081,-54.125,30.836,950.8514,-30.836,31.892,1017.0761,-31.892,31.219,974.6524,-31.219
9174,after,9174_after_clip_0002,ok,150,126.0,75.0,9.7,10.62,87.87,0,125.97,53.95,0.65,0.0931806671157685,34.14,80.44,3.01,80.74,-1.68,80.53,0.67,POS+CHROM,72.015,5186.1761,-72.015,45.529,2072.8595,-45.529,45.229,2045.6401,-45.229,45.435,2064.2961,-45.435
9174,before,9174_before_clip_0000,ok,150,120.0,76.0,9.7,8.55,89.26,0,106.67,53.77,0.91,0.08427836846626931,33.59,89.52,0.7,67.19,0.65,69.98,0.75,POS+CHROM+DEEP,52.902,2798.618,-52.902,17.155,294.2826,-17.155,39.486,1559.1422,-39.486,36.695,1346.5091,-36.695
9174,before,9174_before_clip_0001,ok,150,120.0,76.0,9.7,6.72,91.76,0,97.33,54.18,1.04,0.02181654645704352,33.49,78.96,1.56,127.13,-2.61,79.51,-0.0,POS+CHROM+DEEP,43.148,1861.7138,-43.148,18.361,337.1235,-18.361,29.805,888.3322,29.805,17.816,317.4217,-17.816
9174,before,9174_before_clip_0002,ok,150,120.0,76.0,9.7,9.43,89.89,0,98.53,54.49,1.13,0.037810786697725966,33.01,82.05,-1.37,70.27,0.63,67.16,0.13,POS+CHROM+DEEP,44.049,1940.2732,-44.049,16.489,271.9025,-16.489,28.265,798.9383,-28.265,31.378,984.5541,-31.378
9199,after,9199_after_clip_0000,ok,150,102.0,64.0,11.8,2.97,96.82,0,60.68,53.06,1.12,-0.08645432295840975,32.31,75.2,1.43,74.03,1.91,74.59,1.67,POS+CHROM,7.614,57.9742,-7.614,14.522,210.8948,14.522,13.356,178.3857,13.356,13.916,193.6482,13.916
9199,after,9199_after_clip_0001,ok,150,102.0,64.0,11.8,3.25,95.59,0,112.89,53.31,1.1,0.015827715051855793,32.35,77.71,-1.8,76.17,0.16,76.81,-0.82,POS+CHROM,59.58,3549.7862,-59.58,35.181,1237.7143,-35.181,36.715,1347.9653,-36.715,36.072,1301.2142,-36.072
9199,after,9199_after_clip_0002,ok,150,102.0,64.0,11.8,4.45,94.28,0,102.25,53.55,1.3,0.01949937422728062,32.11,71.48,1.29,95.82,-0.04,72.03,0.85,POS+CHROM+DEEP,48.7,2371.7374,-48.7,30.764,946.4376,-30.764,6.429,41.3288,-6.429,30.216,913.0327,-30.216
9199,before,9199_before_clip_0000,ok,150,100.0,61.0,11.8,5.77,92.34,0,79.8,53.16,1.3,0.032077247118457115,30.57,72.42,1.43,111.04,-2.23,73.27,0.17,POS+CHROM+DEEP,26.64,709.6943,-26.64,7.379,54.4561,-7.379,31.235,975.5991,31.235,6.533,42.6814,-6.533
9199,before,9199_before_clip_0001,ok,150,100.0,61.0,11.8,6.08,91.25,0,108.92,53.11,1.43,0.061014581575073855,30.51,78.44,1.81,77.65,1.09,78.07,1.45,POS+CHROM,55.815,3115.3234,-55.815,30.484,929.2772,-30.484,31.274,978.092,-31.274,30.855,952.0611,-30.855
9199,before,9199_before_clip_0002,ok,150,100.0,61.0,11.8,2.88,96.05,0,89.65,53.17,1.38,-0.013139058212364468,30.56,72.11,2.54,74.6,-0.81,73.02,0.86,POS+CHROM,36.482,1330.9652,-36.482,17.542,307.7279,-17.542,15.056,226.6886,-15.056,16.638,276.8072,-16.638
9211,after,9211_after_clip_0000,ok,150,109.0,66.0,11.3,20.28,63.12,0,75.08,53.47,0.98,-0.22380821535600107,32.29,73.34,2.3,72.74,2.63,73.03,2.46,POS+CHROM,21.614,467.1562,-21.614,1.744,3.0427,-1.744,2.341,5.4812,-2.341,2.051,4.207,-2.051
9211,after,9211_after_clip_0001,ok,150,109.0,66.0,11.3,47.65,18.09,0,87.45,53.48,1.23,-0.012109686860401132,31.9,73.15,1.69,72.73,1.73,72.94,1.71,POS+CHROM,33.969,1153.8989,-33.969,14.301,204.5264,-14.301,14.719,216.6584,-14.719,14.511,210.5695,-14.511
9211,after,9211_after_clip_0002,ok,150,109.0,66.0,11.3,7.18,74.43,0,113.91,53.44,1.03,-0.11835154541444232,32.26,67.61,3.76,67.71,3.7,67.66,3.73,POS+CHROM,60.473,3657.0075,-60.473,46.304,2144.1035,-46.304,46.2,2134.4539,-46.2,46.253,2139.3009,-46.253
9211,before,9211_before_clip_0000,ok,150,93.0,54.0,11.3,44.24,54.01,0,96.87,53.41,1.07,0.07761039835520998,32.3,80.34,2.4,80.58,0.38,80.44,1.39,POS+CHROM,43.464,1889.0981,-43.464,16.532,273.2913,-16.532,16.289,265.3173,-16.289,16.43,269.9535,-16.43
9211,before,9211_before_clip_0001,ok,150,93.0,54.0,11.3,16.62,78.93,0,130.39,53.29,1.05,-0.1041329855718029,32.25,63.69,-0.99,62.97,-0.32,63.31,-0.65,POS+CHROM,77.097,5943.9766,-77.097,66.7,4448.8722,-66.7,67.414,4544.6373,-67.414,67.077,4499.2688,-67.077
9211,before,9211_before_clip_0002,ok,150,93.0,54.0,11.3,14.15,83.61,0,111.07,53.37,1.1,-0.047305170170305284,32.19,90.65,5.04,89.37,4.66,90.03,4.85,POS+CHROM,57.694,3328.6398,-57.694,20.417,416.8433,-20.417,21.695,470.6583,-21.695,21.035,442.4866,-21.035
9229,after,9229_after_clip_0000,ok,150,125.0,69.0,15.3,1.93,97.89,0,100.09,53.27,1.27,-0.007857407961711206,31.8,86.9,-1.18,88.04,-1.67,87.44,-1.43,POS+CHROM,46.814,2191.5597,-46.814,13.189,173.9589,-13.189,12.052,145.2453,-12.052,12.644,159.861,-12.644
9229,after,9229_after_clip_0001,ok,150,125.0,69.0,15.3,4.22,95.15,0,94.66,53.27,1.32,0.029562997522923004,31.72,91.4,-0.17,63.77,-0.56,68.17,0.2,POS+CHROM+DEEP,41.387,1712.892,-41.387,3.253,10.5832,-3.253,30.888,954.0409,-30.888,26.481,701.2615,-26.481
9229,after,9229_after_clip_0002,ok,150,125.0,69.0,15.3,21.07,78.73,0,130.57,53.48,1.45,-0.08970962040037021,31.46,84.6,-0.58,104.43,0.88,79.61,0.58,POS+CHROM+DEEP,77.091,5942.9537,-77.091,45.974,2113.6481,-45.974,26.144,683.4835,-26.144,50.967,2597.6636,-50.967
9229,before,9229_before_clip_0000,ok,150,98.0,59.0,15.3,5.81,92.23,0,100.96,54.67,1.22,-0.05445069525560218,36.6,106.19,-1.78,111.98,-1.27,109.21,-1.52,POS+CHROM,46.292,2142.9568,-46.292,5.229,27.339,5.229,11.022,121.4916,11.022,8.249,68.0415,8.249
9229,before,9229_before_clip_0001,ok,150,98.0,59.0,15.3,3.24,96.15,0,93.32,54.39,1.45,-0.034607368717887395,36.84,77.68,-2.34,76.14,1.79,76.66,-0.28,POS+CHROM,38.936,1516.014,-38.936,15.64,244.6114,-15.64,17.179,295.1295,-17.179,16.665,277.7225,-16.665
9229,before,9229_before_clip_0002,ok,150,98.0,59.0,15.3,3.41,96.49,0,92.87,53.76,1.4,0.04703322998169209,35.03,74.29,0.18,74.81,0.92,74.57,0.55,POS+CHROM,39.11,1529.5803,-39.11,18.58,345.2124,-18.58,18.069,326.4869,-18.069,18.309,335.2022,-18.309
9256,after,9256_after_clip_0000,ok,150,108.0,72.0,13.5,56.12,37.86,0,69.19,53.47,1.23,0.16278965104440266,31.47,94.89,-2.39,56.9,-1.63,54.78,-0.2,CHROM+DEEP,15.727,247.3443,-15.727,25.692,660.0992,25.692,12.294,151.1391,-12.294,14.413,207.7206,-14.413
9256,after,9256_after_clip_0001,ok,150,108.0,72.0,13.5,12.76,84.96,0,80.9,53.46,1.22,-0.3365736969869123,31.84,92.15,4.56,92.16,3.05,92.15,3.8,POS+CHROM,27.444,753.1675,-27.444,11.246,126.4642,11.246,11.256,126.6865,11.256,11.25,126.5614,11.25
9256,after,9256_after_clip_0002,ok,150,108.0,72.0,13.5,40.64,28.74,0,78.39,53.43,1.25,-0.0871369910311872,31.47,97.33,-1.4,72.87,-1.01,71.28,-0.39,POS+CHROM+DEEP,24.962,623.0797,-24.962,18.934,358.4891,18.934,5.523,30.5039,-5.523,7.112,50.5866,-7.112
9256,before,9256_before_clip_0000,ok,150,100.0,65.0,13.5,57.39,37.93,0,108.36,53.5,1.26,0.22322976903722916,32.07,58.25,-1.07,59.62,0.03,56.79,0.07,POS+CHROM+DEEP,54.865,3010.2038,-54.865,50.111,2511.1235,-50.111,48.743,2375.877,-48.743,51.572,2659.7095,-51.572
9256,before,9256_before_clip_0001,ok,150,100.0,65.0,13.5,48.19,29.91,0,94.67,53.55,1.34,0.1220801884194683,31.58,130.5,-3.16,128.69,-0.62,129.4,-1.89,POS+CHROM,41.125,1691.299,-41.125,35.826,1283.4881,35.826,34.012,1156.8132,34.012,34.729,1206.1166,34.729
9256,before,9256_before_clip_0002,ok,150,100.0,65.0,13.5,49.36,47.92,0,83.78,53.45,1.16,-0.18515487539427425,32.01,108.53,-1.05,110.91,0.76,109.9,-0.14,POS+CHROM,30.335,920.2411,-30.335,24.748,612.4664,24.748,27.126,735.8293,27.126,26.116,682.0373,26.116
9282,after,9282_after_clip_0000,ok,150,120.0,74.0,12.6,5.52,92.77,0,72.91,54.34,1.02,0.031059834969313683,33.34,81.73,2.76,80.96,3.14,81.33,2.95,POS+CHROM,18.568,344.7699,-18.568,8.824,77.8556,8.824,8.049,64.7833,8.049,8.424,70.9665,8.424
9282,after,9282_after_clip_0001,ok,150,120.0,74.0,12.6,2.95,95.18,0,60.88,54.23,1.06,-0.012192002230617147,33.34,95.21,-0.49,93.18,-0.85,94.23,-0.67,POS+CHROM,6.644,44.1429,-6.644,34.335,1178.8581,34.335,32.307,1043.766,32.307,33.351,1112.3092,33.351
9282,after,9282_after_clip_0002,ok,150,120.0,74.0,12.6,1.85,96.99,0,133.21,54.22,1.03,-0.07028486866541256,34.14,85.02,1.86,84.44,-0.32,84.78,0.77,POS+CHROM,78.986,6238.7955,-78.986,48.189,2322.1398,-48.189,48.77,2378.5067,-48.77,48.427,2345.1729,-48.427
9282,before,9282_before_clip_0000,ok,150,119.0,79.0,12.6,15.52,82.18,0,112.19,54.21,1.08,-0.05199437640194181,33.3,69.64,1.1,61.24,-1.49,56.98,-0.21,CHROM+DEEP,57.983,3361.9716,-57.983,42.547,1810.2479,-42.547,50.952,2596.0852,-50.952,55.207,3047.8131,-55.207
9282,before,9282_before_clip_0001,ok,150,119.0,79.0,12.6,11.0,83.83,0,123.23,54.27,1.06,0.1004185791730304,34.07,72.11,2.31,73.27,0.2,72.59,1.26,POS+CHROM,68.963,4755.9286,-68.963,51.116,2612.8928,-51.116,49.956,2495.6071,-49.956,50.637,2564.1312,-50.637
9282,before,9282_before_clip_0002,ok,150,119.0,79.0,12.6,15.45,79.58,0,93.29,54.26,1.05,-0.09893176226005712,34.07,70.64,5.13,70.25,1.88,70.49,3.5,POS+CHROM,39.031,1523.3928,-39.031,22.652,513.1096,-22.652,23.041,530.8763,-23.041,22.795,519.6142,-22.795
9283,after,9283_after_clip_0000,ok,150,144.0,90.0,13.1,31.64,43.62,0,81.33,53.81,1.02,0.11508774994477688,32.48,121.91,-2.2,119.88,-1.74,120.86,-1.97,POS+CHROM,27.523,757.5012,-27.523,40.582,1646.9094,40.582,38.553,1486.3285,38.553,39.528,1562.4885,39.528
9283,after,9283_after_clip_0001,ok,150,144.0,90.0,13.1,33.55,37.56,0,112.19,53.75,1.05,0.15775657188652076,33.23,106.09,1.57,107.38,2.06,106.76,1.81,POS+CHROM,58.438,3414.9921,-58.438,6.105,37.2717,-6.105,4.807,23.1059,-4.807,5.429,29.4786,-5.429
9283,after,9283_after_clip_0002,ok,150,144.0,90.0,13.1,20.28,77.09,0,77.88,53.75,1.05,-0.22313620692113656,32.8,81.56,-2.22,66.62,-2.4,64.66,-1.19,POS+CHROM+DEEP,24.128,582.176,-24.128,3.676,13.5113,3.676,11.259,126.7645,-11.259,13.226,174.9247,-13.226
9283,before,9283_before_clip_0000,ok,150,120.0,66.0,13.1,51.62,29.81,1,91.34,53.64,1.13,-0.0038509903469612955,32.78,98.36,0.79,101.57,-0.3,99.82,0.24,POS+CHROM,37.708,1421.8664,-37.708,7.018,49.2579,7.018,10.226,104.581,10.226,8.477,71.8671,8.477
9283,before,9283_before_clip_0001,ok,150,120.0,66.0,13.1,54.77,32.07,0,106.47,53.56,1.15,-0.10810785132877747,32.68,123.01,2.26,124.76,-0.7,123.67,0.78,POS+CHROM,52.911,2799.5216,-52.911,16.544,273.6943,16.544,18.289,334.5021,18.289,17.205,296.0211,17.205
9283,before,9283_before_clip_0002,ok,150,120.0,66.0,13.1,18.49,69.7,0,102.05,53.57,1.16,-0.043248475200347615,32.65,100.31,-2.72,122.48,-2.19,84.07,-1.25,POS+CHROM+DEEP,48.478,2350.0946,-48.478,1.738,3.021,-1.738,20.426,417.208,20.426,17.984,323.4372,-17.984
9286,after,9286_after_clip_0000,ok,150,132.0,76.0,14.0,6.43,93.21,0,105.04,53.34,1.31,-0.017433866507874506,31.73,104.48,-0.23,115.3,-1.61,85.85,-0.17,POS+CHROM+DEEP,51.696,2672.4776,-51.696,0.555,0.3079,-0.555,10.267,105.4138,10.267,19.188,368.1695,-19.188
9286,after,9286_after_clip_0001,ok,150,132.0,76.0,14.0,1.98,97.0,0,107.52,53.33,1.31,0.014120056862568736,31.36,96.25,1.02,95.21,-0.69,95.8,0.17,POS+CHROM,54.185,2936.058,-54.185,11.272,127.0501,-11.272,12.306,151.427,-12.306,11.716,137.2538,-11.716
9286,after,9286_after_clip_0002,ok,150,132.0,76.0,14.0,4.46,95.25,0,101.2,53.31,1.3,-0.05841691137443969,31.37,97.52,1.69,100.12,-4.09,98.24,-1.2,POS+CHROM,47.888,2293.2559,-47.888,3.677,13.5215,-3.677,1.084,1.1747,-1.084,2.96,8.7639,-2.96
9286,before,9286_before_clip_0000,ok,150,120.0,66.0,14.0,15.32,78.65,0,117.5,53.55,1.11,-0.04562595864825952,32.23,62.78,4.58,63.91,3.0,63.27,3.79,POS+CHROM,63.955,4090.2381,-63.955,54.728,2995.1433,-54.728,53.595,2872.4339,-53.595,54.236,2941.5073,-54.236
9286,before,9286_before_clip_0001,ok,150,120.0,66.0,14.0,3.5,92.71,0,67.96,53.55,1.21,-0.027462139232460245,32.14,66.0,5.58,66.82,4.34,66.37,4.96,POS+CHROM,14.412,207.7028,-14.412,1.954,3.8176,-1.954,1.137,1.2934,-1.137,1.587,2.5199,-1.587
9286,before,9286_before_clip_0002,ok,150,120.0,66.0,14.0,15.04,82.46,0,102.66,53.51,1.21,0.03240694478967574,31.72,69.81,4.49,71.08,3.31,70.38,3.9,POS+CHROM,49.154,2416.1457,-49.154,32.857,1079.6137,-32.857,31.586,997.6702,-31.586,32.284,1042.274,-32.284
9292,after,9292_after_clip_0000,ok,150,105.0,79.0,13.3,23.48,67.18,0,126.97,54.16,1.25,-0.1594650664064763,31.3,101.21,-3.63,114.24,-5.37,77.15,-2.58,POS+CHROM+DEEP,72.814,5301.8869,-72.814,25.76,663.6014,-25.76,12.735,162.1826,-12.735,49.822,2482.2487,-49.822
9292,after,9292_after_clip_0001,ok,150,105.0,79.0,13.3,20.25,78.16,0,133.23,54.45,1.35,-0.025333967242807575,33.08,103.24,2.25,101.18,1.34,102.29,1.79,POS+CHROM,78.772,6205.0947,-78.772,29.989,899.3499,-29.989,32.044,1026.8373,-32.044,30.94,957.2576,-30.94
9292,after,9292_after_clip_0002,ok,150,105.0,79.0,13.3,16.44,67.46,0,101.09,54.28,1.05,0.11628470069116027,34.2,97.1,-1.34,88.16,0.36,77.29,0.02,POS+CHROM+DEEP,46.803,2190.5645,-46.803,3.986,15.8878,-3.986,12.926,167.0928,-12.926,23.798,566.3261,-23.798
9292,before,9292_before_clip_0000,ok,150,99.0,67.0,13.3,15.41,77.92,0,72.83,54.41,1.29,0.009799585761883183,33.28,118.44,-5.93,73.07,1.49,70.9,-1.05,POS+CHROM+DEEP,18.425,339.4649,-18.425,45.602,2079.4986,45.602,0.237,0.0562,0.237,1.933,3.7352,-1.933
9292,before,9292_before_clip_0001,ok,150,99.0,67.0,13.3,56.38,39.53,0,118.57,54.03,0.68,-0.16055771454792878,33.62,70.19,0.84,123.71,-6.07,70.71,-1.52,POS+CHROM+DEEP,64.542,4165.7136,-64.542,48.383,2340.8878,-48.383,5.135,26.3713,5.135,47.86,2290.5869,-47.86
9292,before,9292_before_clip_0002,ok,150,99.0,67.0,13.3,23.62,74.94,0,110.81,53.31,0.59,0.24286154127873427,34.57,70.16,2.8,75.33,-0.48,72.06,1.16,POS+CHROM,57.501,3306.4131,-57.501,40.65,1652.4379,-40.65,35.483,1259.033,-35.483,38.756,1501.9895,-38.756
9305,after,9305_after_clip_0000,ok,150,106.0,59.0,12.5,4.53,95.11,0,121.5,53.94,1.13,0.2578311127022422,33.32,78.73,1.72,77.44,1.75,78.08,1.73,POS+CHROM,67.564,4564.8703,-67.564,42.774,1829.5893,-42.774,44.068,1941.9513,-44.068,43.422,1885.4623,-43.422
9305,after,9305_after_clip_0001,ok,150,106.0,59.0,12.5,20.5,79.17,0,88.74,53.93,1.1,0.03504612746989664,32.95,71.54,3.47,69.88,3.8,70.69,3.63,POS+CHROM,34.809,1211.6519,-34.809,17.192,295.5766,-17.192,18.852,355.3966,-18.852,18.045,325.6123,-18.045
9305,after,9305_after_clip_0002,ok,150,106.0,59.0,12.5,8.11,91.61,0,92.35,54.03,1.09,-0.022321462166901545,32.91,85.36,4.9,85.37,1.86,85.37,3.38,POS+CHROM,38.326,1468.8825,-38.326,6.991,48.8698,-6.991,6.985,48.7891,-6.985,6.989,48.8395,-6.989
9305,before,9305_before_clip_0000,ok,150,99.0,57.0,12.5,7.42,91.45,0,112.25,53.49,1.08,-0.045485715982803716,32.81,82.92,1.64,83.44,-0.69,83.13,0.47,POS+CHROM,58.765,3453.3748,-58.765,29.338,860.7367,-29.338,28.818,830.4513,-28.818,29.128,848.4251,-29.128
9305,before,9305_before_clip_0001,ok,150,99.0,57.0,12.5,24.34,73.13,0,111.31,53.6,1.1,-0.03245782744646711,33.16,88.3,-0.89,60.25,-1.12,56.31,-0.01,CHROM+DEEP,57.719,3331.509,-57.719,23.013,529.6006,-23.013,51.063,2607.4084,-51.063,55.001,3025.0593,-55.001
9305,before,9305_before_clip_0002,ok,150,99.0,57.0,12.5,11.67,82.47,0,119.06,53.64,1.09,-0.03622877003041842,33.14,74.55,5.57,72.83,1.61,73.96,3.59,POS+CHROM,65.416,4279.3074,-65.416,44.513,1981.4195,-44.513,46.229,2137.1274,-46.229,45.098,2033.789,-45.098
9308,after,9308_after_clip_0000,ok,150,142.0,71.0,16.0,8.51,89.28,0,107.32,54.18,1.08,-0.03534443769945795,33.49,86.51,3.94,87.49,-1.85,86.78,1.05,POS+CHROM,53.147,2824.5613,-53.147,20.816,433.2858,-20.816,19.829,393.1709,-19.829,20.543,422.0273,-20.543
9308,after,9308_after_clip_0001,ok,150,142.0,71.0,16.0,8.39,87.35,0,82.46,54.08,1.09,0.1376797479635361,33.49,83.35,-3.4,96.09,-0.29,74.91,-0.87,POS+CHROM+DEEP,28.39,805.966,-28.39,0.886,0.7848,0.886,13.629,185.7546,13.629,7.553,57.0479,-7.553
9308,after,9308_after_clip_0002,ok,150,142.0,71.0,16.0,13.46,82.15,0,89.27,54.13,1.07,0.005259894764159127,33.49,79.8,0.27,79.36,-0.14,79.59,0.06,POS+CHROM,35.134,1234.3787,-35.134,9.462,89.5303,-9.462,9.908,98.1766,-9.908,9.678,93.6563,-9.678
9308,before,9308_before_clip_0000,ok,150,103.0,78.0,16.0,23.72,59.58,0,111.25,54.36,1.4,-0.012610511747970092,33.0,60.45,-1.6,66.7,3.33,61.3,1.04,POS+CHROM+DEEP,56.897,3237.215,-56.897,50.802,2580.8705,-50.802,44.55,1984.6849,-44.55,49.957,2495.7127,-49.957
9308,before,9308_before_clip_0001,ok,150,103.0,78.0,16.0,11.96,87.38,0,95.63,54.41,1.18,-0.09425262539606424,36.76,63.79,-0.04,63.8,-0.54,63.8,-0.29,POS+CHROM,41.211,1698.3559,-41.211,31.835,1013.4753,-31.835,31.824,1012.7576,-31.824,31.83,1013.1315,-31.83
9308,before,9308_before_clip_0002,ok,150,103.0,78.0,16.0,16.97,81.35,0,95.6,53.97,0.73,0.11507278455727171,35.47,64.57,0.87,68.43,0.78,66.49,0.82,POS+CHROM,41.63,1733.0481,-41.63,31.029,962.8251,-31.029,27.176,738.5219,-27.176,29.117,847.8048,-29.117
9309,after,9309_after_clip_0000,ok,150,158.0,82.0,10.7,9.81,85.96,0,105.94,53.2,0.52,-0.10260035513512941,33.86,56.54,1.15,58.95,1.6,56.4,1.09,POS+CHROM+DEEP,52.734,2780.8388,-52.734,49.402,2440.5947,-49.402,46.992,2208.2042,-46.992,49.537,2453.9502,-49.537
9309,after,9309_after_clip_0001,ok,150,158.0,82.0,10.7,12.25,84.73,0,100.41,53.99,1.03,-0.046725432651419284,32.48,121.19,-1.69,121.73,-1.84,121.46,-1.77,POS+CHROM,46.422,2155.003,-46.422,20.78,431.8135,20.78,21.314,454.2684,21.314,21.043,442.8283,21.043
9309,after,9309_after_clip_0002,ok,150,158.0,82.0,10.7,9.0,90.0,0,86.86,53.38,0.97,-0.007098360737610773,34.47,114.07,0.24,115.53,0.98,114.85,0.61,POS+CHROM,33.481,1120.9808,-33.481,27.212,740.4929,27.212,28.677,822.3417,28.677,27.989,783.4065,27.989
9309,before,9309_before_clip_0000,ok,150,142.0,87.0,10.7,9.36,87.95,0,109.78,53.65,1.03,-0.1248324562859056,33.31,79.18,2.89,78.12,-0.96,78.81,0.96,POS+CHROM,56.127,3150.2795,-56.127,30.595,936.028,-30.595,31.658,1002.2067,-31.658,30.961,958.6097,-30.961
9309,before,9309_before_clip_0001,ok,150,142.0,87.0,10.7,5.77,90.53,0,109.78,53.63,1.01,-0.027359508417832013,33.35,75.09,0.76,73.49,-0.33,74.36,0.22,POS+CHROM,56.147,3152.4659,-56.147,34.687,1203.1884,-34.687,36.293,1317.1816,-36.293,35.418,1254.4223,-35.418
9309,before,9309_before_clip_0002,ok,150,142.0,87.0,10.7,1.83,97.06,0,77.35,53.49,1.05,0.06894036624979537,33.3,68.62,4.47,66.26,3.23,67.56,3.85,POS+CHROM,23.856,569.1271,-23.856,8.726,76.1517,-8.726,11.094,123.0738,-11.094,9.788,95.8069,-9.788
9396,after,9396_after_clip_0000,ok,150,136.0,88.0,16.0,47.66,44.9,0,82.35,53.7,0.94,0.12412055764156504,33.83,97.94,-3.97,58.85,0.34,56.15,0.64,CHROM+DEEP,28.649,820.7719,-28.649,15.588,242.9754,15.588,23.506,552.5249,-23.506,26.205,686.7166,-26.205
9396,after,9396_after_clip_0001,ok,150,136.0,88.0,16.0,34.88,51.22,0,86.96,54.0,1.1,-0.11922133126866512,33.56,122.17,1.53,122.68,-2.15,122.35,-0.31,POS+CHROM,32.962,1086.5082,-32.962,35.211,1239.8245,35.211,35.715,1275.5759,35.715,35.388,1252.3305,35.388
9396,after,9396_after_clip_0002,ok,150,136.0,88.0,16.0,53.5,35.95,0,71.22,54.21,1.08,-0.17108664466058668,33.15,103.43,-2.1,103.24,-2.15,103.33,-2.13,POS+CHROM,17.012,289.4171,-17.012,32.204,1037.1073,32.204,32.02,1025.3077,32.02,32.113,1031.2247,32.113
9396,before,9396_before_clip_0000,ok,150,116.0,82.0,16.0,36.37,60.59,0,98.42,55.14,1.4,-0.12629004966663537,36.12,71.81,-1.88,66.23,-2.32,69.12,-2.1,POS+CHROM,43.278,1873.0119,-43.278,26.609,708.0375,-26.609,32.191,1036.2875,-32.191,29.297,858.3374,-29.297
9396,before,9396_before_clip_0001,ok,150,116.0,82.0,16.0,54.85,42.16,0,79.26,54.23,1.64,-0.17348872090502854,34.09,104.74,-1.47,104.15,-1.17,104.44,-1.32,POS+CHROM,25.026,626.2985,-25.026,25.485,649.4948,25.485,24.895,619.7701,24.895,25.183,634.1642,25.183
9396,before,9396_before_clip_0002,ok,150,116.0,82.0,16.0,43.51,55.44,0,76.75,54.68,1.3,0.05343299962976919,32.07,109.48,0.46,114.12,-0.97,111.52,-0.25,POS+CHROM,22.074,487.2471,-22.074,32.725,1070.9279,32.725,37.368,1396.3682,37.368,34.771,1209.025,34.771
9401,after,9401_after_clip_0000,ok,150,124.0,67.0,12.0,6.53,92.38,0,90.37,53.95,1.43,0.0013975795279202539,32.91,127.07,-0.03,73.5,-1.99,83.06,-0.2,POS+CHROM+DEEP,36.421,1326.5046,-36.421,36.7,1346.907,36.7,16.875,284.7506,-16.875,7.315,53.5031,-7.315
9401,after,9401_after_clip_0001,ok,150,124.0,67.0,12.0,1.38,97.24,0,71.26,53.8,1.15,-0.09056383444217843,32.96,126.47,-3.4,64.5,-1.38,73.14,-1.21,POS+CHROM+DEEP,17.458,304.7871,-17.458,55.213,3048.5241,55.213,6.764,45.7491,-6.764,1.876,3.5196,1.876
9401,after,9401_after_clip_0002,ok,150,124.0,67.0,12.0,5.47,92.98,0,71.82,53.73,1.17,0.0019512048647475323,32.95,71.27,1.31,69.59,2.38,70.36,1.85,POS+CHROM,18.089,327.2157,-18.089,0.547,0.2998,-0.547,2.226,4.9551,-2.226,1.462,2.1366,-1.462
9401,before,9401_before_clip_0000,ok,150,120.0,70.0,12.0,6.31,91.75,0,103.93,53.7,1.38,-0.051108154701552444,31.58,55.19,2.45,56.35,4.3,55.29,2.71,POS+CHROM+DEEP,50.23,2523.0201,-50.23,48.744,2375.9854,-48.744,47.577,2263.564,-47.577,48.636,2365.4459,-48.636
9401,before,9401_before_clip_0001,ok,150,120.0,70.0,12.0,6.78,88.48,0,75.95,53.62,1.43,0.009027796802824789,31.16,59.21,5.0,59.15,5.49,58.02,3.97,POS+CHROM+DEEP,22.327,498.5029,-22.327,16.741,280.2634,-16.741,16.803,282.3319,-16.803,17.935,321.6714,-17.935
9401,before,9401_before_clip_0002,ok,150,120.0,70.0,12.0,3.25,91.3,0,76.87,53.56,1.38,0.16021550450974004,31.2,53.05,1.44,52.43,0.95,53.03,1.26,POS+CHROM+DEEP,23.313,543.505,-23.313,23.823,567.5514,-23.823,24.441,597.3729,-24.441,23.846,568.6108,-23.846
9425,after,9425_after_clip_0000,ok,150,140.0,81.0,12.6,56.82,31.61,0,117.38,54.06,1.35,0.049145374079112736,32.41,114.53,-0.66,77.9,-2.13,78.94,-0.48,POS+CHROM+DEEP,63.326,4010.2147,-63.326,2.857,8.1635,-2.857,39.483,1558.9203,-39.483,38.443,1477.889,-38.443
9425,after,9425_after_clip_0001,ok,150,140.0,81.0,12.6,41.69,16.05,0,57.73,53.94,1.3,-0.09130639855394292,32.43,95.58,-3.49,99.23,1.34,98.1,-1.08,POS+CHROM,3.783,14.3098,-3.783,37.856,1433.072,37.856,41.501,1722.3144,41.501,40.375,1630.1491,40.375
9425,after,9425_after_clip_0002,ok,150,140.0,81.0,12.6,54.7,12.59,1,62.84,53.94,1.35,0.015410246056798462,32.06,107.34,-0.03,79.92,-0.47,78.27,0.29,POS+CHROM+DEEP,8.898,79.1733,-8.898,44.502,1980.4497,44.502,17.082,291.7963,17.082,15.431,238.1244,15.431
9425,before,9425_before_clip_0000,ok,150,131.0,79.0,12.6,39.13,57.3,0,121.94,53.98,1.3,-0.04818268091474654,32.4,106.3,-1.88,55.82,-0.03,54.8,0.63,CHROM+DEEP,67.959,4618.4086,-67.959,15.641,244.6514,-15.641,66.12,4371.8333,-66.12,67.141,4507.8955,-67.141
9425,before,9425_before_clip_0001,ok,150,131.0,79.0,12.6,44.99,38.85,0,84.9,54.01,1.23,-0.0008688523748569343,32.43,98.74,0.85,99.38,-0.09,99.04,0.38,POS+CHROM,30.895,954.4808,-30.895,13.841,191.58,13.841,14.473,209.4622,14.473,14.132,199.7271,14.132
9425,before,9425_before_clip_0002,ok,150,131.0,79.0,12.6,61.59,36.83,0,97.33,54.07,1.25,0.02581221778274507,32.42,98.54,0.99,100.34,0.66,99.41,0.82,POS+CHROM,43.255,1870.9728,-43.255,1.209,1.4612,1.209,3.01,9.0627,3.01,2.084,4.3436,2.084
9464,after,9464_after_clip_0000,ok,150,118.0,72.0,14.5,18.31,75.62,0,76.53,53.76,0.96,-0.2641183991865296,33.95,100.98,1.42,100.93,0.64,100.96,1.03,POS+CHROM,22.775,518.713,-22.775,24.445,597.5705,24.445,24.398,595.2476,24.398,24.423,596.4842,24.423
9464,after,9464_after_clip_0001,ok,150,118.0,72.0,14.5,21.31,74.35,0,122.7,53.94,1.13,-0.05630250771730696,33.24,92.38,3.54,92.2,0.37,92.31,1.95,POS+CHROM,68.762,4728.2213,-68.762,30.327,919.7504,-30.327,30.502,930.3477,-30.502,30.392,923.673,-30.392
9464,after,9464_after_clip_0002,ok,150,118.0,72.0,14.5,22.47,65.83,0,64.78,53.9,0.95,-0.07053399347033196,33.23,79.66,3.48,80.6,2.56,80.1,3.02,POS+CHROM,10.883,118.4444,-10.883,14.879,221.3913,14.879,15.815,250.1007,15.815,15.311,234.4256,15.311
9464,before,9464_before_clip_0000,ok,150,117.0,70.0,14.5,24.8,55.7,0,98.4,54.04,1.14,0.03295489819877438,33.57,82.21,2.26,78.6,0.18,80.71,1.22,POS+CHROM,44.357,1967.5348,-44.357,16.188,262.055,-16.188,19.8,392.0539,-19.8,17.685,312.7545,-17.685
9464,before,9464_before_clip_0001,ok,150,117.0,70.0,14.5,25.71,61.94,0,88.09,54.34,1.23,0.05743754110095592,33.16,66.93,-0.2,65.61,2.63,66.12,1.21,POS+CHROM,33.75,1139.0552,-33.75,21.167,448.0247,-21.167,22.485,505.5934,-22.485,21.978,483.0429,-21.978
9464,before,9464_before_clip_0002,ok,150,117.0,70.0,14.5,51.88,44.79,0,88.39,53.97,1.14,0.13836286877707266,33.17,77.32,4.17,80.6,3.11,78.82,3.64,POS+CHROM,34.42,1184.7348,-34.42,11.068,122.4969,-11.068,7.781,60.5362,-7.781,9.57,91.5773,-9.57
9486,after,9486_after_clip_0000,ok,150,96.0,67.0,12.1,32.24,62.48,0,126.66,53.85,0.87,-0.11374297720921567,32.73,95.45,-1.3,112.36,-9.96,74.59,-3.47,POS+CHROM+DEEP,72.81,5301.3171,-72.81,31.213,974.2589,-31.213,14.298,204.4451,-14.298,52.073,2711.6185,-52.073
9486,after,9486_after_clip_0001,ok,150,96.0,67.0,12.1,41.62,55.54,0,128.64,53.52,1.15,0.009848884038330273,31.92,80.52,1.46,76.81,-0.49,78.96,0.48,POS+CHROM,75.121,5643.1061,-75.121,48.124,2315.8829,-48.124,51.828,2686.1154,-51.828,49.677,2467.8419,-49.677
9486,after,9486_after_clip_0002,ok,150,96.0,67.0,12.1,9.61,86.83,0,68.79,53.65,1.16,0.41851641677627727,32.37,93.2,-0.23,89.78,1.06,91.31,0.41,POS+CHROM,15.142,229.2761,-15.142,24.412,595.9563,24.412,20.995,440.8023,20.995,22.522,507.2252,22.522
9486,before,9486_before_clip_0000,ok,150,110.0,70.0,12.1,41.92,42.29,0,116.18,53.69,1.14,-0.23638718094980787,31.9,87.18,0.57,85.83,-1.52,86.62,-0.47,POS+CHROM,62.486,3904.5179,-62.486,28.998,840.8732,-28.998,30.344,920.7624,-30.344,29.555,873.4979,-29.555
9486,before,9486_before_clip_0001,ok,150,110.0,70.0,12.1,38.95,36.3,0,121.37,53.31,1.02,0.07666026973727888,33.34,77.82,-0.84,77.9,1.14,77.87,0.15,POS+CHROM,68.064,4632.7043,-68.064,43.548,1896.436,-43.548,43.469,1889.5449,-43.469,43.502,1892.426,-43.502
9486,before,9486_before_clip_0002,ok,150,110.0,70.0,12.1,38.99,53.93,0,76.0,53.56,1.14,0.13706215401635882,33.52,68.58,3.18,64.23,3.81,66.29,3.5,POS+CHROM,22.44,503.5697,-22.44,7.429,55.1907,-7.429,11.771,138.5457,-11.771,9.715,94.3721,-9.715
9512,after,9512_after_clip_0000,ok,150,126.0,69.0,13.4,9.68,89.52,0,81.21,54.05,1.2,-0.055281264958736885,32.51,87.11,0.01,86.95,2.0,87.02,1.0,POS+CHROM,27.155,737.4178,-27.155,5.908,34.9071,5.908,5.742,32.9679,5.742,5.811,33.7709,5.811
9512,after,9512_after_clip_0001,ok,150,126.0,69.0,13.4,5.36,92.3,0,129.84,53.75,1.0,-0.07623251791804274,33.32,79.89,2.41,79.24,1.03,79.6,1.72,POS+CHROM,76.088,5789.3596,-76.088,49.95,2495.0135,-49.95,50.602,2560.564,-50.602,50.239,2523.9128,-50.239
9512,after,9512_after_clip_0002,ok,150,126.0,69.0,13.4,12.73,84.96,0,112.99,54.06,1.25,-0.04958260609997867,32.59,75.02,1.92,73.93,-0.42,74.58,0.75,POS+CHROM,58.929,3472.5877,-58.929,37.969,1441.6794,-37.969,39.053,1525.1557,-39.053,38.407,1475.1202,-38.407
9512,before,9512_before_clip_0000,ok,150,120.0,75.0,13.4,31.46,52.55,0,74.57,53.45,1.14,0.0016074919824693476,31.59,72.73,2.16,79.98,3.06,76.63,2.61,POS+CHROM,21.119,446.0246,-21.119,1.835,3.366,-1.835,5.416,29.328,5.416,2.062,4.2508,2.062
9512,before,9512_before_clip_0001,ok,150,120.0,75.0,13.4,2.15,92.98,0,95.6,53.42,1.21,-0.045225589786156054,31.53,82.56,2.12,79.29,0.42,81.15,1.27,POS+CHROM,42.173,1778.5378,-42.173,13.037,169.967,-13.037,16.309,265.997,-16.309,14.442,208.5853,-14.442
9512,before,9512_before_clip_0002,ok,150,120.0,75.0,13.4,9.86,85.61,0,97.68,53.42,1.2,-0.000993431057663702,31.89,86.88,-2.37,87.41,-0.58,87.18,-1.48,POS+CHROM,44.268,1959.6859,-44.268,10.806,116.7606,-10.806,10.276,105.5936,-10.276,10.501,110.279,-10.501
9519,after,9519_after_clip_0000,ok,150,144.0,82.0,13.6,34.53,51.47,0,63.29,54.44,1.12,-0.052464918336638716,33.72,104.26,-1.43,103.8,0.25,104.0,-0.59,POS+CHROM,8.847,78.2664,-8.847,40.969,1678.4653,40.969,40.515,1641.4282,40.515,40.71,1657.3161,40.71
9519,after,9519_after_clip_0001,ok,150,144.0,82.0,13.6,13.95,80.0,0,63.56,53.98,0.4,0.002661321665896413,35.12,104.64,-0.55,69.2,-2.24,75.21,-0.79,POS+CHROM+DEEP,9.582,91.8123,-9.582,41.081,1687.6403,41.081,5.633,31.7319,5.633,11.653,135.7824,11.653
9519,after,9519_after_clip_0002,ok,150,144.0,82.0,13.6,23.73,51.1,0,127.97,54.89,1.54,0.16475795041779995,34.66,74.59,0.37,73.43,1.67,73.95,1.02,POS+CHROM,73.074,5339.759,-73.074,53.377,2849.0598,-53.377,54.532,2973.7663,-54.532,54.017,2917.8363,-54.017
9519,before,9519_before_clip_0000,ok,150,141.0,77.0,13.6,31.64,50.88,0,95.16,54.6,1.36,-0.1496114256419961,33.24,102.29,-0.73,101.33,-0.23,101.79,-0.48,POS+CHROM,40.561,1645.2086,-40.561,7.131,50.8482,7.131,6.168,38.0427,6.168,6.629,43.9448,6.629
9519,before,9519_before_clip_0001,ok,150,141.0,77.0,13.6,27.48,59.19,0,74.53,53.69,0.56,-0.20769478960419266,37.13,77.06,0.01,75.45,1.56,76.15,0.79,POS+CHROM,20.841,434.3585,-20.841,2.533,6.4172,2.533,0.926,0.8571,0.926,1.627,2.6456,1.627
9519,before,9519_before_clip_0002,ok,150,141.0,77.0,13.6,45.15,39.66,0,98.1,54.02,0.97,-0.17971396729150133,31.29,99.16,-3.67,57.0,-0.53,55.32,0.22,CHROM+DEEP,44.089,1943.8131,-44.089,1.053,1.1091,1.053,41.102,1689.387,-41.102,42.781,1830.2275,-42.781
9554,after,9554_after_clip_0000,ok,150,107.0,67.0,11.4,7.0,92.42,0,102.59,53.8,1.28,0.01742731427460079,32.81,91.67,-3.16,90.29,-1.96,90.91,-2.56,POS+CHROM,48.79,2380.446,-48.79,10.918,119.2012,-10.918,12.301,151.312,-12.301,11.678,136.3826,-11.678
9554,after,9554_after_clip_0001,ok,150,107.0,67.0,11.4,6.48,92.75,0,127.35,53.72,1.34,-0.1950210245479811,32.02,130.21,-3.51,129.91,-3.42,130.06,-3.46,POS+CHROM,73.635,5422.1566,-73.635,2.857,8.161,2.857,2.557,6.5391,2.557,2.706,7.3215,2.706
9554,after,9554_after_clip_0002,ok,150,107.0,67.0,11.4,36.81,57.28,0,124.18,53.9,1.31,0.2538086237765035,32.46,120.79,-2.86,119.11,-2.73,119.94,-2.8,POS+CHROM,70.284,4939.8599,-70.284,3.39,11.4912,-3.39,5.069,25.6934,-5.069,4.238,17.9605,-4.238
9554,before,9554_before_clip_0000,ok,150,103.0,66.0,11.4,17.83,71.68,0,89.25,53.74,1.44,0.015377388566345228,32.08,104.76,1.54,102.81,1.59,103.78,1.57,POS+CHROM,35.506,1260.6487,-35.506,15.515,240.7169,15.515,13.559,183.8337,13.559,14.533,211.2006,14.533
9554,before,9554_before_clip_0001,ok,150,103.0,66.0,11.4,54.17,43.67,0,85.24,53.87,1.31,-0.09154436909029756,32.17,125.65,-1.33,126.25,-1.51,125.95,-1.42,POS+CHROM,31.367,983.915,-31.367,40.407,1632.6981,40.407,41.013,1682.0679,41.013,40.705,1656.9271,40.705
9554,before,9554_before_clip_0002,ok,150,103.0,66.0,11.4,38.97,57.99,0,73.29,54.06,1.61,0.06119262363658932,31.77,95.55,1.6,93.94,1.27,94.76,1.43,POS+CHROM,19.233,369.8912,-19.233,22.255,495.2935,22.255,20.647,426.2865,20.647,21.473,461.0784,21.473
9597,after,9597_after_clip_0000,ok,150,134.0,50.0,12.1,2.82,96.33,0,105.85,54.18,0.99,0.01330733510722598,33.29,84.82,-2.22,100.86,-3.11,74.04,-1.45,POS+CHROM+DEEP,51.669,2669.6955,-51.669,21.021,441.8871,-21.021,4.986,24.8611,-4.986,31.801,1011.3284,-31.801
9597,after,9597_after_clip_0001,ok,150,134.0,50.0,12.1,2.1,95.88,0,107.42,54.2,1.1,-0.07838062450083279,33.31,70.55,-1.55,99.29,-3.82,68.77,-1.42,POS+CHROM+DEEP,53.221,2832.4595,-53.221,36.877,1359.8843,-36.877,8.13,66.0911,-8.13,38.653,1494.0923,-38.653
9597,after,9597_after_clip_0002,ok,150,134.0,50.0,12.1,6.19,93.3,0,109.57,54.09,1.09,0.17056353983412428,33.3,105.24,-1.79,114.54,-0.57,86.69,-0.42,POS+CHROM+DEEP,55.483,3078.3098,-55.483,4.332,18.7652,-4.332,4.965,24.6531,4.965,22.883,523.6237,-22.883
9597,before,9597_before_clip_0000,ok,150,108.0,65.0,12.1,1.07,98.11,0,96.29,53.94,1.1,0.013976729792342029,33.34,77.31,4.69,76.18,1.95,76.87,3.32,POS+CHROM,42.352,1793.665,-42.352,18.982,360.2995,-18.982,20.109,404.3755,-20.109,19.419,377.0914,-19.419
9597,before,9597_before_clip_0001,ok,150,108.0,65.0,12.1,2.61,96.91,0,91.99,54.0,1.1,0.010593660918460856,33.33,81.88,-1.34,120.92,-3.45,77.38,-1.23,POS+CHROM+DEEP,37.984,1442.765,-37.984,10.103,102.0788,-10.103,28.928,836.8187,28.928,14.607,213.3727,-14.607
9597,before,9597_before_clip_0002,ok,150,108.0,65.0,12.1,1.1,97.21,0,102.58,54.09,1.12,-0.052354295108201485,32.93,78.14,4.49,77.88,2.01,78.03,3.25,POS+CHROM,48.497,2351.9717,-48.497,24.446,597.5938,-24.446,24.707,610.4193,-24.707,24.55,602.6839,-24.55
9620,after,9620_after_clip_0000,ok,150,100.0,72.0,14.1,42.59,56.22,0,103.19,54.17,1.1,-0.021478708499552898,33.44,124.58,-3.44,97.06,-4.64,80.91,-2.33,POS+CHROM+DEEP,49.021,2403.072,-49.021,21.391,457.5693,21.391,6.132,37.6013,-6.132,22.285,496.5999,-22.285
9620,after,9620_after_clip_0001,ok,150,100.0,72.0,14.1,29.99,67.68,0,130.26,54.13,1.1,-0.08861444028025801,33.44,89.65,0.4,113.01,-2.51,80.32,-0.33,POS+CHROM+DEEP,76.127,5795.3113,-76.127,40.612,1649.3273,-40.612,17.254,297.7154,-17.254,49.938,2493.8207,-49.938
9620,after,9620_after_clip_0002,ok,150,100.0,72.0,14.1,4.14,94.31,0,124.48,54.1,1.08,0.015138777779136293,33.43,90.38,1.21,89.6,1.25,89.99,1.23,POS+CHROM,70.383,4953.7568,-70.383,34.1,1162.8032,-34.1,34.881,1216.6885,-34.881,34.492,1189.6855,-34.492
9620,before,9620_before_clip_0000,ok,150,105.0,73.0,14.1,56.7,17.35,1,70.47,54.04,1.14,0.10142749860893635,33.31,94.41,-0.89,93.43,-1.96,93.97,-1.43,POS+CHROM,16.431,269.9721,-16.431,23.939,573.0809,23.939,22.961,527.2297,22.961,23.494,551.9497,23.494
9620,before,9620_before_clip_0001,ok,150,105.0,73.0,14.1,67.31,27.46,1,95.39,54.12,1.15,0.03636224507417845,33.31,93.95,2.23,90.35,-2.17,92.78,0.03,POS+CHROM,41.269,1703.169,-41.269,1.438,2.0682,-1.438,5.043,25.427,-5.043,2.607,6.7978,-2.607
9620,before,9620_before_clip_0002,ok,150,105.0,73.0,14.1,68.85,16.19,1,79.55,54.13,1.17,-0.17594082316767148,33.32,90.94,-0.12,89.51,-0.7,90.26,-0.41,POS+CHROM,25.424,646.3826,-25.424,11.389,129.7092,11.389,9.956,99.1266,9.956,10.708,114.6537,10.708
9629,after,9629_after_clip_0000,ok,150,120.0,75.0,15.2,9.98,82.57,0,108.02,53.59,1.2,-0.11080201078651751,32.38,93.42,0.36,92.64,0.37,93.03,0.36,POS+CHROM,54.425,2962.0946,-54.425,14.598,213.1005,-14.598,15.376,236.4088,-15.376,14.987,224.6173,-14.987
9629,after,9629_after_clip_0001,ok,150,120.0,75.0,15.2,27.9,68.9,0,84.19,53.71,1.31,0.08430997854225103,31.95,103.06,2.58,102.28,1.32,102.71,1.95,POS+CHROM,30.481,929.1077,-30.481,18.862,355.7715,18.862,18.082,326.9755,18.082,18.513,342.7253,18.513
9629,after,9629_after_clip_0002,ok,150,120.0,75.0,15.2,57.34,33.02,0,114.31,53.65,1.18,0.06421357863087762,32.36,98.61,1.63,98.7,1.17,98.65,1.4,POS+CHROM,60.668,3680.6449,-60.668,15.703,246.5745,-15.703,15.616,243.8639,-15.616,15.661,245.2695,-15.661
9629,before,9629_before_clip_0000,ok,150,127.0,72.0,15.2,8.88,90.64,0,97.22,53.45,1.19,0.1008589577743222,31.92,83.17,2.83,82.66,1.45,82.94,2.14,POS+CHROM,43.772,1916.0083,-43.772,14.051,197.4396,-14.051,14.56,211.9794,-14.56,14.276,203.8134,-14.276
9629,before,9629_before_clip_0001,ok,150,127.0,72.0,15.2,5.73,89.66,0,116.54,53.39,1.23,0.07239339697260204,31.92,87.29,1.37,84.84,1.09,86.09,1.23,POS+CHROM,63.156,3988.6309,-63.156,29.254,855.8145,-29.254,31.703,1005.0914,-31.703,30.45,927.2234,-30.45
9629,before,9629_before_clip_0002,ok,150,127.0,72.0,15.2,27.22,57.2,0,89.86,53.45,1.22,-0.2527672177331591,31.55,85.58,1.64,85.03,0.8,85.32,1.22,POS+CHROM,36.415,1326.0514,-36.415,4.275,18.2792,-4.275,4.834,23.3691,-4.834,4.535,20.5702,-4.535
9640,after,9640_after_clip_0000,ok,150,132.0,72.0,12.8,11.34,86.57,0,107.3,54.28,1.17,0.014801820235077161,33.97,85.46,1.34,84.73,1.69,85.09,1.52,POS+CHROM,53.021,2811.214,-53.021,21.838,476.8851,-21.838,22.573,509.5283,-22.573,22.216,493.5404,-22.216
9640,after,9640_after_clip_0001,ok,150,132.0,72.0,12.8,14.54,79.97,0,129.92,54.36,1.28,-0.036775699426802325,33.98,79.9,3.49,78.29,2.6,79.15,3.05,POS+CHROM,75.554,5708.3533,-75.554,50.021,2502.072,-50.021,51.63,2665.6516,-51.63,50.765,2577.1112,-50.765
9640,after,9640_after_clip_0002,ok,150,132.0,72.0,12.8,10.81,85.3,0,93.23,54.24,1.13,-0.0014408124190837248,33.22,80.67,-0.63,108.45,-1.0,77.83,-0.17,POS+CHROM+DEEP,38.982,1519.6072,-38.982,12.556,157.6625,-12.556,15.223,231.7514,15.223,15.399,237.1339,-15.399
9640,before,9640_before_clip_0000,ok,150,129.0,75.0,12.8,1.32,96.07,0,116.2,53.39,1.26,0.022683825232132433,31.79,84.18,-0.18,60.3,-1.05,56.19,0.11,CHROM+DEEP,62.812,3945.4098,-62.812,32.021,1025.3497,-32.021,55.896,3124.3152,-55.896,60.013,3601.5117,-60.013
9640,before,9640_before_clip_0001,ok,150,129.0,75.0,12.8,6.32,92.08,0,117.95,53.24,1.23,-0.012987813457279729,31.79,71.53,0.86,71.85,1.7,71.7,1.28,POS+CHROM,64.709,4187.2247,-64.709,46.421,2154.934,-46.421,46.102,2125.3694,-46.102,46.25,2139.0999,-46.25
9640,before,9640_before_clip_0002,ok,150,129.0,75.0,12.8,2.42,96.58,0,76.3,53.5,1.33,-0.02243080761227666,31.59,77.01,4.33,77.11,4.67,77.06,4.5,POS+CHROM,22.794,519.564,-22.794,0.715,0.5107,0.715,0.81,0.6562,0.81,0.764,0.5832,0.764
9676,after,9676_after_clip_0000,ok,150,155.0,76.0,12.4,7.07,88.2,0,87.45,53.22,1.05,-0.06874343118596336,35.33,130.78,-3.25,130.22,-3.42,130.5,-3.34,POS+CHROM,34.233,1171.8855,-34.233,43.325,1877.0194,43.325,42.765,1828.8582,42.765,43.049,1853.1923,43.049
9676,after,9676_after_clip_0001,ok,150,155.0,76.0,12.4,15.23,82.74,0,106.72,53.64,1.39,-0.13376565912431884,31.96,128.32,0.07,128.62,-1.16,128.45,-0.55,POS+CHROM,53.078,2817.3034,-53.078,21.602,466.6249,21.602,21.899,479.5524,21.899,21.735,472.4036,21.735
9676,after,9676_after_clip_0002,ok,150,155.0,76.0,12.4,9.42,84.5,0,103.6,53.65,1.39,-0.08189686251805789,31.72,75.76,-3.31,120.9,-1.88,77.75,-1.27,POS+CHROM+DEEP,49.949,2494.8846,-49.949,27.846,775.3978,-27.846,17.299,299.268,17.299,25.855,668.4762,-25.855
9676,before,9676_before_clip_0000,ok,150,124.0,75.0,12.4,37.26,58.78,0,121.89,53.06,1.16,-0.15071301916296817,35.73,97.05,-0.34,105.89,-1.05,81.72,-0.08,POS+CHROM+DEEP,68.829,4737.3886,-68.829,24.836,616.8213,-24.836,16.002,256.0661,-16.002,40.173,1613.8905,-40.173
9676,before,9676_before_clip_0001,ok,150,124.0,75.0,12.4,10.16,89.25,0,101.66,54.15,1.52,0.13613145315263497,36.28,134.37,-1.74,134.52,-1.93,134.44,-1.83,POS+CHROM,47.51,2257.1548,-47.51,32.707,1069.7635,32.707,32.858,1079.6343,32.858,32.781,1074.6174,32.781
9676,before,9676_before_clip_0002,ok,150,124.0,75.0,12.4,50.42,44.34,0,129.53,53.16,1.03,0.26839565076487737,32.76,91.84,-0.55,98.33,1.86,95.73,0.65,POS+CHROM,76.371,5832.5175,-76.371,37.684,1420.078,-37.684,31.196,973.2062,-31.196,33.797,1142.2515,-33.797
9711,after,9711_after_clip_0000,ok,150,162.0,82.0,16.3,29.85,44.78,0,99.5,54.0,1.15,-0.05268305769373155,33.19,81.53,2.66,81.69,3.3,81.61,2.98,POS+CHROM,45.501,2070.342,-45.501,17.976,323.1544,-17.976,17.816,317.4261,-17.816,17.892,320.1309,-17.892
9711,after,9711_after_clip_0001,ok,150,162.0,82.0,16.3,35.45,55.26,0,61.92,53.93,1.16,-0.12316055246481024,33.17,73.56,3.29,76.15,3.48,74.88,3.39,POS+CHROM,7.99,63.8473,-7.99,11.647,135.6573,11.647,14.229,202.4711,14.229,12.959,167.9284,12.959
9711,after,9711_after_clip_0002,ok,150,162.0,82.0,16.3,31.91,54.83,0,85.89,53.98,1.11,0.009365866756755442,33.23,77.97,3.16,76.63,2.9,77.32,3.03,POS+CHROM,31.91,1018.2578,-31.91,7.918,62.6898,-7.918,9.258,85.712,-9.258,8.573,73.4958,-8.573
9711,before,9711_before_clip_0000,ok,150,128.0,72.0,16.3,4.88,93.42,0,80.25,54.13,1.23,0.026223556219320272,32.54,80.84,-0.32,118.74,-2.57,77.97,-0.56,POS+CHROM+DEEP,26.118,682.1601,-26.118,0.586,0.3437,0.586,38.49,1481.4836,38.49,2.278,5.1904,-2.278
9711,before,9711_before_clip_0001,ok,150,128.0,72.0,16.3,2.51,96.17,0,70.2,54.13,1.22,-0.019639201641430352,32.93,75.64,2.39,74.8,3.94,75.16,3.16,POS+CHROM,16.068,258.1832,-16.068,5.439,29.583,5.439,4.599,21.1465,4.599,4.965,24.6508,4.965
9711,before,9711_before_clip_0002,ok,150,128.0,72.0,16.3,21.27,70.7,0,88.6,54.1,1.2,-0.028072161122403537,32.54,75.64,2.14,77.52,0.81,76.48,1.47,POS+CHROM,34.503,1190.4677,-34.503,12.962,168.0223,-12.962,11.078,122.7223,-11.078,12.125,147.0044,-12.125
9715,after,9715_after_clip_0000,ok,150,128.0,72.0,13.3,3.65,88.28,0,123.89,53.68,1.14,-0.16201542749934572,32.98,66.42,3.06,69.0,3.37,67.74,3.21,POS+CHROM,70.203,4928.4473,-70.203,57.464,3302.0702,-57.464,54.886,3012.5011,-54.886,56.142,3151.9043,-56.142
9715,after,9715_after_clip_0001,ok,150,128.0,72.0,13.3,12.49,86.96,0,102.91,53.73,1.2,0.10237819066714693,32.54,79.61,-0.3,103.74,-2.33,74.26,-0.48,POS+CHROM+DEEP,49.183,2418.972,-49.183,23.296,542.6992,-23.296,0.829,0.6875,0.829,28.647,820.6273,-28.647
9715,after,9715_after_clip_0002,ok,150,128.0,72.0,13.3,19.98,77.32,0,108.08,53.7,1.21,-0.04071855063257429,32.9,72.91,0.58,109.71,-2.96,72.56,-0.39,POS+CHROM+DEEP,54.377,2956.8189,-54.377,35.172,1237.0777,-35.172,1.636,2.6766,1.636,35.514,1261.2484,-35.514
9715,before,9715_before_clip_0000,ok,150,130.0,78.0,13.3,8.36,91.48,0,86.58,53.33,1.19,0.0010002493428292586,31.89,84.51,2.02,81.27,1.35,82.98,1.69,POS+CHROM,33.252,1105.7065,-33.252,2.069,4.2818,-2.069,5.314,28.2347,-5.314,3.602,12.9715,-3.602
9715,before,9715_before_clip_0001,ok,150,130.0,78.0,13.3,11.85,85.94,0,127.09,53.49,1.35,0.2870787493284935,31.54,90.94,1.44,101.16,-0.95,79.63,0.61,POS+CHROM+DEEP,73.599,5416.838,-73.599,36.146,1306.5074,-36.146,25.921,671.9214,-25.921,47.454,2251.8424,-47.454
9715,before,9715_before_clip_0002,ok,150,130.0,78.0,13.3,29.59,67.65,0,115.91,53.45,1.2,0.041945844529579675,31.92,78.23,1.24,77.22,-3.0,77.89,-0.88,POS+CHROM,62.454,3900.5534,-62.454,37.682,1419.9124,-37.682,38.685,1496.5163,-38.685,38.013,1444.9913,-38.013
9720,after,9720_after_clip_0000,ok,150,105.0,74.0,15.1,44.72,25.52,0,92.13,54.08,1.47,0.026262049144179067,32.93,117.73,0.92,119.52,0.84,118.62,0.88,POS+CHROM,38.059,1448.4671,-38.059,25.594,655.0311,25.594,27.388,750.0897,27.388,26.484,701.4183,26.484
9720,after,9720_after_clip_0001,ok,150,105.0,74.0,15.1,19.37,60.33,0,111.59,54.01,1.48,-0.024838189823469643,32.2,98.91,0.78,97.28,1.54,98.04,1.16,POS+CHROM,57.58,3315.4831,-57.58,12.678,160.7222,-12.678,14.308,204.7122,-14.308,13.544,183.4523,-13.544
9720,after,9720_after_clip_0002,ok,150,105.0,74.0,15.1,18.84,66.66,0,123.06,53.98,1.45,0.1349086253287647,32.99,92.79,-0.1,97.19,-0.07,95.0,-0.08,POS+CHROM,69.078,4771.8157,-69.078,30.263,915.8311,-30.263,25.866,669.0614,-25.866,28.06,787.3357,-28.06
9720,before,9720_before_clip_0000,ok,150,99.0,69.0,15.1,42.98,46.5,0,63.16,54.07,1.25,-0.037361765944638116,33.06,97.26,-1.45,99.17,-1.41,98.22,-1.43,POS+CHROM,9.091,82.6514,-9.091,34.102,1162.9368,34.102,36.01,1296.6867,36.01,35.059,1229.1219,35.059
9720,before,9720_before_clip_0001,ok,150,99.0,69.0,15.1,17.45,75.78,0,115.25,53.94,1.29,-0.06028443191353362,33.16,107.21,-3.62,107.99,-2.44,107.64,-3.03,POS+CHROM,61.313,3759.2525,-61.313,8.046,64.7443,-8.046,7.264,52.7657,-7.264,7.617,58.0152,-7.617
9720,before,9720_before_clip_0002,ok,150,99.0,69.0,15.1,11.62,83.46,0,108.29,53.51,1.21,-0.00023859950184267135,33.02,58.49,-0.76,62.52,-2.19,57.31,-0.58,POS+CHROM+DEEP,54.782,3001.1122,-54.782,49.8,2480.0636,-49.8,45.769,2094.8247,-45.769,50.977,2598.6751,-50.977
9725,after,9725_after_clip_0000,ok,150,123.0,84.0,17.3,12.49,86.51,0,129.23,53.78,0.97,0.0016263261299188393,33.43,61.11,1.99,61.74,1.16,59.03,1.37,POS+CHROM+DEEP,75.456,5693.5521,-75.456,68.123,4640.6977,-68.123,67.496,4555.6891,-67.496,70.201,4928.1335,-70.201
9725,after,9725_after_clip_0001,ok,150,123.0,84.0,17.3,11.67,83.11,0,64.85,53.81,0.99,-0.03539070429581917,33.45,98.52,-1.29,59.17,-3.32,55.57,-1.16,CHROM+DEEP,11.036,121.7913,-11.036,33.672,1133.7833,33.672,5.68,32.2639,-5.68,9.28,86.115,-9.28
9725,after,9725_after_clip_0002,ok,150,123.0,84.0,17.3,14.4,77.43,0,108.74,53.8,0.95,0.25138498965901973,33.44,57.81,0.46,57.49,0.28,56.28,0.57,POS+CHROM+DEEP,54.938,3018.1805,-54.938,50.927,2593.5523,-50.927,51.25,2626.558,-51.25,52.454,2751.4308,-52.454
9725,before,9725_before_clip_0000,ok,150,116.0,86.0,17.3,41.26,42.41,0,100.06,53.58,1.1,-0.19214815102327384,33.32,54.33,-0.13,56.43,1.34,54.83,0.77,POS+CHROM+DEEP,46.48,2160.4061,-46.48,45.735,2091.708,-45.735,43.636,1904.1308,-43.636,45.231,2045.8149,-45.231
9725,before,9725_before_clip_0001,ok,150,116.0,86.0,17.3,46.33,47.61,0,104.57,53.5,1.09,-0.0757115099975633,33.7,59.8,-0.86,60.41,-2.36,57.2,-0.71,POS+CHROM+DEEP,51.061,2607.1956,-51.061,44.766,2004.0134,-44.766,44.151,1949.286,-44.151,47.369,2243.7791,-47.369
9725,before,9725_before_clip_0002,ok,150,116.0,86.0,17.3,49.24,39.59,0,57.26,53.47,0.92,-0.33017032177343497,33.71,58.65,2.6,58.76,4.07,57.41,2.53,POS+CHROM+DEEP,3.79,14.3656,-3.79,1.395,1.9461,1.395,1.507,2.2713,1.507,0.15,0.0225,0.15
9737,after,9737_after_clip_0000,ok,150,125.0,75.0,14.9,6.3,92.07,0,113.93,54.44,1.27,-0.014322233547710686,33.6,83.69,0.16,125.74,-3.54,79.13,-0.7,POS+CHROM+DEEP,59.483,3538.2009,-59.483,30.241,914.5056,-30.241,11.811,139.492,11.811,34.801,1211.0984,-34.801
9737,after,9737_after_clip_0001,ok,150,125.0,75.0,14.9,3.35,96.45,0,101.96,54.47,1.26,-0.03175519666625113,33.58,88.86,2.67,89.37,2.32,89.11,2.5,POS+CHROM,47.486,2254.9456,-47.486,13.097,171.528,-13.097,12.59,158.5156,-12.59,12.851,165.1488,-12.851
9737,after,9737_after_clip_0002,ok,150,125.0,75.0,14.9,2.91,96.87,0,114.55,54.42,1.21,-0.011529458926028531,34.37,74.52,2.49,75.04,2.53,74.78,2.51,POS+CHROM,60.134,3616.1367,-60.134,40.036,1602.8975,-40.036,39.514,1561.3947,-39.514,39.774,1581.9988,-39.774
9737,before,9737_before_clip_0000,ok,150,112.0,73.0,14.9,8.13,91.02,0,103.61,54.22,1.16,-0.10435802548537174,33.3,65.6,-1.47,66.57,-2.91,66.02,-2.19,POS+CHROM,49.396,2439.9702,-49.396,38.016,1445.2011,-38.016,37.047,1372.4933,-37.047,37.59,1412.9771,-37.59
9737,before,9737_before_clip_0001,ok,150,112.0,73.0,14.9,11.97,87.31,0,108.58,54.23,1.19,0.04140925027347113,33.26,71.19,4.54,70.38,3.46,70.82,4.0,POS+CHROM,54.358,2954.7388,-54.358,37.396,1398.4303,-37.396,38.202,1459.3804,-38.202,37.762,1426.0042,-37.762
9737,before,9737_before_clip_0002,ok,150,112.0,73.0,14.9,8.87,88.35,0,89.23,54.26,1.23,0.12099553731011572,32.47,70.17,-1.1,121.14,-3.42,73.71,-1.1,POS+CHROM+DEEP,34.969,1222.8115,-34.969,19.057,363.1857,-19.057,31.911,1018.2834,31.911,15.513,240.6583,-15.513
9739,after,9739_after_clip_0000,ok,150,129.0,76.0,14.9,8.33,89.24,0,113.96,54.59,1.29,0.06899142662077794,32.2,59.86,-0.15,60.03,-0.3,57.84,0.28,POS+CHROM+DEEP,59.374,3525.2418,-59.374,54.106,2927.4616,-54.106,53.931,2908.529,-53.931,56.118,3149.1816,-56.118
9739,after,9739_after_clip_0001,ok,150,129.0,76.0,14.9,17.25,79.49,0,130.5,54.14,0.72,-0.023393922535978395,36.58,123.04,-1.33,90.85,1.33,85.93,0.24,POS+CHROM+DEEP,76.367,5831.9518,-76.367,7.461,55.6673,-7.461,39.656,1572.6109,-39.656,44.573,1986.7802,-44.573
9739,after,9739_after_clip_0002,ok,150,129.0,76.0,14.9,24.61,68.51,0,64.58,54.39,0.94,0.059043975445214385,34.11,61.2,-0.78,139.58,-2.39,57.31,0.08,POS+DEEP,10.191,103.8538,-10.191,3.378,11.4094,-3.378,75.007,5625.9847,75.007,7.269,52.8429,-7.269
9739,before,9739_before_clip_0000,ok,150,144.0,69.0,14.9,18.04,73.08,0,64.78,54.99,1.12,0.047419349533099064,31.94,104.23,3.28,72.67,-1.57,81.64,0.95,POS+CHROM+DEEP,9.784,95.724,-9.784,39.448,1556.1656,39.448,7.888,62.2222,7.888,16.866,284.4574,16.866
9739,before,9739_before_clip_0001,ok,150,144.0,69.0,14.9,8.57,87.8,0,69.97,54.8,1.1,0.09543901728208544,34.95,117.41,2.13,119.75,1.6,118.53,1.87,POS+CHROM,15.166,230.013,-15.166,47.446,2251.1514,47.446,49.785,2478.5063,49.785,48.564,2358.471,48.564
9739,before,9739_before_clip_0002,ok,150,144.0,69.0,14.9,23.96,74.28,0,98.58,54.6,0.95,0.021633159871584845,32.72,124.94,-3.0,99.23,-4.07,83.18,-2.04,POS+CHROM+DEEP,43.98,1934.2796,-43.98,26.365,695.0875,26.365,0.65,0.4228,0.65,15.393,236.9319,-15.393
9753,after,9753_after_clip_0000,ok,150,112.0,78.0,15.2,4.79,90.72,0,127.59,54.11,1.13,-0.039189711299664816,33.63,73.15,2.99,73.11,0.88,73.14,1.93,POS+CHROM,73.475,5398.5856,-73.475,54.438,2963.4507,-54.438,54.475,2967.5405,-54.475,54.453,2965.14,-54.453
9753,after,9753_after_clip_0001,ok,150,112.0,78.0,15.2,1.5,98.14,0,72.5,54.12,1.26,-0.0412321169646059,33.16,69.66,2.33,69.94,2.26,69.8,2.3,POS+CHROM,18.382,337.9126,-18.382,2.84,8.0665,-2.84,2.566,6.5864,-2.566,2.704,7.312,-2.704
9753,after,9753_after_clip_0002,ok,150,112.0,78.0,15.2,1.68,98.01,0,115.71,53.63,0.91,0.09513546674979134,34.8,68.3,1.87,67.83,1.07,68.08,1.47,POS+CHROM,62.081,3854.0586,-62.081,47.41,2247.7246,-47.41,47.879,2292.4415,-47.879,47.629,2268.5413,-47.629
9753,before,9753_before_clip_0000,ok,150,112.0,80.0,15.2,0.97,97.7,0,108.37,53.98,1.16,-0.004847289821176988,33.42,72.41,3.84,72.21,3.24,72.32,3.54,POS+CHROM,54.399,2959.2324,-54.399,35.964,1293.4359,-35.964,36.162,1307.6631,-36.162,36.058,1300.1848,-36.058
9753,before,9753_before_clip_0001,ok,150,112.0,80.0,15.2,2.9,95.65,0,107.5,53.98,1.11,-0.06254599675786267,33.44,73.18,3.78,73.79,3.82,73.49,3.8,POS+CHROM,53.521,2864.4722,-53.521,34.325,1178.2224,-34.325,33.713,1136.5673,-33.713,34.018,1157.2323,-34.018
9753,before,9753_before_clip_0002,ok,150,112.0,80.0,15.2,3.41,96.32,0,118.22,54.04,1.15,-0.008757302127626276,33.46,72.81,4.73,72.63,-0.1,72.76,2.32,POS+CHROM,64.177,4118.7124,-64.177,45.405,2061.5938,-45.405,45.586,2078.0489,-45.586,45.461,2066.6684,-45.461
9779,after,9779_after_clip_0000,ok,150,106.0,70.0,12.4,28.82,17.01,0,62.68,53.73,1.18,-0.04455471559025801,32.58,133.85,-1.04,83.9,-4.99,86.02,-1.62,POS+CHROM+DEEP,8.955,80.1913,-8.955,71.165,5064.4595,71.165,21.221,450.3189,21.221,23.335,544.5097,23.335
9779,after,9779_after_clip_0001,ok,150,106.0,70.0,12.4,16.09,10.73,0,100.96,53.61,1.14,-0.11589792348128734,32.16,131.77,1.94,132.46,0.86,132.08,1.4,POS+CHROM,47.347,2241.7599,-47.347,30.812,949.3977,30.812,31.501,992.3334,31.501,31.126,968.821,31.126
9779,after,9779_after_clip_0002,ok,150,106.0,70.0,12.4,20.7,3.87,0,87.54,53.71,1.21,0.32471672701036947,32.89,132.49,-1.03,132.25,-0.82,132.37,-0.92,POS+CHROM,33.832,1144.6115,-33.832,44.944,2019.9621,44.944,44.713,1999.2528,44.713,44.827,2009.4169,44.827
9779,before,9779_before_clip_0000,ok,150,107.0,73.0,12.4,64.18,20.34,1,85.01,53.58,1.18,0.042730676737619086,32.14,90.41,-2.32,97.33,-4.33,93.29,-3.32,POS+CHROM,31.432,987.9477,-31.432,5.399,29.1481,5.399,12.317,151.7126,12.317,8.285,68.639,8.285
9779,before,9779_before_clip_0001,ok,150,107.0,73.0,12.4,29.93,18.13,0,101.85,53.57,1.16,-0.13420017616839727,32.97,92.58,-3.4,118.65,-1.15,82.67,-1.13,POS+CHROM+DEEP,48.276,2330.6067,-48.276,9.267,85.884,-9.267,16.806,282.4573,16.806,19.178,367.7846,-19.178
9779,before,9779_before_clip_0002,ok,150,107.0,73.0,12.4,70.25,8.9,1,76.19,53.72,1.18,0.040754418268227045,32.58,92.77,0.73,96.19,1.8,94.63,1.27,POS+CHROM,22.465,504.6813,-22.465,16.585,275.0658,16.585,19.998,399.9367,19.998,18.443,340.1388,18.443
9808,after,9808_after_clip_0000,ok,150,125.0,85.0,12.2,6.93,91.44,0,98.23,53.97,1.19,0.028520363511113093,33.06,69.88,5.78,71.28,4.03,70.48,4.9,POS+CHROM,44.264,1959.3353,-44.264,28.359,804.253,-28.359,26.951,726.3625,-26.951,27.757,770.4728,-27.757
9808,after,9808_after_clip_0001,ok,150,125.0,85.0,12.2,5.04,93.57,0,97.33,53.93,1.18,-0.006641964167894928,33.05,76.24,4.56,75.41,1.89,75.92,3.22,POS+CHROM,43.405,1883.9772,-43.405,21.089,444.7254,-21.089,21.917,480.3644,-21.917,21.412,458.4694,-21.412
9808,after,9808_after_clip_0002,ok,150,125.0,85.0,12.2,3.31,95.8,0,120.48,54.0,1.24,0.04686874686131637,33.05,70.8,3.2,68.75,-0.47,70.08,1.37,POS+CHROM,66.479,4419.4722,-66.479,49.675,2467.5638,-49.675,51.724,2675.3798,-51.724,50.395,2539.6407,-50.395
9808,before,9808_before_clip_0000,ok,150,108.0,71.0,12.2,4.39,95.45,0,132.82,53.93,1.19,0.045573793273724086,32.91,63.88,0.54,57.97,1.25,58.4,1.0,POS+CHROM+DEEP,78.893,6224.1236,-78.893,68.944,4753.2754,-68.944,74.855,5603.2481,-74.855,74.42,5538.2854,-74.42
9808,before,9808_before_clip_0001,ok,150,108.0,71.0,12.2,6.03,93.43,0,101.27,54.38,1.62,0.04396086315877891,33.25,71.65,2.74,74.83,-0.4,72.84,1.17,POS+CHROM,46.891,2198.7331,-46.891,29.616,877.1352,-29.616,26.443,699.2569,-26.443,28.436,808.5844,-28.436
9808,before,9808_before_clip_0002,ok,150,108.0,71.0,12.2,8.26,90.29,0,121.25,53.93,1.07,0.015272747536199706,32.71,70.08,-1.48,72.35,3.11,71.63,0.81,POS+CHROM,67.318,4531.7027,-67.318,51.166,2618.0106,-51.166,48.901,2391.3338,-48.901,49.62,2462.1566,-49.62
9825,after,9825_after_clip_0000,ok,150,140.0,81.0,13.4,23.6,70.78,0,98.47,53.46,1.31,0.20306420377352397,31.03,122.8,-1.48,122.4,-1.43,122.6,-1.46,POS+CHROM,45.012,2026.1029,-45.012,24.326,591.7449,24.326,23.932,572.7227,23.932,24.128,582.1544,24.128
9825,after,9825_after_clip_0001,ok,150,140.0,81.0,13.4,30.28,68.3,0,92.09,53.52,1.48,0.03603495181222649,31.47,132.98,-0.86,132.91,0.44,132.94,-0.21,POS+CHROM,38.568,1487.5174,-38.568,40.888,1671.8373,40.888,40.821,1666.3734,40.821,40.851,1668.8085,40.851
9825,after,9825_after_clip_0002,ok,150,140.0,81.0,13.4,22.26,75.92,0,93.99,53.41,1.33,-0.18736179887322102,31.04,84.32,0.93,84.74,3.6,84.58,2.26,POS+CHROM,40.584,1647.0786,-40.584,9.67,93.5139,-9.67,9.258,85.7056,-9.258,9.419,88.7154,-9.419
9825,before,9825_before_clip_0000,ok,150,121.0,83.0,13.4,49.47,48.94,0,110.65,54.13,1.28,0.12523022918006915,33.27,113.35,-1.92,140.02,-3.32,90.53,-1.32,POS+CHROM+DEEP,56.517,3194.2027,-56.517,2.704,7.3118,2.704,29.376,862.9447,29.376,20.119,404.7785,-20.119
9825,before,9825_before_clip_0001,ok,150,121.0,83.0,13.4,20.33,78.75,0,98.92,54.32,1.27,-0.3821860378368896,32.51,92.12,2.54,88.15,1.66,90.28,2.1,POS+CHROM,44.605,1989.627,-44.605,6.805,46.3045,-6.805,10.767,115.9241,-10.767,8.641,74.6729,-8.641
9825,before,9825_before_clip_0002,ok,150,121.0,83.0,13.4,66.77,31.47,0,94.71,54.23,1.26,-0.16441747998171544,33.26,104.9,0.25,102.63,-0.19,103.81,0.03,POS+CHROM,40.488,1639.2458,-40.488,10.19,103.8445,10.19,7.915,62.6484,7.915,9.095,82.7113,9.095
9827,after,9827_after_clip_0000,ok,150,108.0,75.0,15.6,69.54,25.76,1,71.57,53.69,1.26,-0.09498056627829417,31.35,91.5,1.3,88.17,1.61,89.79,1.46,POS+CHROM,17.874,319.4916,-17.874,19.939,397.5619,19.939,16.605,275.7362,16.605,18.229,332.2803,18.229
9827,after,9827_after_clip_0001,ok,150,108.0,75.0,15.6,64.57,28.71,1,70.64,53.62,1.27,0.017403387994336172,31.39,96.55,-3.97,83.77,-2.27,71.18,-1.66,POS+CHROM+DEEP,17.029,289.9713,-17.029,25.911,671.3562,25.911,13.126,172.2816,13.126,0.532,0.2835,0.532
9827,after,9827_after_clip_0002,ok,150,108.0,75.0,15.6,75.31,18.33,1,85.97,53.63,1.3,-0.23620668499049516,31.32,58.23,-1.62,123.55,-3.22,55.38,-0.16,POS+DEEP,32.346,1046.2882,-32.346,27.743,769.7014,-27.743,37.574,1411.8285,37.574,30.594,935.9712,-30.594
9827,before,9827_before_clip_0000,ok,150,127.0,80.0,15.6,15.25,69.33,0,110.03,53.73,1.1,-0.05050214639134605,33.13,87.53,2.48,91.42,-1.04,88.92,0.72,POS+CHROM,56.296,3169.223,-56.296,22.501,506.286,-22.501,18.607,346.219,-18.607,21.109,445.5841,-21.109
9827,before,9827_before_clip_0001,ok,150,127.0,80.0,15.6,23.14,45.82,0,126.77,53.9,1.13,0.02206329426570383,32.72,91.28,-3.65,113.51,-3.39,77.28,-1.97,POS+CHROM+DEEP,72.87,5310.0705,-72.87,35.491,1259.6255,-35.491,13.257,175.7369,-13.257,49.495,2449.7365,-49.495
9827,before,9827_before_clip_0002,ok,150,127.0,80.0,15.6,56.44,38.97,0,73.13,53.76,1.07,-0.08292820348122022,33.12,101.87,-0.98,74.09,-1.82,73.84,-0.58,POS+CHROM+DEEP,19.369,375.1662,-19.369,28.74,826.0112,28.74,0.955,0.9118,0.955,0.712,0.5068,0.712
9833,after,9833_after_clip_0000,ok,150,130.0,90.0,17.0,4.48,93.1,0,80.46,53.83,0.95,-0.004351681178043932,33.42,79.72,2.94,73.36,-0.33,77.39,1.31,POS+CHROM,26.628,709.0555,-26.628,0.739,0.5459,-0.739,7.095,50.332,-7.095,3.071,9.4331,-3.071
9833,after,9833_after_clip_0001,ok,150,130.0,90.0,17.0,3.51,96.19,0,67.34,53.86,1.03,0.0595279850259787,33.34,75.08,1.78,73.9,-0.52,74.6,0.63,POS+CHROM,13.477,181.6301,-13.477,7.74,59.9128,7.74,6.556,42.9828,6.556,7.26,52.7131,7.26
9833,after,9833_after_clip_0002,ok,150,130.0,90.0,17.0,6.37,91.97,0,125.38,53.87,1.0,-0.024748831831026826,33.32,78.22,-0.6,71.12,-0.85,74.74,-0.72,POS+CHROM,71.515,5114.3337,-71.515,47.159,2223.9739,-47.159,54.267,2944.8596,-54.267,50.638,2564.1672,-50.638
9833,before,9833_before_clip_0000,ok,150,130.0,52.0,17.0,3.55,96.13,0,89.74,54.23,1.05,0.01735415982549705,33.49,74.39,-0.05,73.67,-0.83,74.06,-0.44,POS+CHROM,35.514,1261.2368,-35.514,15.349,235.5866,-15.349,16.066,258.1108,-16.066,15.684,245.9902,-15.684
9833,before,9833_before_clip_0001,ok,150,130.0,52.0,17.0,4.39,94.91,0,69.29,54.27,1.1,-0.029759727905908206,33.51,79.88,-1.04,79.97,0.51,79.93,-0.27,POS+CHROM,15.017,225.517,-15.017,10.591,112.1671,10.591,10.68,114.072,10.68,10.641,113.2403,10.641
9833,before,9833_before_clip_0002,ok,150,130.0,52.0,17.0,4.11,92.73,0,95.2,54.19,1.14,-0.03829689892084,33.49,73.22,3.56,73.35,3.84,73.28,3.7,POS+CHROM,41.017,1682.4055,-41.017,21.986,483.3742,-21.986,21.859,477.7948,-21.859,21.921,480.5168,-21.921
9869,after,9869_after_clip_0000,ok,150,140.0,79.0,11.8,46.47,52.64,0,125.41,54.03,1.17,-0.13549178924536526,33.16,98.28,-1.6,99.27,-1.75,98.77,-1.68,POS+CHROM,71.378,5094.7814,-71.378,27.13,736.0261,-27.13,26.138,683.2052,-26.138,26.64,709.6906,-26.64
9869,after,9869_after_clip_0001,ok,150,140.0,79.0,11.8,49.52,48.0,0,107.38,53.99,1.23,0.08361158303565393,33.2,86.43,4.49,86.06,1.79,86.29,3.14,POS+CHROM,53.383,2849.7024,-53.383,20.944,438.6518,-20.944,21.312,454.1853,-21.312,21.087,444.6677,-21.087
9869,after,9869_after_clip_0002,ok,150,140.0,79.0,11.8,53.85,41.55,0,117.66,54.12,1.22,0.009710933122845645,33.21,91.07,3.11,90.5,0.41,90.85,1.76,POS+CHROM,63.537,4036.9663,-63.537,26.588,706.9215,-26.588,27.156,737.4726,-27.156,26.809,718.7427,-26.809
9869,before,9869_before_clip_0000,ok,150,108.0,70.0,11.8,30.54,65.29,0,67.35,54.15,1.23,0.062050391657673336,32.86,135.94,-2.07,135.54,0.62,135.7,-0.72,POS+CHROM,13.195,174.1128,-13.195,68.593,4704.968,68.593,68.193,4650.2932,68.193,68.349,4671.5653,68.349
9869,before,9869_before_clip_0001,ok,150,108.0,70.0,11.8,5.02,87.27,0,104.81,54.21,1.21,0.015732195567809654,33.22,78.01,2.24,78.84,-1.91,78.29,0.17,POS+CHROM,50.591,2559.4407,-50.591,26.798,718.1347,-26.798,25.967,674.2941,-25.967,26.521,703.3525,-26.521
9869,before,9869_before_clip_0002,ok,150,108.0,70.0,11.8,6.32,93.44,0,128.38,54.14,1.18,-0.05344271013703297,33.25,106.77,0.08,116.29,-6.57,83.04,-1.77,POS+CHROM+DEEP,74.241,5511.7687,-74.241,21.61,466.9988,-21.61,12.087,146.1067,-12.087,45.339,2055.6127,-45.339
9884,after,9884_after_clip_0000,ok,150,127.0,85.0,13.0,5.46,91.87,0,128.05,53.11,1.42,-0.030070847561433363,30.83,81.6,4.46,84.44,3.52,82.91,3.99,POS+CHROM,74.943,5616.442,-74.943,46.448,2157.3924,-46.448,43.608,1901.6429,-43.608,45.138,2037.4774,-45.138
9884,after,9884_after_clip_0001,ok,150,127.0,85.0,13.0,4.17,90.19,0,110.0,53.26,1.37,0.07574680383910978,30.53,80.84,2.83,79.97,0.78,80.48,1.8,POS+CHROM,56.741,3219.5211,-56.741,29.161,850.335,-29.161,30.034,902.0118,-30.034,29.523,871.6185,-29.523
9884,after,9884_after_clip_0002,ok,150,127.0,85.0,13.0,17.29,78.11,0,67.53,53.24,1.39,0.0556683872602894,30.85,76.9,3.3,76.45,3.07,76.68,3.19,POS+CHROM,14.288,204.1469,-14.288,9.374,87.868,9.374,8.917,79.5086,8.917,9.15,83.7157,9.15
9884,before,9884_before_clip_0000,ok,150,111.0,65.0,13.0,18.21,55.62,0,69.75,53.85,1.15,-0.00361714597149808,32.58,79.49,-0.02,78.08,0.82,78.74,0.4,POS+CHROM,15.901,252.8392,-15.901,9.741,94.8876,9.741,8.335,69.4684,8.335,8.989,80.7964,8.989
9884,before,9884_before_clip_0001,ok,150,111.0,65.0,13.0,11.98,82.01,0,103.96,53.79,1.12,-0.15198499540486127,32.58,80.59,1.13,81.79,0.2,81.14,0.66,POS+CHROM,50.175,2517.5148,-50.175,23.374,546.3289,-23.374,22.176,491.7872,-22.176,22.821,520.8184,-22.821
9884,before,9884_before_clip_0002,ok,150,111.0,65.0,13.0,25.32,71.12,0,114.97,53.79,1.1,0.1058761122228345,33.02,76.99,0.34,74.93,-0.29,76.01,0.03,POS+CHROM,61.176,3742.5178,-61.176,37.98,1442.5166,-37.98,40.044,1603.4932,-40.044,38.958,1517.695,-38.958
9891,after,9891_after_clip_0000,ok,150,132.0,75.0,12.8,7.27,88.82,0,86.89,53.69,1.16,-0.018439020192056566,32.36,100.75,2.58,99.42,-0.91,100.27,0.84,POS+CHROM,33.197,1102.0125,-33.197,13.86,192.1005,13.86,12.532,157.0545,12.532,13.384,179.1376,13.384
9891,after,9891_after_clip_0001,ok,150,132.0,75.0,12.8,8.77,90.57,0,78.11,53.65,1.1,0.04653810442019514,33.51,99.88,1.08,93.43,0.21,96.89,0.65,POS+CHROM,24.454,597.9771,-24.454,21.772,474.0414,21.772,15.323,234.8017,15.323,18.783,352.8034,18.783
9891,after,9891_after_clip_0002,ok,150,132.0,75.0,12.8,2.06,97.46,0,71.48,53.7,1.13,-0.10614611936451768,32.37,91.98,2.44,95.68,0.57,93.54,1.51,POS+CHROM,17.777,316.0365,-17.777,20.504,420.3953,20.504,24.196,585.4343,24.196,22.064,486.8088,22.064
9891,before,9891_before_clip_0000,ok,150,118.0,75.0,12.8,22.06,68.06,0,83.75,53.93,1.16,-0.05714885295216562,33.68,63.32,1.5,66.84,-2.04,64.58,-0.27,POS+CHROM,29.82,889.2543,-29.82,20.435,417.5821,-20.435,16.91,285.9513,-16.91,19.178,367.7838,-19.178
9891,before,9891_before_clip_0001,ok,150,118.0,75.0,12.8,15.98,75.57,0,65.88,53.9,1.02,-0.06763264338695422,32.93,79.29,-0.14,74.69,-0.57,77.07,-0.35,POS+CHROM,11.982,143.5799,-11.982,13.406,179.7342,13.406,8.808,77.5811,8.808,11.19,125.214,11.19
9891,before,9891_before_clip_0002,ok,150,118.0,75.0,12.8,32.79,55.8,0,103.5,53.75,1.0,-0.00560733768295741,32.89,84.81,4.63,84.67,2.49,84.75,3.56,POS+CHROM,49.745,2474.5928,-49.745,18.688,349.2366,-18.688,18.827,354.4438,-18.827,18.745,351.3756,-18.745
9922,after,9922_after_clip_0000,ok,150,139.0,91.0,14.0,14.89,83.19,0,74.69,53.58,1.23,-0.012727252764321044,32.13,78.77,3.12,77.65,2.5,78.24,2.81,POS+CHROM,21.107,445.5022,-21.107,4.084,16.6786,4.084,2.958,8.7517,2.958,3.55,12.6054,3.55
9922,after,9922_after_clip_0001,ok,150,139.0,91.0,14.0,9.5,86.2,0,93.51,53.58,1.25,-0.12432324868899229,31.75,83.29,0.4,85.25,-0.23,84.22,0.08,POS+CHROM,39.931,1594.5217,-39.931,10.222,104.4814,-10.222,8.26,68.2297,-8.26,9.293,86.352,-9.293
9922,after,9922_after_clip_0002,ok,150,139.0,91.0,14.0,14.89,80.26,0,96.96,53.48,1.23,-0.013435260550186937,32.47,59.09,-2.91,124.6,0.06,55.35,-0.84,POS+DEEP,43.475,1890.0573,-43.475,37.87,1434.163,-37.87,27.642,764.1062,27.642,41.603,1730.8257,-41.603
9922,before,9922_before_clip_0000,ok,150,129.0,83.0,14.0,48.7,38.57,0,58.94,54.13,1.15,0.12326388799094014,33.53,79.76,-1.47,101.44,-2.05,73.97,-0.79,POS+CHROM+DEEP,4.814,23.1767,-4.814,20.814,433.2187,20.814,42.494,1805.724,42.494,15.031,225.9337,15.031
9922,before,9922_before_clip_0001,ok,150,129.0,83.0,14.0,38.07,53.81,0,84.72,54.28,1.18,-0.09795049119151518,33.12,78.65,4.23,79.21,4.72,78.94,4.48,POS+CHROM,30.447,927.0214,-30.447,6.072,36.8699,-6.072,5.509,30.3445,-5.509,5.779,33.3944,-5.779
9922,before,9922_before_clip_0002,ok,150,129.0,83.0,14.0,44.76,53.54,0,70.8,53.88,1.04,-0.24683098096783476,33.52,82.8,2.75,83.52,3.47,83.18,3.11,POS+CHROM,16.92,286.2938,-16.92,11.995,143.8771,11.995,12.715,161.6809,12.715,12.377,153.1837,12.377
9938,after,9938_after_clip_0000,ok,150,108.0,62.0,14.7,5.1,93.61,0,108.23,53.87,1.23,-0.07563231031390409,31.96,82.54,0.8,83.88,-0.27,83.15,0.26,POS+CHROM,54.359,2954.8557,-54.359,25.695,660.2257,-25.695,24.35,592.9284,-24.35,25.082,629.1256,-25.082
9938,after,9938_after_clip_0001,ok,150,108.0,62.0,14.7,2.81,95.12,0,120.02,53.9,0.79,0.011676236925316955,33.67,107.73,-4.53,79.85,-0.12,73.47,-1.29,POS+CHROM+DEEP,66.118,4371.5942,-66.118,12.293,151.1111,-12.293,40.175,1614.0238,-40.175,46.55,2166.8801,-46.55
9938,after,9938_after_clip_0002,ok,150,108.0,62.0,14.7,1.15,98.8,0,116.39,53.86,0.98,-0.021925667606243482,31.65,118.12,0.04,66.24,-0.95,78.62,0.02,POS+CHROM+DEEP,62.534,3910.5192,-62.534,1.728,2.9876,1.728,50.156,2515.6057,-50.156,37.772,1426.7537,-37.772
9938,before,9938_before_clip_0000,ok,150,119.0,59.0,14.7,5.96,92.94,0,107.19,53.77,1.21,0.005819472452140596,32.81,66.85,3.6,69.24,1.48,67.84,2.54,POS+CHROM,53.42,2853.7439,-53.42,40.333,1626.7673,-40.333,37.944,1439.7486,-37.944,39.348,1548.2809,-39.348
9938,before,9938_before_clip_0001,ok,150,119.0,59.0,14.7,8.49,90.72,0,106.42,53.92,1.38,0.011622075033239355,32.44,70.68,2.69,65.87,1.5,68.51,2.09,POS+CHROM,52.495,2755.7401,-52.495,35.741,1277.451,-35.741,40.548,1644.1018,-40.548,37.907,1436.9769,-37.907
9938,before,9938_before_clip_0002,ok,150,119.0,59.0,14.7,2.53,96.85,0,100.34,53.87,1.21,-0.08185161509619983,32.47,71.01,2.56,71.3,1.45,71.14,2.01,POS+CHROM,46.479,2160.3384,-46.479,29.336,860.5755,-29.336,29.04,843.3199,-29.04,29.201,852.7228,-29.201
9940,after,9940_after_clip_0000,ok,150,124.0,88.0,12.7,65.0,30.41,0,74.64,53.88,0.89,0.15771468818997858,33.14,131.05,-1.68,133.42,-6.46,131.78,-4.07,POS+CHROM,20.761,431.031,-20.761,56.408,3181.8964,56.408,58.779,3455.0108,58.779,57.146,3265.6192,57.146
9940,after,9940_after_clip_0001,ok,150,124.0,88.0,12.7,27.6,33.36,0,70.89,53.82,0.9,0.26707129153024967,33.51,98.63,3.55,129.53,-2.49,89.9,0.65,POS+CHROM+DEEP,17.07,291.3752,-17.07,27.737,769.3288,27.737,58.641,3438.7454,58.641,19.01,361.3794,19.01
9940,after,9940_after_clip_0002,ok,150,124.0,88.0,12.7,69.94,22.92,1,88.83,53.85,0.94,-0.13451179421407294,33.11,106.21,-3.09,107.33,-6.6,106.61,-4.85,POS+CHROM,34.976,1223.3417,-34.976,17.379,302.0468,17.379,18.496,342.1045,18.496,17.779,316.089,17.779
9940,before,9940_before_clip_0000,ok,150,116.0,90.0,12.7,53.5,22.8,1,83.19,53.54,0.97,0.1996523184847863,34.18,64.7,-3.46,59.55,-2.98,57.78,-1.83,POS+CHROM+DEEP,29.653,879.274,-29.653,18.491,341.9056,-18.491,23.639,558.7978,-23.639,25.418,646.0941,-25.418
9940,before,9940_before_clip_0001,ok,150,116.0,90.0,12.7,51.28,18.48,1,103.55,53.81,0.9,0.09351219297248708,33.48,96.97,1.56,96.93,-1.79,96.95,-0.11,POS+CHROM,49.739,2473.9583,-49.739,6.585,43.3602,-6.585,6.624,43.8764,-6.624,6.599,43.5477,-6.599
9940,before,9940_before_clip_0002,ok,150,116.0,90.0,12.7,56.28,22.24,1,69.5,53.83,0.94,-0.04726638785232085,33.11,94.57,2.1,96.51,-1.4,95.26,0.35,POS+CHROM,15.668,245.4849,-15.668,25.071,628.5501,25.071,27.013,729.6819,27.013,25.766,663.8877,25.766
9957,after,9957_after_clip_0000,ok,150,100.0,80.0,14.8,10.02,88.76,0,91.75,54.29,1.14,0.06471630906148207,33.45,73.74,3.61,73.83,3.44,73.78,3.52,POS+CHROM,37.464,1403.5496,-37.464,18.019,324.6942,-18.019,17.92,321.1384,-17.92,17.971,322.9389,-17.971
9957,after,9957_after_clip_0001,ok,150,100.0,80.0,14.8,6.11,92.91,0,93.51,54.34,1.11,0.0654208720145035,33.45,75.63,2.66,75.53,3.96,75.58,3.31,POS+CHROM,39.17,1534.299,-39.17,17.881,319.7463,-17.881,17.977,323.188,-17.977,17.935,321.6503,-17.935
9957,after,9957_after_clip_0002,ok,150,100.0,80.0,14.8,3.21,94.43,0,123.45,54.21,1.14,-0.15768240378865045,33.46,73.73,3.4,73.05,3.88,73.38,3.64,POS+CHROM,69.237,4793.79,-69.237,49.719,2471.9643,-49.719,50.394,2539.5791,-50.394,50.07,2507.005,-50.07
9957,before,9957_before_clip_0000,ok,150,109.0,66.0,14.8,3.45,95.39,0,116.09,54.36,1.22,0.06277367181285635,33.42,81.59,1.6,81.34,1.04,81.47,1.32,POS+CHROM,61.728,3810.3766,-61.728,34.497,1190.059,-34.497,34.754,1207.8294,-34.754,34.62,1198.5145,-34.62
9957,before,9957_before_clip_0001,ok,150,109.0,66.0,14.8,4.9,93.35,0,79.27,54.6,1.35,0.022754075247119768,32.94,122.78,-5.93,124.27,-3.71,123.66,-4.82,POS+CHROM,24.674,608.7902,-24.674,43.504,1892.6308,43.504,44.991,2024.2259,44.991,44.384,1969.93,44.384
9957,before,9957_before_clip_0002,ok,150,109.0,66.0,14.8,2.59,96.21,0,115.69,54.27,1.08,0.06530352479277958,33.74,132.69,-3.13,65.6,-7.04,78.09,-3.03,POS+CHROM+DEEP,61.426,3773.1834,-61.426,16.994,288.8058,16.994,50.096,2509.5765,-50.096,37.604,1414.0807,-37.604
9968,after,9968_after_clip_0000,ok,150,152.0,89.0,12.7,51.08,35.68,0,93.13,53.72,1.14,-0.07749967907422399,33.16,70.26,0.41,68.93,0.63,69.58,0.52,POS+CHROM,39.403,1552.5711,-39.403,22.864,522.7532,-22.864,24.2,585.6466,-24.2,23.544,554.3293,-23.544
9968,after,9968_after_clip_0001,ok,150,152.0,89.0,12.7,43.78,29.57,0,101.94,53.69,1.08,0.10330159941930094,33.12,80.19,-1.68,59.86,-1.68,56.08,-0.3,CHROM+DEEP,48.244,2327.4645,-48.244,21.751,473.0888,-21.751,42.081,1770.7772,-42.081,45.86,2103.0942,-45.86
9968,after,9968_after_clip_0002,ok,150,152.0,89.0,12.7,47.35,35.53,0,98.85,53.77,1.09,-0.02658697811942311,32.79,87.99,-1.98,58.13,-2.88,55.25,-0.89,CHROM+DEEP,45.08,2032.2205,-45.08,10.864,118.0324,-10.864,40.722,1658.3126,-40.722,43.598,1900.7688,-43.598
9968,before,9968_before_clip_0000,ok,150,129.0,85.0,12.7,15.87,75.5,0,87.6,53.75,1.1,0.17892109599635275,33.15,83.86,2.38,82.32,1.23,83.16,1.8,POS+CHROM,33.847,1145.6197,-33.847,3.734,13.9401,-3.734,5.279,27.8729,-5.279,4.433,19.6476,-4.433
9968,before,9968_before_clip_0001,ok,150,129.0,85.0,12.7,45.97,43.29,0,94.25,53.75,1.13,-0.15196047522773165,32.78,65.4,-2.68,64.54,-0.57,64.9,-1.62,POS+CHROM,40.504,1640.5828,-40.504,28.856,832.6731,-28.856,29.713,882.8329,-29.713,29.359,861.9408,-29.359
9968,before,9968_before_clip_0002,ok,150,129.0,85.0,12.7,38.52,55.7,0,65.0,53.74,1.01,0.06754139647210855,33.21,76.56,-0.27,77.75,1.61,77.25,0.67,POS+CHROM,11.259,126.7606,-11.259,11.561,133.6618,11.561,12.749,162.5469,12.749,12.248,150.0072,12.248
9980,after,9980_after_clip_0000,ok,150,120.0,75.0,11.3,11.99,82.06,0,113.74,53.6,1.16,-0.08859398853845424,33.13,79.98,2.55,78.7,0.39,79.45,1.47,POS+CHROM,60.136,3616.3883,-60.136,33.76,1139.7693,-33.76,35.037,1227.5612,-35.037,34.285,1175.4728,-34.285
9980,after,9980_after_clip_0001,ok,150,120.0,75.0,11.3,35.33,62.97,0,95.2,53.59,1.17,-0.2552111409792662,33.07,56.03,-1.1,94.81,-4.16,54.58,0.03,POS+DEEP,41.604,1730.8947,-41.604,39.17,1534.2939,-39.17,0.391,0.1527,-0.391,40.615,1649.5501,-40.615
9980,after,9980_after_clip_0002,ok,150,120.0,75.0,11.3,50.5,45.49,0,114.52,53.57,1.14,-0.1360361371528372,33.12,65.54,-1.61,100.12,-2.14,69.18,-0.87,POS+CHROM+DEEP,60.949,3714.7655,-60.949,48.981,2399.1802,-48.981,14.404,207.4852,-14.404,45.339,2055.6693,-45.339
9980,before,9980_before_clip_0000,ok,150,112.0,77.0,11.3,39.4,47.08,0,108.87,53.58,1.2,-0.033794729420772295,32.67,81.02,-0.53,83.53,-1.34,82.19,-0.93,POS+CHROM,55.295,3057.5264,-55.295,27.852,775.7156,-27.852,25.34,642.0987,-25.34,26.68,711.7992,-26.68
9980,before,9980_before_clip_0001,ok,150,112.0,77.0,11.3,40.82,45.83,0,130.77,53.59,1.19,0.14773157671834103,32.7,78.77,-0.04,77.66,0.86,78.17,0.41,POS+CHROM,77.176,5956.1165,-77.176,51.992,2703.1368,-51.992,53.108,2820.5003,-53.108,52.592,2765.9168,-52.592
9980,before,9980_before_clip_0002,ok,150,112.0,77.0,11.3,32.17,54.82,0,120.55,53.67,1.2,-0.05652333731799506,32.32,76.55,-3.26,85.85,-1.63,68.42,-1.23,POS+CHROM+DEEP,66.885,4473.5886,-66.885,44.004,1936.3402,-44.004,34.697,1203.9149,-34.697,52.134,2717.923,-52.134
9981,after,9981_after_clip_0000,ok,150,121.0,72.0,13.4,15.78,80.8,0,77.26,53.59,1.21,0.030667018132053254,32.58,97.58,-0.73,137.57,-4.48,84.09,-1.33,POS+CHROM+DEEP,23.668,560.1971,-23.668,20.323,413.0069,20.323,60.312,3637.5093,60.312,6.832,46.6695,6.832
9981,after,9981_after_clip_0001,ok,150,121.0,72.0,13.4,8.6,88.97,0,74.54,53.52,1.18,0.017874486377157318,32.93,112.48,-0.66,108.06,-5.05,111.04,-2.85,POS+CHROM,21.019,441.8001,-21.019,37.939,1439.3981,37.939,33.529,1124.1699,33.529,36.507,1332.7775,36.507
9981,after,9981_after_clip_0002,ok,150,121.0,72.0,13.4,3.43,94.8,0,102.07,53.55,1.22,-0.045212500961435774,32.45,89.06,0.05,87.58,-0.33,88.34,-0.14,POS+CHROM,48.516,2353.7972,-48.516,13.008,169.2062,-13.008,14.484,209.774,-14.484,13.723,188.307,-13.723
9981,before,9981_before_clip_0000,ok,150,121.0,76.0,13.4,21.36,56.8,0,80.19,53.66,1.17,0.023566308763485665,32.69,88.6,0.86,90.89,3.05,89.95,1.95,POS+CHROM,26.522,703.43,-26.522,8.416,70.83,8.416,10.703,114.5436,10.703,9.765,95.3636,9.765
9981,before,9981_before_clip_0001,ok,150,121.0,76.0,13.4,7.91,91.07,0,106.99,53.6,1.24,-0.12665296672614051,32.65,83.43,-0.17,74.05,-1.51,68.68,-0.15,POS+CHROM+DEEP,53.385,2849.9408,-53.385,23.556,554.8833,-23.556,32.94,1085.0304,-32.94,38.31,1467.6623,-38.31
9981,before,9981_before_clip_0002,ok,150,121.0,76.0,13.4,8.27,91.12,0,124.45,53.52,0.96,0.1109179494046729,32.3,115.7,-5.72,76.5,-2.52,71.15,-2.43,POS+CHROM+DEEP,70.935,5031.7371,-70.935,8.757,76.6838,-8.757,47.95,2299.1804,-47.95,53.302,2841.1017,-53.302
9987,after,9987_after_clip_0000,ok,150,128.0,59.0,15.7,16.14,68.29,0,121.8,54.42,1.41,0.19498943362822005,33.31,69.24,-0.78,68.87,1.05,69.03,0.13,POS+CHROM,67.379,4539.8965,-67.379,52.556,2762.1835,-52.556,52.935,2802.0753,-52.935,52.774,2785.1111,-52.774
9987,after,9987_after_clip_0001,ok,150,128.0,59.0,15.7,8.66,90.45,0,118.18,54.35,1.22,0.037760256593944476,33.28,64.11,0.44,63.77,0.97,63.93,0.7,POS+CHROM,63.833,4074.59,-63.833,54.07,2923.6153,-54.07,54.41,2960.4213,-54.41,54.248,2942.8014,-54.248
9987,after,9987_after_clip_0002,ok,150,128.0,59.0,15.7,4.12,94.41,0,58.84,54.58,1.38,-0.01054060875172473,33.34,64.92,-2.15,67.74,-0.58,66.51,-1.36,POS+CHROM,4.261,18.1536,-4.261,6.082,36.9929,6.082,8.9,79.2181,8.9,7.674,58.896,7.674
9987,before,9987_before_clip_0000,ok,150,127.0,83.0,15.7,3.53,95.7,0,133.24,54.46,1.38,0.007156714218708563,33.3,75.92,1.9,76.43,0.24,76.14,1.07,POS+CHROM,78.779,6206.1832,-78.779,57.319,3285.4287,-57.319,56.81,3227.4304,-56.81,57.099,3260.3466,-57.099
9987,before,9987_before_clip_0001,ok,150,127.0,83.0,15.7,3.69,95.2,0,127.43,54.4,1.38,0.011021832028101374,33.31,75.09,1.77,81.1,-0.18,77.61,0.8,POS+CHROM,73.033,5333.8273,-73.033,52.343,2739.8259,-52.343,46.333,2146.7256,-46.333,49.822,2482.2375,-49.822
9987,before,9987_before_clip_0002,ok,150,127.0,83.0,15.7,1.96,97.2,0,140.47,54.44,1.39,-0.027130199641393883,33.31,65.49,1.74,66.18,0.74,65.8,1.24,POS+CHROM,86.03,7401.0824,-86.03,74.985,5622.7239,-74.985,74.296,5519.8601,-74.296,74.669,5575.4426,-74.669
9998,after,9998_after_clip_0000,ok,150,116.0,72.0,14.2,48.05,30.78,0,77.08,54.28,1.2,0.20434494840483206,33.26,91.76,-0.19,95.54,1.3,93.88,0.55,POS+CHROM,22.809,520.248,-22.809,14.679,215.4676,14.679,18.454,340.5619,18.454,16.8,282.2387,16.8
9998,after,9998_after_clip_0001,ok,150,116.0,72.0,14.2,43.58,45.15,0,96.15,54.29,1.22,-0.1632414909373276,33.22,106.4,1.68,107.38,0.68,106.85,1.18,POS+CHROM,41.854,1751.779,-41.854,10.249,105.0463,10.249,11.233,126.1877,11.233,10.7,114.4999,10.7
9998,after,9998_after_clip_0002,ok,150,116.0,72.0,14.2,62.23,31.8,0,83.28,54.27,1.21,0.2989519440312862,33.22,111.12,-0.61,113.79,-1.55,112.35,-1.08,POS+CHROM,29.011,841.6176,-29.011,27.846,775.3885,27.846,30.513,931.0314,30.513,29.075,845.359,29.075
9998,before,9998_before_clip_0000,ok,150,136.0,76.0,14.2,21.36,76.69,0,62.02,54.18,1.23,0.17691655636590517,33.24,58.49,0.47,59.95,1.77,57.58,1.16,POS+CHROM+DEEP,7.838,61.4342,-7.838,3.535,12.4984,-3.535,2.069,4.2795,-2.069,4.442,19.7327,-4.442
9998,before,9998_before_clip_0001,ok,150,136.0,76.0,14.2,40.4,43.87,0,98.33,54.3,1.19,-0.027153646567203756,33.24,71.26,3.73,70.62,1.94,70.99,2.84,POS+CHROM,44.027,1938.3741,-44.027,27.069,732.7264,-27.069,27.708,767.7263,-27.708,27.341,747.5414,-27.341
9998,before,9998_before_clip_0002,ok,150,136.0,76.0,14.2,38.66,35.94,0,103.14,54.4,1.39,-0.3202903649221318,33.24,72.41,2.55,72.48,0.91,72.44,1.73,POS+CHROM,48.738,2375.3449,-48.738,30.736,944.7008,-30.736,30.659,939.979,-30.659,30.703,942.6592,-30.703
